            time               v             rho            temp          eratio            asym
  0.00000000E+00  4.27166122E+06  2.91207509E-09  1.37162867E+04  6.66912138E-03  0.00000000E+00
  3.47050632E+02  4.27212947E+06  2.91175591E-09  1.37808351E+04  6.77452617E-03  0.00000000E+00
  6.94101265E+02  4.27259772E+06  2.91143680E-09  1.38453834E+04  6.88140547E-03  0.00000000E+00
  1.04115190E+03  4.27306598E+06  2.91111776E-09  1.39099318E+04  6.98974153E-03  0.00000000E+00
  1.38820253E+03  4.27353423E+06  2.91079879E-09  1.39744802E+04  7.09951763E-03  0.00000000E+00
  1.73525316E+03  4.27400248E+06  2.91047989E-09  1.40390285E+04  7.21071814E-03  0.00000000E+00
  2.08230379E+03  4.27447073E+06  2.91016106E-09  1.41035769E+04  7.32332852E-03  0.00000000E+00
  2.42935443E+03  4.27493898E+06  2.90984230E-09  1.41681252E+04  7.43733535E-03  0.00000000E+00
  2.77640506E+03  4.27540723E+06  2.90952361E-09  1.42326736E+04  7.55272638E-03  0.00000000E+00
  3.12345569E+03  4.27587548E+06  2.90920498E-09  1.42972220E+04  7.66949058E-03  0.00000000E+00
  3.47050632E+03  4.27634373E+06  2.90888643E-09  1.43617703E+04  7.78761815E-03  0.00000000E+00
  3.81755696E+03  4.27681199E+06  2.90856795E-09  1.44263187E+04  7.90710056E-03  0.00000000E+00
  4.16460759E+03  4.27728024E+06  2.90824954E-09  1.44908671E+04  8.02793063E-03  0.00000000E+00
  4.51165822E+03  4.27774849E+06  2.90793120E-09  1.45554154E+04  8.15010255E-03  0.00000000E+00
  4.85870885E+03  4.27821674E+06  2.90761292E-09  1.46199638E+04  8.27361191E-03  0.00000000E+00
  5.20575948E+03  4.27868499E+06  2.90729472E-09  1.46845121E+04  8.39845579E-03  0.00000000E+00
  5.55281012E+03  4.27915324E+06  2.90697659E-09  1.47490605E+04  8.52463274E-03  0.00000000E+00
  5.89986075E+03  4.27962149E+06  2.90665852E-09  1.48136089E+04  8.65214288E-03  0.00000000E+00
  6.24691138E+03  4.28008974E+06  2.90634053E-09  1.48781572E+04  8.78098793E-03  0.00000000E+00
  6.59396201E+03  4.28055800E+06  2.90602261E-09  1.49427056E+04  8.91117121E-03  0.00000000E+00
  6.94101265E+03  4.28102625E+06  2.90570475E-09  1.50072540E+04  9.04269774E-03  0.00000000E+00
  7.28806328E+03  4.28149450E+06  2.90538697E-09  1.50718023E+04  9.17557419E-03  0.00000000E+00
  7.63511391E+03  4.28196275E+06  2.90506925E-09  1.51363507E+04  9.30980899E-03  0.00000000E+00
  7.98216454E+03  4.28243100E+06  2.90475161E-09  1.52008990E+04  9.44541227E-03  0.00000000E+00
  8.32921517E+03  4.28289925E+06  2.90443403E-09  1.52654474E+04  9.58239594E-03  0.00000000E+00
  8.67626581E+03  4.28336750E+06  2.90411652E-09  1.53299958E+04  9.72077365E-03  0.00000000E+00
  9.02331644E+03  4.28383575E+06  2.90379909E-09  1.53945441E+04  9.86056080E-03  0.00000000E+00
  9.37036707E+03  4.28430401E+06  2.90348172E-09  1.54590925E+04  1.00017745E-02  0.00000000E+00
  9.71741770E+03  4.28477226E+06  2.90316442E-09  1.55236409E+04  1.01444337E-02  0.00000000E+00
  1.00644683E+04  4.28524051E+06  2.90284719E-09  1.55881892E+04  1.02885588E-02  0.00000000E+00
  1.04115190E+04  4.28570876E+06  2.90253003E-09  1.56527376E+04  1.04341720E-02  0.00000000E+00
  1.07585696E+04  4.28617701E+06  2.90221294E-09  1.57172859E+04  1.05812971E-02  0.00000000E+00
  1.11056202E+04  4.28664526E+06  2.90189592E-09  1.57818343E+04  1.07299593E-02  0.00000000E+00
  1.14526709E+04  4.28711351E+06  2.90157897E-09  1.58463827E+04  1.08801854E-02  0.00000000E+00
  1.17997215E+04  4.28758176E+06  2.90126209E-09  1.59109310E+04  1.10320033E-02  0.00000000E+00
  1.21467721E+04  4.28805002E+06  2.90094527E-09  1.59754794E+04  1.11854425E-02  0.00000000E+00
  1.24938228E+04  4.28851827E+06  2.90062853E-09  1.60400278E+04  1.13405334E-02  0.00000000E+00
  1.28408734E+04  4.28898652E+06  2.90031185E-09  1.61045761E+04  1.14973073E-02  0.00000000E+00
  1.31879240E+04  4.28945477E+06  2.89999525E-09  1.61691245E+04  1.16557969E-02  0.00000000E+00
  1.35349747E+04  4.28992302E+06  2.89967871E-09  1.62336728E+04  1.18160351E-02  0.00000000E+00
  1.38820253E+04  4.29039127E+06  2.89936224E-09  1.62982212E+04  1.19780559E-02  0.00000000E+00
  1.42290759E+04  4.29085952E+06  2.89904585E-09  1.63627696E+04  1.21418934E-02  0.00000000E+00
  1.45761266E+04  4.29132777E+06  2.89872952E-09  1.64273179E+04  1.23075823E-02  0.00000000E+00
  1.49231772E+04  4.29179603E+06  2.89841326E-09  1.64918663E+04  1.24751575E-02  0.00000000E+00
  1.52702278E+04  4.29226428E+06  2.89809707E-09  1.65564147E+04  1.26446538E-02  0.00000000E+00
  1.56172785E+04  4.29273253E+06  2.89778095E-09  1.66209630E+04  1.28161059E-02  0.00000000E+00
  1.59643291E+04  4.29320078E+06  2.89746489E-09  1.66855114E+04  1.29895486E-02  0.00000000E+00
  1.63113797E+04  4.29366903E+06  2.89714891E-09  1.67500597E+04  1.31650159E-02  0.00000000E+00
  1.66584303E+04  4.29413728E+06  2.89683299E-09  1.68146081E+04  1.33425415E-02  0.00000000E+00
  1.70054810E+04  4.29460553E+06  2.89651715E-09  1.68791565E+04  1.35221585E-02  0.00000000E+00
  1.73525316E+04  4.29507378E+06  2.89620137E-09  1.69437048E+04  1.37038992E-02  0.00000000E+00
  1.76995822E+04  4.29554204E+06  2.89588566E-09  1.70082532E+04  1.38877951E-02  0.00000000E+00
  1.80466329E+04  4.29601029E+06  2.89557003E-09  1.70728015E+04  1.40738769E-02  0.00000000E+00
  1.83936835E+04  4.29647854E+06  2.89525446E-09  1.71373499E+04  1.42621741E-02  0.00000000E+00
  1.87407341E+04  4.29694679E+06  2.89493895E-09  1.72018983E+04  1.44527153E-02  0.00000000E+00
  1.90877848E+04  4.29741504E+06  2.89462352E-09  1.72664466E+04  1.46455279E-02  0.00000000E+00
  1.94348354E+04  4.29788329E+06  2.89430816E-09  1.73309950E+04  1.48406382E-02  0.00000000E+00
  1.97818860E+04  4.29835154E+06  2.89399286E-09  1.73955434E+04  1.50380714E-02  0.00000000E+00
  2.01289367E+04  4.29881979E+06  2.89367764E-09  1.74600917E+04  1.52378515E-02  0.00000000E+00
  2.04759873E+04  4.29928805E+06  2.89336248E-09  1.75246401E+04  1.54400012E-02  0.00000000E+00
  2.08230379E+04  4.29975630E+06  2.89304739E-09  1.75891884E+04  1.56445422E-02  0.00000000E+00
  2.11700886E+04  4.30022455E+06  2.89273237E-09  1.76537368E+04  1.58514950E-02  0.00000000E+00
  2.15171392E+04  4.30069280E+06  2.89241742E-09  1.77182852E+04  1.60608791E-02  0.00000000E+00
  2.18641898E+04  4.30116105E+06  2.89210254E-09  1.77828335E+04  1.62727126E-02  0.00000000E+00
  2.22112405E+04  4.30162930E+06  2.89178772E-09  1.78473819E+04  1.64870130E-02  0.00000000E+00
  2.25582911E+04  4.30209755E+06  2.89147298E-09  1.79119303E+04  1.67037967E-02  0.00000000E+00
  2.29053417E+04  4.30256580E+06  2.89115830E-09  1.79764786E+04  1.69230789E-02  0.00000000E+00
  2.32523924E+04  4.30303406E+06  2.89084369E-09  1.80410270E+04  1.71448744E-02  0.00000000E+00
  2.35994430E+04  4.30350231E+06  2.89052915E-09  1.81055753E+04  1.73691969E-02  0.00000000E+00
  2.39464936E+04  4.30397056E+06  2.89021468E-09  1.81701237E+04  1.75960595E-02  0.00000000E+00
  2.42935443E+04  4.30443881E+06  2.88990028E-09  1.82346721E+04  1.78254746E-02  0.00000000E+00
  2.46405949E+04  4.30490706E+06  2.88958594E-09  1.82992204E+04  1.80574541E-02  0.00000000E+00
  2.49876455E+04  4.30537531E+06  2.88927168E-09  1.83637688E+04  1.82920091E-02  0.00000000E+00
  2.53346962E+04  4.30584356E+06  2.88895748E-09  1.84283172E+04  1.85291507E-02  0.00000000E+00
  2.56817468E+04  4.30631181E+06  2.88864335E-09  1.84928655E+04  1.87688891E-02  0.00000000E+00
  2.60287974E+04  4.30678007E+06  2.88832929E-09  1.85574139E+04  1.90112344E-02  0.00000000E+00
  2.63758481E+04  4.30724832E+06  2.88801530E-09  1.86219622E+04  1.92561963E-02  0.00000000E+00
  2.67228987E+04  4.30771657E+06  2.88770137E-09  1.86865106E+04  1.95037845E-02  0.00000000E+00
  2.70699493E+04  4.30818482E+06  2.88738752E-09  1.87510590E+04  1.97540082E-02  0.00000000E+00
  2.74169999E+04  4.30865307E+06  2.88707373E-09  1.88156073E+04  2.00068766E-02  0.00000000E+00
  2.77640506E+04  4.30912132E+06  2.88676001E-09  1.88801557E+04  2.02623987E-02  0.00000000E+00
  2.81111012E+04  4.30958957E+06  2.88644636E-09  1.89447041E+04  2.05205835E-02  0.00000000E+00
  2.84581518E+04  4.31005782E+06  2.88613278E-09  1.90092524E+04  2.07814400E-02  0.00000000E+00
  2.88052025E+04  4.31052608E+06  2.88581926E-09  1.90738008E+04  2.10449770E-02  0.00000000E+00
  2.91522531E+04  4.31099433E+06  2.88550581E-09  1.91383491E+04  2.13112035E-02  0.00000000E+00
  2.94993037E+04  4.31146258E+06  2.88519244E-09  1.92028975E+04  2.15801285E-02  0.00000000E+00
  2.98463544E+04  4.31193083E+06  2.88487913E-09  1.92674459E+04  2.18517611E-02  0.00000000E+00
  3.01934050E+04  4.31239908E+06  2.88456588E-09  1.93319942E+04  2.21261103E-02  0.00000000E+00
  3.05404556E+04  4.31286733E+06  2.88425271E-09  1.93965426E+04  2.24031855E-02  0.00000000E+00
  3.08875063E+04  4.31333558E+06  2.88393960E-09  1.94610910E+04  2.26829959E-02  0.00000000E+00
  3.12345569E+04  4.31380383E+06  2.88362656E-09  1.95256393E+04  2.29655510E-02  0.00000000E+00
  3.15816075E+04  4.31427209E+06  2.88331359E-09  1.95901877E+04  2.32508605E-02  0.00000000E+00
  3.19286582E+04  4.31474034E+06  2.88300069E-09  1.96547360E+04  2.35389342E-02  0.00000000E+00
  3.22757088E+04  4.31520859E+06  2.88268786E-09  1.97192844E+04  2.38297818E-02  0.00000000E+00
  3.26227594E+04  4.31567684E+06  2.88237509E-09  1.97838328E+04  2.41234136E-02  0.00000000E+00
  3.29698101E+04  4.31614509E+06  2.88206239E-09  1.98483811E+04  2.44198397E-02  0.00000000E+00
  3.33168607E+04  4.31661334E+06  2.88174976E-09  1.99129295E+04  2.47190705E-02  0.00000000E+00
  3.36639113E+04  4.31708159E+06  2.88143720E-09  1.99774778E+04  2.50211167E-02  0.00000000E+00
  3.40109620E+04  4.31754984E+06  2.88112471E-09  2.00420262E+04  2.53259889E-02  0.00000000E+00
  3.43580126E+04  4.31801810E+06  2.88081228E-09  2.01065746E+04  2.56336981E-02  0.00000000E+00
  3.47050632E+04  4.31848635E+06  2.88049992E-09  2.01711229E+04  2.59442552E-02  0.00000000E+00
  3.50521139E+04  4.31895460E+06  2.88018763E-09  2.02356713E+04  2.62576716E-02  0.00000000E+00
  3.53991645E+04  4.31942285E+06  2.87987541E-09  2.03002197E+04  2.65739587E-02  0.00000000E+00
  3.57462151E+04  4.31989110E+06  2.87956325E-09  2.03647680E+04  2.68931280E-02  0.00000000E+00
  3.60932658E+04  4.32035935E+06  2.87925116E-09  2.04293164E+04  2.72151912E-02  0.00000000E+00
  3.64403164E+04  4.32082760E+06  2.87893914E-09  2.04938647E+04  2.75401603E-02  0.00000000E+00
  3.67873670E+04  4.32129585E+06  2.87862719E-09  2.05584131E+04  2.78680472E-02  0.00000000E+00
  3.71344177E+04  4.32176411E+06  2.87831531E-09  2.06229615E+04  2.81988641E-02  0.00000000E+00
  3.74814683E+04  4.32223236E+06  2.87800349E-09  2.06875098E+04  2.85326235E-02  0.00000000E+00
  3.78285189E+04  4.32270061E+06  2.87769174E-09  2.07520582E+04  2.88693376E-02  0.00000000E+00
  3.81755696E+04  4.32316886E+06  2.87738006E-09  2.08166066E+04  2.92090192E-02  0.00000000E+00
  3.85226202E+04  4.32363711E+06  2.87706844E-09  2.08811549E+04  2.95516810E-02  0.00000000E+00
  3.88696708E+04  4.32410536E+06  2.87675690E-09  2.09457033E+04  2.98973358E-02  0.00000000E+00
  3.92167214E+04  4.32457361E+06  2.87644542E-09  2.10102516E+04  3.02459968E-02  0.00000000E+00
  3.95637721E+04  4.32504186E+06  2.87613401E-09  2.10748000E+04  3.05976770E-02  0.00000000E+00
  3.99108227E+04  4.32551012E+06  2.87582266E-09  2.11393484E+04  3.09523896E-02  0.00000000E+00
  4.02578733E+04  4.32597837E+06  2.87551138E-09  2.12038967E+04  3.13100861E-02  0.00000000E+00
  4.06049240E+04  4.32644662E+06  2.87520018E-09  2.12684451E+04  3.16709112E-02  0.00000000E+00
  4.09519746E+04  4.32691487E+06  2.87488903E-09  2.13329935E+04  3.20347756E-02  0.00000000E+00
  4.12990252E+04  4.32738312E+06  2.87457796E-09  2.13975418E+04  3.24017716E-02  0.00000000E+00
  4.16460759E+04  4.32785137E+06  2.87426695E-09  2.14620902E+04  3.27718587E-02  0.00000000E+00
  4.19931265E+04  4.32831962E+06  2.87395601E-09  2.15266385E+04  3.31449975E-02  0.00000000E+00
  4.23401771E+04  4.32878787E+06  2.87364514E-09  2.15911869E+04  3.35213397E-02  0.00000000E+00
  4.26872278E+04  4.32925613E+06  2.87333433E-09  2.16557353E+04  3.39007745E-02  0.00000000E+00
  4.30342784E+04  4.32972438E+06  2.87302360E-09  2.17202836E+04  3.42833934E-02  0.00000000E+00
  4.33813290E+04  4.33019263E+06  2.87271293E-09  2.17848320E+04  3.46691810E-02  0.00000000E+00
  4.37283797E+04  4.33066088E+06  2.87240232E-09  2.18493804E+04  3.50581247E-02  0.00000000E+00
  4.40754303E+04  4.33112913E+06  2.87209179E-09  2.19139287E+04  3.54502929E-02  0.00000000E+00
  4.44224809E+04  4.33159738E+06  2.87178132E-09  2.19784771E+04  3.58456713E-02  0.00000000E+00
  4.47695316E+04  4.33206563E+06  2.87147091E-09  2.20430254E+04  3.62442683E-02  0.00000000E+00
  4.51165822E+04  4.33253388E+06  2.87116058E-09  2.21075738E+04  3.66461066E-02  0.00000000E+00
  4.54636328E+04  4.33300214E+06  2.87085031E-09  2.21721222E+04  3.70512066E-02  0.00000000E+00
  4.58106835E+04  4.33347039E+06  2.87054011E-09  2.22366705E+04  3.74595800E-02  0.00000000E+00
  4.61577341E+04  4.33393864E+06  2.87022998E-09  2.23012189E+04  3.78712312E-02  0.00000000E+00
  4.65047847E+04  4.33440689E+06  2.86991991E-09  2.23657673E+04  3.82861858E-02  0.00000000E+00
  4.68518354E+04  4.33487514E+06  2.86960991E-09  2.24303156E+04  3.87044612E-02  0.00000000E+00
  4.71988860E+04  4.33534339E+06  2.86929998E-09  2.24948640E+04  3.91260612E-02  0.00000000E+00
  4.75459366E+04  4.33581164E+06  2.86899012E-09  2.25594123E+04  3.95510086E-02  0.00000000E+00
  4.78929873E+04  4.33627989E+06  2.86868032E-09  2.26239607E+04  3.99793162E-02  0.00000000E+00
  4.82400379E+04  4.33674815E+06  2.86837059E-09  2.26885091E+04  4.04109968E-02  0.00000000E+00
  4.85870885E+04  4.33721640E+06  2.86806092E-09  2.27530574E+04  4.08460681E-02  0.00000000E+00
  4.89341392E+04  4.33768465E+06  2.86775133E-09  2.28176058E+04  4.12845445E-02  0.00000000E+00
  4.92811898E+04  4.33815290E+06  2.86744179E-09  2.28821542E+04  4.17264405E-02  0.00000000E+00
  4.96282404E+04  4.33862115E+06  2.86713233E-09  2.29467025E+04  4.21717727E-02  0.00000000E+00
  4.99752910E+04  4.33908940E+06  2.86682293E-09  2.30112509E+04  4.26205540E-02  0.00000000E+00
  5.03223417E+04  4.33955765E+06  2.86651360E-09  2.30757992E+04  4.30728013E-02  0.00000000E+00
  5.06693923E+04  4.34002590E+06  2.86620434E-09  2.31403476E+04  4.35285284E-02  0.00000000E+00
  5.10164429E+04  4.34049416E+06  2.86589514E-09  2.32048960E+04  4.39877524E-02  0.00000000E+00
  5.13634936E+04  4.34096241E+06  2.86558602E-09  2.32694443E+04  4.44504855E-02  0.00000000E+00
  5.17105442E+04  4.34143066E+06  2.86527695E-09  2.33339927E+04  4.49167452E-02  0.00000000E+00
  5.20575948E+04  4.34189891E+06  2.86496796E-09  2.33985410E+04  4.53865456E-02  0.00000000E+00
  5.24046455E+04  4.34236716E+06  2.86465903E-09  2.34630894E+04  4.58599023E-02  0.00000000E+00
  5.27516961E+04  4.34283541E+06  2.86435016E-09  2.35276378E+04  4.63368296E-02  0.00000000E+00
  5.30987467E+04  4.34330366E+06  2.86404137E-09  2.35921861E+04  4.68173435E-02  0.00000000E+00
  5.34457974E+04  4.34377191E+06  2.86373264E-09  2.36567345E+04  4.73014586E-02  0.00000000E+00
  5.37928480E+04  4.34424017E+06  2.86342398E-09  2.37212829E+04  4.77891902E-02  0.00000000E+00
  5.41398986E+04  4.34470842E+06  2.86311538E-09  2.37858312E+04  4.82805528E-02  0.00000000E+00
  5.44869493E+04  4.34517667E+06  2.86280685E-09  2.38503796E+04  4.87755617E-02  0.00000000E+00
  5.48339999E+04  4.34564492E+06  2.86249839E-09  2.39149279E+04  4.92742318E-02  0.00000000E+00
  5.51810505E+04  4.34611317E+06  2.86218999E-09  2.39794763E+04  4.97765778E-02  0.00000000E+00
  5.55281012E+04  4.34658142E+06  2.86188166E-09  2.40440247E+04  5.02826146E-02  0.00000000E+00
  5.58751518E+04  4.34704967E+06  2.86157340E-09  2.41085730E+04  5.07923570E-02  0.00000000E+00
  5.62222024E+04  4.34751792E+06  2.86126520E-09  2.41731214E+04  5.13058194E-02  0.00000000E+00
  5.65692531E+04  4.34798618E+06  2.86095707E-09  2.42376698E+04  5.18230167E-02  0.00000000E+00
  5.69163037E+04  4.34845443E+06  2.86064900E-09  2.43022181E+04  5.23439631E-02  0.00000000E+00
  5.72633543E+04  4.34892268E+06  2.86034101E-09  2.43667665E+04  5.28686731E-02  0.00000000E+00
  5.76104050E+04  4.34939093E+06  2.86003308E-09  2.44313148E+04  5.33971609E-02  0.00000000E+00
  5.79574556E+04  4.34985918E+06  2.85972521E-09  2.44958632E+04  5.39294408E-02  0.00000000E+00
  5.83045062E+04  4.35032743E+06  2.85941741E-09  2.45604116E+04  5.44655268E-02  0.00000000E+00
  5.86515569E+04  4.35079568E+06  2.85910968E-09  2.46249599E+04  5.50054326E-02  0.00000000E+00
  5.89986075E+04  4.35126393E+06  2.85880201E-09  2.46895083E+04  5.55491722E-02  0.00000000E+00
  5.93456581E+04  4.35173219E+06  2.85849441E-09  2.47540567E+04  5.60967591E-02  0.00000000E+00
  5.96927088E+04  4.35220044E+06  2.85818688E-09  2.48186050E+04  5.66482068E-02  0.00000000E+00
  6.00397594E+04  4.35266869E+06  2.85787941E-09  2.48831534E+04  5.72035284E-02  0.00000000E+00
  6.03868100E+04  4.35313694E+06  2.85757201E-09  2.49477017E+04  5.77627371E-02  0.00000000E+00
  6.07338606E+04  4.35360519E+06  2.85726468E-09  2.50122501E+04  5.83258456E-02  0.00000000E+00
  6.10809113E+04  4.35407344E+06  2.85695741E-09  2.50767985E+04  5.88928666E-02  0.00000000E+00
  6.14279619E+04  4.35454169E+06  2.85665020E-09  2.51413468E+04  5.94638125E-02  0.00000000E+00
  6.17750125E+04  4.35500994E+06  2.85634307E-09  2.52058952E+04  6.00386953E-02  0.00000000E+00
  6.21220632E+04  4.35547820E+06  2.85603600E-09  2.52704436E+04  6.06175271E-02  0.00000000E+00
  6.24691138E+04  4.35594645E+06  2.85572899E-09  2.53349919E+04  6.12003192E-02  0.00000000E+00
  6.28161644E+04  4.35641470E+06  2.85542205E-09  2.53995403E+04  6.17870830E-02  0.00000000E+00
  6.31632151E+04  4.35688295E+06  2.85511518E-09  2.54640886E+04  6.23778295E-02  0.00000000E+00
  6.35102657E+04  4.35735120E+06  2.85480838E-09  2.55286370E+04  6.29725692E-02  0.00000000E+00
  6.38573163E+04  4.35781945E+06  2.85450164E-09  2.55931854E+04  6.35713124E-02  0.00000000E+00
  6.42043670E+04  4.35828770E+06  2.85419496E-09  2.56577337E+04  6.41740689E-02  0.00000000E+00
  6.45514176E+04  4.35875595E+06  2.85388835E-09  2.57222821E+04  6.47808481E-02  0.00000000E+00
  6.48984682E+04  4.35922421E+06  2.85358181E-09  2.57868305E+04  6.53916591E-02  0.00000000E+00
  6.52455189E+04  4.35969246E+06  2.85327533E-09  2.58513788E+04  6.60065105E-02  0.00000000E+00
  6.55925695E+04  4.36016071E+06  2.85296892E-09  2.59159272E+04  6.66254102E-02  0.00000000E+00
  6.59396201E+04  4.36062896E+06  2.85266258E-09  2.59804755E+04  6.72483660E-02  0.00000000E+00
  6.62866708E+04  4.36109721E+06  2.85235630E-09  2.60450239E+04  6.78753847E-02  0.00000000E+00
  6.66337214E+04  4.36156546E+06  2.85205009E-09  2.61095723E+04  6.85064730E-02  0.00000000E+00
  6.69807720E+04  4.36203371E+06  2.85174394E-09  2.61741206E+04  6.91416366E-02  0.00000000E+00
  6.73278227E+04  4.36250196E+06  2.85143786E-09  2.62386690E+04  6.97808809E-02  0.00000000E+00
  6.76748733E+04  4.36297022E+06  2.85113184E-09  2.63032174E+04  7.04242104E-02  0.00000000E+00
  6.80219239E+04  4.36343847E+06  2.85082589E-09  2.63677657E+04  7.10716292E-02  0.00000000E+00
  6.83689746E+04  4.36390672E+06  2.85052001E-09  2.64323141E+04  7.17231403E-02  0.00000000E+00
  6.87160252E+04  4.36437497E+06  2.85021419E-09  2.64968624E+04  7.23787464E-02  0.00000000E+00
  6.90630758E+04  4.36484322E+06  2.84990844E-09  2.65614108E+04  7.30384490E-02  0.00000000E+00
  6.94101265E+04  4.36531147E+06  2.84960275E-09  2.66259592E+04  7.37022490E-02  0.00000000E+00
  6.97571771E+04  4.36577972E+06  2.84929713E-09  2.66905075E+04  7.43701464E-02  0.00000000E+00
  7.01042277E+04  4.36624797E+06  2.84899157E-09  2.67550559E+04  7.50421403E-02  0.00000000E+00
  7.04512784E+04  4.36671623E+06  2.84868608E-09  2.68196042E+04  7.57182289E-02  0.00000000E+00
  7.07983290E+04  4.36718448E+06  2.84838066E-09  2.68841526E+04  7.63984094E-02  0.00000000E+00
  7.11453796E+04  4.36765273E+06  2.84807530E-09  2.69487010E+04  7.70826779E-02  0.00000000E+00
  7.14924302E+04  4.36812098E+06  2.84777000E-09  2.70132493E+04  7.77710295E-02  0.00000000E+00
  7.18394809E+04  4.36858923E+06  2.84746477E-09  2.70777977E+04  7.84634584E-02  0.00000000E+00
  7.21865315E+04  4.36905748E+06  2.84715961E-09  2.71423461E+04  7.91599573E-02  0.00000000E+00
  7.25335821E+04  4.36952573E+06  2.84685451E-09  2.72068944E+04  7.98605179E-02  0.00000000E+00
  7.28806328E+04  4.36999398E+06  2.84654948E-09  2.72714428E+04  8.05651308E-02  0.00000000E+00
  7.32276834E+04  4.37046224E+06  2.84624452E-09  2.73359911E+04  8.12737852E-02  0.00000000E+00
  7.35747340E+04  4.37093049E+06  2.84593961E-09  2.74005395E+04  8.19864690E-02  0.00000000E+00
  7.39217847E+04  4.37139874E+06  2.84563478E-09  2.74650879E+04  8.27031687E-02  0.00000000E+00
  7.42688353E+04  4.37186699E+06  2.84533001E-09  2.75296362E+04  8.34238695E-02  0.00000000E+00
  7.46158859E+04  4.37233524E+06  2.84502530E-09  2.75941846E+04  8.41485551E-02  0.00000000E+00
  7.49629366E+04  4.37280349E+06  2.84472066E-09  2.76587330E+04  8.48772079E-02  0.00000000E+00
  7.53099872E+04  4.37327174E+06  2.84441609E-09  2.77232813E+04  8.56098086E-02  0.00000000E+00
  7.56570378E+04  4.37373999E+06  2.84411158E-09  2.77878297E+04  8.63463364E-02  0.00000000E+00
  7.60040885E+04  4.37420825E+06  2.84380714E-09  2.78523780E+04  8.70867689E-02  0.00000000E+00
  7.63511391E+04  4.37467650E+06  2.84350276E-09  2.79169264E+04  8.78310823E-02  0.00000000E+00
  7.66981897E+04  4.37514475E+06  2.84319844E-09  2.79814748E+04  8.85792508E-02  0.00000000E+00
  7.70452404E+04  4.37561300E+06  2.84289420E-09  2.80460231E+04  8.93312471E-02  0.00000000E+00
  7.73922910E+04  4.37608125E+06  2.84259001E-09  2.81105715E+04  9.00870424E-02  0.00000000E+00
  7.77393416E+04  4.37654950E+06  2.84228590E-09  2.81751199E+04  9.08466058E-02  0.00000000E+00
  7.80863923E+04  4.37701775E+06  2.84198184E-09  2.82396682E+04  9.16099049E-02  0.00000000E+00
  7.84334429E+04  4.37748600E+06  2.84167786E-09  2.83042166E+04  9.23769055E-02  0.00000000E+00
  7.87804935E+04  4.37795426E+06  2.84137393E-09  2.83687649E+04  9.31475716E-02  0.00000000E+00
  7.91275442E+04  4.37842251E+06  2.84107008E-09  2.84333133E+04  9.39218654E-02  0.00000000E+00
  7.94745948E+04  4.37889076E+06  2.84076628E-09  2.84978617E+04  9.46997474E-02  0.00000000E+00
  7.98216454E+04  4.37935901E+06  2.84046256E-09  2.85624100E+04  9.54811764E-02  0.00000000E+00
  8.01686961E+04  4.37982726E+06  2.84015889E-09  2.86269584E+04  9.62661091E-02  0.00000000E+00
  8.05157467E+04  4.38029551E+06  2.83985530E-09  2.86915068E+04  9.70545007E-02  0.00000000E+00
  8.08627973E+04  4.38076376E+06  2.83955176E-09  2.87560551E+04  9.78463048E-02  0.00000000E+00
  8.12098480E+04  4.38123201E+06  2.83924830E-09  2.88206035E+04  9.86414731E-02  0.00000000E+00
  8.15568986E+04  4.38170027E+06  2.83894489E-09  2.88851518E+04  9.94399555E-02  0.00000000E+00
  8.19039492E+04  4.38216852E+06  2.83864156E-09  2.89497002E+04  1.00241701E-01  0.00000000E+00
  8.22509998E+04  4.38263677E+06  2.83833828E-09  2.90142486E+04  1.01046655E-01  0.00000000E+00
  8.25980505E+04  4.38310502E+06  2.83803507E-09  2.90787969E+04  1.01854765E-01  0.00000000E+00
  8.29451011E+04  4.38357327E+06  2.83773193E-09  2.91433453E+04  1.02665973E-01  0.00000000E+00
  8.32921517E+04  4.38404152E+06  2.83742885E-09  2.92078937E+04  1.03480223E-01  0.00000000E+00
  8.36392024E+04  4.38450977E+06  2.83712584E-09  2.92724420E+04  1.04297455E-01  0.00000000E+00
  8.39862530E+04  4.38497802E+06  2.83682289E-09  2.93369904E+04  1.05117610E-01  0.00000000E+00
  8.43333036E+04  4.38544628E+06  2.83652001E-09  2.94015387E+04  1.05940626E-01  0.00000000E+00
  8.46803543E+04  4.38591453E+06  2.83621719E-09  2.94660871E+04  1.06766442E-01  0.00000000E+00
  8.50274049E+04  4.38638278E+06  2.83591443E-09  2.95306355E+04  1.07594994E-01  0.00000000E+00
  8.53744555E+04  4.38685103E+06  2.83561174E-09  2.95951838E+04  1.08426219E-01  0.00000000E+00
  8.57215062E+04  4.38731928E+06  2.83530912E-09  2.96597322E+04  1.09260051E-01  0.00000000E+00
  8.60685568E+04  4.38778753E+06  2.83500656E-09  2.97242805E+04  1.10096427E-01  0.00000000E+00
  8.64156074E+04  4.38825578E+06  2.83470406E-09  2.97888289E+04  1.10935282E-01  0.00000000E+00
  8.67626581E+04  4.38872403E+06  2.83440163E-09  2.98533773E+04  1.11776548E-01  0.00000000E+00
  8.71097087E+04  4.38919229E+06  2.83409926E-09  2.99179256E+04  1.12620162E-01  0.00000000E+00
  8.74567593E+04  4.38966054E+06  2.83379696E-09  2.99824740E+04  1.13466056E-01  0.00000000E+00
  8.78038100E+04  4.39012879E+06  2.83349472E-09  3.00470224E+04  1.14314168E-01  0.00000000E+00
  8.81508606E+04  4.39059704E+06  2.83319255E-09  3.01115707E+04  1.15164430E-01  0.00000000E+00
  8.84979112E+04  4.39106529E+06  2.83289044E-09  3.01761191E+04  1.16016780E-01  0.00000000E+00
  8.88449619E+04  4.39153354E+06  2.83258840E-09  3.02406674E+04  1.16871154E-01  0.00000000E+00
  8.91920125E+04  4.39200179E+06  2.83228642E-09  3.03052158E+04  1.17727489E-01  0.00000000E+00
  8.95390631E+04  4.39247004E+06  2.83198450E-09  3.03697642E+04  1.18585725E-01  0.00000000E+00
  8.98861138E+04  4.39293830E+06  2.83168265E-09  3.04343125E+04  1.19445801E-01  0.00000000E+00
  9.02331644E+04  4.39340655E+06  2.83138087E-09  3.04988609E+04  1.20307659E-01  0.00000000E+00
  9.05802150E+04  4.39387480E+06  2.83107914E-09  3.05634093E+04  1.21171242E-01  0.00000000E+00
  9.09272657E+04  4.39434305E+06  2.83077749E-09  3.06279576E+04  1.22036494E-01  0.00000000E+00
  9.12743163E+04  4.39481130E+06  2.83047589E-09  3.06925060E+04  1.22903365E-01  0.00000000E+00
  9.16213669E+04  4.39527955E+06  2.83017436E-09  3.07570543E+04  1.23771801E-01  0.00000000E+00
  9.19684176E+04  4.39574780E+06  2.82987290E-09  3.08216027E+04  1.24641756E-01  0.00000000E+00
  9.23154682E+04  4.39621605E+06  2.82957150E-09  3.08861511E+04  1.25513184E-01  0.00000000E+00
  9.26625188E+04  4.39668431E+06  2.82927016E-09  3.09506994E+04  1.26386041E-01  0.00000000E+00
  9.30095694E+04  4.39715256E+06  2.82896889E-09  3.10152478E+04  1.27260287E-01  0.00000000E+00
  9.33566201E+04  4.39762081E+06  2.82866768E-09  3.10797962E+04  1.28135885E-01  0.00000000E+00
  9.37036707E+04  4.39808906E+06  2.82836654E-09  3.11443445E+04  1.29012801E-01  0.00000000E+00
  9.40507213E+04  4.39855731E+06  2.82806546E-09  3.12088929E+04  1.29891004E-01  0.00000000E+00
  9.43977720E+04  4.39902556E+06  2.82776445E-09  3.12734412E+04  1.30770466E-01  0.00000000E+00
  9.47448226E+04  4.39949381E+06  2.82746350E-09  3.13379896E+04  1.31651164E-01  0.00000000E+00
  9.50918732E+04  4.39996206E+06  2.82716261E-09  3.14025380E+04  1.32533077E-01  0.00000000E+00
  9.54389239E+04  4.40043032E+06  2.82686179E-09  3.14670863E+04  1.33416188E-01  0.00000000E+00
  9.57859745E+04  4.40089857E+06  2.82656103E-09  3.15316347E+04  1.34300486E-01  0.00000000E+00
  9.61330251E+04  4.40136682E+06  2.82626033E-09  3.15961831E+04  1.35185959E-01  0.00000000E+00
  9.64800758E+04  4.40183507E+06  2.82595970E-09  3.16607314E+04  1.36072605E-01  0.00000000E+00
  9.68271264E+04  4.40230332E+06  2.82565914E-09  3.17252798E+04  1.36960420E-01  0.00000000E+00
  9.71741770E+04  4.40277157E+06  2.82535863E-09  3.17898281E+04  1.37849409E-01  0.00000000E+00
  9.75212277E+04  4.40323982E+06  2.82505819E-09  3.18543765E+04  1.38739579E-01  0.00000000E+00
  9.78682783E+04  4.40370807E+06  2.82475782E-09  3.19189249E+04  1.39630939E-01  0.00000000E+00
  9.82153289E+04  4.40417633E+06  2.82445751E-09  3.19834732E+04  1.40523507E-01  0.00000000E+00
  9.85623796E+04  4.40464458E+06  2.82415726E-09  3.20480216E+04  1.41417301E-01  0.00000000E+00
  9.89094302E+04  4.40511283E+06  2.82385708E-09  3.21125700E+04  1.42312345E-01  0.00000000E+00
  9.92564808E+04  4.40558108E+06  2.82355696E-09  3.21771183E+04  1.43208666E-01  0.00000000E+00
  9.96035315E+04  4.40604933E+06  2.82325691E-09  3.22416667E+04  1.44106296E-01  0.00000000E+00
  9.99505821E+04  4.40651758E+06  2.82295691E-09  3.23062150E+04  1.45005272E-01  0.00000000E+00
  1.00297633E+05  4.40698583E+06  2.82265699E-09  3.23707634E+04  1.45905633E-01  0.00000000E+00
  1.00644683E+05  4.40745408E+06  2.82235712E-09  3.24353118E+04  1.46807424E-01  0.00000000E+00
  1.00991734E+05  4.40792234E+06  2.82205732E-09  3.24998601E+04  1.47710692E-01  0.00000000E+00
  1.01338785E+05  4.40839059E+06  2.82175759E-09  3.25644085E+04  1.48615490E-01  0.00000000E+00
  1.01685835E+05  4.40885884E+06  2.82145791E-09  3.26289569E+04  1.49521873E-01  0.00000000E+00
  1.02032886E+05  4.40932709E+06  2.82115831E-09  3.26935052E+04  1.50429902E-01  0.00000000E+00
  1.02379937E+05  4.40979534E+06  2.82085876E-09  3.27580536E+04  1.51339638E-01  0.00000000E+00
  1.02726987E+05  4.41026359E+06  2.82055928E-09  3.28226019E+04  1.52251151E-01  0.00000000E+00
  1.03074038E+05  4.41073184E+06  2.82025986E-09  3.28871503E+04  1.53164510E-01  0.00000000E+00
  1.03421088E+05  4.41120009E+06  2.81996051E-09  3.29516987E+04  1.54079789E-01  0.00000000E+00
  1.03768139E+05  4.41166835E+06  2.81966122E-09  3.30162470E+04  1.54997066E-01  0.00000000E+00
  1.04115190E+05  4.41213660E+06  2.81936199E-09  3.30807954E+04  1.55916422E-01  0.00000000E+00
  1.04462240E+05  4.41260485E+06  2.81906283E-09  3.31453437E+04  1.56837941E-01  0.00000000E+00
  1.04809291E+05  4.41307310E+06  2.81876373E-09  3.32098921E+04  1.57761709E-01  0.00000000E+00
  1.05156342E+05  4.41354135E+06  2.81846469E-09  3.32744405E+04  1.58687817E-01  0.00000000E+00
  1.05503392E+05  4.41400960E+06  2.81816572E-09  3.33389888E+04  1.59616358E-01  0.00000000E+00
  1.05850443E+05  4.41447785E+06  2.81786681E-09  3.34035372E+04  1.60547426E-01  0.00000000E+00
  1.06197493E+05  4.41494610E+06  2.81756796E-09  3.34680856E+04  1.61481120E-01  0.00000000E+00
  1.06544544E+05  4.41541436E+06  2.81726918E-09  3.35326339E+04  1.62417540E-01  0.00000000E+00
  1.06891595E+05  4.41588261E+06  2.81697046E-09  3.35971823E+04  1.63356790E-01  0.00000000E+00
  1.07238645E+05  4.41635086E+06  2.81667180E-09  3.36617306E+04  1.64298973E-01  0.00000000E+00
  1.07585696E+05  4.41681911E+06  2.81637321E-09  3.37262790E+04  1.65244197E-01  0.00000000E+00
  1.07932747E+05  4.41728736E+06  2.81607468E-09  3.37908274E+04  1.66192570E-01  0.00000000E+00
  1.08279797E+05  4.41775561E+06  2.81577622E-09  3.38553757E+04  1.67144203E-01  0.00000000E+00
  1.08626848E+05  4.41822386E+06  2.81547782E-09  3.39199241E+04  1.68099208E-01  0.00000000E+00
  1.08973899E+05  4.41869211E+06  2.81517948E-09  3.39844725E+04  1.69057699E-01  0.00000000E+00
  1.09320949E+05  4.41916037E+06  2.81488120E-09  3.40490208E+04  1.70019789E-01  0.00000000E+00
  1.09668000E+05  4.41962862E+06  2.81458299E-09  3.41135692E+04  1.70985595E-01  0.00000000E+00
  1.10015050E+05  4.42009687E+06  2.81428484E-09  3.41781175E+04  1.71955234E-01  0.00000000E+00
  1.10362101E+05  4.42056512E+06  2.81398675E-09  3.42426659E+04  1.72928823E-01  0.00000000E+00
  1.10709152E+05  4.42103337E+06  2.81368873E-09  3.43072143E+04  1.73906481E-01  0.00000000E+00
  1.11056202E+05  4.42150162E+06  2.81339077E-09  3.43717626E+04  1.74888326E-01  0.00000000E+00
  1.11403253E+05  4.42196987E+06  2.81309288E-09  3.44363110E+04  1.75874477E-01  0.00000000E+00
  1.11750304E+05  4.42243812E+06  2.81279504E-09  3.45008594E+04  1.76865054E-01  0.00000000E+00
  1.12097354E+05  4.42290638E+06  2.81249727E-09  3.45654077E+04  1.77860176E-01  0.00000000E+00
  1.12444405E+05  4.42337463E+06  2.81219956E-09  3.46299561E+04  1.78859962E-01  0.00000000E+00
  1.12791455E+05  4.42384288E+06  2.81190192E-09  3.46945044E+04  1.79864532E-01  0.00000000E+00
  1.13138506E+05  4.42431113E+06  2.81160434E-09  3.47590528E+04  1.80874005E-01  0.00000000E+00
  1.13485557E+05  4.42477938E+06  2.81130682E-09  3.48236012E+04  1.81888497E-01  0.00000000E+00
  1.13832607E+05  4.42524763E+06  2.81100937E-09  3.48881495E+04  1.82908128E-01  0.00000000E+00
  1.14179658E+05  4.42571588E+06  2.81071198E-09  3.49526979E+04  1.83933013E-01  0.00000000E+00
  1.14526709E+05  4.42618413E+06  2.81041465E-09  3.50172463E+04  1.84963269E-01  0.00000000E+00
  1.14873759E+05  4.42665239E+06  2.81011738E-09  3.50817946E+04  1.85999010E-01  0.00000000E+00
  1.15220810E+05  4.42712064E+06  2.80982018E-09  3.51463430E+04  1.87040350E-01  0.00000000E+00
  1.15567861E+05  4.42758889E+06  2.80952304E-09  3.52108913E+04  1.88087400E-01  0.00000000E+00
  1.15914911E+05  4.42805714E+06  2.80922596E-09  3.52754397E+04  1.89140273E-01  0.00000000E+00
  1.16261962E+05  4.42852539E+06  2.80892895E-09  3.53399881E+04  1.90199077E-01  0.00000000E+00
  1.16609012E+05  4.42899364E+06  2.80863200E-09  3.54045364E+04  1.91263921E-01  0.00000000E+00
  1.16956063E+05  4.42946189E+06  2.80833511E-09  3.54690848E+04  1.92334909E-01  0.00000000E+00
  1.17303114E+05  4.42993014E+06  2.80803828E-09  3.55336332E+04  1.93412147E-01  0.00000000E+00
  1.17650164E+05  4.43039840E+06  2.80774152E-09  3.55981815E+04  1.94495736E-01  0.00000000E+00
  1.17997215E+05  4.43086665E+06  2.80744482E-09  3.56627299E+04  1.95585777E-01  0.00000000E+00
  1.18344266E+05  4.43133490E+06  2.80714818E-09  3.57272782E+04  1.96682368E-01  0.00000000E+00
  1.18691316E+05  4.43180315E+06  2.80685161E-09  3.57918266E+04  1.97785605E-01  0.00000000E+00
  1.19038367E+05  4.43227140E+06  2.80655510E-09  3.58563750E+04  1.98895582E-01  0.00000000E+00
  1.19385418E+05  4.43273965E+06  2.80625865E-09  3.59209233E+04  2.00012390E-01  0.00000000E+00
  1.19732468E+05  4.43320790E+06  2.80596226E-09  3.59854717E+04  2.01136119E-01  0.00000000E+00
  1.20079519E+05  4.43367615E+06  2.80566594E-09  3.60500201E+04  2.02266856E-01  0.00000000E+00
  1.20426569E+05  4.43414441E+06  2.80536968E-09  3.61145684E+04  2.03404685E-01  0.00000000E+00
  1.20773620E+05  4.43461266E+06  2.80507348E-09  3.61791168E+04  2.04549689E-01  0.00000000E+00
  1.21120671E+05  4.43508091E+06  2.80477734E-09  3.62436651E+04  2.05701945E-01  0.00000000E+00
  1.21467721E+05  4.43554916E+06  2.80448127E-09  3.63082135E+04  2.06861533E-01  0.00000000E+00
  1.21814772E+05  4.43601741E+06  2.80418526E-09  3.63727619E+04  2.08028526E-01  0.00000000E+00
  1.22161823E+05  4.43648566E+06  2.80388931E-09  3.64373102E+04  2.09202996E-01  0.00000000E+00
  1.22508873E+05  4.43695391E+06  2.80359342E-09  3.65018586E+04  2.10385012E-01  0.00000000E+00
  1.22855924E+05  4.43742216E+06  2.80329760E-09  3.65664069E+04  2.11574642E-01  0.00000000E+00
  1.23202974E+05  4.43789042E+06  2.80300184E-09  3.66309553E+04  2.12771950E-01  0.00000000E+00
  1.23550025E+05  4.43835867E+06  2.80270614E-09  3.66955037E+04  2.13976997E-01  0.00000000E+00
  1.23897076E+05  4.43882692E+06  2.80241051E-09  3.67600520E+04  2.15189843E-01  0.00000000E+00
  1.24244126E+05  4.43929517E+06  2.80211493E-09  3.68246004E+04  2.16410545E-01  0.00000000E+00
  1.24591177E+05  4.43976342E+06  2.80181942E-09  3.68891488E+04  2.17639157E-01  0.00000000E+00
  1.24938228E+05  4.44023167E+06  2.80152397E-09  3.69536971E+04  2.18875732E-01  0.00000000E+00
  1.25285278E+05  4.44069992E+06  2.80122859E-09  3.70182455E+04  2.20120317E-01  0.00000000E+00
  1.25632329E+05  4.44116817E+06  2.80093326E-09  3.70827938E+04  2.21372962E-01  0.00000000E+00
  1.25979380E+05  4.44163643E+06  2.80063800E-09  3.71473422E+04  2.22633710E-01  0.00000000E+00
  1.26326430E+05  4.44210468E+06  2.80034280E-09  3.72118906E+04  2.23902604E-01  0.00000000E+00
  1.26673481E+05  4.44257293E+06  2.80004766E-09  3.72764389E+04  2.25179684E-01  0.00000000E+00
  1.27020531E+05  4.44304118E+06  2.79975259E-09  3.73409873E+04  2.26464989E-01  0.00000000E+00
  1.27367582E+05  4.44350943E+06  2.79945758E-09  3.74055357E+04  2.27758554E-01  0.00000000E+00
  1.27714633E+05  4.44397768E+06  2.79916263E-09  3.74700840E+04  2.29060413E-01  0.00000000E+00
  1.28061683E+05  4.44444593E+06  2.79886774E-09  3.75346324E+04  2.30370598E-01  0.00000000E+00
  1.28408734E+05  4.44491418E+06  2.79857291E-09  3.75991807E+04  2.31689140E-01  0.00000000E+00
  1.28755785E+05  4.44538244E+06  2.79827815E-09  3.76637291E+04  2.33016065E-01  0.00000000E+00
  1.29102835E+05  4.44585069E+06  2.79798345E-09  3.77282775E+04  2.34351400E-01  0.00000000E+00
  1.29449886E+05  4.44631894E+06  2.79768881E-09  3.77928258E+04  2.35695170E-01  0.00000000E+00
  1.29796936E+05  4.44678719E+06  2.79739423E-09  3.78573742E+04  2.37047398E-01  0.00000000E+00
  1.30143987E+05  4.44725544E+06  2.79709972E-09  3.79219226E+04  2.38408103E-01  0.00000000E+00
  1.30491038E+05  4.44772369E+06  2.79680526E-09  3.79864709E+04  2.39777306E-01  0.00000000E+00
  1.30838088E+05  4.44819194E+06  2.79651087E-09  3.80510193E+04  2.41155025E-01  0.00000000E+00
  1.31185139E+05  4.44866019E+06  2.79621654E-09  3.81155676E+04  2.42541276E-01  0.00000000E+00
  1.31532190E+05  4.44912844E+06  2.79592228E-09  3.81801160E+04  2.43936073E-01  0.00000000E+00
  1.31879240E+05  4.44959670E+06  2.79562807E-09  3.82446644E+04  2.45339432E-01  0.00000000E+00
  1.32226291E+05  4.45006495E+06  2.79533393E-09  3.83092127E+04  2.46751364E-01  0.00000000E+00
  1.32573342E+05  4.45053320E+06  2.79503985E-09  3.83737611E+04  2.48171881E-01  0.00000000E+00
  1.32920392E+05  4.45100145E+06  2.79474583E-09  3.84383095E+04  2.49600992E-01  0.00000000E+00
  1.33267443E+05  4.45146970E+06  2.79445187E-09  3.85028578E+04  2.51038707E-01  0.00000000E+00
  1.33614493E+05  4.45193795E+06  2.79415798E-09  3.85674062E+04  2.52485034E-01  0.00000000E+00
  1.33961544E+05  4.45240620E+06  2.79386414E-09  3.86319545E+04  2.53939981E-01  0.00000000E+00
  1.34308595E+05  4.45287445E+06  2.79357037E-09  3.86965029E+04  2.55403553E-01  0.00000000E+00
  1.34655645E+05  4.45334271E+06  2.79327666E-09  3.87610513E+04  2.56875755E-01  0.00000000E+00
  1.35002696E+05  4.45381096E+06  2.79298301E-09  3.88255996E+04  2.58356593E-01  0.00000000E+00
  1.35349747E+05  4.45427921E+06  2.79268943E-09  3.88901480E+04  2.59846071E-01  0.00000000E+00
  1.35696797E+05  4.45474746E+06  2.79239590E-09  3.89546964E+04  2.61344191E-01  0.00000000E+00
  1.36043848E+05  4.45521571E+06  2.79210244E-09  3.90192447E+04  2.62850957E-01  0.00000000E+00
  1.36390898E+05  4.45568396E+06  2.79180904E-09  3.90837931E+04  2.64366370E-01  0.00000000E+00
  1.36737949E+05  4.45615221E+06  2.79151570E-09  3.91483414E+04  2.65890432E-01  0.00000000E+00
  1.37085000E+05  4.45662046E+06  2.79122242E-09  3.92128898E+04  2.67423145E-01  0.00000000E+00
  1.37432050E+05  4.45708872E+06  2.79092921E-09  3.92774382E+04  2.68964508E-01  0.00000000E+00
  1.37779101E+05  4.45755697E+06  2.79063606E-09  3.93419865E+04  2.70514523E-01  0.00000000E+00
  1.38126152E+05  4.45802522E+06  2.79034296E-09  3.94065349E+04  2.72073189E-01  0.00000000E+00
  1.38473202E+05  4.45849347E+06  2.79004993E-09  3.94710832E+04  2.73640505E-01  0.00000000E+00
  1.38820253E+05  4.45896172E+06  2.78975696E-09  3.95356316E+04  2.75216473E-01  0.00000000E+00
  1.39167304E+05  4.45942997E+06  2.78946406E-09  3.96001800E+04  2.76801089E-01  0.00000000E+00
  1.39514354E+05  4.45989822E+06  2.78917121E-09  3.96647283E+04  2.78394355E-01  0.00000000E+00
  1.39861405E+05  4.46036647E+06  2.78887842E-09  3.97292767E+04  2.79996268E-01  0.00000000E+00
  1.40208455E+05  4.46083473E+06  2.78858570E-09  3.97938251E+04  2.81606827E-01  0.00000000E+00
  1.40555506E+05  4.46130298E+06  2.78829304E-09  3.98583734E+04  2.83226031E-01  0.00000000E+00
  1.40902557E+05  4.46177123E+06  2.78800044E-09  3.99229218E+04  2.84853879E-01  0.00000000E+00
  1.41249607E+05  4.46223948E+06  2.78770790E-09  3.99874701E+04  2.86490369E-01  0.00000000E+00
  1.41596658E+05  4.46270773E+06  2.78741543E-09  4.00520185E+04  2.88135500E-01  0.00000000E+00
  1.41943709E+05  4.46317598E+06  2.78712301E-09  4.01165669E+04  2.89789270E-01  0.00000000E+00
  1.42290759E+05  4.46364423E+06  2.78683066E-09  4.01811152E+04  2.91451678E-01  0.00000000E+00
  1.42637810E+05  4.46411248E+06  2.78653836E-09  4.02456636E+04  2.93122723E-01  0.00000000E+00
  1.42984860E+05  4.46458074E+06  2.78624613E-09  4.03102120E+04  2.94802403E-01  0.00000000E+00
  1.43331911E+05  4.46504899E+06  2.78595396E-09  4.03747603E+04  2.96490718E-01  0.00000000E+00
  1.43678962E+05  4.46551724E+06  2.78566185E-09  4.04393087E+04  2.98187666E-01  0.00000000E+00
  1.44026012E+05  4.46598549E+06  2.78536981E-09  4.05038570E+04  2.99893247E-01  0.00000000E+00
  1.44373063E+05  4.46645374E+06  2.78507782E-09  4.05684054E+04  3.01607459E-01  0.00000000E+00
  1.44720114E+05  4.46692199E+06  2.78478589E-09  4.06329538E+04  3.03330303E-01  0.00000000E+00
  1.45067164E+05  4.46739024E+06  2.78449403E-09  4.06975021E+04  3.05061778E-01  0.00000000E+00
  1.45414215E+05  4.46785849E+06  2.78420223E-09  4.07620505E+04  3.06801883E-01  0.00000000E+00
  1.45761266E+05  4.46832675E+06  2.78391049E-09  4.08265989E+04  3.08550620E-01  0.00000000E+00
  1.46108316E+05  4.46879500E+06  2.78361881E-09  4.08911472E+04  3.10307987E-01  0.00000000E+00
  1.46455367E+05  4.46926325E+06  2.78332719E-09  4.09556956E+04  3.12073986E-01  0.00000000E+00
  1.46802417E+05  4.46973150E+06  2.78303563E-09  4.10202439E+04  3.13848617E-01  0.00000000E+00
  1.47149468E+05  4.47019975E+06  2.78274413E-09  4.10847923E+04  3.15631881E-01  0.00000000E+00
  1.47496519E+05  4.47066800E+06  2.78245270E-09  4.11493407E+04  3.17423779E-01  0.00000000E+00
  1.47843569E+05  4.47113625E+06  2.78216132E-09  4.12138890E+04  3.19224313E-01  0.00000000E+00
  1.48190620E+05  4.47160450E+06  2.78187001E-09  4.12784374E+04  3.21033484E-01  0.00000000E+00
  1.48537671E+05  4.47207276E+06  2.78157876E-09  4.13429858E+04  3.22851294E-01  0.00000000E+00
  1.48884721E+05  4.47254101E+06  2.78128757E-09  4.14075341E+04  3.24677746E-01  0.00000000E+00
  1.49231772E+05  4.47300926E+06  2.78099644E-09  4.14720825E+04  3.26512842E-01  0.00000000E+00
  1.49578823E+05  4.47347751E+06  2.78070537E-09  4.15366308E+04  3.28356585E-01  0.00000000E+00
  1.49925873E+05  4.47394576E+06  2.78041436E-09  4.16011792E+04  3.30208977E-01  0.00000000E+00
  1.50272924E+05  4.47441401E+06  2.78012341E-09  4.16657276E+04  3.32070022E-01  0.00000000E+00
  1.50619974E+05  4.47488226E+06  2.77983253E-09  4.17302759E+04  3.33939724E-01  0.00000000E+00
  1.50967025E+05  4.47535051E+06  2.77954170E-09  4.17948243E+04  3.35818086E-01  0.00000000E+00
  1.51314076E+05  4.47581877E+06  2.77925094E-09  4.18593727E+04  3.37705113E-01  0.00000000E+00
  1.51661126E+05  4.47628702E+06  2.77896024E-09  4.19239210E+04  3.39600808E-01  0.00000000E+00
  1.52008177E+05  4.47675527E+06  2.77866959E-09  4.19884694E+04  3.41505177E-01  0.00000000E+00
  1.52355228E+05  4.47722352E+06  2.77837901E-09  4.20530177E+04  3.43418224E-01  0.00000000E+00
  1.52702278E+05  4.47769177E+06  2.77808849E-09  4.21175661E+04  3.45339955E-01  0.00000000E+00
  1.53049329E+05  4.47816002E+06  2.77779803E-09  4.21821145E+04  3.47270375E-01  0.00000000E+00
  1.53396379E+05  4.47862827E+06  2.77750763E-09  4.22466628E+04  3.49209491E-01  0.00000000E+00
  1.53743430E+05  4.47909652E+06  2.77721729E-09  4.23112112E+04  3.51157307E-01  0.00000000E+00
  1.54090481E+05  4.47956478E+06  2.77692702E-09  4.23757596E+04  3.53113830E-01  0.00000000E+00
  1.54437531E+05  4.48003303E+06  2.77663680E-09  4.24403079E+04  3.55079068E-01  0.00000000E+00
  1.54784582E+05  4.48050128E+06  2.77634664E-09  4.25048563E+04  3.57053026E-01  0.00000000E+00
  1.55131633E+05  4.48096953E+06  2.77605655E-09  4.25694046E+04  3.59035712E-01  0.00000000E+00
  1.55478683E+05  4.48143778E+06  2.77576651E-09  4.26339530E+04  3.61027134E-01  0.00000000E+00
  1.55825734E+05  4.48190603E+06  2.77547654E-09  4.26985014E+04  3.63027298E-01  0.00000000E+00
  1.56172785E+05  4.48237428E+06  2.77518662E-09  4.27630497E+04  3.65036213E-01  0.00000000E+00
  1.56519835E+05  4.48284253E+06  2.77489677E-09  4.28275981E+04  3.67053887E-01  0.00000000E+00
  1.56866886E+05  4.48331079E+06  2.77460698E-09  4.28921464E+04  3.69080329E-01  0.00000000E+00
  1.57213936E+05  4.48377904E+06  2.77431725E-09  4.29566948E+04  3.71115546E-01  0.00000000E+00
  1.57560987E+05  4.48424729E+06  2.77402758E-09  4.30212432E+04  3.73159549E-01  0.00000000E+00
  1.57908038E+05  4.48471554E+06  2.77373797E-09  4.30857915E+04  3.75212345E-01  0.00000000E+00
  1.58255088E+05  4.48518379E+06  2.77344842E-09  4.31503399E+04  3.77273945E-01  0.00000000E+00
  1.58602139E+05  4.48565204E+06  2.77315893E-09  4.32148883E+04  3.79344358E-01  0.00000000E+00
  1.58949190E+05  4.48612029E+06  2.77286950E-09  4.32794366E+04  3.81423594E-01  0.00000000E+00
  1.59296240E+05  4.48658854E+06  2.77258013E-09  4.33439850E+04  3.83511663E-01  0.00000000E+00
  1.59643291E+05  4.48705680E+06  2.77229082E-09  4.34085333E+04  3.85608575E-01  0.00000000E+00
  1.59990341E+05  4.48752505E+06  2.77200157E-09  4.34730817E+04  3.87714341E-01  0.00000000E+00
  1.60337392E+05  4.48799330E+06  2.77171239E-09  4.35376301E+04  3.89828971E-01  0.00000000E+00
  1.60684443E+05  4.48846155E+06  2.77142326E-09  4.36021784E+04  3.91952477E-01  0.00000000E+00
  1.61031493E+05  4.48892980E+06  2.77113419E-09  4.36667268E+04  3.94084870E-01  0.00000000E+00
  1.61378544E+05  4.48939805E+06  2.77084519E-09  4.37312752E+04  3.96226160E-01  0.00000000E+00
  1.61725595E+05  4.48986630E+06  2.77055624E-09  4.37958235E+04  3.98376360E-01  0.00000000E+00
  1.62072645E+05  4.49033455E+06  2.77026735E-09  4.38603719E+04  4.00535482E-01  0.00000000E+00
  1.62419696E+05  4.49080281E+06  2.76997853E-09  4.39249202E+04  4.02703537E-01  0.00000000E+00
  1.62766747E+05  4.49127106E+06  2.76968976E-09  4.39894686E+04  4.04880537E-01  0.00000000E+00
  1.63113797E+05  4.49173931E+06  2.76940106E-09  4.40540170E+04  4.07066495E-01  0.00000000E+00
  1.63460848E+05  4.49220756E+06  2.76911242E-09  4.41185653E+04  4.09261424E-01  0.00000000E+00
  1.63807898E+05  4.49267581E+06  2.76882383E-09  4.41831137E+04  4.11465336E-01  0.00000000E+00
  1.64154949E+05  4.49314406E+06  2.76853531E-09  4.42476621E+04  4.13678244E-01  0.00000000E+00
  1.64502000E+05  4.49361231E+06  2.76824684E-09  4.43122104E+04  4.15900161E-01  0.00000000E+00
  1.64849050E+05  4.49408056E+06  2.76795844E-09  4.43767588E+04  4.18131100E-01  0.00000000E+00
  1.65196101E+05  4.49454882E+06  2.76767010E-09  4.44413071E+04  4.20371075E-01  0.00000000E+00
  1.65543152E+05  4.49501707E+06  2.76738181E-09  4.45058555E+04  4.22620100E-01  0.00000000E+00
  1.65890202E+05  4.49548532E+06  2.76709359E-09  4.45704039E+04  4.24878188E-01  0.00000000E+00
  1.66237253E+05  4.49595357E+06  2.76680543E-09  4.46349522E+04  4.27145353E-01  0.00000000E+00
  1.66584303E+05  4.49642182E+06  2.76651732E-09  4.46995006E+04  4.29421609E-01  0.00000000E+00
  1.66931354E+05  4.49689007E+06  2.76622928E-09  4.47640490E+04  4.31706970E-01  0.00000000E+00
  1.67278405E+05  4.49735832E+06  2.76594130E-09  4.48285973E+04  4.34001451E-01  0.00000000E+00
  1.67625455E+05  4.49782657E+06  2.76565338E-09  4.48931457E+04  4.36305067E-01  0.00000000E+00
  1.67972506E+05  4.49829483E+06  2.76536551E-09  4.49576940E+04  4.38617832E-01  0.00000000E+00
  1.68319557E+05  4.49876308E+06  2.76507771E-09  4.50222424E+04  4.40939760E-01  0.00000000E+00
  1.68666607E+05  4.49923133E+06  2.76478997E-09  4.50867908E+04  4.43270868E-01  0.00000000E+00
  1.69013658E+05  4.49969958E+06  2.76450228E-09  4.51513391E+04  4.45611169E-01  0.00000000E+00
  1.69360709E+05  4.50016783E+06  2.76421466E-09  4.52158875E+04  4.47960679E-01  0.00000000E+00
  1.69707759E+05  4.50063608E+06  2.76392710E-09  4.52804359E+04  4.50319414E-01  0.00000000E+00
  1.70054810E+05  4.50110433E+06  2.76363959E-09  4.53449842E+04  4.52687389E-01  0.00000000E+00
  1.70401860E+05  4.50157258E+06  2.76335215E-09  4.54095326E+04  4.55064620E-01  0.00000000E+00
  1.70748911E+05  4.50204084E+06  2.76306477E-09  4.54740809E+04  4.57451122E-01  0.00000000E+00
  1.71095962E+05  4.50250909E+06  2.76277744E-09  4.55386293E+04  4.59846911E-01  0.00000000E+00
  1.71443012E+05  4.50297734E+06  2.76249018E-09  4.56031777E+04  4.62252004E-01  0.00000000E+00
  1.71790063E+05  4.50344559E+06  2.76220298E-09  4.56677260E+04  4.64666416E-01  0.00000000E+00
  1.72137114E+05  4.50391384E+06  2.76191583E-09  4.57322744E+04  4.67090164E-01  0.00000000E+00
  1.72484164E+05  4.50438209E+06  2.76162875E-09  4.57968228E+04  4.69523263E-01  0.00000000E+00
  1.72831215E+05  4.50485034E+06  2.76134172E-09  4.58613711E+04  4.71965732E-01  0.00000000E+00
  1.73178266E+05  4.50531859E+06  2.76105476E-09  4.59259195E+04  4.74417585E-01  0.00000000E+00
  1.73525316E+05  4.50578685E+06  2.76076785E-09  4.59904678E+04  4.76878839E-01  0.00000000E+00
  1.73872367E+05  4.50625510E+06  2.76048101E-09  4.60550162E+04  4.79349513E-01  0.00000000E+00
  1.74219417E+05  4.50672335E+06  2.76019422E-09  4.61195646E+04  4.81829621E-01  0.00000000E+00
  1.74566468E+05  4.50719160E+06  2.75990749E-09  4.61841129E+04  4.84319182E-01  0.00000000E+00
  1.74913519E+05  4.50765985E+06  2.75962083E-09  4.62486613E+04  4.86818212E-01  0.00000000E+00
  1.75260569E+05  4.50812810E+06  2.75933422E-09  4.63132096E+04  4.89326729E-01  0.00000000E+00
  1.75607620E+05  4.50859635E+06  2.75904767E-09  4.63777580E+04  4.91844749E-01  0.00000000E+00
  1.75954671E+05  4.50906460E+06  2.75876118E-09  4.64423064E+04  4.94372291E-01  0.00000000E+00
  1.76301721E+05  4.50953286E+06  2.75847476E-09  4.65068547E+04  4.96909371E-01  0.00000000E+00
  1.76648772E+05  4.51000111E+06  2.75818839E-09  4.65714031E+04  4.99456007E-01  0.00000000E+00
  1.76995822E+05  4.51046936E+06  2.75790208E-09  4.66359515E+04  5.02012214E-01  0.00000000E+00
  1.77342873E+05  4.51093761E+06  2.75761583E-09  4.67004998E+04  5.04578016E-01  0.00000000E+00
  1.77689924E+05  4.51140586E+06  2.75732964E-09  4.67650482E+04  5.07153427E-01  0.00000000E+00
  1.78036974E+05  4.51187411E+06  2.75704351E-09  4.68295965E+04  5.09738464E-01  0.00000000E+00
  1.78384025E+05  4.51234236E+06  2.75675743E-09  4.68941449E+04  5.12333147E-01  0.00000000E+00
  1.78731076E+05  4.51281061E+06  2.75647142E-09  4.69586933E+04  5.14937493E-01  0.00000000E+00
  1.79078126E+05  4.51327887E+06  2.75618547E-09  4.70232416E+04  5.17551521E-01  0.00000000E+00
  1.79425177E+05  4.51374712E+06  2.75589958E-09  4.70877900E+04  5.20175247E-01  0.00000000E+00
  1.79772228E+05  4.51421537E+06  2.75561374E-09  4.71523384E+04  5.22808692E-01  0.00000000E+00
  1.80119278E+05  4.51468362E+06  2.75532797E-09  4.72168867E+04  5.25451872E-01  0.00000000E+00
  1.80466329E+05  4.51515187E+06  2.75504225E-09  4.72814351E+04  5.28104807E-01  0.00000000E+00
  1.80813379E+05  4.51562012E+06  2.75475660E-09  4.73459834E+04  5.30767514E-01  0.00000000E+00
  1.81160430E+05  4.51608837E+06  2.75447100E-09  4.74105318E+04  5.33440013E-01  0.00000000E+00
  1.81507481E+05  4.51655662E+06  2.75418546E-09  4.74750802E+04  5.36122322E-01  0.00000000E+00
  1.81854531E+05  4.51702488E+06  2.75389999E-09  4.75396285E+04  5.38814460E-01  0.00000000E+00
  1.82201582E+05  4.51749313E+06  2.75361457E-09  4.76041769E+04  5.41516445E-01  0.00000000E+00
  1.82548633E+05  4.51796138E+06  2.75332921E-09  4.76687253E+04  5.44228297E-01  0.00000000E+00
  1.82895683E+05  4.51842963E+06  2.75304391E-09  4.77332736E+04  5.46950033E-01  0.00000000E+00
  1.83242734E+05  4.51889788E+06  2.75275867E-09  4.77978220E+04  5.49681674E-01  0.00000000E+00
  1.83589784E+05  4.51936613E+06  2.75247348E-09  4.78623703E+04  5.52423238E-01  0.00000000E+00
  1.83936835E+05  4.51983438E+06  2.75218836E-09  4.79269187E+04  5.55174744E-01  0.00000000E+00
  1.84283886E+05  4.52030263E+06  2.75190330E-09  4.79914671E+04  5.57936211E-01  0.00000000E+00
  1.84630936E+05  4.52077089E+06  2.75161829E-09  4.80560154E+04  5.60707659E-01  0.00000000E+00
  1.84977987E+05  4.52123914E+06  2.75133335E-09  4.81205638E+04  5.63489106E-01  0.00000000E+00
  1.85325038E+05  4.52170739E+06  2.75104846E-09  4.81851122E+04  5.66280572E-01  0.00000000E+00
  1.85672088E+05  4.52217564E+06  2.75076363E-09  4.82496605E+04  5.69082076E-01  0.00000000E+00
  1.86019139E+05  4.52264389E+06  2.75047886E-09  4.83142089E+04  5.71893638E-01  0.00000000E+00
  1.86366190E+05  4.52311214E+06  2.75019415E-09  4.83787572E+04  5.74715278E-01  0.00000000E+00
  1.86713240E+05  4.52358039E+06  2.74990950E-09  4.84433056E+04  5.77547013E-01  0.00000000E+00
  1.87060291E+05  4.52404864E+06  2.74962491E-09  4.85078540E+04  5.80388865E-01  0.00000000E+00
  1.87407341E+05  4.52451690E+06  2.74934038E-09  4.85724023E+04  5.83240853E-01  0.00000000E+00
  1.87754392E+05  4.52498515E+06  2.74905591E-09  4.86369507E+04  5.86102996E-01  0.00000000E+00
  1.88101443E+05  4.52545340E+06  2.74877149E-09  4.87014991E+04  5.88975314E-01  0.00000000E+00
  1.88448493E+05  4.52592165E+06  2.74848714E-09  4.87660474E+04  5.91857827E-01  0.00000000E+00
  1.88795544E+05  4.52638990E+06  2.74820284E-09  4.88305958E+04  5.94750555E-01  0.00000000E+00
  1.89142595E+05  4.52685815E+06  2.74791860E-09  4.88951441E+04  5.97653517E-01  0.00000000E+00
  1.89489645E+05  4.52732640E+06  2.74763442E-09  4.89596925E+04  6.00566733E-01  0.00000000E+00
  1.89836696E+05  4.52779465E+06  2.74735030E-09  4.90242409E+04  6.03490224E-01  0.00000000E+00
  1.90183746E+05  4.52826291E+06  2.74706624E-09  4.90887892E+04  6.06424008E-01  0.00000000E+00
  1.90530797E+05  4.52873116E+06  2.74678224E-09  4.91533376E+04  6.09368107E-01  0.00000000E+00
  1.90877848E+05  4.52919941E+06  2.74649830E-09  4.92178859E+04  6.12322541E-01  0.00000000E+00
  1.91224898E+05  4.52966766E+06  2.74621441E-09  4.92824343E+04  6.15287328E-01  0.00000000E+00
  1.91571949E+05  4.53013591E+06  2.74593058E-09  4.93469827E+04  6.18262491E-01  0.00000000E+00
  1.91919000E+05  4.53060416E+06  2.74564682E-09  4.94115310E+04  6.21248047E-01  0.00000000E+00
  1.92266050E+05  4.53107241E+06  2.74536311E-09  4.94760794E+04  6.24244019E-01  0.00000000E+00
  1.92613101E+05  4.53154066E+06  2.74507946E-09  4.95406278E+04  6.27250426E-01  0.00000000E+00
  1.92960152E+05  4.53200892E+06  2.74479587E-09  4.96051761E+04  6.30267289E-01  0.00000000E+00
  1.93307202E+05  4.53247717E+06  2.74451233E-09  4.96697245E+04  6.33294627E-01  0.00000000E+00
  1.93654253E+05  4.53294542E+06  2.74422886E-09  4.97342728E+04  6.36332461E-01  0.00000000E+00
  1.94001303E+05  4.53341367E+06  2.74394544E-09  4.97988212E+04  6.39380812E-01  0.00000000E+00
  1.94348354E+05  4.53388192E+06  2.74366209E-09  4.98633696E+04  6.42439700E-01  0.00000000E+00
  1.94695405E+05  4.53435017E+06  2.74337879E-09  4.99279179E+04  6.45509145E-01  0.00000000E+00
  1.95042455E+05  4.53481842E+06  2.74309555E-09  4.99924663E+04  6.48589168E-01  0.00000000E+00
  1.95389506E+05  4.53528667E+06  2.74281237E-09  5.00570147E+04  6.51679790E-01  0.00000000E+00
  1.95736557E+05  4.53575493E+06  2.74252925E-09  5.01215630E+04  6.54781031E-01  0.00000000E+00
  1.96083607E+05  4.53622318E+06  2.74224618E-09  5.01861114E+04  6.57892912E-01  0.00000000E+00
  1.96430658E+05  4.53669143E+06  2.74196318E-09  5.02506597E+04  6.61015453E-01  0.00000000E+00
  1.96777708E+05  4.53715968E+06  2.74168023E-09  5.03152081E+04  6.64148675E-01  0.00000000E+00
  1.97124759E+05  4.53762793E+06  2.74139734E-09  5.03797565E+04  6.67292599E-01  0.00000000E+00
  1.97471810E+05  4.53809618E+06  2.74111451E-09  5.04443048E+04  6.70447246E-01  0.00000000E+00
  1.97818860E+05  4.53856443E+06  2.74083174E-09  5.05088532E+04  6.73612635E-01  0.00000000E+00
  1.98165911E+05  4.53903268E+06  2.74054902E-09  5.05734016E+04  6.76788789E-01  0.00000000E+00
  1.98512962E+05  4.53950094E+06  2.74026637E-09  5.06379499E+04  6.79975728E-01  0.00000000E+00
  1.98860012E+05  4.53996919E+06  2.73998377E-09  5.07024983E+04  6.83173473E-01  0.00000000E+00
  1.99207063E+05  4.54043744E+06  2.73970123E-09  5.07670466E+04  6.86382044E-01  0.00000000E+00
  1.99554114E+05  4.54090569E+06  2.73941875E-09  5.08315950E+04  6.89601463E-01  0.00000000E+00
  1.99901164E+05  4.54137394E+06  2.73913633E-09  5.08961434E+04  6.92831751E-01  0.00000000E+00
  2.00248215E+05  4.54184219E+06  2.73885397E-09  5.09606917E+04  6.96072928E-01  0.00000000E+00
  2.00595265E+05  4.54231044E+06  2.73857166E-09  5.10252401E+04  6.99325016E-01  0.00000000E+00
  2.00942316E+05  4.54277869E+06  2.73828942E-09  5.10897885E+04  7.02588036E-01  0.00000000E+00
  2.01289367E+05  4.54324695E+06  2.73800723E-09  5.11543368E+04  7.05862008E-01  0.00000000E+00
  2.01636417E+05  4.54371520E+06  2.73772510E-09  5.12188852E+04  7.09146955E-01  0.00000000E+00
  2.01983468E+05  4.54418345E+06  2.73744302E-09  5.12834335E+04  7.12442896E-01  0.00000000E+00
  2.02330519E+05  4.54465170E+06  2.73716101E-09  5.13479819E+04  7.15749853E-01  0.00000000E+00
  2.02677569E+05  4.54511995E+06  2.73687905E-09  5.14125303E+04  7.19067848E-01  0.00000000E+00
  2.03024620E+05  4.54558820E+06  2.73659716E-09  5.14770786E+04  7.22396901E-01  0.00000000E+00
  2.03371671E+05  4.54605645E+06  2.73631532E-09  5.15416270E+04  7.25737034E-01  0.00000000E+00
  2.03718721E+05  4.54652470E+06  2.73603354E-09  5.16061754E+04  7.29088268E-01  0.00000000E+00
  2.04065772E+05  4.54699296E+06  2.73575181E-09  5.16707237E+04  7.32450624E-01  0.00000000E+00
  2.04412822E+05  4.54746121E+06  2.73547015E-09  5.17352721E+04  7.35824124E-01  0.00000000E+00
  2.04759873E+05  4.54792946E+06  2.73518854E-09  5.17998204E+04  7.39208789E-01  0.00000000E+00
  2.05106924E+05  4.54839771E+06  2.73490699E-09  5.18643688E+04  7.42604640E-01  0.00000000E+00
  2.05453974E+05  4.54886596E+06  2.73462550E-09  5.19289172E+04  7.46011699E-01  0.00000000E+00
  2.05801025E+05  4.54933421E+06  2.73434407E-09  5.19934655E+04  7.49429987E-01  0.00000000E+00
  2.06148076E+05  4.54980246E+06  2.73406269E-09  5.20580139E+04  7.52859525E-01  0.00000000E+00
  2.06495126E+05  4.55027071E+06  2.73378137E-09  5.21225623E+04  7.56300336E-01  0.00000000E+00
  2.06842177E+05  4.55073897E+06  2.73350011E-09  5.21871106E+04  7.59752440E-01  0.00000000E+00
  2.07189227E+05  4.55120722E+06  2.73321891E-09  5.22516590E+04  7.63215859E-01  0.00000000E+00
  2.07536278E+05  4.55167547E+06  2.73293777E-09  5.23162073E+04  7.66690614E-01  0.00000000E+00
  2.07883329E+05  4.55214372E+06  2.73265668E-09  5.23807557E+04  7.70176728E-01  0.00000000E+00
  2.08230379E+05  4.55261197E+06  2.73237566E-09  5.24453041E+04  7.73674221E-01  0.00000000E+00
  2.08577430E+05  4.55308022E+06  2.73209469E-09  5.25098524E+04  7.77183115E-01  0.00000000E+00
  2.08924481E+05  4.55354847E+06  2.73181377E-09  5.25744008E+04  7.80703432E-01  0.00000000E+00
  2.09271531E+05  4.55401672E+06  2.73153292E-09  5.26389491E+04  7.84235194E-01  0.00000000E+00
  2.09618582E+05  4.55448498E+06  2.73125212E-09  5.27034975E+04  7.87778422E-01  0.00000000E+00
  2.09965633E+05  4.55495323E+06  2.73097139E-09  5.27680459E+04  7.91333137E-01  0.00000000E+00
  2.10312683E+05  4.55542148E+06  2.73069071E-09  5.28325942E+04  7.94899362E-01  0.00000000E+00
  2.10659734E+05  4.55588973E+06  2.73041008E-09  5.28971426E+04  7.98477118E-01  0.00000000E+00
  2.11006784E+05  4.55635798E+06  2.73012952E-09  5.29616910E+04  8.02066428E-01  0.00000000E+00
  2.11353835E+05  4.55682623E+06  2.72984901E-09  5.30262393E+04  8.05667312E-01  0.00000000E+00
  2.11700886E+05  4.55729448E+06  2.72956856E-09  5.30907877E+04  8.09279792E-01  0.00000000E+00
  2.12047936E+05  4.55776273E+06  2.72928817E-09  5.31553360E+04  8.12903891E-01  0.00000000E+00
  2.12394987E+05  4.55823099E+06  2.72900783E-09  5.32198844E+04  8.16539630E-01  0.00000000E+00
  2.12742038E+05  4.55869924E+06  2.72872756E-09  5.32844328E+04  8.20187031E-01  0.00000000E+00
  2.13089088E+05  4.55916749E+06  2.72844734E-09  5.33489811E+04  8.23846116E-01  0.00000000E+00
  2.13436139E+05  4.55963574E+06  2.72816718E-09  5.34135295E+04  8.27516906E-01  0.00000000E+00
  2.13783189E+05  4.56010399E+06  2.72788707E-09  5.34780779E+04  8.31199425E-01  0.00000000E+00
  2.14130240E+05  4.56057224E+06  2.72760703E-09  5.35426262E+04  8.34893693E-01  0.00000000E+00
  2.14477291E+05  4.56104049E+06  2.72732704E-09  5.36071746E+04  8.38599732E-01  0.00000000E+00
  2.14824341E+05  4.56150874E+06  2.72704711E-09  5.36717229E+04  8.42317565E-01  0.00000000E+00
  2.15171392E+05  4.56197700E+06  2.72676723E-09  5.37362713E+04  8.46047213E-01  0.00000000E+00
  2.15518443E+05  4.56244525E+06  2.72648742E-09  5.38008197E+04  8.49788699E-01  0.00000000E+00
  2.15865493E+05  4.56291350E+06  2.72620766E-09  5.38653680E+04  8.53542044E-01  0.00000000E+00
  2.16212544E+05  4.56338175E+06  2.72592796E-09  5.39299164E+04  8.57307271E-01  0.00000000E+00
  2.16559595E+05  4.56385000E+06  2.72564831E-09  5.39944648E+04  8.61084401E-01  0.00000000E+00
  2.16906645E+05  4.56431825E+06  2.72536873E-09  5.40590131E+04  8.64873458E-01  0.00000000E+00
  2.17253696E+05  4.56478650E+06  2.72508920E-09  5.41235615E+04  8.68674461E-01  0.00000000E+00
  2.17600746E+05  4.56525475E+06  2.72480973E-09  5.41881098E+04  8.72487435E-01  0.00000000E+00
  2.17947797E+05  4.56572301E+06  2.72453031E-09  5.42526582E+04  8.76312401E-01  0.00000000E+00
  2.18294848E+05  4.56619126E+06  2.72425095E-09  5.43172066E+04  8.80149381E-01  0.00000000E+00
  2.18641898E+05  4.56665951E+06  2.72397165E-09  5.43817549E+04  8.83998397E-01  0.00000000E+00
  2.18988949E+05  4.56712776E+06  2.72369241E-09  5.44463033E+04  8.87859472E-01  0.00000000E+00
  2.19336000E+05  4.56759601E+06  2.72341323E-09  5.45108517E+04  8.91732627E-01  0.00000000E+00
  2.19683050E+05  4.56806426E+06  2.72313410E-09  5.45754000E+04  8.95617885E-01  0.00000000E+00
  2.20030101E+05  4.56853251E+06  2.72285503E-09  5.46399484E+04  8.99515269E-01  0.00000000E+00
  2.20377151E+05  4.56900076E+06  2.72257602E-09  5.47044967E+04  9.03424800E-01  0.00000000E+00
  2.20724202E+05  4.56946902E+06  2.72229706E-09  5.47690451E+04  9.07346500E-01  0.00000000E+00
  2.21071253E+05  4.56993727E+06  2.72201816E-09  5.48335935E+04  9.11280393E-01  0.00000000E+00
  2.21418303E+05  4.57040552E+06  2.72173932E-09  5.48981418E+04  9.15226500E-01  0.00000000E+00
  2.21765354E+05  4.57087377E+06  2.72146054E-09  5.49626902E+04  9.19184843E-01  0.00000000E+00
  2.22112405E+05  4.57134202E+06  2.72118181E-09  5.50272386E+04  9.23155446E-01  0.00000000E+00
  2.22459455E+05  4.57181027E+06  2.72090314E-09  5.50917869E+04  9.27138329E-01  0.00000000E+00
  2.22806506E+05  4.57227852E+06  2.72062453E-09  5.51563353E+04  9.31133517E-01  0.00000000E+00
  2.23153557E+05  4.57274677E+06  2.72034597E-09  5.52208836E+04  9.35141030E-01  0.00000000E+00
  2.23500607E+05  4.57321503E+06  2.72006748E-09  5.52854320E+04  9.39160892E-01  0.00000000E+00
  2.23847658E+05  4.57368328E+06  2.71978903E-09  5.53499804E+04  9.43193125E-01  0.00000000E+00
  2.24194708E+05  4.57415153E+06  2.71951065E-09  5.54145287E+04  9.47237751E-01  0.00000000E+00
  2.24541759E+05  4.57461978E+06  2.71923232E-09  5.54790771E+04  9.51294793E-01  0.00000000E+00
  2.24888810E+05  4.57508803E+06  2.71895405E-09  5.55436031E+04  9.55362897E-01  0.00000000E+00
  2.25235860E+05  4.57555628E+06  2.71867584E-09  5.56080457E+04  9.59438296E-01  0.00000000E+00
  2.25582911E+05  4.57602453E+06  2.71839768E-09  5.56724014E+04  9.63520750E-01  0.00000000E+00
  2.25929962E+05  4.57649278E+06  2.71811958E-09  5.57366702E+04  9.67610234E-01  0.00000000E+00
  2.26277012E+05  4.57696104E+06  2.71784154E-09  5.58008521E+04  9.71706719E-01  0.00000000E+00
  2.26624063E+05  4.57742929E+06  2.71756356E-09  5.58649470E+04  9.75810181E-01  0.00000000E+00
  2.26971114E+05  4.57789754E+06  2.71728563E-09  5.59289551E+04  9.79920592E-01  0.00000000E+00
  2.27318164E+05  4.57836579E+06  2.71700776E-09  5.59928762E+04  9.84037926E-01  0.00000000E+00
  2.27665215E+05  4.57883404E+06  2.71672994E-09  5.60567105E+04  9.88162156E-01  0.00000000E+00
  2.28012265E+05  4.57930229E+06  2.71645219E-09  5.61204578E+04  9.92293254E-01  0.00000000E+00
  2.28359316E+05  4.57977054E+06  2.71617449E-09  5.61841182E+04  9.96431194E-01  0.00000000E+00
  2.28706367E+05  4.58023879E+06  2.71589684E-09  5.62476918E+04  1.00057595E+00  0.00000000E+00
  2.29053417E+05  4.58070705E+06  2.71561926E-09  5.63111784E+04  1.00472749E+00  0.00000000E+00
  2.29400468E+05  4.58117530E+06  2.71534172E-09  5.63745781E+04  1.00888580E+00  0.00000000E+00
  2.29747519E+05  4.58164355E+06  2.71506425E-09  5.64378909E+04  1.01305083E+00  0.00000000E+00
  2.30094569E+05  4.58211180E+06  2.71478684E-09  5.65011167E+04  1.01722257E+00  0.00000000E+00
  2.30441620E+05  4.58258005E+06  2.71450948E-09  5.65642557E+04  1.02140099E+00  0.00000000E+00
  2.30788670E+05  4.58304830E+06  2.71423217E-09  5.66273078E+04  1.02558607E+00  0.00000000E+00
  2.31135721E+05  4.58351655E+06  2.71395493E-09  5.66902729E+04  1.02977776E+00  0.00000000E+00
  2.31482772E+05  4.58398480E+06  2.71367774E-09  5.67531512E+04  1.03397605E+00  0.00000000E+00
  2.31829822E+05  4.58445306E+06  2.71340060E-09  5.68159425E+04  1.03818090E+00  0.00000000E+00
  2.32176873E+05  4.58492131E+06  2.71312353E-09  5.68786469E+04  1.04239230E+00  0.00000000E+00
  2.32523924E+05  4.58538956E+06  2.71284651E-09  5.69412645E+04  1.04661021E+00  0.00000000E+00
  2.32870974E+05  4.58585781E+06  2.71256954E-09  5.70037951E+04  1.05083459E+00  0.00000000E+00
  2.33218025E+05  4.58632606E+06  2.71229264E-09  5.70662388E+04  1.05506544E+00  0.00000000E+00
  2.33565076E+05  4.58679431E+06  2.71201579E-09  5.71285956E+04  1.05930271E+00  0.00000000E+00
  2.33912126E+05  4.58726256E+06  2.71173900E-09  5.71908655E+04  1.06354638E+00  0.00000000E+00
  2.34259177E+05  4.58773081E+06  2.71146226E-09  5.72530484E+04  1.06779642E+00  0.00000000E+00
  2.34606227E+05  4.58819907E+06  2.71118558E-09  5.73151445E+04  1.07205280E+00  0.00000000E+00
  2.34953278E+05  4.58866732E+06  2.71090896E-09  5.73771537E+04  1.07631549E+00  0.00000000E+00
  2.35300329E+05  4.58913557E+06  2.71063239E-09  5.74390759E+04  1.08058447E+00  0.00000000E+00
  2.35647379E+05  4.58960382E+06  2.71035588E-09  5.75009113E+04  1.08485970E+00  0.00000000E+00
  2.35994430E+05  4.59007207E+06  2.71007942E-09  5.75626597E+04  1.08914116E+00  0.00000000E+00
  2.36341481E+05  4.59054032E+06  2.70980303E-09  5.76243212E+04  1.09342881E+00  0.00000000E+00
  2.36688531E+05  4.59100857E+06  2.70952669E-09  5.76858959E+04  1.09772263E+00  0.00000000E+00
  2.37035582E+05  4.59147682E+06  2.70925040E-09  5.77473836E+04  1.10202259E+00  0.00000000E+00
  2.37382632E+05  4.59194508E+06  2.70897417E-09  5.78087844E+04  1.10632867E+00  0.00000000E+00
  2.37729683E+05  4.59241333E+06  2.70869800E-09  5.78700983E+04  1.11064082E+00  0.00000000E+00
  2.38076734E+05  4.59288158E+06  2.70842189E-09  5.79313253E+04  1.11495902E+00  0.00000000E+00
  2.38423784E+05  4.59334983E+06  2.70814583E-09  5.79924653E+04  1.11928324E+00  0.00000000E+00
  2.38770835E+05  4.59381808E+06  2.70786982E-09  5.80535185E+04  1.12361346E+00  0.00000000E+00
  2.39117886E+05  4.59428633E+06  2.70759388E-09  5.81144848E+04  1.12794964E+00  0.00000000E+00
  2.39464936E+05  4.59475458E+06  2.70731799E-09  5.81753641E+04  1.13229175E+00  0.00000000E+00
  2.39811987E+05  4.59522283E+06  2.70704215E-09  5.82361566E+04  1.13663977E+00  0.00000000E+00
  2.40159038E+05  4.59569109E+06  2.70676638E-09  5.82968621E+04  1.14099365E+00  0.00000000E+00
  2.40506088E+05  4.59615934E+06  2.70649065E-09  5.83574807E+04  1.14535339E+00  0.00000000E+00
  2.40853139E+05  4.59662759E+06  2.70621499E-09  5.84180124E+04  1.14971893E+00  0.00000000E+00
  2.41200189E+05  4.59709584E+06  2.70593938E-09  5.84784572E+04  1.15409026E+00  0.00000000E+00
  2.41547240E+05  4.59756409E+06  2.70566383E-09  5.85388151E+04  1.15846734E+00  0.00000000E+00
  2.41894291E+05  4.59803234E+06  2.70538833E-09  5.85990861E+04  1.16285014E+00  0.00000000E+00
  2.42241341E+05  4.59850059E+06  2.70511289E-09  5.86592702E+04  1.16723864E+00  0.00000000E+00
  2.42588392E+05  4.59896884E+06  2.70483751E-09  5.87193674E+04  1.17163279E+00  0.00000000E+00
  2.42935443E+05  4.59943710E+06  2.70456218E-09  5.87793777E+04  1.17603258E+00  0.00000000E+00
  2.43282493E+05  4.59990535E+06  2.70428691E-09  5.88393010E+04  1.18043797E+00  0.00000000E+00
  2.43629544E+05  4.60037360E+06  2.70401169E-09  5.88991375E+04  1.18484893E+00  0.00000000E+00
  2.43976594E+05  4.60084185E+06  2.70373653E-09  5.89588870E+04  1.18926543E+00  0.00000000E+00
  2.44323645E+05  4.60131010E+06  2.70346143E-09  5.90185496E+04  1.19368744E+00  0.00000000E+00
  2.44670696E+05  4.60177835E+06  2.70318638E-09  5.90781254E+04  1.19811493E+00  0.00000000E+00
  2.45017746E+05  4.60224660E+06  2.70291139E-09  5.91376142E+04  1.20254787E+00  0.00000000E+00
  2.45364797E+05  4.60271485E+06  2.70263646E-09  5.91970161E+04  1.20698622E+00  0.00000000E+00
  2.45711848E+05  4.60318311E+06  2.70236158E-09  5.92563311E+04  1.21142995E+00  0.00000000E+00
  2.46058898E+05  4.60365136E+06  2.70208675E-09  5.93155592E+04  1.21587904E+00  0.00000000E+00
  2.46405949E+05  4.60411961E+06  2.70181199E-09  5.93747003E+04  1.22033345E+00  0.00000000E+00
  2.46753000E+05  4.60458786E+06  2.70153727E-09  5.94337546E+04  1.22479316E+00  0.00000000E+00
  2.47100050E+05  4.60505611E+06  2.70126262E-09  5.94927220E+04  1.22925812E+00  0.00000000E+00
  2.47447101E+05  4.60552436E+06  2.70098802E-09  5.95516024E+04  1.23372832E+00  0.00000000E+00
  2.47794151E+05  4.60599261E+06  2.70071348E-09  5.96103960E+04  1.23820371E+00  0.00000000E+00
  2.48141202E+05  4.60646086E+06  2.70043899E-09  5.96691026E+04  1.24268426E+00  0.00000000E+00
  2.48488253E+05  4.60692912E+06  2.70016456E-09  5.97277223E+04  1.24716995E+00  0.00000000E+00
  2.48835303E+05  4.60739737E+06  2.69989018E-09  5.97862552E+04  1.25166074E+00  0.00000000E+00
  2.49182354E+05  4.60786562E+06  2.69961586E-09  5.98447011E+04  1.25615661E+00  0.00000000E+00
  2.49529405E+05  4.60833387E+06  2.69934160E-09  5.99030601E+04  1.26065751E+00  0.00000000E+00
  2.49876455E+05  4.60880212E+06  2.69906739E-09  5.99613322E+04  1.26516342E+00  0.00000000E+00
  2.50223506E+05  4.60927037E+06  2.69879324E-09  6.00195174E+04  1.26967430E+00  0.00000000E+00
  2.50570557E+05  4.60973862E+06  2.69851914E-09  6.00776156E+04  1.27419013E+00  0.00000000E+00
  2.50917607E+05  4.61020687E+06  2.69824510E-09  6.01356270E+04  1.27871086E+00  0.00000000E+00
  2.51264658E+05  4.61067513E+06  2.69797111E-09  6.01935515E+04  1.28323648E+00  0.00000000E+00
  2.51611708E+05  4.61114338E+06  2.69769718E-09  6.02513890E+04  1.28776694E+00  0.00000000E+00
  2.51958759E+05  4.61161163E+06  2.69742331E-09  6.03091397E+04  1.29230222E+00  0.00000000E+00
  2.52305810E+05  4.61207988E+06  2.69714949E-09  6.03668034E+04  1.29684228E+00  0.00000000E+00
  2.52652860E+05  4.61254813E+06  2.69687573E-09  6.04243802E+04  1.30138708E+00  0.00000000E+00
  2.52999911E+05  4.61301638E+06  2.69660202E-09  6.04818702E+04  1.30593661E+00  0.00000000E+00
  2.53346962E+05  4.61348463E+06  2.69632837E-09  6.05392732E+04  1.31049081E+00  0.00000000E+00
  2.53694012E+05  4.61395288E+06  2.69605477E-09  6.05965893E+04  1.31504967E+00  0.00000000E+00
  2.54041063E+05  4.61442114E+06  2.69578123E-09  6.06538185E+04  1.31961315E+00  0.00000000E+00
  2.54388113E+05  4.61488939E+06  2.69550775E-09  6.07109607E+04  1.32418122E+00  0.00000000E+00
  2.54735164E+05  4.61535764E+06  2.69523432E-09  6.07680161E+04  1.32875383E+00  0.00000000E+00
  2.55082215E+05  4.61582589E+06  2.69496095E-09  6.08249846E+04  1.33333097E+00  0.00000000E+00
  2.55429265E+05  4.61629414E+06  2.69468763E-09  6.08818661E+04  1.33791260E+00  0.00000000E+00
  2.55776316E+05  4.61676239E+06  2.69441437E-09  6.09386608E+04  1.34249868E+00  0.00000000E+00
  2.56123367E+05  4.61723064E+06  2.69414116E-09  6.09953685E+04  1.34708918E+00  0.00000000E+00
  2.56470417E+05  4.61769889E+06  2.69386801E-09  6.10519894E+04  1.35168407E+00  0.00000000E+00
  2.56817468E+05  4.61816715E+06  2.69359492E-09  6.11085233E+04  1.35628331E+00  0.00000000E+00
  2.57164519E+05  4.61863540E+06  2.69332188E-09  6.11649703E+04  1.36088688E+00  0.00000000E+00
  2.57511569E+05  4.61910365E+06  2.69304889E-09  6.12213304E+04  1.36549474E+00  0.00000000E+00
  2.57858620E+05  4.61957190E+06  2.69277596E-09  6.12776036E+04  1.37010685E+00  0.00000000E+00
  2.58205670E+05  4.62004015E+06  2.69250309E-09  6.13337899E+04  1.37472318E+00  0.00000000E+00
  2.58552721E+05  4.62050840E+06  2.69223027E-09  6.13898893E+04  1.37934370E+00  0.00000000E+00
  2.58899772E+05  4.62097665E+06  2.69195751E-09  6.14459018E+04  1.38396838E+00  0.00000000E+00
  2.59246822E+05  4.62144490E+06  2.69168480E-09  6.15018273E+04  1.38859717E+00  0.00000000E+00
  2.59593873E+05  4.62191316E+06  2.69141215E-09  6.15576660E+04  1.39323006E+00  0.00000000E+00
  2.59940924E+05  4.62238141E+06  2.69113955E-09  6.16134177E+04  1.39786700E+00  0.00000000E+00
  2.60287974E+05  4.62284966E+06  2.69086701E-09  6.16690826E+04  1.40250795E+00  0.00000000E+00
  2.60635025E+05  4.62331791E+06  2.69059452E-09  6.17246605E+04  1.40715290E+00  0.00000000E+00
  2.60982075E+05  4.62378616E+06  2.69032209E-09  6.17801515E+04  1.41180179E+00  0.00000000E+00
  2.61329126E+05  4.62425441E+06  2.69004971E-09  6.18355556E+04  1.41645461E+00  0.00000000E+00
  2.61676177E+05  4.62472266E+06  2.68977739E-09  6.18908728E+04  1.42111131E+00  0.00000000E+00
  2.62023227E+05  4.62519091E+06  2.68950513E-09  6.19461031E+04  1.42577186E+00  0.00000000E+00
  2.62370278E+05  4.62565917E+06  2.68923292E-09  6.20012465E+04  1.43043623E+00  0.00000000E+00
  2.62717329E+05  4.62612742E+06  2.68896076E-09  6.20563030E+04  1.43510437E+00  0.00000000E+00
  2.63064379E+05  4.62659567E+06  2.68868866E-09  6.21112726E+04  1.43977627E+00  0.00000000E+00
  2.63411430E+05  4.62706392E+06  2.68841662E-09  6.21661552E+04  1.44445188E+00  0.00000000E+00
  2.63758481E+05  4.62753217E+06  2.68814463E-09  6.22209510E+04  1.44913117E+00  0.00000000E+00
  2.64105531E+05  4.62800042E+06  2.68787269E-09  6.22756598E+04  1.45381410E+00  0.00000000E+00
  2.64452582E+05  4.62846867E+06  2.68760082E-09  6.23302818E+04  1.45850065E+00  0.00000000E+00
  2.64799632E+05  4.62893692E+06  2.68732899E-09  6.23848168E+04  1.46319077E+00  0.00000000E+00
  2.65146683E+05  4.62940518E+06  2.68705722E-09  6.24392649E+04  1.46788443E+00  0.00000000E+00
  2.65493734E+05  4.62987343E+06  2.68678551E-09  6.24936261E+04  1.47258160E+00  0.00000000E+00
  2.65840784E+05  4.63034168E+06  2.68651385E-09  6.25479004E+04  1.47728225E+00  0.00000000E+00
  2.66187835E+05  4.63080993E+06  2.68624225E-09  6.26020878E+04  1.48198633E+00  0.00000000E+00
  2.66534886E+05  4.63127818E+06  2.68597070E-09  6.26561883E+04  1.48669381E+00  0.00000000E+00
  2.66881936E+05  4.63174643E+06  2.68569920E-09  6.27102019E+04  1.49140466E+00  0.00000000E+00
  2.67228987E+05  4.63221468E+06  2.68542777E-09  6.27641286E+04  1.49611885E+00  0.00000000E+00
  2.67576037E+05  4.63268293E+06  2.68515638E-09  6.28179683E+04  1.50083633E+00  0.00000000E+00
  2.67923088E+05  4.63315119E+06  2.68488505E-09  6.28717212E+04  1.50555708E+00  0.00000000E+00
  2.68270139E+05  4.63361944E+06  2.68461378E-09  6.29253871E+04  1.51028105E+00  0.00000000E+00
  2.68617189E+05  4.63408769E+06  2.68434256E-09  6.29789662E+04  1.51500822E+00  0.00000000E+00
  2.68964240E+05  4.63455594E+06  2.68407140E-09  6.30324583E+04  1.51973855E+00  0.00000000E+00
  2.69311291E+05  4.63502419E+06  2.68380029E-09  6.30858635E+04  1.52447200E+00  0.00000000E+00
  2.69658341E+05  4.63549244E+06  2.68352923E-09  6.31391818E+04  1.52920854E+00  0.00000000E+00
  2.70005392E+05  4.63596069E+06  2.68325823E-09  6.31924132E+04  1.53394814E+00  0.00000000E+00
  2.70352443E+05  4.63642894E+06  2.68298729E-09  6.32455577E+04  1.53869075E+00  0.00000000E+00
  2.70699493E+05  4.63689720E+06  2.68271640E-09  6.32986153E+04  1.54343635E+00  0.00000000E+00
  2.71046544E+05  4.63736545E+06  2.68244557E-09  6.33515860E+04  1.54818489E+00  0.00000000E+00
  2.71393594E+05  4.63783370E+06  2.68217479E-09  6.34044697E+04  1.55293634E+00  0.00000000E+00
  2.71740645E+05  4.63830195E+06  2.68190406E-09  6.34572666E+04  1.55769067E+00  0.00000000E+00
  2.72087696E+05  4.63877020E+06  2.68163339E-09  6.35099765E+04  1.56244785E+00  0.00000000E+00
  2.72434746E+05  4.63923845E+06  2.68136278E-09  6.35625996E+04  1.56720782E+00  0.00000000E+00
  2.72781797E+05  4.63970670E+06  2.68109221E-09  6.36151357E+04  1.57197057E+00  0.00000000E+00
  2.73128848E+05  4.64017495E+06  2.68082171E-09  6.36675849E+04  1.57673606E+00  0.00000000E+00
  2.73475898E+05  4.64064321E+06  2.68055126E-09  6.37199472E+04  1.58150424E+00  0.00000000E+00
  2.73822949E+05  4.64111146E+06  2.68028086E-09  6.37722226E+04  1.58627508E+00  0.00000000E+00
  2.74169999E+05  4.64157971E+06  2.68001052E-09  6.38244111E+04  1.59104856E+00  0.00000000E+00
  2.74517050E+05  4.64204796E+06  2.67974023E-09  6.38765127E+04  1.59582462E+00  0.00000000E+00
  2.74864101E+05  4.64251621E+06  2.67947000E-09  6.39285274E+04  1.60060324E+00  0.00000000E+00
  2.75211151E+05  4.64298446E+06  2.67919982E-09  6.39804552E+04  1.60538439E+00  0.00000000E+00
  2.75558202E+05  4.64345271E+06  2.67892970E-09  6.40322961E+04  1.61016801E+00  0.00000000E+00
  2.75905253E+05  4.64392096E+06  2.67865963E-09  6.40840500E+04  1.61495409E+00  0.00000000E+00
  2.76252303E+05  4.64438922E+06  2.67838962E-09  6.41357171E+04  1.61974257E+00  0.00000000E+00
  2.76599354E+05  4.64485747E+06  2.67811966E-09  6.41872972E+04  1.62453344E+00  0.00000000E+00
  2.76946405E+05  4.64532572E+06  2.67784975E-09  6.42387904E+04  1.62932664E+00  0.00000000E+00
  2.77293455E+05  4.64579397E+06  2.67757990E-09  6.42901967E+04  1.63412215E+00  0.00000000E+00
  2.77640506E+05  4.64626222E+06  2.67731010E-09  6.43415162E+04  1.63891993E+00  0.00000000E+00
  2.77987556E+05  4.64673047E+06  2.67704036E-09  6.43927487E+04  1.64371994E+00  0.00000000E+00
  2.78334607E+05  4.64719872E+06  2.67677068E-09  6.44438943E+04  1.64852214E+00  0.00000000E+00
  2.78681658E+05  4.64766697E+06  2.67650104E-09  6.44949529E+04  1.65332651E+00  0.00000000E+00
  2.79028708E+05  4.64813523E+06  2.67623147E-09  6.45459247E+04  1.65813300E+00  0.00000000E+00
  2.79375759E+05  4.64860348E+06  2.67596194E-09  6.45968096E+04  1.66294158E+00  0.00000000E+00
  2.79722810E+05  4.64907173E+06  2.67569247E-09  6.46476076E+04  1.66775221E+00  0.00000000E+00
  2.80069860E+05  4.64953998E+06  2.67542306E-09  6.46983186E+04  1.67256485E+00  0.00000000E+00
  2.80416911E+05  4.65000823E+06  2.67515370E-09  6.47489428E+04  1.67737947E+00  0.00000000E+00
  2.80763962E+05  4.65047648E+06  2.67488439E-09  6.47994800E+04  1.68219604E+00  0.00000000E+00
  2.81111012E+05  4.65094473E+06  2.67461514E-09  6.48499303E+04  1.68701451E+00  0.00000000E+00
  2.81458063E+05  4.65141298E+06  2.67434595E-09  6.49002937E+04  1.69183484E+00  0.00000000E+00
  2.81805113E+05  4.65188124E+06  2.67407680E-09  6.49505702E+04  1.69665702E+00  0.00000000E+00
  2.82152164E+05  4.65234949E+06  2.67380772E-09  6.50007598E+04  1.70148098E+00  0.00000000E+00
  2.82499215E+05  4.65281774E+06  2.67353868E-09  6.50508625E+04  1.70630671E+00  0.00000000E+00
  2.82846265E+05  4.65328599E+06  2.67326970E-09  6.51008783E+04  1.71113416E+00  0.00000000E+00
  2.83193316E+05  4.65375424E+06  2.67300078E-09  6.51508072E+04  1.71596330E+00  0.00000000E+00
  2.83540367E+05  4.65422249E+06  2.67273191E-09  6.52006492E+04  1.72079409E+00  0.00000000E+00
  2.83887417E+05  4.65469074E+06  2.67246309E-09  6.52504042E+04  1.72562649E+00  0.00000000E+00
  2.84234468E+05  4.65515899E+06  2.67219433E-09  6.53000724E+04  1.73046046E+00  0.00000000E+00
  2.84581518E+05  4.65562725E+06  2.67192562E-09  6.53496536E+04  1.73529598E+00  0.00000000E+00
  2.84928569E+05  4.65609550E+06  2.67165697E-09  6.53991480E+04  1.74013300E+00  0.00000000E+00
  2.85275620E+05  4.65656375E+06  2.67138837E-09  6.54485554E+04  1.74497148E+00  0.00000000E+00
  2.85622670E+05  4.65703200E+06  2.67111982E-09  6.54978759E+04  1.74981140E+00  0.00000000E+00
  2.85969721E+05  4.65750025E+06  2.67085133E-09  6.55471095E+04  1.75465270E+00  0.00000000E+00
  2.86316772E+05  4.65796850E+06  2.67058289E-09  6.55962562E+04  1.75949536E+00  0.00000000E+00
  2.86663822E+05  4.65843675E+06  2.67031451E-09  6.56453160E+04  1.76433934E+00  0.00000000E+00
  2.87010873E+05  4.65890500E+06  2.67004618E-09  6.56942889E+04  1.76918461E+00  0.00000000E+00
  2.87357924E+05  4.65937326E+06  2.66977791E-09  6.57431749E+04  1.77403111E+00  0.00000000E+00
  2.87704974E+05  4.65984151E+06  2.66950969E-09  6.57919739E+04  1.77887883E+00  0.00000000E+00
  2.88052025E+05  4.66030976E+06  2.66924152E-09  6.58406861E+04  1.78372771E+00  0.00000000E+00
  2.88399075E+05  4.66077801E+06  2.66897341E-09  6.58893113E+04  1.78857773E+00  0.00000000E+00
  2.88746126E+05  4.66124626E+06  2.66870535E-09  6.59378497E+04  1.79342885E+00  0.00000000E+00
  2.89093177E+05  4.66171451E+06  2.66843735E-09  6.59863011E+04  1.79828102E+00  0.00000000E+00
  2.89440227E+05  4.66218276E+06  2.66816940E-09  6.60346656E+04  1.80313422E+00  0.00000000E+00
  2.89787278E+05  4.66265101E+06  2.66790150E-09  6.60829432E+04  1.80798840E+00  0.00000000E+00
  2.90134329E+05  4.66311927E+06  2.66763366E-09  6.61311339E+04  1.81284353E+00  0.00000000E+00
  2.90481379E+05  4.66358752E+06  2.66736587E-09  6.61792377E+04  1.81769957E+00  0.00000000E+00
  2.90828430E+05  4.66405577E+06  2.66709814E-09  6.62272546E+04  1.82255649E+00  0.00000000E+00
  2.91175480E+05  4.66452402E+06  2.66683046E-09  6.62751846E+04  1.82741424E+00  0.00000000E+00
  2.91522531E+05  4.66499227E+06  2.66656283E-09  6.63230277E+04  1.83227279E+00  0.00000000E+00
  2.91869582E+05  4.66546052E+06  2.66629526E-09  6.63707838E+04  1.83713210E+00  0.00000000E+00
  2.92216632E+05  4.66592877E+06  2.66602774E-09  6.64184531E+04  1.84199214E+00  0.00000000E+00
  2.92563683E+05  4.66639702E+06  2.66576028E-09  6.64660354E+04  1.84685286E+00  0.00000000E+00
  2.92910734E+05  4.66686528E+06  2.66549287E-09  6.65135309E+04  1.85171424E+00  0.00000000E+00
  2.93257784E+05  4.66733353E+06  2.66522551E-09  6.65609394E+04  1.85657622E+00  0.00000000E+00
  2.93604835E+05  4.66780178E+06  2.66495821E-09  6.66082610E+04  1.86143879E+00  0.00000000E+00
  2.93951886E+05  4.66827003E+06  2.66469096E-09  6.66554957E+04  1.86630189E+00  0.00000000E+00
  2.94298936E+05  4.66873828E+06  2.66442376E-09  6.67026435E+04  1.87116549E+00  0.00000000E+00
  2.94645987E+05  4.66920653E+06  2.66415662E-09  6.67497044E+04  1.87602955E+00  0.00000000E+00
  2.94993037E+05  4.66967478E+06  2.66388954E-09  6.67966784E+04  1.88089404E+00  0.00000000E+00
  2.95340088E+05  4.67014303E+06  2.66362250E-09  6.68435655E+04  1.88575892E+00  0.00000000E+00
  2.95687139E+05  4.67061129E+06  2.66335553E-09  6.68903657E+04  1.89062415E+00  0.00000000E+00
  2.96034189E+05  4.67107954E+06  2.66308860E-09  6.69370789E+04  1.89548969E+00  0.00000000E+00
  2.96381240E+05  4.67154779E+06  2.66282173E-09  6.69837053E+04  1.90035551E+00  0.00000000E+00
  2.96728291E+05  4.67201604E+06  2.66255491E-09  6.70302447E+04  1.90522157E+00  0.00000000E+00
  2.97075341E+05  4.67248429E+06  2.66228815E-09  6.70766973E+04  1.91008782E+00  0.00000000E+00
  2.97422392E+05  4.67295254E+06  2.66202144E-09  6.71230629E+04  1.91495424E+00  0.00000000E+00
  2.97769442E+05  4.67342079E+06  2.66175478E-09  6.71693416E+04  1.91982079E+00  0.00000000E+00
  2.98116493E+05  4.67388904E+06  2.66148818E-09  6.72155334E+04  1.92468742E+00  0.00000000E+00
  2.98463544E+05  4.67435730E+06  2.66122163E-09  6.72616383E+04  1.92955411E+00  0.00000000E+00
  2.98810594E+05  4.67482555E+06  2.66095513E-09  6.73076563E+04  1.93442081E+00  0.00000000E+00
  2.99157645E+05  4.67529380E+06  2.66068869E-09  6.73535874E+04  1.93928748E+00  0.00000000E+00
  2.99504696E+05  4.67576205E+06  2.66042230E-09  6.73994316E+04  1.94415409E+00  0.00000000E+00
  2.99851746E+05  4.67623030E+06  2.66015597E-09  6.74451888E+04  1.94902060E+00  0.00000000E+00
  3.00198797E+05  4.67669855E+06  2.65988969E-09  6.74908592E+04  1.95388697E+00  0.00000000E+00
  3.00545848E+05  4.67716680E+06  2.65962346E-09  6.75364426E+04  1.95875317E+00  0.00000000E+00
  3.00892898E+05  4.67763505E+06  2.65935729E-09  6.75819392E+04  1.96361915E+00  0.00000000E+00
  3.01239949E+05  4.67810331E+06  2.65909117E-09  6.76273488E+04  1.96848488E+00  0.00000000E+00
  3.01586999E+05  4.67857156E+06  2.65882510E-09  6.76726715E+04  1.97335033E+00  0.00000000E+00
  3.01934050E+05  4.67903981E+06  2.65855909E-09  6.77179074E+04  1.97821545E+00  0.00000000E+00
  3.02281101E+05  4.67950806E+06  2.65829313E-09  6.77630563E+04  1.98308020E+00  0.00000000E+00
  3.02628151E+05  4.67997631E+06  2.65802723E-09  6.78081183E+04  1.98794455E+00  0.00000000E+00
  3.02975202E+05  4.68044456E+06  2.65776137E-09  6.78530933E+04  1.99280847E+00  0.00000000E+00
  3.03322253E+05  4.68091281E+06  2.65749558E-09  6.78979815E+04  1.99767190E+00  0.00000000E+00
  3.03669303E+05  4.68138106E+06  2.65722983E-09  6.79427828E+04  2.00253483E+00  0.00000000E+00
  3.04016354E+05  4.68184932E+06  2.65696414E-09  6.79874972E+04  2.00739719E+00  0.00000000E+00
  3.04363405E+05  4.68231757E+06  2.65669850E-09  6.80321246E+04  2.01225897E+00  0.00000000E+00
  3.04710455E+05  4.68278582E+06  2.65643292E-09  6.80766652E+04  2.01712012E+00  0.00000000E+00
  3.05057506E+05  4.68325407E+06  2.65616739E-09  6.81211188E+04  2.02198061E+00  0.00000000E+00
  3.05404556E+05  4.68372232E+06  2.65590191E-09  6.81654855E+04  2.02684039E+00  0.00000000E+00
  3.05751607E+05  4.68419057E+06  2.65563649E-09  6.82097654E+04  2.03169943E+00  0.00000000E+00
  3.06098658E+05  4.68465882E+06  2.65537112E-09  6.82539583E+04  2.03655769E+00  0.00000000E+00
  3.06445708E+05  4.68512707E+06  2.65510580E-09  6.82980643E+04  2.04141513E+00  0.00000000E+00
  3.06792759E+05  4.68559533E+06  2.65484054E-09  6.83420834E+04  2.04627172E+00  0.00000000E+00
  3.07139810E+05  4.68606358E+06  2.65457533E-09  6.83860156E+04  2.05112741E+00  0.00000000E+00
  3.07486860E+05  4.68653183E+06  2.65431017E-09  6.84298608E+04  2.05598218E+00  0.00000000E+00
  3.07833911E+05  4.68700008E+06  2.65404507E-09  6.84736192E+04  2.06083597E+00  0.00000000E+00
  3.08180961E+05  4.68746833E+06  2.65378002E-09  6.85172907E+04  2.06568876E+00  0.00000000E+00
  3.08528012E+05  4.68793658E+06  2.65351503E-09  6.85608752E+04  2.07054051E+00  0.00000000E+00
  3.08875063E+05  4.68840483E+06  2.65325008E-09  6.86043729E+04  2.07539117E+00  0.00000000E+00
  3.09222113E+05  4.68887308E+06  2.65298520E-09  6.86477836E+04  2.08024071E+00  0.00000000E+00
  3.09569164E+05  4.68934134E+06  2.65272036E-09  6.86911074E+04  2.08508910E+00  0.00000000E+00
  3.09916215E+05  4.68980959E+06  2.65245558E-09  6.87343444E+04  2.08993629E+00  0.00000000E+00
  3.10263265E+05  4.69027784E+06  2.65219085E-09  6.87774944E+04  2.09478225E+00  0.00000000E+00
  3.10610316E+05  4.69074609E+06  2.65192617E-09  6.88205575E+04  2.09962693E+00  0.00000000E+00
  3.10957367E+05  4.69121434E+06  2.65166155E-09  6.88635337E+04  2.10447031E+00  0.00000000E+00
  3.11304417E+05  4.69168259E+06  2.65139698E-09  6.89064229E+04  2.10931234E+00  0.00000000E+00
  3.11651468E+05  4.69215084E+06  2.65113247E-09  6.89492253E+04  2.11415298E+00  0.00000000E+00
  3.11998518E+05  4.69261909E+06  2.65086801E-09  6.89919408E+04  2.11899221E+00  0.00000000E+00
  3.12345569E+05  4.69308735E+06  2.65060360E-09  6.90345694E+04  2.12382997E+00  0.00000000E+00
  3.12692620E+05  4.69355560E+06  2.65033924E-09  6.90771110E+04  2.12866623E+00  0.00000000E+00
  3.13039670E+05  4.69402385E+06  2.65007494E-09  6.91195657E+04  2.13350096E+00  0.00000000E+00
  3.13386721E+05  4.69449210E+06  2.64981069E-09  6.91619336E+04  2.13833411E+00  0.00000000E+00
  3.13733772E+05  4.69496035E+06  2.64954650E-09  6.92042145E+04  2.14316566E+00  0.00000000E+00
  3.14080822E+05  4.69542860E+06  2.64928235E-09  6.92464085E+04  2.14799555E+00  0.00000000E+00
  3.14427873E+05  4.69589685E+06  2.64901827E-09  6.92885156E+04  2.15282375E+00  0.00000000E+00
  3.14774923E+05  4.69636510E+06  2.64875423E-09  6.93305358E+04  2.15765023E+00  0.00000000E+00
  3.15121974E+05  4.69683336E+06  2.64849025E-09  6.93724691E+04  2.16247495E+00  0.00000000E+00
  3.15469025E+05  4.69730161E+06  2.64822632E-09  6.94143155E+04  2.16729787E+00  0.00000000E+00
  3.15816075E+05  4.69776986E+06  2.64796244E-09  6.94560750E+04  2.17211894E+00  0.00000000E+00
  3.16163126E+05  4.69823811E+06  2.64769862E-09  6.94977475E+04  2.17693814E+00  0.00000000E+00
  3.16510177E+05  4.69870636E+06  2.64743485E-09  6.95393332E+04  2.18175543E+00  0.00000000E+00
  3.16857227E+05  4.69917461E+06  2.64717114E-09  6.95808319E+04  2.18657076E+00  0.00000000E+00
  3.17204278E+05  4.69964286E+06  2.64690747E-09  6.96222438E+04  2.19138411E+00  0.00000000E+00
  3.17551329E+05  4.70011111E+06  2.64664386E-09  6.96635687E+04  2.19619543E+00  0.00000000E+00
  3.17898379E+05  4.70057937E+06  2.64638031E-09  6.97048067E+04  2.20100468E+00  0.00000000E+00
  3.18245430E+05  4.70104762E+06  2.64611681E-09  6.97459579E+04  2.20581182E+00  0.00000000E+00
  3.18592480E+05  4.70151587E+06  2.64585336E-09  6.97870221E+04  2.21061683E+00  0.00000000E+00
  3.18939531E+05  4.70198412E+06  2.64558996E-09  6.98279994E+04  2.21541966E+00  0.00000000E+00
  3.19286582E+05  4.70245237E+06  2.64532662E-09  6.98688898E+04  2.22022027E+00  0.00000000E+00
  3.19633632E+05  4.70292062E+06  2.64506333E-09  6.99096932E+04  2.22501863E+00  0.00000000E+00
  3.19980683E+05  4.70338887E+06  2.64480009E-09  6.99504098E+04  2.22981469E+00  0.00000000E+00
  3.20327734E+05  4.70385712E+06  2.64453691E-09  6.99910395E+04  2.23460843E+00  0.00000000E+00
  3.20674784E+05  4.70432538E+06  2.64427378E-09  7.00315822E+04  2.23939979E+00  0.00000000E+00
  3.21021835E+05  4.70479363E+06  2.64401070E-09  7.00720381E+04  2.24418876E+00  0.00000000E+00
  3.21368885E+05  4.70526188E+06  2.64374767E-09  7.01124070E+04  2.24897527E+00  0.00000000E+00
  3.21715936E+05  4.70573013E+06  2.64348470E-09  7.01526890E+04  2.25375931E+00  0.00000000E+00
  3.22062987E+05  4.70619838E+06  2.64322179E-09  7.01928842E+04  2.25854083E+00  0.00000000E+00
  3.22410037E+05  4.70666663E+06  2.64295892E-09  7.02329924E+04  2.26331980E+00  0.00000000E+00
  3.22757088E+05  4.70713488E+06  2.64269611E-09  7.02730137E+04  2.26809617E+00  0.00000000E+00
  3.23104139E+05  4.70760313E+06  2.64243335E-09  7.03129481E+04  2.27286991E+00  0.00000000E+00
  3.23451189E+05  4.70807139E+06  2.64217065E-09  7.03527956E+04  2.27764098E+00  0.00000000E+00
  3.23798240E+05  4.70853964E+06  2.64190800E-09  7.03925561E+04  2.28240934E+00  0.00000000E+00
  3.24145291E+05  4.70900789E+06  2.64164540E-09  7.04322298E+04  2.28717496E+00  0.00000000E+00
  3.24492341E+05  4.70947614E+06  2.64138285E-09  7.04718166E+04  2.29193780E+00  0.00000000E+00
  3.24839392E+05  4.70994439E+06  2.64112036E-09  7.05113164E+04  2.29669782E+00  0.00000000E+00
  3.25186442E+05  4.71041264E+06  2.64085792E-09  7.05507294E+04  2.30145498E+00  0.00000000E+00
  3.25533493E+05  4.71088089E+06  2.64059554E-09  7.05900554E+04  2.30620925E+00  0.00000000E+00
  3.25880544E+05  4.71134914E+06  2.64033320E-09  7.06292945E+04  2.31096059E+00  0.00000000E+00
  3.26227594E+05  4.71181740E+06  2.64007092E-09  7.06684467E+04  2.31570895E+00  0.00000000E+00
  3.26574645E+05  4.71228565E+06  2.63980870E-09  7.07075121E+04  2.32045431E+00  0.00000000E+00
  3.26921696E+05  4.71275390E+06  2.63954653E-09  7.07464905E+04  2.32519663E+00  0.00000000E+00
  3.27268746E+05  4.71322215E+06  2.63928441E-09  7.07853819E+04  2.32993586E+00  0.00000000E+00
  3.27615797E+05  4.71369040E+06  2.63902234E-09  7.08241865E+04  2.33467197E+00  0.00000000E+00
  3.27962847E+05  4.71415865E+06  2.63876033E-09  7.08629042E+04  2.33940493E+00  0.00000000E+00
  3.28309898E+05  4.71462690E+06  2.63849837E-09  7.09015350E+04  2.34413469E+00  0.00000000E+00
  3.28656949E+05  4.71509515E+06  2.63823646E-09  7.09400788E+04  2.34886122E+00  0.00000000E+00
  3.29003999E+05  4.71556341E+06  2.63797460E-09  7.09785358E+04  2.35358449E+00  0.00000000E+00
  3.29351050E+05  4.71603166E+06  2.63771280E-09  7.10169058E+04  2.35830444E+00  0.00000000E+00
  3.29698101E+05  4.71649991E+06  2.63745106E-09  7.10551890E+04  2.36302105E+00  0.00000000E+00
  3.30045151E+05  4.71696816E+06  2.63718936E-09  7.10933852E+04  2.36773428E+00  0.00000000E+00
  3.30392202E+05  4.71743641E+06  2.63692772E-09  7.11314945E+04  2.37244409E+00  0.00000000E+00
  3.30739253E+05  4.71790466E+06  2.63666613E-09  7.11695169E+04  2.37715045E+00  0.00000000E+00
  3.31086303E+05  4.71837291E+06  2.63640460E-09  7.12074524E+04  2.38185331E+00  0.00000000E+00
  3.31433354E+05  4.71884116E+06  2.63614312E-09  7.12453010E+04  2.38655265E+00  0.00000000E+00
  3.31780404E+05  4.71930942E+06  2.63588169E-09  7.12830627E+04  2.39124841E+00  0.00000000E+00
  3.32127455E+05  4.71977767E+06  2.63562032E-09  7.13207374E+04  2.39594057E+00  0.00000000E+00
  3.32474506E+05  4.72024592E+06  2.63535899E-09  7.13583253E+04  2.40062909E+00  0.00000000E+00
  3.32821556E+05  4.72071417E+06  2.63509773E-09  7.13958263E+04  2.40531393E+00  0.00000000E+00
  3.33168607E+05  4.72118242E+06  2.63483651E-09  7.14332403E+04  2.40999505E+00  0.00000000E+00
  3.33515658E+05  4.72165067E+06  2.63457535E-09  7.14705675E+04  2.41467242E+00  0.00000000E+00
  3.33862708E+05  4.72211892E+06  2.63431424E-09  7.15078077E+04  2.41934600E+00  0.00000000E+00
  3.34209759E+05  4.72258717E+06  2.63405319E-09  7.15449610E+04  2.42401575E+00  0.00000000E+00
  3.34556810E+05  4.72305543E+06  2.63379219E-09  7.15820274E+04  2.42868164E+00  0.00000000E+00
  3.34903860E+05  4.72352368E+06  2.63353124E-09  7.16190069E+04  2.43334362E+00  0.00000000E+00
  3.35250911E+05  4.72399193E+06  2.63327034E-09  7.16558995E+04  2.43800167E+00  0.00000000E+00
  3.35597961E+05  4.72446018E+06  2.63300950E-09  7.16927052E+04  2.44265574E+00  0.00000000E+00
  3.35945012E+05  4.72492843E+06  2.63274871E-09  7.17294240E+04  2.44730579E+00  0.00000000E+00
  3.36292063E+05  4.72539668E+06  2.63248798E-09  7.17660559E+04  2.45195180E+00  0.00000000E+00
  3.36639113E+05  4.72586493E+06  2.63222729E-09  7.18026008E+04  2.45659372E+00  0.00000000E+00
  3.36986164E+05  4.72633318E+06  2.63196667E-09  7.18390589E+04  2.46123152E+00  0.00000000E+00
  3.37333215E+05  4.72680144E+06  2.63170609E-09  7.18754300E+04  2.46586515E+00  0.00000000E+00
  3.37680265E+05  4.72726969E+06  2.63144557E-09  7.19117143E+04  2.47049459E+00  0.00000000E+00
  3.38027316E+05  4.72773794E+06  2.63118510E-09  7.19479116E+04  2.47511980E+00  0.00000000E+00
  3.38374366E+05  4.72820619E+06  2.63092469E-09  7.19840220E+04  2.47974073E+00  0.00000000E+00
  3.38721417E+05  4.72867444E+06  2.63066433E-09  7.20200455E+04  2.48435736E+00  0.00000000E+00
  3.39068468E+05  4.72914269E+06  2.63040402E-09  7.20559821E+04  2.48896964E+00  0.00000000E+00
  3.39415518E+05  4.72961094E+06  2.63014376E-09  7.20918318E+04  2.49357754E+00  0.00000000E+00
  3.39762569E+05  4.73007919E+06  2.62988356E-09  7.21275946E+04  2.49818103E+00  0.00000000E+00
  3.40109620E+05  4.73054745E+06  2.62962342E-09  7.21632705E+04  2.50278006E+00  0.00000000E+00
  3.40456670E+05  4.73101570E+06  2.62936332E-09  7.21988594E+04  2.50737459E+00  0.00000000E+00
  3.40803721E+05  4.73148395E+06  2.62910328E-09  7.22343615E+04  2.51196460E+00  0.00000000E+00
  3.41150772E+05  4.73195220E+06  2.62884330E-09  7.22697767E+04  2.51655005E+00  0.00000000E+00
  3.41497822E+05  4.73242045E+06  2.62858336E-09  7.23051049E+04  2.52113090E+00  0.00000000E+00
  3.41844873E+05  4.73288870E+06  2.62832348E-09  7.23403462E+04  2.52570710E+00  0.00000000E+00
  3.42191923E+05  4.73335695E+06  2.62806366E-09  7.23755007E+04  2.53027864E+00  0.00000000E+00
  3.42538974E+05  4.73382520E+06  2.62780389E-09  7.24105682E+04  2.53484546E+00  0.00000000E+00
  3.42886025E+05  4.73429346E+06  2.62754417E-09  7.24455488E+04  2.53940754E+00  0.00000000E+00
  3.43233075E+05  4.73476171E+06  2.62728450E-09  7.24804425E+04  2.54396483E+00  0.00000000E+00
  3.43580126E+05  4.73522996E+06  2.62702489E-09  7.25152493E+04  2.54851730E+00  0.00000000E+00
  3.43927177E+05  4.73569821E+06  2.62676533E-09  7.25499692E+04  2.55306492E+00  0.00000000E+00
  3.44274227E+05  4.73616646E+06  2.62650583E-09  7.25846021E+04  2.55760765E+00  0.00000000E+00
  3.44621278E+05  4.73663471E+06  2.62624638E-09  7.26191482E+04  2.56214545E+00  0.00000000E+00
  3.44968328E+05  4.73710296E+06  2.62598699E-09  7.26536074E+04  2.56667828E+00  0.00000000E+00
  3.45315379E+05  4.73757121E+06  2.62572764E-09  7.26879796E+04  2.57120611E+00  0.00000000E+00
  3.45662430E+05  4.73803947E+06  2.62546836E-09  7.27222650E+04  2.57572891E+00  0.00000000E+00
  3.46009480E+05  4.73850772E+06  2.62520912E-09  7.27564634E+04  2.58024663E+00  0.00000000E+00
  3.46356531E+05  4.73897597E+06  2.62494994E-09  7.27905749E+04  2.58475924E+00  0.00000000E+00
  3.46703582E+05  4.73944422E+06  2.62469081E-09  7.28245995E+04  2.58926671E+00  0.00000000E+00
  3.47050632E+05  4.73991247E+06  2.62443174E-09  7.28585372E+04  2.59376900E+00  0.00000000E+00
  3.47397683E+05  4.74038072E+06  2.62417272E-09  7.28923880E+04  2.59826606E+00  0.00000000E+00
  3.47744734E+05  4.74084897E+06  2.62391376E-09  7.29261519E+04  2.60275788E+00  0.00000000E+00
  3.48091784E+05  4.74131722E+06  2.62365485E-09  7.29598289E+04  2.60724441E+00  0.00000000E+00
  3.48438835E+05  4.74178548E+06  2.62339599E-09  7.29934190E+04  2.61172561E+00  0.00000000E+00
  3.48785885E+05  4.74225373E+06  2.62313719E-09  7.30269221E+04  2.61620145E+00  0.00000000E+00
  3.49132936E+05  4.74272198E+06  2.62287844E-09  7.30603384E+04  2.62067189E+00  0.00000000E+00
  3.49479987E+05  4.74319023E+06  2.62261975E-09  7.30936677E+04  2.62513690E+00  0.00000000E+00
  3.49827037E+05  4.74365848E+06  2.62236111E-09  7.31269102E+04  2.62959644E+00  0.00000000E+00
  3.50174088E+05  4.74412673E+06  2.62210253E-09  7.31600657E+04  2.63405048E+00  0.00000000E+00
  3.50521139E+05  4.74459498E+06  2.62184399E-09  7.31931343E+04  2.63849898E+00  0.00000000E+00
  3.50868189E+05  4.74506323E+06  2.62158552E-09  7.32261160E+04  2.64294190E+00  0.00000000E+00
  3.51215240E+05  4.74553149E+06  2.62132710E-09  7.32590108E+04  2.64737921E+00  0.00000000E+00
  3.51562290E+05  4.74599974E+06  2.62106873E-09  7.32918187E+04  2.65181088E+00  0.00000000E+00
  3.51909341E+05  4.74646799E+06  2.62081042E-09  7.33245397E+04  2.65623686E+00  0.00000000E+00
  3.52256392E+05  4.74693624E+06  2.62055216E-09  7.33571738E+04  2.66065712E+00  0.00000000E+00
  3.52603442E+05  4.74740449E+06  2.62029395E-09  7.33897210E+04  2.66507163E+00  0.00000000E+00
  3.52950493E+05  4.74787274E+06  2.62003580E-09  7.34221812E+04  2.66948036E+00  0.00000000E+00
  3.53297544E+05  4.74834099E+06  2.61977771E-09  7.34545546E+04  2.67388326E+00  0.00000000E+00
  3.53644594E+05  4.74880924E+06  2.61951967E-09  7.34868410E+04  2.67828030E+00  0.00000000E+00
  3.53991645E+05  4.74927750E+06  2.61926168E-09  7.35190406E+04  2.68267144E+00  0.00000000E+00
  3.54338696E+05  4.74974575E+06  2.61900375E-09  7.35511532E+04  2.68705666E+00  0.00000000E+00
  3.54685746E+05  4.75021400E+06  2.61874588E-09  7.35831789E+04  2.69143591E+00  0.00000000E+00
  3.55032797E+05  4.75068225E+06  2.61848806E-09  7.36151177E+04  2.69580916E+00  0.00000000E+00
  3.55379847E+05  4.75115050E+06  2.61823029E-09  7.36469696E+04  2.70017637E+00  0.00000000E+00
  3.55726898E+05  4.75161875E+06  2.61797258E-09  7.36787346E+04  2.70453752E+00  0.00000000E+00
  3.56073949E+05  4.75208700E+06  2.61771493E-09  7.37104127E+04  2.70889255E+00  0.00000000E+00
  3.56420999E+05  4.75255525E+06  2.61745733E-09  7.37420039E+04  2.71324145E+00  0.00000000E+00
  3.56768050E+05  4.75302351E+06  2.61719978E-09  7.37735081E+04  2.71758418E+00  0.00000000E+00
  3.57115101E+05  4.75349176E+06  2.61694229E-09  7.38049255E+04  2.72192069E+00  0.00000000E+00
  3.57462151E+05  4.75396001E+06  2.61668486E-09  7.38362560E+04  2.72625095E+00  0.00000000E+00
  3.57809202E+05  4.75442826E+06  2.61642748E-09  7.38674995E+04  2.73057494E+00  0.00000000E+00
  3.58156253E+05  4.75489651E+06  2.61617015E-09  7.38986561E+04  2.73489261E+00  0.00000000E+00
  3.58503303E+05  4.75536476E+06  2.61591289E-09  7.39297259E+04  2.73920394E+00  0.00000000E+00
  3.58850354E+05  4.75583301E+06  2.61565567E-09  7.39607087E+04  2.74350887E+00  0.00000000E+00
  3.59197404E+05  4.75630126E+06  2.61539852E-09  7.39916046E+04  2.74780739E+00  0.00000000E+00
  3.59544455E+05  4.75676952E+06  2.61514142E-09  7.40224136E+04  2.75209946E+00  0.00000000E+00
  3.59891506E+05  4.75723777E+06  2.61488437E-09  7.40531357E+04  2.75638503E+00  0.00000000E+00
  3.60238556E+05  4.75770602E+06  2.61462738E-09  7.40837709E+04  2.76066409E+00  0.00000000E+00
  3.60585607E+05  4.75817427E+06  2.61437045E-09  7.41143191E+04  2.76493658E+00  0.00000000E+00
  3.60932658E+05  4.75864252E+06  2.61411357E-09  7.41447805E+04  2.76920249E+00  0.00000000E+00
  3.61279708E+05  4.75911077E+06  2.61385675E-09  7.41751550E+04  2.77346177E+00  0.00000000E+00
  3.61626759E+05  4.75957902E+06  2.61359998E-09  7.42054425E+04  2.77771438E+00  0.00000000E+00
  3.61973809E+05  4.76004727E+06  2.61334327E-09  7.42356431E+04  2.78196031E+00  0.00000000E+00
  3.62320860E+05  4.76051553E+06  2.61308662E-09  7.42657569E+04  2.78619950E+00  0.00000000E+00
  3.62667911E+05  4.76098378E+06  2.61283002E-09  7.42957837E+04  2.79043193E+00  0.00000000E+00
  3.63014961E+05  4.76145203E+06  2.61257348E-09  7.43257236E+04  2.79465757E+00  0.00000000E+00
  3.63362012E+05  4.76192028E+06  2.61231700E-09  7.43555766E+04  2.79887637E+00  0.00000000E+00
  3.63709063E+05  4.76238853E+06  2.61206057E-09  7.43853427E+04  2.80308830E+00  0.00000000E+00
  3.64056113E+05  4.76285678E+06  2.61180420E-09  7.44150219E+04  2.80729334E+00  0.00000000E+00
  3.64403164E+05  4.76332503E+06  2.61154789E-09  7.44446142E+04  2.81149144E+00  0.00000000E+00
  3.64750215E+05  4.76379328E+06  2.61129163E-09  7.44741195E+04  2.81568258E+00  0.00000000E+00
  3.65097265E+05  4.76426154E+06  2.61103543E-09  7.45035380E+04  2.81986671E+00  0.00000000E+00
  3.65444316E+05  4.76472979E+06  2.61077929E-09  7.45328696E+04  2.82404381E+00  0.00000000E+00
  3.65791366E+05  4.76519804E+06  2.61052320E-09  7.45621142E+04  2.82821384E+00  0.00000000E+00
  3.66138417E+05  4.76566629E+06  2.61026717E-09  7.45912719E+04  2.83237676E+00  0.00000000E+00
  3.66485468E+05  4.76613454E+06  2.61001120E-09  7.46203428E+04  2.83653255E+00  0.00000000E+00
  3.66832518E+05  4.76660279E+06  2.60975529E-09  7.46493267E+04  2.84068117E+00  0.00000000E+00
  3.67179569E+05  4.76707104E+06  2.60949943E-09  7.46782237E+04  2.84482259E+00  0.00000000E+00
  3.67526620E+05  4.76753929E+06  2.60924364E-09  7.47070338E+04  2.84895677E+00  0.00000000E+00
  3.67873670E+05  4.76800755E+06  2.60898790E-09  7.47357570E+04  2.85308367E+00  0.00000000E+00
  3.68220721E+05  4.76847580E+06  2.60873221E-09  7.47643933E+04  2.85720328E+00  0.00000000E+00
  3.68567771E+05  4.76894405E+06  2.60847659E-09  7.47929427E+04  2.86131554E+00  0.00000000E+00
  3.68914822E+05  4.76941230E+06  2.60822102E-09  7.48214051E+04  2.86542044E+00  0.00000000E+00
  3.69261873E+05  4.76988055E+06  2.60796552E-09  7.48497807E+04  2.86951793E+00  0.00000000E+00
  3.69608923E+05  4.77034880E+06  2.60771007E-09  7.48780694E+04  2.87360798E+00  0.00000000E+00
  3.69955974E+05  4.77081705E+06  2.60745468E-09  7.49062711E+04  2.87769056E+00  0.00000000E+00
  3.70303025E+05  4.77128530E+06  2.60719934E-09  7.49343859E+04  2.88176564E+00  0.00000000E+00
  3.70650075E+05  4.77175356E+06  2.60694407E-09  7.49624139E+04  2.88583318E+00  0.00000000E+00
  3.70997126E+05  4.77222181E+06  2.60668886E-09  7.49903549E+04  2.88989315E+00  0.00000000E+00
  3.71344177E+05  4.77269006E+06  2.60643370E-09  7.50182090E+04  2.89394552E+00  0.00000000E+00
  3.71691227E+05  4.77315831E+06  2.60617860E-09  7.50459762E+04  2.89799025E+00  0.00000000E+00
  3.72038278E+05  4.77362656E+06  2.60592357E-09  7.50736565E+04  2.90202732E+00  0.00000000E+00
  3.72385328E+05  4.77409481E+06  2.60566859E-09  7.51012499E+04  2.90605668E+00  0.00000000E+00
  3.72732379E+05  4.77456306E+06  2.60541367E-09  7.51287563E+04  2.91007831E+00  0.00000000E+00
  3.73079430E+05  4.77503131E+06  2.60515881E-09  7.51561759E+04  2.91409217E+00  0.00000000E+00
  3.73426480E+05  4.77549957E+06  2.60490402E-09  7.51835086E+04  2.91809823E+00  0.00000000E+00
  3.73773531E+05  4.77596782E+06  2.60464928E-09  7.52107543E+04  2.92209646E+00  0.00000000E+00
  3.74120582E+05  4.77643607E+06  2.60439460E-09  7.52379132E+04  2.92608682E+00  0.00000000E+00
  3.74467632E+05  4.77690432E+06  2.60413998E-09  7.52649851E+04  2.93006929E+00  0.00000000E+00
  3.74814683E+05  4.77737257E+06  2.60388542E-09  7.52919701E+04  2.93404383E+00  0.00000000E+00
  3.75161733E+05  4.77784082E+06  2.60363093E-09  7.53188682E+04  2.93801040E+00  0.00000000E+00
  3.75508784E+05  4.77830907E+06  2.60337649E-09  7.53456794E+04  2.94196898E+00  0.00000000E+00
  3.75855835E+05  4.77877732E+06  2.60312212E-09  7.53724037E+04  2.94591954E+00  0.00000000E+00
  3.76202885E+05  4.77924558E+06  2.60286780E-09  7.53990411E+04  2.94986203E+00  0.00000000E+00
  3.76549936E+05  4.77971383E+06  2.60261355E-09  7.54255916E+04  2.95379643E+00  0.00000000E+00
  3.76896987E+05  4.78018208E+06  2.60235936E-09  7.54520552E+04  2.95772271E+00  0.00000000E+00
  3.77244037E+05  4.78065033E+06  2.60210523E-09  7.54784318E+04  2.96164084E+00  0.00000000E+00
  3.77591088E+05  4.78111858E+06  2.60185117E-09  7.55047216E+04  2.96555078E+00  0.00000000E+00
  3.77938139E+05  4.78158683E+06  2.60159716E-09  7.55309244E+04  2.96945250E+00  0.00000000E+00
  3.78285189E+05  4.78205508E+06  2.60134322E-09  7.55570404E+04  2.97334596E+00  0.00000000E+00
  3.78632240E+05  4.78252333E+06  2.60108934E-09  7.55830694E+04  2.97723115E+00  0.00000000E+00
  3.78979290E+05  4.78299159E+06  2.60083552E-09  7.56090115E+04  2.98110802E+00  0.00000000E+00
  3.79326341E+05  4.78345984E+06  2.60058176E-09  7.56348667E+04  2.98497654E+00  0.00000000E+00
  3.79673392E+05  4.78392809E+06  2.60032807E-09  7.56606350E+04  2.98883669E+00  0.00000000E+00
  3.80020442E+05  4.78439634E+06  2.60007445E-09  7.56863164E+04  2.99268842E+00  0.00000000E+00
  3.80367493E+05  4.78486459E+06  2.59982088E-09  7.57119109E+04  2.99653171E+00  0.00000000E+00
  3.80714544E+05  4.78533284E+06  2.59956738E-09  7.57374185E+04  3.00036654E+00  0.00000000E+00
  3.81061594E+05  4.78580109E+06  2.59931394E-09  7.57628392E+04  3.00419285E+00  0.00000000E+00
  3.81408645E+05  4.78626934E+06  2.59906057E-09  7.57881729E+04  3.00801063E+00  0.00000000E+00
  3.81755696E+05  4.78673760E+06  2.59880726E-09  7.58134198E+04  3.01181985E+00  0.00000000E+00
  3.82102746E+05  4.78720585E+06  2.59855402E-09  7.58385797E+04  3.01562046E+00  0.00000000E+00
  3.82449797E+05  4.78767410E+06  2.59830084E-09  7.58636528E+04  3.01941245E+00  0.00000000E+00
  3.82796847E+05  4.78814235E+06  2.59804772E-09  7.58886389E+04  3.02319578E+00  0.00000000E+00
  3.83143898E+05  4.78861060E+06  2.59779467E-09  7.59135381E+04  3.02697041E+00  0.00000000E+00
  3.83490949E+05  4.78907885E+06  2.59754169E-09  7.59383504E+04  3.03073633E+00  0.00000000E+00
  3.83837999E+05  4.78954710E+06  2.59728877E-09  7.59630758E+04  3.03449348E+00  0.00000000E+00
  3.84185050E+05  4.79001535E+06  2.59703592E-09  7.59877143E+04  3.03824186E+00  0.00000000E+00
  3.84532101E+05  4.79048361E+06  2.59678314E-09  7.60122659E+04  3.04198142E+00  0.00000000E+00
  3.84879151E+05  4.79095186E+06  2.59653042E-09  7.60367306E+04  3.04571213E+00  0.00000000E+00
  3.85226202E+05  4.79142011E+06  2.59627777E-09  7.60611084E+04  3.04943397E+00  0.00000000E+00
  3.85573252E+05  4.79188836E+06  2.59602519E-09  7.60853992E+04  3.05314690E+00  0.00000000E+00
  3.85920303E+05  4.79235661E+06  2.59577267E-09  7.61096032E+04  3.05685089E+00  0.00000000E+00
  3.86267354E+05  4.79282486E+06  2.59552022E-09  7.61337202E+04  3.06054591E+00  0.00000000E+00
  3.86614404E+05  4.79329311E+06  2.59526784E-09  7.61577503E+04  3.06423193E+00  0.00000000E+00
  3.86961455E+05  4.79376136E+06  2.59501553E-09  7.61816936E+04  3.06790892E+00  0.00000000E+00
  3.87308506E+05  4.79422962E+06  2.59476329E-09  7.62055499E+04  3.07157686E+00  0.00000000E+00
  3.87655556E+05  4.79469787E+06  2.59451111E-09  7.62293193E+04  3.07523570E+00  0.00000000E+00
  3.88002607E+05  4.79516612E+06  2.59425901E-09  7.62530018E+04  3.07888542E+00  0.00000000E+00
  3.88349658E+05  4.79563437E+06  2.59400697E-09  7.62765974E+04  3.08252599E+00  0.00000000E+00
  3.88696708E+05  4.79610262E+06  2.59375501E-09  7.63001061E+04  3.08615738E+00  0.00000000E+00
  3.89043759E+05  4.79657087E+06  2.59350311E-09  7.63235278E+04  3.08977956E+00  0.00000000E+00
  3.89390809E+05  4.79703912E+06  2.59325129E-09  7.63468627E+04  3.09339250E+00  0.00000000E+00
  3.89737860E+05  4.79750737E+06  2.59299953E-09  7.63701107E+04  3.09699617E+00  0.00000000E+00
  3.90084911E+05  4.79797563E+06  2.59274785E-09  7.63932717E+04  3.10059054E+00  0.00000000E+00
  3.90431961E+05  4.79844388E+06  2.59249624E-09  7.64163459E+04  3.10417558E+00  0.00000000E+00
  3.90779012E+05  4.79891213E+06  2.59224470E-09  7.64393331E+04  3.10775125E+00  0.00000000E+00
  3.91126063E+05  4.79938038E+06  2.59199324E-09  7.64622334E+04  3.11131754E+00  0.00000000E+00
  3.91473113E+05  4.79984863E+06  2.59174184E-09  7.64850468E+04  3.11487441E+00  0.00000000E+00
  3.91820164E+05  4.80031688E+06  2.59149052E-09  7.65077733E+04  3.11842183E+00  0.00000000E+00
  3.92167214E+05  4.80078513E+06  2.59123928E-09  7.65304129E+04  3.12195976E+00  0.00000000E+00
  3.92514265E+05  4.80125338E+06  2.59098810E-09  7.65529656E+04  3.12548820E+00  0.00000000E+00
  3.92861316E+05  4.80172164E+06  2.59073701E-09  7.65754314E+04  3.12900709E+00  0.00000000E+00
  3.93208366E+05  4.80218989E+06  2.59048598E-09  7.65978103E+04  3.13251642E+00  0.00000000E+00
  3.93555417E+05  4.80265814E+06  2.59023504E-09  7.66201022E+04  3.13601615E+00  0.00000000E+00
  3.93902468E+05  4.80312639E+06  2.58998416E-09  7.66423073E+04  3.13950625E+00  0.00000000E+00
  3.94249518E+05  4.80359464E+06  2.58973337E-09  7.66644254E+04  3.14298670E+00  0.00000000E+00
  3.94596569E+05  4.80406289E+06  2.58948265E-09  7.66864567E+04  3.14645747E+00  0.00000000E+00
  3.94943620E+05  4.80453114E+06  2.58923200E-09  7.67084010E+04  3.14991852E+00  0.00000000E+00
  3.95290670E+05  4.80499939E+06  2.58898144E-09  7.67302584E+04  3.15336984E+00  0.00000000E+00
  3.95637721E+05  4.80546764E+06  2.58873095E-09  7.67520289E+04  3.15681138E+00  0.00000000E+00
  3.95984771E+05  4.80593590E+06  2.58848054E-09  7.67737125E+04  3.16024312E+00  0.00000000E+00
  3.96331822E+05  4.80640415E+06  2.58823021E-09  7.67953092E+04  3.16366504E+00  0.00000000E+00
  3.96678873E+05  4.80687240E+06  2.58797996E-09  7.68168190E+04  3.16707710E+00  0.00000000E+00
  3.97025923E+05  4.80734065E+06  2.58772979E-09  7.68382419E+04  3.17047927E+00  0.00000000E+00
  3.97372974E+05  4.80780890E+06  2.58747970E-09  7.68595779E+04  3.17387153E+00  0.00000000E+00
  3.97720025E+05  4.80827715E+06  2.58722969E-09  7.68808269E+04  3.17725384E+00  0.00000000E+00
  3.98067075E+05  4.80874540E+06  2.58697976E-09  7.69019891E+04  3.18062619E+00  0.00000000E+00
  3.98414126E+05  4.80921365E+06  2.58672992E-09  7.69230643E+04  3.18398853E+00  0.00000000E+00
  3.98761176E+05  4.80968191E+06  2.58648015E-09  7.69440527E+04  3.18734085E+00  0.00000000E+00
  3.99108227E+05  4.81015016E+06  2.58623047E-09  7.69649541E+04  3.19068311E+00  0.00000000E+00
  3.99455278E+05  4.81061841E+06  2.58598087E-09  7.69857686E+04  3.19401529E+00  0.00000000E+00
  3.99802328E+05  4.81108666E+06  2.58573136E-09  7.70064962E+04  3.19733736E+00  0.00000000E+00
  4.00149379E+05  4.81155491E+06  2.58548193E-09  7.70271369E+04  3.20064928E+00  0.00000000E+00
  4.00496430E+05  4.81202316E+06  2.58523259E-09  7.70476907E+04  3.20395104E+00  0.00000000E+00
  4.00843480E+05  4.81249141E+06  2.58498333E-09  7.70681576E+04  3.20724260E+00  0.00000000E+00
  4.01190531E+05  4.81295966E+06  2.58473416E-09  7.70885376E+04  3.21052393E+00  0.00000000E+00
  4.01537582E+05  4.81342792E+06  2.58448508E-09  7.71088306E+04  3.21379501E+00  0.00000000E+00
  4.01884632E+05  4.81389617E+06  2.58423608E-09  7.71290368E+04  3.21705582E+00  0.00000000E+00
  4.02231683E+05  4.81436442E+06  2.58398718E-09  7.71491560E+04  3.22030631E+00  0.00000000E+00
  4.02578733E+05  4.81483267E+06  2.58373836E-09  7.71691884E+04  3.22354647E+00  0.00000000E+00
  4.02925784E+05  4.81530092E+06  2.58348963E-09  7.71891338E+04  3.22677627E+00  0.00000000E+00
  4.03272835E+05  4.81576917E+06  2.58324099E-09  7.72089923E+04  3.22999567E+00  0.00000000E+00
  4.03619885E+05  4.81623742E+06  2.58299245E-09  7.72287640E+04  3.23320466E+00  0.00000000E+00
  4.03966936E+05  4.81670567E+06  2.58274399E-09  7.72484487E+04  3.23640321E+00  0.00000000E+00
  4.04313987E+05  4.81717393E+06  2.58249563E-09  7.72680465E+04  3.23959128E+00  0.00000000E+00
  4.04661037E+05  4.81764218E+06  2.58224736E-09  7.72875574E+04  3.24276885E+00  0.00000000E+00
  4.05008088E+05  4.81811043E+06  2.58199919E-09  7.73069813E+04  3.24593589E+00  0.00000000E+00
  4.05355138E+05  4.81857868E+06  2.58175111E-09  7.73263184E+04  3.24909238E+00  0.00000000E+00
  4.05702189E+05  4.81904693E+06  2.58150313E-09  7.73455686E+04  3.25223828E+00  0.00000000E+00
  4.06049240E+05  4.81951518E+06  2.58125524E-09  7.73647318E+04  3.25537358E+00  0.00000000E+00
  4.06396290E+05  4.81998343E+06  2.58100745E-09  7.73838082E+04  3.25849824E+00  0.00000000E+00
  4.06743341E+05  4.82045168E+06  2.58075976E-09  7.74027976E+04  3.26161224E+00  0.00000000E+00
  4.07090392E+05  4.82091994E+06  2.58051216E-09  7.74217001E+04  3.26471555E+00  0.00000000E+00
  4.07437442E+05  4.82138819E+06  2.58026467E-09  7.74405158E+04  3.26780815E+00  0.00000000E+00
  4.07784493E+05  4.82185644E+06  2.58001727E-09  7.74592445E+04  3.27089000E+00  0.00000000E+00
  4.08131544E+05  4.82232469E+06  2.57976998E-09  7.74778863E+04  3.27396108E+00  0.00000000E+00
  4.08478594E+05  4.82279294E+06  2.57952279E-09  7.74964412E+04  3.27702137E+00  0.00000000E+00
  4.08825645E+05  4.82326119E+06  2.57927571E-09  7.75149092E+04  3.28007083E+00  0.00000000E+00
  4.09172695E+05  4.82372944E+06  2.57902872E-09  7.75332903E+04  3.28310944E+00  0.00000000E+00
  4.09519746E+05  4.82419769E+06  2.57878185E-09  7.75515844E+04  3.28613718E+00  0.00000000E+00
  4.09866797E+05  4.82466595E+06  2.57853507E-09  7.75697917E+04  3.28915402E+00  0.00000000E+00
  4.10213847E+05  4.82513420E+06  2.57828841E-09  7.75879120E+04  3.29215992E+00  0.00000000E+00
  4.10560898E+05  4.82560245E+06  2.57804185E-09  7.76059455E+04  3.29515488E+00  0.00000000E+00
  4.10907949E+05  4.82607070E+06  2.57779541E-09  7.76238920E+04  3.29813885E+00  0.00000000E+00
  4.11254999E+05  4.82653895E+06  2.57754907E-09  7.76417517E+04  3.30111181E+00  0.00000000E+00
  4.11602050E+05  4.82700720E+06  2.57730284E-09  7.76595244E+04  3.30407374E+00  0.00000000E+00
  4.11949101E+05  4.82747545E+06  2.57705672E-09  7.76772102E+04  3.30702462E+00  0.00000000E+00
  4.12296151E+05  4.82794370E+06  2.57681072E-09  7.76948091E+04  3.30996440E+00  0.00000000E+00
  4.12643202E+05  4.82841196E+06  2.57656483E-09  7.77123211E+04  3.31289308E+00  0.00000000E+00
  4.12990252E+05  4.82888021E+06  2.57631906E-09  7.77297462E+04  3.31581062E+00  0.00000000E+00
  4.13337303E+05  4.82934846E+06  2.57607341E-09  7.77470843E+04  3.31871699E+00  0.00000000E+00
  4.13684354E+05  4.82981671E+06  2.57582787E-09  7.77643356E+04  3.32161218E+00  0.00000000E+00
  4.14031404E+05  4.83028496E+06  2.57558245E-09  7.77815000E+04  3.32449615E+00  0.00000000E+00
  4.14378455E+05  4.83075321E+06  2.57533715E-09  7.77985774E+04  3.32736889E+00  0.00000000E+00
  4.14725506E+05  4.83122146E+06  2.57509197E-09  7.78155680E+04  3.33023035E+00  0.00000000E+00
  4.15072556E+05  4.83168971E+06  2.57484691E-09  7.78324716E+04  3.33308053E+00  0.00000000E+00
  4.15419607E+05  4.83215797E+06  2.57460198E-09  7.78492883E+04  3.33591939E+00  0.00000000E+00
  4.15766657E+05  4.83262622E+06  2.57435717E-09  7.78660181E+04  3.33874691E+00  0.00000000E+00
  4.16113708E+05  4.83309447E+06  2.57411248E-09  7.78826611E+04  3.34156306E+00  0.00000000E+00
  4.16460759E+05  4.83356272E+06  2.57386793E-09  7.78992171E+04  3.34436782E+00  0.00000000E+00
  4.16807809E+05  4.83403097E+06  2.57362350E-09  7.79156861E+04  3.34716116E+00  0.00000000E+00
  4.17154860E+05  4.83449922E+06  2.57337920E-09  7.79320683E+04  3.34994306E+00  0.00000000E+00
  4.17501911E+05  4.83496747E+06  2.57313504E-09  7.79483636E+04  3.35271349E+00  0.00000000E+00
  4.17848961E+05  4.83543572E+06  2.57289101E-09  7.79645720E+04  3.35547243E+00  0.00000000E+00
  4.18196012E+05  4.83590398E+06  2.57264711E-09  7.79806934E+04  3.35821984E+00  0.00000000E+00
  4.18543063E+05  4.83637223E+06  2.57240335E-09  7.79967280E+04  3.36095572E+00  0.00000000E+00
  4.18890113E+05  4.83684048E+06  2.57215972E-09  7.80126756E+04  3.36368003E+00  0.00000000E+00
  4.19237164E+05  4.83730873E+06  2.57191623E-09  7.80285363E+04  3.36639274E+00  0.00000000E+00
  4.19584214E+05  4.83777698E+06  2.57167289E-09  7.80443102E+04  3.36909384E+00  0.00000000E+00
  4.19931265E+05  4.83824523E+06  2.57142968E-09  7.80599971E+04  3.37178329E+00  0.00000000E+00
  4.20278316E+05  4.83871348E+06  2.57118662E-09  7.80755971E+04  3.37446107E+00  0.00000000E+00
  4.20625366E+05  4.83918173E+06  2.57094370E-09  7.80911102E+04  3.37712717E+00  0.00000000E+00
  4.20972417E+05  4.83964999E+06  2.57070093E-09  7.81065364E+04  3.37978154E+00  0.00000000E+00
  4.21319468E+05  4.84011824E+06  2.57045831E-09  7.81218757E+04  3.38242418E+00  0.00000000E+00
  4.21666518E+05  4.84058649E+06  2.57021584E-09  7.81371280E+04  3.38505505E+00  0.00000000E+00
  4.22013569E+05  4.84105474E+06  2.56997352E-09  7.81522935E+04  3.38767412E+00  0.00000000E+00
  4.22360619E+05  4.84152299E+06  2.56973135E-09  7.81673720E+04  3.39028139E+00  0.00000000E+00
  4.22707670E+05  4.84199124E+06  2.56948934E-09  7.81823637E+04  3.39287681E+00  0.00000000E+00
  4.23054721E+05  4.84245949E+06  2.56924748E-09  7.81972684E+04  3.39546037E+00  0.00000000E+00
  4.23401771E+05  4.84292774E+06  2.56900579E-09  7.82120863E+04  3.39803204E+00  0.00000000E+00
  4.23748822E+05  4.84339600E+06  2.56876425E-09  7.82268172E+04  3.40059180E+00  0.00000000E+00
  4.24095873E+05  4.84386425E+06  2.56852288E-09  7.82414612E+04  3.40313963E+00  0.00000000E+00
  4.24442923E+05  4.84433250E+06  2.56828167E-09  7.82560183E+04  3.40567549E+00  0.00000000E+00
  4.24789974E+05  4.84480075E+06  2.56804063E-09  7.82704885E+04  3.40819937E+00  0.00000000E+00
  4.25137025E+05  4.84526900E+06  2.56779975E-09  7.82848718E+04  3.41071123E+00  0.00000000E+00
  4.25484075E+05  4.84573725E+06  2.56755905E-09  7.82991682E+04  3.41321107E+00  0.00000000E+00
  4.25831126E+05  4.84620550E+06  2.56731852E-09  7.83133776E+04  3.41569885E+00  0.00000000E+00
  4.26178176E+05  4.84667375E+06  2.56707817E-09  7.83275002E+04  3.41817454E+00  0.00000000E+00
  4.26525227E+05  4.84714201E+06  2.56683799E-09  7.83415358E+04  3.42063814E+00  0.00000000E+00
  4.26872278E+05  4.84761026E+06  2.56659799E-09  7.83554846E+04  3.42308960E+00  0.00000000E+00
  4.27219328E+05  4.84807851E+06  2.56635817E-09  7.83693464E+04  3.42552891E+00  0.00000000E+00
  4.27566379E+05  4.84854676E+06  2.56611853E-09  7.83831214E+04  3.42795604E+00  0.00000000E+00
  4.27913430E+05  4.84901501E+06  2.56587908E-09  7.83968094E+04  3.43037097E+00  0.00000000E+00
  4.28260480E+05  4.84948326E+06  2.56563982E-09  7.84104105E+04  3.43277368E+00  0.00000000E+00
  4.28607531E+05  4.84995151E+06  2.56540075E-09  7.84239247E+04  3.43516414E+00  0.00000000E+00
  4.28954581E+05  4.85041976E+06  2.56516187E-09  7.84373520E+04  3.43754233E+00  0.00000000E+00
  4.29301632E+05  4.85088802E+06  2.56492319E-09  7.84506924E+04  3.43990822E+00  0.00000000E+00
  4.29648683E+05  4.85135627E+06  2.56468470E-09  7.84639458E+04  3.44226180E+00  0.00000000E+00
  4.29995733E+05  4.85182452E+06  2.56444642E-09  7.84771124E+04  3.44460303E+00  0.00000000E+00
  4.30342784E+05  4.85229277E+06  2.56420834E-09  7.84901921E+04  3.44693189E+00  0.00000000E+00
  4.30689835E+05  4.85276102E+06  2.56397046E-09  7.85031848E+04  3.44924837E+00  0.00000000E+00
  4.31036885E+05  4.85322927E+06  2.56373279E-09  7.85160907E+04  3.45155243E+00  0.00000000E+00
  4.31383936E+05  4.85369752E+06  2.56349534E-09  7.85289096E+04  3.45384405E+00  0.00000000E+00
  4.31730987E+05  4.85416577E+06  2.56325809E-09  7.85416416E+04  3.45612322E+00  0.00000000E+00
  4.32078037E+05  4.85463403E+06  2.56302107E-09  7.85542867E+04  3.45838990E+00  0.00000000E+00
  4.32425088E+05  4.85510228E+06  2.56278426E-09  7.85668449E+04  3.46064407E+00  0.00000000E+00
  4.32772138E+05  4.85557053E+06  2.56254767E-09  7.85793162E+04  3.46288572E+00  0.00000000E+00
  4.33119189E+05  4.85603878E+06  2.56231131E-09  7.85917006E+04  3.46511480E+00  0.00000000E+00
  4.33466240E+05  4.85650703E+06  2.56207518E-09  7.86039981E+04  3.46733132E+00  0.00000000E+00
  4.33813290E+05  4.85697528E+06  2.56183928E-09  7.86162087E+04  3.46953523E+00  0.00000000E+00
  4.34160341E+05  4.85744353E+06  2.56160362E-09  7.86283323E+04  3.47172651E+00  0.00000000E+00
  4.34507392E+05  4.85791178E+06  2.56136819E-09  7.86403691E+04  3.47390515E+00  0.00000000E+00
  4.34854442E+05  4.85838004E+06  2.56113300E-09  7.86523190E+04  3.47607112E+00  0.00000000E+00
  4.35201493E+05  4.85884829E+06  2.56089806E-09  7.86641819E+04  3.47822440E+00  0.00000000E+00
  4.35548544E+05  4.85931654E+06  2.56066336E-09  7.86759579E+04  3.48036496E+00  0.00000000E+00
  4.35895594E+05  4.85978479E+06  2.56042892E-09  7.86876470E+04  3.48249278E+00  0.00000000E+00
  4.36242645E+05  4.86025304E+06  2.56019473E-09  7.86992493E+04  3.48460783E+00  0.00000000E+00
  4.36589695E+05  4.86072129E+06  2.55996080E-09  7.87107646E+04  3.48671010E+00  0.00000000E+00
  4.36936746E+05  4.86118954E+06  2.55972712E-09  7.87221930E+04  3.48879956E+00  0.00000000E+00
  4.37283797E+05  4.86165779E+06  2.55949372E-09  7.87335345E+04  3.49087618E+00  0.00000000E+00
  4.37630847E+05  4.86212605E+06  2.55926058E-09  7.87447890E+04  3.49293995E+00  0.00000000E+00
  4.37977898E+05  4.86259430E+06  2.55902771E-09  7.87559567E+04  3.49499084E+00  0.00000000E+00
  4.38324949E+05  4.86306255E+06  2.55879512E-09  7.87670375E+04  3.49702882E+00  0.00000000E+00
  4.38671999E+05  4.86353080E+06  2.55856282E-09  7.87780313E+04  3.49905388E+00  0.00000000E+00
  4.39019050E+05  4.86399905E+06  2.55833079E-09  7.87889383E+04  3.50106599E+00  0.00000000E+00
  4.39366100E+05  4.86446730E+06  2.55809905E-09  7.87997583E+04  3.50306513E+00  0.00000000E+00
  4.39713151E+05  4.86493555E+06  2.55786761E-09  7.88104914E+04  3.50505127E+00  0.00000000E+00
  4.40060202E+05  4.86540380E+06  2.55763646E-09  7.88211377E+04  3.50702440E+00  0.00000000E+00
  4.40407252E+05  4.86587206E+06  2.55740561E-09  7.88316970E+04  3.50898448E+00  0.00000000E+00
  4.40754303E+05  4.86634031E+06  2.55717507E-09  7.88421694E+04  3.51093150E+00  0.00000000E+00
  4.41101354E+05  4.86680856E+06  2.55694483E-09  7.88525549E+04  3.51286543E+00  0.00000000E+00
  4.41448404E+05  4.86727681E+06  2.55671491E-09  7.88628534E+04  3.51478624E+00  0.00000000E+00
  4.41795455E+05  4.86774506E+06  2.55648531E-09  7.88730651E+04  3.51669393E+00  0.00000000E+00
  4.42142506E+05  4.86821331E+06  2.55625603E-09  7.88831899E+04  3.51858845E+00  0.00000000E+00
  4.42489556E+05  4.86868156E+06  2.55602708E-09  7.88932278E+04  3.52046979E+00  0.00000000E+00
  4.42836607E+05  4.86914981E+06  2.55579846E-09  7.89031787E+04  3.52233793E+00  0.00000000E+00
  4.43183657E+05  4.86961807E+06  2.55557017E-09  7.89130427E+04  3.52419284E+00  0.00000000E+00
  4.43530708E+05  4.87008632E+06  2.55534223E-09  7.89228199E+04  3.52603450E+00  0.00000000E+00
  4.43877759E+05  4.87055457E+06  2.55511464E-09  7.89325101E+04  3.52786288E+00  0.00000000E+00
  4.44224809E+05  4.87102282E+06  2.55488739E-09  7.89421134E+04  3.52967797E+00  0.00000000E+00
  4.44571860E+05  4.87149107E+06  2.55466051E-09  7.89516298E+04  3.53147973E+00  0.00000000E+00
  4.44918911E+05  4.87195932E+06  2.55443398E-09  7.89610593E+04  3.53326815E+00  0.00000000E+00
  4.45265961E+05  4.87242757E+06  2.55420783E-09  7.89704019E+04  3.53504321E+00  0.00000000E+00
  4.45613012E+05  4.87289582E+06  2.55398204E-09  7.89796576E+04  3.53680487E+00  0.00000000E+00
  4.45960062E+05  4.87336408E+06  2.55375664E-09  7.89888264E+04  3.53855311E+00  0.00000000E+00
  4.46307113E+05  4.87383233E+06  2.55353162E-09  7.89979083E+04  3.54028792E+00  0.00000000E+00
  4.46654164E+05  4.87430058E+06  2.55330699E-09  7.90069032E+04  3.54200926E+00  0.00000000E+00
  4.47001214E+05  4.87476883E+06  2.55308276E-09  7.90158113E+04  3.54371712E+00  0.00000000E+00
  4.47348265E+05  4.87523708E+06  2.55285892E-09  7.90246324E+04  3.54541146E+00  0.00000000E+00
  4.47695316E+05  4.87570533E+06  2.55263550E-09  7.90333666E+04  3.54709228E+00  0.00000000E+00
  4.48042366E+05  4.87617358E+06  2.55241249E-09  7.90420140E+04  3.54875953E+00  0.00000000E+00
  4.48389417E+05  4.87664183E+06  2.55218990E-09  7.90505744E+04  3.55041321E+00  0.00000000E+00
  4.48736468E+05  4.87711009E+06  2.55196773E-09  7.90590479E+04  3.55205328E+00  0.00000000E+00
  4.49083518E+05  4.87757834E+06  2.55174600E-09  7.90674345E+04  3.55367972E+00  0.00000000E+00
  4.49430569E+05  4.87804659E+06  2.55152471E-09  7.90757342E+04  3.55529251E+00  0.00000000E+00
  4.49777619E+05  4.87851484E+06  2.55130387E-09  7.90839470E+04  3.55689162E+00  0.00000000E+00
  4.50124670E+05  4.87898309E+06  2.55108347E-09  7.90920728E+04  3.55847703E+00  0.00000000E+00
  4.50471721E+05  4.87945134E+06  2.55086354E-09  7.91001118E+04  3.56004871E+00  0.00000000E+00
  4.50818771E+05  4.87991959E+06  2.55064407E-09  7.91080638E+04  3.56160665E+00  0.00000000E+00
  4.51165822E+05  4.88038784E+06  2.55042508E-09  7.91159290E+04  3.56315081E+00  0.00000000E+00
  4.51512873E+05  4.88085610E+06  2.55020657E-09  7.91237072E+04  3.56468117E+00  0.00000000E+00
  4.51859923E+05  4.88132435E+06  2.54998855E-09  7.91313986E+04  3.56619771E+00  0.00000000E+00
  4.52206974E+05  4.88179260E+06  2.54977102E-09  7.91390030E+04  3.56770040E+00  0.00000000E+00
  4.52554024E+05  4.88226085E+06  2.54955400E-09  7.91465205E+04  3.56918922E+00  0.00000000E+00
  4.52901075E+05  4.88272910E+06  2.54933748E-09  7.91539511E+04  3.57066415E+00  0.00000000E+00
  4.53248126E+05  4.88319735E+06  2.54912149E-09  7.91612948E+04  3.57212515E+00  0.00000000E+00
  4.53595176E+05  4.88366560E+06  2.54890603E-09  7.91685516E+04  3.57357221E+00  0.00000000E+00
  4.53942227E+05  4.88413385E+06  2.54869110E-09  7.91757215E+04  3.57500529E+00  0.00000000E+00
  4.54289278E+05  4.88460211E+06  2.54847671E-09  7.91828044E+04  3.57642438E+00  0.00000000E+00
  4.54636328E+05  4.88507036E+06  2.54826288E-09  7.91898005E+04  3.57782945E+00  0.00000000E+00
  4.54983379E+05  4.88553861E+06  2.54804960E-09  7.91967096E+04  3.57922047E+00  0.00000000E+00
  4.55330430E+05  4.88600686E+06  2.54783690E-09  7.92035319E+04  3.58059742E+00  0.00000000E+00
  4.55677480E+05  4.88647511E+06  2.54762477E-09  7.92102672E+04  3.58196027E+00  0.00000000E+00
  4.56024531E+05  4.88694336E+06  2.54741323E-09  7.92169157E+04  3.58330899E+00  0.00000000E+00
  4.56371581E+05  4.88741161E+06  2.54720229E-09  7.92234772E+04  3.58464357E+00  0.00000000E+00
  4.56718632E+05  4.88787986E+06  2.54699196E-09  7.92299518E+04  3.58596397E+00  0.00000000E+00
  4.57065683E+05  4.88834812E+06  2.54678223E-09  7.92363395E+04  3.58727017E+00  0.00000000E+00
  4.57412733E+05  4.88881637E+06  2.54657314E-09  7.92426403E+04  3.58856215E+00  0.00000000E+00
  4.57759784E+05  4.88928462E+06  2.54636468E-09  7.92488542E+04  3.58983987E+00  0.00000000E+00
  4.58106835E+05  4.88975287E+06  2.54615686E-09  7.92549811E+04  3.59110331E+00  0.00000000E+00
  4.58453885E+05  4.89022112E+06  2.54594970E-09  7.92610212E+04  3.59235245E+00  0.00000000E+00
  4.58800936E+05  4.89068937E+06  2.54574320E-09  7.92669744E+04  3.59358725E+00  0.00000000E+00
  4.59147986E+05  4.89115762E+06  2.54553738E-09  7.92728406E+04  3.59480769E+00  0.00000000E+00
  4.59495037E+05  4.89162587E+06  2.54533225E-09  7.92786200E+04  3.59601375E+00  0.00000000E+00
  4.59842088E+05  4.89209413E+06  2.54512781E-09  7.92843124E+04  3.59720539E+00  0.00000000E+00
  4.60189138E+05  4.89256238E+06  2.54492408E-09  7.92899179E+04  3.59838259E+00  0.00000000E+00
  4.60536189E+05  4.89303063E+06  2.54472107E-09  7.92954365E+04  3.59954533E+00  0.00000000E+00
  4.60883240E+05  4.89349888E+06  2.54451879E-09  7.93008682E+04  3.60069357E+00  0.00000000E+00
  4.61230290E+05  4.89396713E+06  2.54431726E-09  7.93062130E+04  3.60182728E+00  0.00000000E+00
  4.61577341E+05  4.89443538E+06  2.54411648E-09  7.93114709E+04  3.60294644E+00  0.00000000E+00
  4.61924392E+05  4.89490363E+06  2.54391646E-09  7.93166419E+04  3.60405103E+00  0.00000000E+00
  4.62271442E+05  4.89537188E+06  2.54371722E-09  7.93217260E+04  3.60514100E+00  0.00000000E+00
  4.62618493E+05  4.89584014E+06  2.54351878E-09  7.93267232E+04  3.60621634E+00  0.00000000E+00
  4.62965543E+05  4.89630839E+06  2.54332114E-09  7.93316334E+04  3.60727702E+00  0.00000000E+00
  4.63312594E+05  4.89677664E+06  2.54312431E-09  7.93364568E+04  3.60832300E+00  0.00000000E+00
  4.63659645E+05  4.89724489E+06  2.54292831E-09  7.93411932E+04  3.60935426E+00  0.00000000E+00
  4.64006695E+05  4.89771314E+06  2.54273316E-09  7.93458427E+04  3.61037076E+00  0.00000000E+00
  4.64353746E+05  4.89818139E+06  2.54253886E-09  7.93504054E+04  3.61137249E+00  0.00000000E+00
  4.64700797E+05  4.89864964E+06  2.54234544E-09  7.93548811E+04  3.61235940E+00  0.00000000E+00
  4.65047847E+05  4.89911789E+06  2.54215289E-09  7.93592699E+04  3.61333147E+00  0.00000000E+00
  4.65394898E+05  4.89958615E+06  2.54196125E-09  7.93635718E+04  3.61428867E+00  0.00000000E+00
  4.65741949E+05  4.90005440E+06  2.54177052E-09  7.93677868E+04  3.61523097E+00  0.00000000E+00
  4.66088999E+05  4.90052265E+06  2.54158071E-09  7.93719148E+04  3.61615833E+00  0.00000000E+00
  4.66436050E+05  4.90099090E+06  2.54139185E-09  7.93759560E+04  3.61707074E+00  0.00000000E+00
  4.66783100E+05  4.90145915E+06  2.54120394E-09  7.93799103E+04  3.61796815E+00  0.00000000E+00
  4.67130151E+05  4.90192740E+06  2.54101701E-09  7.93837776E+04  3.61885053E+00  0.00000000E+00
  4.67477202E+05  4.90239565E+06  2.54083107E-09  7.93875581E+04  3.61971785E+00  0.00000000E+00
  4.67824252E+05  4.90286390E+06  2.54064613E-09  7.93912516E+04  3.62057009E+00  0.00000000E+00
  4.68171303E+05  4.90333216E+06  2.54046221E-09  7.93948582E+04  3.62140720E+00  0.00000000E+00
  4.68518354E+05  4.90380041E+06  2.54027933E-09  7.93983780E+04  3.62222917E+00  0.00000000E+00
  4.68865404E+05  4.90426866E+06  2.54009751E-09  7.94018108E+04  3.62303594E+00  0.00000000E+00
  4.69212455E+05  4.90473691E+06  2.53991675E-09  7.94051567E+04  3.62382749E+00  0.00000000E+00
  4.69559505E+05  4.90520516E+06  2.53973709E-09  7.94084157E+04  3.62460380E+00  0.00000000E+00
  4.69906556E+05  4.90567341E+06  2.53955853E-09  7.94115878E+04  3.62536481E+00  0.00000000E+00
  4.70253607E+05  4.90614166E+06  2.53938109E-09  7.94146729E+04  3.62611051E+00  0.00000000E+00
  4.70600657E+05  4.90660991E+06  2.53920480E-09  7.94176712E+04  3.62684085E+00  0.00000000E+00
  4.70947708E+05  4.90707817E+06  2.53902967E-09  7.94205826E+04  3.62755580E+00  0.00000000E+00
  4.71294759E+05  4.90754642E+06  2.53885572E-09  7.94234070E+04  3.62825533E+00  0.00000000E+00
  4.71641809E+05  4.90801467E+06  2.53868296E-09  7.94261446E+04  3.62893940E+00  0.00000000E+00
  4.71988860E+05  4.90848292E+06  2.53851143E-09  7.94287952E+04  3.62960797E+00  0.00000000E+00
  4.72335911E+05  4.90895117E+06  2.53834114E-09  7.94313589E+04  3.63026101E+00  0.00000000E+00
  4.72682961E+05  4.90941942E+06  2.53817210E-09  7.94338358E+04  3.63089849E+00  0.00000000E+00
  4.73030012E+05  4.90988767E+06  2.53800435E-09  7.94362257E+04  3.63152036E+00  0.00000000E+00
  4.73377062E+05  4.91035592E+06  2.53783789E-09  7.94385287E+04  3.63212659E+00  0.00000000E+00
  4.73724113E+05  4.91082418E+06  2.53767276E-09  7.94407448E+04  3.63271715E+00  0.00000000E+00
  4.74071164E+05  4.91129243E+06  2.53750897E-09  7.94428739E+04  3.63329199E+00  0.00000000E+00
  4.74418214E+05  4.91176068E+06  2.53734654E-09  7.94449162E+04  3.63385107E+00  0.00000000E+00
  4.74765265E+05  4.91222893E+06  2.53718550E-09  7.94468716E+04  3.63439437E+00  0.00000000E+00
  4.75112316E+05  4.91269718E+06  2.53702588E-09  7.94487400E+04  3.63492183E+00  0.00000000E+00
  4.75459366E+05  4.91316543E+06  2.53686768E-09  7.94505216E+04  3.63543342E+00  0.00000000E+00
  4.75806417E+05  4.91363368E+06  2.53671095E-09  7.94522162E+04  3.63592910E+00  0.00000000E+00
  4.76153467E+05  4.91410193E+06  2.53655569E-09  7.94538240E+04  3.63640883E+00  0.00000000E+00
  4.76500518E+05  4.91457019E+06  2.53640194E-09  7.94553448E+04  3.63687257E+00  0.00000000E+00
  4.76847569E+05  4.91503844E+06  2.53624972E-09  7.94567787E+04  3.63732027E+00  0.00000000E+00
  4.77194619E+05  4.91550669E+06  2.53609905E-09  7.94581257E+04  3.63775191E+00  0.00000000E+00
  4.77541670E+05  4.91597494E+06  2.53594997E-09  7.94593858E+04  3.63816742E+00  0.00000000E+00
  4.77888721E+05  4.91644319E+06  2.53580249E-09  7.94605590E+04  3.63856678E+00  0.00000000E+00
  4.78235771E+05  4.91691144E+06  2.53565664E-09  7.94616453E+04  3.63894994E+00  0.00000000E+00
  4.78582822E+05  4.91737969E+06  2.53551246E-09  7.94626447E+04  3.63931685E+00  0.00000000E+00
  4.78929873E+05  4.91784794E+06  2.53536996E-09  7.94635571E+04  3.63966748E+00  0.00000000E+00
  4.79276923E+05  4.91831620E+06  2.53522917E-09  7.94643827E+04  3.64000177E+00  0.00000000E+00
  4.79623974E+05  4.91878445E+06  2.53509013E-09  7.94651213E+04  3.64031968E+00  0.00000000E+00
  4.79971024E+05  4.91925270E+06  2.53495286E-09  7.94657731E+04  3.64062116E+00  0.00000000E+00
  4.80318075E+05  4.91972095E+06  2.53481739E-09  7.94663379E+04  3.64090618E+00  0.00000000E+00
  4.80665126E+05  4.92018920E+06  2.53468376E-09  7.94668158E+04  3.64117468E+00  0.00000000E+00
  4.81012176E+05  4.92065745E+06  2.53455198E-09  7.94672068E+04  3.64142662E+00  0.00000000E+00
  4.81359227E+05  4.92112570E+06  2.53442209E-09  7.94675109E+04  3.64166195E+00  0.00000000E+00
  4.81706278E+05  4.92159395E+06  2.53429413E-09  7.94677281E+04  3.64188061E+00  0.00000000E+00
  4.82053328E+05  4.92206221E+06  2.53416813E-09  7.94678584E+04  3.64208257E+00  0.00000000E+00
  4.82400379E+05  4.92253046E+06  2.53404410E-09  7.94679018E+04  3.64226777E+00  0.00000000E+00
  4.82747429E+05  4.92299871E+06  2.53392210E-09  7.94678583E+04  3.64243616E+00  0.00000000E+00
  4.83094480E+05  4.92346696E+06  2.53380216E-09  7.94677278E+04  3.64258769E+00  0.00000000E+00
  4.83441531E+05  4.92393521E+06  2.53368429E-09  7.94675105E+04  3.64272231E+00  0.00000000E+00
  4.83788581E+05  4.92440346E+06  2.53356856E-09  7.94672062E+04  3.64283997E+00  0.00000000E+00
  4.84135632E+05  4.92487171E+06  2.53345497E-09  7.94668466E+04  3.64294567E+00  0.00000000E+00
  4.84482683E+05  4.92533996E+06  2.53334358E-09  7.94664860E+04  3.64304807E+00  0.00000000E+00
  4.84829733E+05  4.92580822E+06  2.53323442E-09  7.94661254E+04  3.64314727E+00  0.00000000E+00
  4.85176784E+05  4.92627647E+06  2.53312752E-09  7.94657648E+04  3.64324323E+00  0.00000000E+00
  4.85523835E+05  4.92674472E+06  2.53302293E-09  7.94654043E+04  3.64333588E+00  0.00000000E+00
  4.85870885E+05  4.92721297E+06  2.53292068E-09  7.94650437E+04  3.64342518E+00  0.00000000E+00
  4.86217936E+05  4.92768122E+06  2.53282080E-09  7.94646831E+04  3.64351105E+00  0.00000000E+00
  4.86564986E+05  4.92814947E+06  2.53272335E-09  7.94643225E+04  3.64359346E+00  0.00000000E+00
  4.86912037E+05  4.92861772E+06  2.53262835E-09  7.94639619E+04  3.64367233E+00  0.00000000E+00
  4.87259088E+05  4.92908597E+06  2.53253586E-09  7.94636013E+04  3.64374762E+00  0.00000000E+00
  4.87606138E+05  4.92955423E+06  2.53244590E-09  7.94632407E+04  3.64381925E+00  0.00000000E+00
  4.87953189E+05  4.93002248E+06  2.53235853E-09  7.94628802E+04  3.64388717E+00  0.00000000E+00
  4.88300240E+05  4.93049073E+06  2.53227379E-09  7.94625196E+04  3.64395132E+00  0.00000000E+00
  4.88647290E+05  4.93095898E+06  2.53219172E-09  7.94621590E+04  3.64401163E+00  0.00000000E+00
  4.88994341E+05  4.93142723E+06  2.53211236E-09  7.94617984E+04  3.64406804E+00  0.00000000E+00
  4.89341392E+05  4.93189548E+06  2.53203576E-09  7.94614378E+04  3.64412048E+00  0.00000000E+00
  4.89688442E+05  4.93236373E+06  2.53196196E-09  7.94610772E+04  3.64416889E+00  0.00000000E+00
  4.90035493E+05  4.93283198E+06  2.53189102E-09  7.94607166E+04  3.64421320E+00  0.00000000E+00
  4.90382543E+05  4.93330024E+06  2.53182297E-09  7.94603561E+04  3.64425334E+00  0.00000000E+00
  4.90729594E+05  4.93376849E+06  2.53175787E-09  7.94599955E+04  3.64428924E+00  0.00000000E+00
  4.91076645E+05  4.93423674E+06  2.53169577E-09  7.94596349E+04  3.64432083E+00  0.00000000E+00
  4.91423695E+05  4.93470499E+06  2.53163671E-09  7.94592743E+04  3.64434803E+00  0.00000000E+00
  4.91770746E+05  4.93517324E+06  2.53158075E-09  7.94589137E+04  3.64437079E+00  0.00000000E+00
  4.92117797E+05  4.93564149E+06  2.53152794E-09  7.94585531E+04  3.64438901E+00  0.00000000E+00
  4.92464847E+05  4.93610974E+06  2.53147832E-09  7.94581925E+04  3.64440263E+00  0.00000000E+00
  4.92811898E+05  4.93657799E+06  2.53143196E-09  7.94578320E+04  3.64441157E+00  0.00000000E+00
  4.93158948E+05  4.93704625E+06  2.53138891E-09  7.94574714E+04  3.64441575E+00  0.00000000E+00
  4.93505999E+05  4.93751450E+06  2.53134921E-09  7.94571108E+04  3.64441509E+00  0.00000000E+00
  4.93853050E+05  4.93798275E+06  2.53131294E-09  7.94567502E+04  3.64440950E+00  0.00000000E+00
  4.94200100E+05  4.93845100E+06  2.53128014E-09  7.94563896E+04  3.64439892E+00  0.00000000E+00
  4.94547151E+05  4.93891925E+06  2.53125087E-09  7.94560290E+04  3.64438326E+00  0.00000000E+00
  4.94894202E+05  4.93938750E+06  2.53122519E-09  7.94556684E+04  3.64436242E+00  0.00000000E+00
  4.95241252E+05  4.93985575E+06  2.53120316E-09  7.94553079E+04  3.64433633E+00  0.00000000E+00
  4.95588303E+05  4.94032400E+06  2.53118484E-09  7.94549473E+04  3.64430490E+00  0.00000000E+00
  4.95935354E+05  4.94079226E+06  2.53117029E-09  7.94545867E+04  3.64426803E+00  0.00000000E+00
  4.96282404E+05  4.94126051E+06  2.53115958E-09  7.94542261E+04  3.64422565E+00  0.00000000E+00
  4.96629455E+05  4.94172876E+06  2.53115277E-09  7.94538655E+04  3.64417765E+00  0.00000000E+00
  4.96976505E+05  4.94219701E+06  2.53114992E-09  7.94535049E+04  3.64412395E+00  0.00000000E+00
  4.97323556E+05  4.94266526E+06  2.53115110E-09  7.94531444E+04  3.64406444E+00  0.00000000E+00
  4.97670607E+05  4.94313351E+06  2.53115637E-09  7.94527838E+04  3.64399904E+00  0.00000000E+00
  4.98017657E+05  4.94360176E+06  2.53116581E-09  7.94524232E+04  3.64392765E+00  0.00000000E+00
  4.98364708E+05  4.94407001E+06  2.53117948E-09  7.94520626E+04  3.64385016E+00  0.00000000E+00
  4.98711759E+05  4.94453827E+06  2.53119746E-09  7.94517020E+04  3.64376648E+00  0.00000000E+00
  4.99058809E+05  4.94500652E+06  2.53121981E-09  7.94513414E+04  3.64367651E+00  0.00000000E+00
  4.99405860E+05  4.94547477E+06  2.53124661E-09  7.94509808E+04  3.64358014E+00  0.00000000E+00
  4.99752910E+05  4.94594302E+06  2.53127793E-09  7.94506203E+04  3.64347726E+00  0.00000000E+00
  5.00099961E+05  4.94641127E+06  2.53131384E-09  7.94502597E+04  3.64336777E+00  0.00000000E+00
  5.00447012E+05  4.94687952E+06  2.53135443E-09  7.94498991E+04  3.64325155E+00  0.00000000E+00
  5.00794062E+05  4.94734777E+06  2.53139977E-09  7.94495385E+04  3.64312851E+00  0.00000000E+00
  5.01141113E+05  4.94781602E+06  2.53144993E-09  7.94491779E+04  3.64299852E+00  0.00000000E+00
  5.01488164E+05  4.94828428E+06  2.53150501E-09  7.94488173E+04  3.64286148E+00  0.00000000E+00
  5.01835214E+05  4.94875253E+06  2.53156507E-09  7.94484567E+04  3.64271726E+00  0.00000000E+00
  5.02182265E+05  4.94922078E+06  2.53163021E-09  7.94480962E+04  3.64256575E+00  0.00000000E+00
  5.02529316E+05  4.94968903E+06  2.53170050E-09  7.94477356E+04  3.64240682E+00  0.00000000E+00
  5.02876366E+05  4.95015728E+06  2.53177604E-09  7.94473750E+04  3.64224037E+00  0.00000000E+00
  5.03223417E+05  4.95062553E+06  2.53185691E-09  7.94470144E+04  3.64206626E+00  0.00000000E+00
  5.03570467E+05  4.95109378E+06  2.53194319E-09  7.94466538E+04  3.64188437E+00  0.00000000E+00
  5.03917518E+05  4.95156203E+06  2.53203498E-09  7.94462932E+04  3.64169457E+00  0.00000000E+00
  5.04264569E+05  4.95203029E+06  2.53213237E-09  7.94459326E+04  3.64149673E+00  0.00000000E+00
  5.04611619E+05  4.95249854E+06  2.53223545E-09  7.94455721E+04  3.64129073E+00  0.00000000E+00
  5.04958670E+05  4.95296679E+06  2.53234432E-09  7.94452115E+04  3.64107643E+00  0.00000000E+00
  5.05305721E+05  4.95343504E+06  2.53245907E-09  7.94448509E+04  3.64085368E+00  0.00000000E+00
  5.05652771E+05  4.95390329E+06  2.53257979E-09  7.94444903E+04  3.64062237E+00  0.00000000E+00
  5.05999822E+05  4.95437154E+06  2.53270660E-09  7.94441297E+04  3.64038234E+00  0.00000000E+00
  5.06346872E+05  4.95483979E+06  2.53283958E-09  7.94437691E+04  3.64013346E+00  0.00000000E+00
  5.06693923E+05  4.95530804E+06  2.53297884E-09  7.94434085E+04  3.63987558E+00  0.00000000E+00
  5.07040974E+05  4.95577630E+06  2.53312449E-09  7.94430480E+04  3.63960856E+00  0.00000000E+00
  5.07388024E+05  4.95624455E+06  2.53327663E-09  7.94426874E+04  3.63933224E+00  0.00000000E+00
  5.07735075E+05  4.95671280E+06  2.53343536E-09  7.94423268E+04  3.63904648E+00  0.00000000E+00
  5.08082126E+05  4.95718105E+06  2.53360080E-09  7.94419662E+04  3.63875113E+00  0.00000000E+00
  5.08429176E+05  4.95764930E+06  2.53377305E-09  7.94416056E+04  3.63844603E+00  0.00000000E+00
  5.08776227E+05  4.95811755E+06  2.53395224E-09  7.94412450E+04  3.63813102E+00  0.00000000E+00
  5.09123278E+05  4.95858580E+06  2.53413847E-09  7.94408844E+04  3.63780595E+00  0.00000000E+00
  5.09470328E+05  4.95905405E+06  2.53433185E-09  7.94405239E+04  3.63747065E+00  0.00000000E+00
  5.09817379E+05  4.95952231E+06  2.53453252E-09  7.94401633E+04  3.63712495E+00  0.00000000E+00
  5.10164429E+05  4.95999056E+06  2.53474058E-09  7.94398027E+04  3.63676870E+00  0.00000000E+00
  5.10511480E+05  4.96045881E+06  2.53495616E-09  7.94394421E+04  3.63640172E+00  0.00000000E+00
  5.10858531E+05  4.96092706E+06  2.53517939E-09  7.94390815E+04  3.63602384E+00  0.00000000E+00
  5.11205581E+05  4.96139531E+06  2.53541039E-09  7.94387209E+04  3.63563489E+00  0.00000000E+00
  5.11552632E+05  4.96186356E+06  2.53564928E-09  7.94383604E+04  3.63523469E+00  0.00000000E+00
  5.11899683E+05  4.96233181E+06  2.53589620E-09  7.94379998E+04  3.63482305E+00  0.00000000E+00
  5.12246733E+05  4.96280006E+06  2.53615128E-09  7.94376392E+04  3.63439981E+00  0.00000000E+00
  5.12593784E+05  4.96326832E+06  2.53641466E-09  7.94372786E+04  3.63396476E+00  0.00000000E+00
  5.12940835E+05  4.96373657E+06  2.53668646E-09  7.94369180E+04  3.63351774E+00  0.00000000E+00
  5.13287885E+05  4.96420482E+06  2.53696683E-09  7.94365574E+04  3.63305854E+00  0.00000000E+00
  5.13634936E+05  4.96467307E+06  2.53725591E-09  7.94361968E+04  3.63258697E+00  0.00000000E+00
  5.13981986E+05  4.96514132E+06  2.53755385E-09  7.94358363E+04  3.63210284E+00  0.00000000E+00
  5.14329037E+05  4.96560957E+06  2.53786078E-09  7.94354757E+04  3.63160595E+00  0.00000000E+00
  5.14676088E+05  4.96607782E+06  2.53817686E-09  7.94351151E+04  3.63109609E+00  0.00000000E+00
  5.15023138E+05  4.96654607E+06  2.53850223E-09  7.94347545E+04  3.63057307E+00  0.00000000E+00
  5.15370189E+05  4.96701433E+06  2.53883705E-09  7.94343939E+04  3.63003668E+00  0.00000000E+00
  5.15717240E+05  4.96748258E+06  2.53918147E-09  7.94340333E+04  3.62948670E+00  0.00000000E+00
  5.16064290E+05  4.96795083E+06  2.53953565E-09  7.94336727E+04  3.62892293E+00  0.00000000E+00
  5.16411341E+05  4.96841908E+06  2.53989975E-09  7.94333122E+04  3.62834515E+00  0.00000000E+00
  5.16758391E+05  4.96888733E+06  2.54027393E-09  7.94329516E+04  3.62775313E+00  0.00000000E+00
  5.17105442E+05  4.96935558E+06  2.54065835E-09  7.94325910E+04  3.62714667E+00  0.00000000E+00
  5.17452493E+05  4.96982383E+06  2.54105319E-09  7.94322304E+04  3.62652552E+00  0.00000000E+00
  5.17799543E+05  4.97029208E+06  2.54145862E-09  7.94318698E+04  3.62588948E+00  0.00000000E+00
  5.18146594E+05  4.97076034E+06  2.54187479E-09  7.94315092E+04  3.62523829E+00  0.00000000E+00
  5.18493645E+05  4.97122859E+06  2.54230190E-09  7.94311486E+04  3.62457173E+00  0.00000000E+00
  5.18840695E+05  4.97169684E+06  2.54274012E-09  7.94307881E+04  3.62388957E+00  0.00000000E+00
  5.19187746E+05  4.97216509E+06  2.54318963E-09  7.94304275E+04  3.62319155E+00  0.00000000E+00
  5.19534797E+05  4.97263334E+06  2.54365061E-09  7.94300669E+04  3.62247745E+00  0.00000000E+00
  5.19881847E+05  4.97310159E+06  2.54412326E-09  7.94297063E+04  3.62174700E+00  0.00000000E+00
  5.20228898E+05  4.97356984E+06  2.54460775E-09  7.94293457E+04  3.62099996E+00  0.00000000E+00
  5.20575948E+05  4.97403809E+06  2.54510429E-09  7.94289851E+04  3.62023607E+00  0.00000000E+00
  5.20922999E+05  4.97450635E+06  2.54561306E-09  7.94286245E+04  3.61945509E+00  0.00000000E+00
  5.21270050E+05  4.97497460E+06  2.54613428E-09  7.94282640E+04  3.61865674E+00  0.00000000E+00
  5.21617100E+05  4.97544285E+06  2.54666813E-09  7.94279034E+04  3.61784077E+00  0.00000000E+00
  5.21964151E+05  4.97591110E+06  2.54721482E-09  7.94275428E+04  3.61700690E+00  0.00000000E+00
  5.22311202E+05  4.97637935E+06  2.54777456E-09  7.94271822E+04  3.61615486E+00  0.00000000E+00
  5.22658252E+05  4.97684760E+06  2.54834757E-09  7.94268216E+04  3.61528439E+00  0.00000000E+00
  5.23005303E+05  4.97731585E+06  2.54893405E-09  7.94264610E+04  3.61439520E+00  0.00000000E+00
  5.23352353E+05  4.97778410E+06  2.54953422E-09  7.94261004E+04  3.61348701E+00  0.00000000E+00
  5.23699404E+05  4.97825236E+06  2.55014831E-09  7.94257399E+04  3.61255954E+00  0.00000000E+00
  5.24046455E+05  4.97872061E+06  2.55077654E-09  7.94253793E+04  3.61161249E+00  0.00000000E+00
  5.24393505E+05  4.97918886E+06  2.55141913E-09  7.94250187E+04  3.61064559E+00  0.00000000E+00
  5.24740556E+05  4.97965711E+06  2.55207632E-09  7.94246581E+04  3.60965852E+00  0.00000000E+00
  5.25087607E+05  4.98012536E+06  2.55274835E-09  7.94242975E+04  3.60865099E+00  0.00000000E+00
  5.25434657E+05  4.98059361E+06  2.55343544E-09  7.94239369E+04  3.60762270E+00  0.00000000E+00
  5.25781708E+05  4.98106186E+06  2.55413785E-09  7.94235764E+04  3.60657335E+00  0.00000000E+00
  5.26128759E+05  4.98153011E+06  2.55485581E-09  7.94232158E+04  3.60550261E+00  0.00000000E+00
  5.26475809E+05  4.98199837E+06  2.55558959E-09  7.94228552E+04  3.60441019E+00  0.00000000E+00
  5.26822860E+05  4.98246662E+06  2.55633942E-09  7.94224946E+04  3.60329575E+00  0.00000000E+00
  5.27169910E+05  4.98293487E+06  2.55710557E-09  7.94221340E+04  3.60215899E+00  0.00000000E+00
  5.27516961E+05  4.98340312E+06  2.55788829E-09  7.94217734E+04  3.60099956E+00  0.00000000E+00
  5.27864012E+05  4.98387137E+06  2.55868786E-09  7.94214128E+04  3.59981715E+00  0.00000000E+00
  5.28211062E+05  4.98433962E+06  2.55950454E-09  7.94210523E+04  3.59861143E+00  0.00000000E+00
  5.28558113E+05  4.98480787E+06  2.56033860E-09  7.94206917E+04  3.59738205E+00  0.00000000E+00
  5.28905164E+05  4.98527612E+06  2.56119032E-09  7.94203311E+04  3.59612868E+00  0.00000000E+00
  5.29252214E+05  4.98574438E+06  2.56205998E-09  7.94199705E+04  3.59485097E+00  0.00000000E+00
  5.29599265E+05  4.98621263E+06  2.56294786E-09  7.94196099E+04  3.59354857E+00  0.00000000E+00
  5.29946315E+05  4.98668088E+06  2.56385426E-09  7.94192493E+04  3.59222114E+00  0.00000000E+00
  5.30293366E+05  4.98714913E+06  2.56477946E-09  7.94188887E+04  3.59086832E+00  0.00000000E+00
  5.30640417E+05  4.98761738E+06  2.56572377E-09  7.94185282E+04  3.58948975E+00  0.00000000E+00
  5.30987467E+05  4.98808563E+06  2.56668747E-09  7.94181676E+04  3.58808507E+00  0.00000000E+00
  5.31334518E+05  4.98855388E+06  2.56767090E-09  7.94178070E+04  3.58665391E+00  0.00000000E+00
  5.31681569E+05  4.98902213E+06  2.56867434E-09  7.94174464E+04  3.58519590E+00  0.00000000E+00
  5.32028619E+05  4.98949039E+06  2.56969812E-09  7.94170858E+04  3.58371067E+00  0.00000000E+00
  5.32375670E+05  4.98995864E+06  2.57074255E-09  7.94167252E+04  3.58219784E+00  0.00000000E+00
  5.32722721E+05  4.99042689E+06  2.57180796E-09  7.94163646E+04  3.58065703E+00  0.00000000E+00
  5.33069771E+05  4.99089514E+06  2.57289468E-09  7.94160041E+04  3.57908786E+00  0.00000000E+00
  5.33416822E+05  4.99136339E+06  2.57400305E-09  7.94156435E+04  3.57748993E+00  0.00000000E+00
  5.33763872E+05  4.99183164E+06  2.57513339E-09  7.94152829E+04  3.57586286E+00  0.00000000E+00
  5.34110923E+05  4.99229989E+06  2.57628606E-09  7.94149223E+04  3.57420624E+00  0.00000000E+00
  5.34457974E+05  4.99276814E+06  2.57746139E-09  7.94145617E+04  3.57251969E+00  0.00000000E+00
  5.34805024E+05  4.99323640E+06  2.57865975E-09  7.94142011E+04  3.57080279E+00  0.00000000E+00
  5.35152075E+05  4.99370465E+06  2.57988149E-09  7.94138405E+04  3.56905514E+00  0.00000000E+00
  5.35499126E+05  4.99417290E+06  2.58112697E-09  7.94134800E+04  3.56727634E+00  0.00000000E+00
  5.35846176E+05  4.99464115E+06  2.58239656E-09  7.94131194E+04  3.56546596E+00  0.00000000E+00
  5.36193227E+05  4.99510940E+06  2.58369064E-09  7.94127588E+04  3.56362359E+00  0.00000000E+00
  5.36540277E+05  4.99557765E+06  2.58500957E-09  7.94123982E+04  3.56174881E+00  0.00000000E+00
  5.36887328E+05  4.99604590E+06  2.58635375E-09  7.94120376E+04  3.55984120E+00  0.00000000E+00
  5.37234379E+05  4.99651415E+06  2.58772356E-09  7.94116770E+04  3.55790034E+00  0.00000000E+00
  5.37581429E+05  4.99698241E+06  2.58911940E-09  7.94113164E+04  3.55592578E+00  0.00000000E+00
  5.37928480E+05  4.99745066E+06  2.59054166E-09  7.94109559E+04  3.55391710E+00  0.00000000E+00
  5.38275531E+05  4.99791891E+06  2.59199075E-09  7.94105953E+04  3.55187386E+00  0.00000000E+00
  5.38622581E+05  4.99838716E+06  2.59346707E-09  7.94102347E+04  3.54979563E+00  0.00000000E+00
  5.38969632E+05  4.99885541E+06  2.59497105E-09  7.94098741E+04  3.54768195E+00  0.00000000E+00
  5.39316683E+05  4.99932366E+06  2.59650310E-09  7.94095135E+04  3.54553239E+00  0.00000000E+00
  5.39663733E+05  4.99979191E+06  2.59806364E-09  7.94091529E+04  3.54334650E+00  0.00000000E+00
  5.40010784E+05  5.00026016E+06  2.59965312E-09  7.94087924E+04  3.54112383E+00  0.00000000E+00
  5.40357834E+05  5.00072842E+06  2.60127197E-09  7.94084318E+04  3.53886392E+00  0.00000000E+00
  5.40704885E+05  5.00119667E+06  2.60292063E-09  7.94080712E+04  3.53656632E+00  0.00000000E+00
  5.41051936E+05  5.00166492E+06  2.60459954E-09  7.94077106E+04  3.53423056E+00  0.00000000E+00
  5.41398986E+05  5.00213317E+06  2.60630917E-09  7.94073500E+04  3.53185620E+00  0.00000000E+00
  5.41746037E+05  5.00260142E+06  2.60804997E-09  7.94069894E+04  3.52944276E+00  0.00000000E+00
  5.42093088E+05  5.00306967E+06  2.60982241E-09  7.94066288E+04  3.52698979E+00  0.00000000E+00
  5.42440138E+05  5.00353792E+06  2.61162697E-09  7.94062683E+04  3.52449681E+00  0.00000000E+00
  5.42787189E+05  5.00400617E+06  2.61346411E-09  7.94059077E+04  3.52196335E+00  0.00000000E+00
  5.43134240E+05  5.00447443E+06  2.61533433E-09  7.94055471E+04  3.51938894E+00  0.00000000E+00
  5.43481290E+05  5.00494268E+06  2.61723811E-09  7.94051865E+04  3.51677312E+00  0.00000000E+00
  5.43828341E+05  5.00541093E+06  2.61917595E-09  7.94048259E+04  3.51411540E+00  0.00000000E+00
  5.44175391E+05  5.00587918E+06  2.62114835E-09  7.94044653E+04  3.51141532E+00  0.00000000E+00
  5.44522442E+05  5.00634743E+06  2.62315581E-09  7.94041047E+04  3.50867238E+00  0.00000000E+00
  5.44869493E+05  5.00681568E+06  2.62519886E-09  7.94037442E+04  3.50588613E+00  0.00000000E+00
  5.45216543E+05  5.00728393E+06  2.62727802E-09  7.94033836E+04  3.50305607E+00  0.00000000E+00
  5.45563594E+05  5.00775218E+06  2.62939380E-09  7.94030230E+04  3.50018172E+00  0.00000000E+00
  5.45910645E+05  5.00822044E+06  2.63154675E-09  7.94026624E+04  3.49726261E+00  0.00000000E+00
  5.46257695E+05  5.00868869E+06  2.63373739E-09  7.94023018E+04  3.49429825E+00  0.00000000E+00
  5.46604746E+05  5.00915694E+06  2.63596628E-09  7.94019412E+04  3.49128817E+00  0.00000000E+00
  5.46951796E+05  5.00962519E+06  2.63823397E-09  7.94015806E+04  3.48823187E+00  0.00000000E+00
  5.47298847E+05  5.01009344E+06  2.64054101E-09  7.94012201E+04  3.48512888E+00  0.00000000E+00
  5.47645898E+05  5.01056169E+06  2.64288797E-09  7.94008595E+04  3.48197872E+00  0.00000000E+00
  5.47992948E+05  5.01102994E+06  2.64527542E-09  7.94004989E+04  3.47878090E+00  0.00000000E+00
  5.48339999E+05  5.01149819E+06  2.64770393E-09  7.94001383E+04  3.47553495E+00  0.00000000E+00
  5.48687050E+05  5.01196645E+06  2.65017409E-09  7.93997777E+04  3.47224038E+00  0.00000000E+00
  5.49034100E+05  5.01243470E+06  2.65268648E-09  7.93994171E+04  3.46889671E+00  0.00000000E+00
  5.49381151E+05  5.01290295E+06  2.65524171E-09  7.93990565E+04  3.46550347E+00  0.00000000E+00
  5.49728202E+05  5.01337120E+06  2.65784036E-09  7.93986960E+04  3.46206018E+00  0.00000000E+00
  5.50075252E+05  5.01383945E+06  2.66048306E-09  7.93983354E+04  3.45856637E+00  0.00000000E+00
  5.50422303E+05  5.01430770E+06  2.66317041E-09  7.93979748E+04  3.45502156E+00  0.00000000E+00
  5.50769353E+05  5.01477595E+06  2.66590304E-09  7.93976142E+04  3.45142528E+00  0.00000000E+00
  5.51116404E+05  5.01524420E+06  2.66868156E-09  7.93972536E+04  3.44777706E+00  0.00000000E+00
  5.51463455E+05  5.01571246E+06  2.67150662E-09  7.93968930E+04  3.44407644E+00  0.00000000E+00
  5.51810505E+05  5.01618071E+06  2.67437886E-09  7.93965324E+04  3.44032296E+00  0.00000000E+00
  5.52157556E+05  5.01664896E+06  2.67729891E-09  7.93961719E+04  3.43651615E+00  0.00000000E+00
  5.52504607E+05  5.01711721E+06  2.68026743E-09  7.93958113E+04  3.43265556E+00  0.00000000E+00
  5.52851657E+05  5.01758546E+06  2.68328508E-09  7.93954507E+04  3.42874073E+00  0.00000000E+00
  5.53198708E+05  5.01805371E+06  2.68635252E-09  7.93950901E+04  3.42477122E+00  0.00000000E+00
  5.53545758E+05  5.01852196E+06  2.68947042E-09  7.93947295E+04  3.42074659E+00  0.00000000E+00
  5.53892809E+05  5.01899021E+06  2.69263945E-09  7.93943689E+04  3.41666639E+00  0.00000000E+00
  5.54239860E+05  5.01945847E+06  2.69586031E-09  7.93940084E+04  3.41253019E+00  0.00000000E+00
  5.54586910E+05  5.01992672E+06  2.69913366E-09  7.93936478E+04  3.40833756E+00  0.00000000E+00
  5.54933961E+05  5.02039497E+06  2.70246022E-09  7.93932872E+04  3.40408808E+00  0.00000000E+00
  5.55281012E+05  5.02086322E+06  2.70584068E-09  7.93929266E+04  3.39978133E+00  0.00000000E+00
  5.55628062E+05  5.02133147E+06  2.70927573E-09  7.93925660E+04  3.39541689E+00  0.00000000E+00
  5.55975113E+05  5.02179972E+06  2.71276610E-09  7.93922054E+04  3.39099436E+00  0.00000000E+00
  5.56322164E+05  5.02226797E+06  2.71631250E-09  7.93918448E+04  3.38651334E+00  0.00000000E+00
  5.56669214E+05  5.02273622E+06  2.71991565E-09  7.93914843E+04  3.38197344E+00  0.00000000E+00
  5.57016265E+05  5.02320448E+06  2.72357628E-09  7.93911237E+04  3.37737428E+00  0.00000000E+00
  5.57363315E+05  5.02367273E+06  2.72729511E-09  7.93907631E+04  3.37271548E+00  0.00000000E+00
  5.57710366E+05  5.02414098E+06  2.73107290E-09  7.93904025E+04  3.36799668E+00  0.00000000E+00
  5.58057417E+05  5.02460923E+06  2.73491037E-09  7.93900419E+04  3.36321751E+00  0.00000000E+00
  5.58404467E+05  5.02507748E+06  2.73880828E-09  7.93896813E+04  3.35837762E+00  0.00000000E+00
  5.58751518E+05  5.02554573E+06  2.74276738E-09  7.93893207E+04  3.35347667E+00  0.00000000E+00
  5.59098569E+05  5.02601398E+06  2.74678842E-09  7.93889602E+04  3.34851433E+00  0.00000000E+00
  5.59445619E+05  5.02648223E+06  2.75087217E-09  7.93885996E+04  3.34349029E+00  0.00000000E+00
  5.59792670E+05  5.02695049E+06  2.75501940E-09  7.93882390E+04  3.33840422E+00  0.00000000E+00
  5.60139720E+05  5.02741874E+06  2.75923086E-09  7.93878784E+04  3.33325584E+00  0.00000000E+00
  5.60486771E+05  5.02788699E+06  2.76350735E-09  7.93875178E+04  3.32804484E+00  0.00000000E+00
  5.60833822E+05  5.02835524E+06  2.76784963E-09  7.93871572E+04  3.32277096E+00  0.00000000E+00
  5.61180872E+05  5.02882349E+06  2.77225849E-09  7.93867966E+04  3.31743393E+00  0.00000000E+00
  5.61527923E+05  5.02929174E+06  2.77673472E-09  7.93864361E+04  3.31203350E+00  0.00000000E+00
  5.61874974E+05  5.02975999E+06  2.78127909E-09  7.93860755E+04  3.30656942E+00  0.00000000E+00
  5.62222024E+05  5.03022824E+06  2.78589241E-09  7.93857149E+04  3.30104148E+00  0.00000000E+00
  5.62569075E+05  5.03069650E+06  2.79057548E-09  7.93853543E+04  3.29544945E+00  0.00000000E+00
  5.62916126E+05  5.03116475E+06  2.79532908E-09  7.93849937E+04  3.28979314E+00  0.00000000E+00
  5.63263176E+05  5.03163300E+06  2.80015402E-09  7.93846331E+04  3.28407237E+00  0.00000000E+00
  5.63610227E+05  5.03210125E+06  2.80505111E-09  7.93842725E+04  3.27828696E+00  0.00000000E+00
  5.63957277E+05  5.03256950E+06  2.81002115E-09  7.93839120E+04  3.27243676E+00  0.00000000E+00
  5.64304328E+05  5.03303775E+06  2.81506494E-09  7.93835514E+04  3.26652163E+00  0.00000000E+00
  5.64651379E+05  5.03350600E+06  2.82018330E-09  7.93831908E+04  3.26054145E+00  0.00000000E+00
  5.64998429E+05  5.03397425E+06  2.82537704E-09  7.93828302E+04  3.25449611E+00  0.00000000E+00
  5.65345480E+05  5.03444251E+06  2.83064696E-09  7.93824696E+04  3.24838552E+00  0.00000000E+00
  5.65692531E+05  5.03491076E+06  2.83599388E-09  7.93821090E+04  3.24220961E+00  0.00000000E+00
  5.66039581E+05  5.03537901E+06  2.84141862E-09  7.93817485E+04  3.23596832E+00  0.00000000E+00
  5.66386632E+05  5.03584726E+06  2.84692198E-09  7.93813879E+04  3.22966163E+00  0.00000000E+00
  5.66733683E+05  5.03631551E+06  2.85250479E-09  7.93810273E+04  3.22328949E+00  0.00000000E+00
  5.67080733E+05  5.03678376E+06  2.85816785E-09  7.93806667E+04  3.21685193E+00  0.00000000E+00
  5.67427784E+05  5.03725201E+06  2.86391197E-09  7.93803061E+04  3.21034895E+00  0.00000000E+00
  5.67774834E+05  5.03772026E+06  2.86973797E-09  7.93799455E+04  3.20378060E+00  0.00000000E+00
  5.68121885E+05  5.03818852E+06  2.87564666E-09  7.93795849E+04  3.19714693E+00  0.00000000E+00
  5.68468936E+05  5.03865677E+06  2.88163884E-09  7.93792244E+04  3.19044802E+00  0.00000000E+00
  5.68815986E+05  5.03912502E+06  2.88771532E-09  7.93788638E+04  3.18368397E+00  0.00000000E+00
  5.69163037E+05  5.03959327E+06  2.89387691E-09  7.93785032E+04  3.17685490E+00  0.00000000E+00
  5.69510088E+05  5.04006152E+06  2.90012440E-09  7.93781426E+04  3.16996094E+00  0.00000000E+00
  5.69857138E+05  5.04052977E+06  2.90645859E-09  7.93777820E+04  3.16300227E+00  0.00000000E+00
  5.70204189E+05  5.04099802E+06  2.91288029E-09  7.93774214E+04  3.15597906E+00  0.00000000E+00
  5.70551239E+05  5.04146627E+06  2.91939027E-09  7.93770608E+04  3.14889152E+00  0.00000000E+00
  5.70898290E+05  5.04193453E+06  2.92598932E-09  7.93767003E+04  3.14173987E+00  0.00000000E+00
  5.71245341E+05  5.04240278E+06  2.93267822E-09  7.93763397E+04  3.13452437E+00  0.00000000E+00
  5.71592391E+05  5.04287103E+06  2.93945775E-09  7.93759791E+04  3.12724530E+00  0.00000000E+00
  5.71939442E+05  5.04333928E+06  2.94632867E-09  7.93756185E+04  3.11990294E+00  0.00000000E+00
  5.72286493E+05  5.04380753E+06  2.95329176E-09  7.93752579E+04  3.11249762E+00  0.00000000E+00
  5.72633543E+05  5.04427578E+06  2.96034776E-09  7.93748973E+04  3.10502967E+00  0.00000000E+00
  5.72980594E+05  5.04474403E+06  2.96749742E-09  7.93745367E+04  3.09749948E+00  0.00000000E+00
  5.73327645E+05  5.04521228E+06  2.97474148E-09  7.93741762E+04  3.08990742E+00  0.00000000E+00
  5.73674695E+05  5.04568054E+06  2.98208068E-09  7.93738156E+04  3.08225391E+00  0.00000000E+00
  5.74021746E+05  5.04614879E+06  2.98951575E-09  7.93734550E+04  3.07453939E+00  0.00000000E+00
  5.74368796E+05  5.04661704E+06  2.99704738E-09  7.93730944E+04  3.06676433E+00  0.00000000E+00
  5.74715847E+05  5.04708529E+06  3.00467630E-09  7.93727338E+04  3.05892921E+00  0.00000000E+00
  5.75062898E+05  5.04755354E+06  3.01240318E-09  7.93723732E+04  3.05103454E+00  0.00000000E+00
  5.75409948E+05  5.04802179E+06  3.02022872E-09  7.93720126E+04  3.04308087E+00  0.00000000E+00
  5.75756999E+05  5.04849004E+06  3.02815359E-09  7.93716521E+04  3.03506875E+00  0.00000000E+00
  5.76104050E+05  5.04895829E+06  3.03617845E-09  7.93712915E+04  3.02699878E+00  0.00000000E+00
  5.76451100E+05  5.04942655E+06  3.04430393E-09  7.93709309E+04  3.01887155E+00  0.00000000E+00
  5.76798151E+05  5.04989480E+06  3.05253068E-09  7.93705703E+04  3.01068772E+00  0.00000000E+00
  5.77145201E+05  5.05036305E+06  3.06085931E-09  7.93702097E+04  3.00244794E+00  0.00000000E+00
  5.77492252E+05  5.05083130E+06  3.06929043E-09  7.93698491E+04  2.99415289E+00  0.00000000E+00
  5.77839303E+05  5.05129955E+06  3.07782463E-09  7.93694885E+04  2.98580330E+00  0.00000000E+00
  5.78186353E+05  5.05176780E+06  3.08646247E-09  7.93691280E+04  2.97739989E+00  0.00000000E+00
  5.78533404E+05  5.05223605E+06  3.09520453E-09  7.93687674E+04  2.96894343E+00  0.00000000E+00
  5.78880455E+05  5.05270430E+06  3.10405133E-09  7.93684068E+04  2.96043469E+00  0.00000000E+00
  5.79227505E+05  5.05317256E+06  3.11300339E-09  7.93680462E+04  2.95187450E+00  0.00000000E+00
  5.79574556E+05  5.05364081E+06  3.12206124E-09  7.93676856E+04  2.94326369E+00  0.00000000E+00
  5.79921607E+05  5.05410906E+06  3.13122533E-09  7.93673250E+04  2.93460310E+00  0.00000000E+00
  5.80268657E+05  5.05457731E+06  3.14049615E-09  7.93669645E+04  2.92589363E+00  0.00000000E+00
  5.80615708E+05  5.05504556E+06  3.14987414E-09  7.93666039E+04  2.91713618E+00  0.00000000E+00
  5.80962758E+05  5.05551381E+06  3.15935972E-09  7.93662433E+04  2.90833167E+00  0.00000000E+00
  5.81309809E+05  5.05598206E+06  3.16895328E-09  7.93658827E+04  2.89948107E+00  0.00000000E+00
  5.81656860E+05  5.05645031E+06  3.17865522E-09  7.93655221E+04  2.89058534E+00  0.00000000E+00
  5.82003910E+05  5.05691857E+06  3.18846589E-09  7.93651615E+04  2.88164548E+00  0.00000000E+00
  5.82350961E+05  5.05738682E+06  3.19838561E-09  7.93648009E+04  2.87266251E+00  0.00000000E+00
  5.82698012E+05  5.05785507E+06  3.20841471E-09  7.93644404E+04  2.86363747E+00  0.00000000E+00
  5.83045062E+05  5.05832332E+06  3.21855345E-09  7.93640798E+04  2.85457142E+00  0.00000000E+00
  5.83392113E+05  5.05879157E+06  3.22880210E-09  7.93637192E+04  2.84546545E+00  0.00000000E+00
  5.83739163E+05  5.05925982E+06  3.23916089E-09  7.93633586E+04  2.83632066E+00  0.00000000E+00
  5.84086214E+05  5.05972807E+06  3.24963002E-09  7.93629980E+04  2.82713818E+00  0.00000000E+00
  5.84433265E+05  5.06019632E+06  3.26020967E-09  7.93626374E+04  2.81791915E+00  0.00000000E+00
  5.84780315E+05  5.06066458E+06  3.27089999E-09  7.93622768E+04  2.80866472E+00  0.00000000E+00
  5.85127366E+05  5.06113283E+06  3.28170108E-09  7.93619163E+04  2.79937609E+00  0.00000000E+00
  5.85474417E+05  5.06160108E+06  3.29261305E-09  7.93615557E+04  2.79005445E+00  0.00000000E+00
  5.85821467E+05  5.06206933E+06  3.30363595E-09  7.93611951E+04  2.78070101E+00  0.00000000E+00
  5.86168518E+05  5.06253758E+06  3.31476981E-09  7.93608345E+04  2.77131702E+00  0.00000000E+00
  5.86515569E+05  5.06300583E+06  3.32601462E-09  7.93604739E+04  2.76190372E+00  0.00000000E+00
  5.86862619E+05  5.06347408E+06  3.33737034E-09  7.93601133E+04  2.75246238E+00  0.00000000E+00
  5.87209670E+05  5.06394233E+06  3.34883690E-09  7.93597527E+04  2.74299428E+00  0.00000000E+00
  5.87556720E+05  5.06441059E+06  3.36041420E-09  7.93593922E+04  2.73350072E+00  0.00000000E+00
  5.87903771E+05  5.06487884E+06  3.37210210E-09  7.93590316E+04  2.72398300E+00  0.00000000E+00
  5.88250822E+05  5.06534709E+06  3.38390044E-09  7.93586710E+04  2.71444244E+00  0.00000000E+00
  5.88597872E+05  5.06581534E+06  3.39580899E-09  7.93583104E+04  2.70488039E+00  0.00000000E+00
  5.88944923E+05  5.06628359E+06  3.40782751E-09  7.93579498E+04  2.69529818E+00  0.00000000E+00
  5.89291974E+05  5.06675184E+06  3.41995573E-09  7.93575892E+04  2.68569718E+00  0.00000000E+00
  5.89639024E+05  5.06722009E+06  3.43219333E-09  7.93572286E+04  2.67607875E+00  0.00000000E+00
  5.89986075E+05  5.06768834E+06  3.44453995E-09  7.93568681E+04  2.66644427E+00  0.00000000E+00
  5.90333125E+05  5.06815660E+06  3.45699519E-09  7.93565075E+04  2.65679513E+00  0.00000000E+00
  5.90680176E+05  5.06862485E+06  3.46955863E-09  7.93561469E+04  2.64713272E+00  0.00000000E+00
  5.91027227E+05  5.06909310E+06  3.48222980E-09  7.93557863E+04  2.63745844E+00  0.00000000E+00
  5.91374277E+05  5.06956135E+06  3.49500818E-09  7.93554257E+04  2.62777369E+00  0.00000000E+00
  5.91721328E+05  5.07002960E+06  3.50789322E-09  7.93550651E+04  2.61807990E+00  0.00000000E+00
  5.92068379E+05  5.07049785E+06  3.52088434E-09  7.93547045E+04  2.60837847E+00  0.00000000E+00
  5.92415429E+05  5.07096610E+06  3.53398091E-09  7.93543440E+04  2.59867084E+00  0.00000000E+00
  5.92762480E+05  5.07143435E+06  3.54718224E-09  7.93539834E+04  2.58895842E+00  0.00000000E+00
  5.93109531E+05  5.07190261E+06  3.56048763E-09  7.93536228E+04  2.57924263E+00  0.00000000E+00
  5.93456581E+05  5.07237086E+06  3.57389633E-09  7.93532622E+04  2.56952492E+00  0.00000000E+00
  5.93803632E+05  5.07283911E+06  3.58740754E-09  7.93529016E+04  2.55980671E+00  0.00000000E+00
  5.94150682E+05  5.07330736E+06  3.60102042E-09  7.93525410E+04  2.55008943E+00  0.00000000E+00
  5.94497733E+05  5.07377561E+06  3.61473409E-09  7.93521805E+04  2.54037450E+00  0.00000000E+00
  5.94844784E+05  5.07424386E+06  3.62854762E-09  7.93518199E+04  2.53066336E+00  0.00000000E+00
  5.95191834E+05  5.07471211E+06  3.64246006E-09  7.93514593E+04  2.52095742E+00  0.00000000E+00
  5.95538885E+05  5.07518036E+06  3.65647040E-09  7.93510987E+04  2.51125811E+00  0.00000000E+00
  5.95885936E+05  5.07564862E+06  3.67057758E-09  7.93507381E+04  2.50156684E+00  0.00000000E+00
  5.96232986E+05  5.07611687E+06  3.68478051E-09  7.93503775E+04  2.49188502E+00  0.00000000E+00
  5.96580037E+05  5.07658512E+06  3.69907806E-09  7.93500169E+04  2.48221406E+00  0.00000000E+00
  5.96927088E+05  5.07705337E+06  3.71346905E-09  7.93496564E+04  2.47255536E+00  0.00000000E+00
  5.97274138E+05  5.07752162E+06  3.72795225E-09  7.93492958E+04  2.46291031E+00  0.00000000E+00
  5.97621189E+05  5.07798987E+06  3.74252641E-09  7.93489352E+04  2.45328028E+00  0.00000000E+00
  5.97968239E+05  5.07845812E+06  3.75719022E-09  7.93485746E+04  2.44366666E+00  0.00000000E+00
  5.98315290E+05  5.07892637E+06  3.77194232E-09  7.93482140E+04  2.43407081E+00  0.00000000E+00
  5.98662341E+05  5.07939463E+06  3.78678134E-09  7.93478534E+04  2.42449408E+00  0.00000000E+00
  5.99009391E+05  5.07986288E+06  3.80170583E-09  7.93474928E+04  2.41493781E+00  0.00000000E+00
  5.99356442E+05  5.08033113E+06  3.81671433E-09  7.93471323E+04  2.40540334E+00  0.00000000E+00
  5.99703493E+05  5.08079938E+06  3.83180531E-09  7.93467717E+04  2.39589198E+00  0.00000000E+00
  6.00050543E+05  5.08126763E+06  3.84697724E-09  7.93464111E+04  2.38640504E+00  0.00000000E+00
  6.00397594E+05  5.08173588E+06  3.86222850E-09  7.93460505E+04  2.37694381E+00  0.00000000E+00
  6.00744644E+05  5.08220413E+06  3.87755747E-09  7.93456899E+04  2.36750955E+00  0.00000000E+00
  6.01091695E+05  5.08267238E+06  3.89296246E-09  7.93453293E+04  2.35810355E+00  0.00000000E+00
  6.01438746E+05  5.08314064E+06  3.90844177E-09  7.93449687E+04  2.34872703E+00  0.00000000E+00
  6.01785796E+05  5.08360889E+06  3.92399365E-09  7.93446082E+04  2.33938123E+00  0.00000000E+00
  6.02132847E+05  5.08407714E+06  3.93961630E-09  7.93442476E+04  2.33006735E+00  0.00000000E+00
  6.02479898E+05  5.08454539E+06  3.95530790E-09  7.93438870E+04  2.32078660E+00  0.00000000E+00
  6.02826948E+05  5.08501364E+06  3.97106658E-09  7.93435264E+04  2.31154015E+00  0.00000000E+00
  6.03173999E+05  5.08548189E+06  3.98689045E-09  7.93431658E+04  2.30232915E+00  0.00000000E+00
  6.03521050E+05  5.08595014E+06  4.00277757E-09  7.93428052E+04  2.29315474E+00  0.00000000E+00
  6.03868100E+05  5.08641839E+06  4.01872597E-09  7.93424446E+04  2.28401804E+00  0.00000000E+00
  6.04215151E+05  5.08688665E+06  4.03473366E-09  7.93420841E+04  2.27492014E+00  0.00000000E+00
  6.04562201E+05  5.08735490E+06  4.05079859E-09  7.93417235E+04  2.26586213E+00  0.00000000E+00
  6.04909252E+05  5.08782315E+06  4.06691871E-09  7.93413629E+04  2.25684506E+00  0.00000000E+00
  6.05256303E+05  5.08829140E+06  4.08309191E-09  7.93410023E+04  2.24786996E+00  0.00000000E+00
  6.05603353E+05  5.08875965E+06  4.09931608E-09  7.93406417E+04  2.23893785E+00  0.00000000E+00
  6.05950404E+05  5.08922790E+06  4.11558906E-09  7.93402811E+04  2.23004971E+00  0.00000000E+00
  6.06297455E+05  5.08969615E+06  4.13190866E-09  7.93399205E+04  2.22120652E+00  0.00000000E+00
  6.06644505E+05  5.09016440E+06  4.14827269E-09  7.93395600E+04  2.21240922E+00  0.00000000E+00
  6.06991556E+05  5.09063266E+06  4.16467889E-09  7.93391994E+04  2.20365874E+00  0.00000000E+00
  6.07338606E+05  5.09110091E+06  4.18112503E-09  7.93388388E+04  2.19495596E+00  0.00000000E+00
  6.07685657E+05  5.09156916E+06  4.19760882E-09  7.93384782E+04  2.18630177E+00  0.00000000E+00
  6.08032708E+05  5.09203741E+06  4.21412795E-09  7.93381176E+04  2.17769702E+00  0.00000000E+00
  6.08379758E+05  5.09250566E+06  4.23068010E-09  7.93377570E+04  2.16914253E+00  0.00000000E+00
  6.08726809E+05  5.09297391E+06  4.24726293E-09  7.93373965E+04  2.16063912E+00  0.00000000E+00
  6.09073860E+05  5.09344216E+06  4.26387408E-09  7.93370359E+04  2.15218756E+00  0.00000000E+00
  6.09420910E+05  5.09391041E+06  4.28051116E-09  7.93366753E+04  2.14378859E+00  0.00000000E+00
  6.09767961E+05  5.09437867E+06  4.29717180E-09  7.93363147E+04  2.13544297E+00  0.00000000E+00
  6.10115012E+05  5.09484692E+06  4.31385357E-09  7.93359541E+04  2.12715138E+00  0.00000000E+00
  6.10462062E+05  5.09531517E+06  4.33055407E-09  7.93355935E+04  2.11891452E+00  0.00000000E+00
  6.10809113E+05  5.09578342E+06  4.34727085E-09  7.93352329E+04  2.11073303E+00  0.00000000E+00
  6.11156163E+05  5.09625167E+06  4.36400147E-09  7.93348724E+04  2.10260756E+00  0.00000000E+00
  6.11503214E+05  5.09671992E+06  4.38074349E-09  7.93345118E+04  2.09453870E+00  0.00000000E+00
  6.11850265E+05  5.09718817E+06  4.39749444E-09  7.93341512E+04  2.08652704E+00  0.00000000E+00
  6.12197315E+05  5.09765642E+06  4.41425186E-09  7.93337906E+04  2.07857315E+00  0.00000000E+00
  6.12544366E+05  5.09812468E+06  4.43101329E-09  7.93334300E+04  2.07067754E+00  0.00000000E+00
  6.12891417E+05  5.09859293E+06  4.44777624E-09  7.93330694E+04  2.06284073E+00  0.00000000E+00
  6.13238467E+05  5.09906118E+06  4.46464410E-09  7.93327088E+04  2.05501448E+00  0.00000000E+00
  6.13585518E+05  5.09952943E+06  4.48216998E-09  7.93323483E+04  2.04694660E+00  0.00000000E+00
  6.13932568E+05  5.09999768E+06  4.49968983E-09  7.93319877E+04  2.03894430E+00  0.00000000E+00
  6.14279619E+05  5.10046593E+06  4.51720117E-09  7.93316271E+04  2.03100789E+00  0.00000000E+00
  6.14626670E+05  5.10093418E+06  4.53470155E-09  7.93312665E+04  2.02313768E+00  0.00000000E+00
  6.14973720E+05  5.10140243E+06  4.55218849E-09  7.93309059E+04  2.01533392E+00  0.00000000E+00
  6.15320771E+05  5.10187069E+06  4.56965954E-09  7.93305453E+04  2.00759687E+00  0.00000000E+00
  6.15667822E+05  5.10233894E+06  4.58711226E-09  7.93301847E+04  1.99992675E+00  0.00000000E+00
  6.16014872E+05  5.10280719E+06  4.60454421E-09  7.93298242E+04  1.99232376E+00  0.00000000E+00
  6.16361923E+05  5.10327544E+06  4.62195296E-09  7.93294636E+04  1.98478808E+00  0.00000000E+00
  6.16708974E+05  5.10374369E+06  4.63933611E-09  7.93291030E+04  1.97731987E+00  0.00000000E+00
  6.17056024E+05  5.10421194E+06  4.65669124E-09  7.93287424E+04  1.96991927E+00  0.00000000E+00
  6.17403075E+05  5.10468019E+06  4.67401598E-09  7.93283818E+04  1.96258639E+00  0.00000000E+00
  6.17750125E+05  5.10514844E+06  4.69130796E-09  7.93280212E+04  1.95532132E+00  0.00000000E+00
  6.18097176E+05  5.10561670E+06  4.70856482E-09  7.93276606E+04  1.94812414E+00  0.00000000E+00
  6.18444227E+05  5.10608495E+06  4.72578424E-09  7.93273001E+04  1.94099491E+00  0.00000000E+00
  6.18791277E+05  5.10655320E+06  4.74296391E-09  7.93269395E+04  1.93393364E+00  0.00000000E+00
  6.19138328E+05  5.10702145E+06  4.76010152E-09  7.93265789E+04  1.92694037E+00  0.00000000E+00
  6.19485379E+05  5.10748970E+06  4.77719482E-09  7.93262183E+04  1.92001509E+00  0.00000000E+00
  6.19832429E+05  5.10795795E+06  4.79424157E-09  7.93258577E+04  1.91315777E+00  0.00000000E+00
  6.20179480E+05  5.10842620E+06  4.81123953E-09  7.93254971E+04  1.90636836E+00  0.00000000E+00
  6.20526531E+05  5.10889445E+06  4.82818653E-09  7.93251365E+04  1.89964682E+00  0.00000000E+00
  6.20873581E+05  5.10936271E+06  4.84508039E-09  7.93247760E+04  1.89299305E+00  0.00000000E+00
  6.21220632E+05  5.10983096E+06  4.86191898E-09  7.93244154E+04  1.88640697E+00  0.00000000E+00
  6.21567682E+05  5.11029921E+06  4.87870019E-09  7.93240548E+04  1.87988846E+00  0.00000000E+00
  6.21914733E+05  5.11076746E+06  4.89542194E-09  7.93236942E+04  1.87343740E+00  0.00000000E+00
  6.22261784E+05  5.11123571E+06  4.91208218E-09  7.93233336E+04  1.86705363E+00  0.00000000E+00
  6.22608834E+05  5.11170396E+06  4.92867891E-09  7.93229730E+04  1.86073701E+00  0.00000000E+00
  6.22955885E+05  5.11217221E+06  4.94521014E-09  7.93226125E+04  1.85448734E+00  0.00000000E+00
  6.23302936E+05  5.11264046E+06  4.96167392E-09  7.93222519E+04  1.84830444E+00  0.00000000E+00
  6.23649986E+05  5.11310872E+06  4.97806835E-09  7.93218913E+04  1.84218811E+00  0.00000000E+00
  6.23997037E+05  5.11357697E+06  4.99439154E-09  7.93215307E+04  1.83613811E+00  0.00000000E+00
  6.24344087E+05  5.11404522E+06  5.01064165E-09  7.93211701E+04  1.83015423E+00  0.00000000E+00
  6.24691138E+05  5.11451347E+06  5.02681689E-09  7.93208095E+04  1.82423621E+00  0.00000000E+00
  6.25038189E+05  5.11498172E+06  5.04291548E-09  7.93204489E+04  1.81838378E+00  0.00000000E+00
  6.25385239E+05  5.11544997E+06  5.05893569E-09  7.93200884E+04  1.81259669E+00  0.00000000E+00
  6.25732290E+05  5.11591822E+06  5.07487585E-09  7.93197278E+04  1.80687463E+00  0.00000000E+00
  6.26079341E+05  5.11638647E+06  5.09073430E-09  7.93193672E+04  1.80121732E+00  0.00000000E+00
  6.26426391E+05  5.11685473E+06  5.10650943E-09  7.93190066E+04  1.79562445E+00  0.00000000E+00
  6.26773442E+05  5.11732298E+06  5.12219968E-09  7.93186460E+04  1.79009568E+00  0.00000000E+00
  6.27120493E+05  5.11779123E+06  5.13780351E-09  7.93182854E+04  1.78463071E+00  0.00000000E+00
  6.27467543E+05  5.11825948E+06  5.15331944E-09  7.93179248E+04  1.77922917E+00  0.00000000E+00
  6.27814594E+05  5.11872773E+06  5.16874602E-09  7.93175643E+04  1.77389073E+00  0.00000000E+00
  6.28161644E+05  5.11919598E+06  5.18408186E-09  7.93172037E+04  1.76861501E+00  0.00000000E+00
  6.28508695E+05  5.11966423E+06  5.19932559E-09  7.93168431E+04  1.76340166E+00  0.00000000E+00
  6.28855746E+05  5.12013248E+06  5.21447590E-09  7.93164825E+04  1.75825029E+00  0.00000000E+00
  6.29202796E+05  5.12060074E+06  5.22953150E-09  7.93161219E+04  1.75316051E+00  0.00000000E+00
  6.29549847E+05  5.12106899E+06  5.24449117E-09  7.93157613E+04  1.74813193E+00  0.00000000E+00
  6.29896898E+05  5.12153724E+06  5.25935372E-09  7.93154007E+04  1.74316415E+00  0.00000000E+00
  6.30243948E+05  5.12200549E+06  5.27411800E-09  7.93150402E+04  1.73825676E+00  0.00000000E+00
  6.30590999E+05  5.12247374E+06  5.28878291E-09  7.93146796E+04  1.73340933E+00  0.00000000E+00
  6.30938049E+05  5.12294199E+06  5.30334738E-09  7.93143190E+04  1.72862144E+00  0.00000000E+00
  6.31285100E+05  5.12341024E+06  5.31781041E-09  7.93139584E+04  1.72389267E+00  0.00000000E+00
  6.31632151E+05  5.12387849E+06  5.33217101E-09  7.93135978E+04  1.71922257E+00  0.00000000E+00
  6.31979201E+05  5.12434675E+06  5.34642826E-09  7.93132372E+04  1.71461071E+00  0.00000000E+00
  6.32326252E+05  5.12481500E+06  5.36058126E-09  7.93128766E+04  1.71005663E+00  0.00000000E+00
  6.32673303E+05  5.12528325E+06  5.37462918E-09  7.93125161E+04  1.70555988E+00  0.00000000E+00
  6.33020353E+05  5.12575150E+06  5.38857121E-09  7.93121555E+04  1.70112001E+00  0.00000000E+00
  6.33367404E+05  5.12621975E+06  5.40240658E-09  7.93117949E+04  1.69673654E+00  0.00000000E+00
  6.33714455E+05  5.12668800E+06  5.41613459E-09  7.93114343E+04  1.69240903E+00  0.00000000E+00
  6.34061505E+05  5.12715625E+06  5.42975454E-09  7.93110737E+04  1.68813698E+00  0.00000000E+00
  6.34408556E+05  5.12762450E+06  5.44326582E-09  7.93107131E+04  1.68391994E+00  0.00000000E+00
  6.34755606E+05  5.12809276E+06  5.45666781E-09  7.93103525E+04  1.67975741E+00  0.00000000E+00
  6.35102657E+05  5.12856101E+06  5.46995998E-09  7.93099920E+04  1.67564893E+00  0.00000000E+00
  6.35449708E+05  5.12902926E+06  5.48314181E-09  7.93096314E+04  1.67159401E+00  0.00000000E+00
  6.35796758E+05  5.12949751E+06  5.49621281E-09  7.93092708E+04  1.66759216E+00  0.00000000E+00
  6.36143809E+05  5.12996576E+06  5.50917257E-09  7.93089102E+04  1.66364289E+00  0.00000000E+00
  6.36490860E+05  5.13043401E+06  5.52202068E-09  7.93085496E+04  1.65974572E+00  0.00000000E+00
  6.36837910E+05  5.13090226E+06  5.53475679E-09  7.93081890E+04  1.65590015E+00  0.00000000E+00
  6.37184961E+05  5.13137051E+06  5.54738059E-09  7.93078285E+04  1.65210568E+00  0.00000000E+00
  6.37532011E+05  5.13183877E+06  5.55989178E-09  7.93074679E+04  1.64836183E+00  0.00000000E+00
  6.37879062E+05  5.13230702E+06  5.57229013E-09  7.93071073E+04  1.64466809E+00  0.00000000E+00
  6.38226113E+05  5.13277527E+06  5.58457544E-09  7.93067467E+04  1.64102397E+00  0.00000000E+00
  6.38573163E+05  5.13324352E+06  5.59674753E-09  7.93063861E+04  1.63742898E+00  0.00000000E+00
  6.38920214E+05  5.13371177E+06  5.60880627E-09  7.93060255E+04  1.63388260E+00  0.00000000E+00
  6.39267265E+05  5.13418002E+06  5.62075156E-09  7.93056649E+04  1.63038435E+00  0.00000000E+00
  6.39614315E+05  5.13464827E+06  5.63258332E-09  7.93053044E+04  1.62693373E+00  0.00000000E+00
  6.39961366E+05  5.13511652E+06  5.64430154E-09  7.93049438E+04  1.62353023E+00  0.00000000E+00
  6.40308417E+05  5.13558478E+06  5.65590621E-09  7.93045832E+04  1.62017337E+00  0.00000000E+00
  6.40655467E+05  5.13605303E+06  5.66739737E-09  7.93042226E+04  1.61686263E+00  0.00000000E+00
  6.41002518E+05  5.13652128E+06  5.67877507E-09  7.93038620E+04  1.61359753E+00  0.00000000E+00
  6.41349568E+05  5.13698953E+06  5.69003942E-09  7.93035014E+04  1.61037757E+00  0.00000000E+00
  6.41696619E+05  5.13745778E+06  5.70119054E-09  7.93031408E+04  1.60720224E+00  0.00000000E+00
  6.42043670E+05  5.13792603E+06  5.71222859E-09  7.93027803E+04  1.60407107E+00  0.00000000E+00
  6.42390720E+05  5.13839428E+06  5.72315376E-09  7.93024197E+04  1.60098356E+00  0.00000000E+00
  6.42737771E+05  5.13886253E+06  5.73396625E-09  7.93020591E+04  1.59793920E+00  0.00000000E+00
  6.43084822E+05  5.13933079E+06  5.74466632E-09  7.93016985E+04  1.59493753E+00  0.00000000E+00
  6.43431872E+05  5.13979904E+06  5.75525422E-09  7.93013379E+04  1.59197803E+00  0.00000000E+00
  6.43778923E+05  5.14026729E+06  5.76573026E-09  7.93009773E+04  1.58906024E+00  0.00000000E+00
  6.44125974E+05  5.14073554E+06  5.77609475E-09  7.93006167E+04  1.58618366E+00  0.00000000E+00
  6.44473024E+05  5.14120379E+06  5.78634804E-09  7.93002562E+04  1.58334782E+00  0.00000000E+00
  6.44820075E+05  5.14167204E+06  5.79649050E-09  7.92998956E+04  1.58055223E+00  0.00000000E+00
  6.45167125E+05  5.14214029E+06  5.80652253E-09  7.92995350E+04  1.57779641E+00  0.00000000E+00
  6.45514176E+05  5.14260854E+06  5.81644453E-09  7.92991744E+04  1.57507989E+00  0.00000000E+00
  6.45861227E+05  5.14307680E+06  5.82625696E-09  7.92988138E+04  1.57240220E+00  0.00000000E+00
  6.46208277E+05  5.14354505E+06  5.83596026E-09  7.92984532E+04  1.56976286E+00  0.00000000E+00
  6.46555328E+05  5.14401330E+06  5.84555492E-09  7.92980926E+04  1.56716141E+00  0.00000000E+00
  6.46902379E+05  5.14448155E+06  5.85504144E-09  7.92977321E+04  1.56459738E+00  0.00000000E+00
  6.47249429E+05  5.14494980E+06  5.86442034E-09  7.92973715E+04  1.56207032E+00  0.00000000E+00
  6.47596480E+05  5.14541805E+06  5.87369216E-09  7.92970109E+04  1.55957975E+00  0.00000000E+00
  6.47943530E+05  5.14588630E+06  5.88285746E-09  7.92966503E+04  1.55712523E+00  0.00000000E+00
  6.48290581E+05  5.14635455E+06  5.89191682E-09  7.92962897E+04  1.55470631E+00  0.00000000E+00
  6.48637632E+05  5.14682281E+06  5.90087082E-09  7.92959291E+04  1.55232252E+00  0.00000000E+00
  6.48984682E+05  5.14729106E+06  5.90972007E-09  7.92955685E+04  1.54997343E+00  0.00000000E+00
  6.49331733E+05  5.14775931E+06  5.91846520E-09  7.92952080E+04  1.54765860E+00  0.00000000E+00
  6.49678784E+05  5.14822756E+06  5.92710684E-09  7.92948474E+04  1.54537757E+00  0.00000000E+00
  6.50025834E+05  5.14869581E+06  5.93564565E-09  7.92944868E+04  1.54312992E+00  0.00000000E+00
  6.50372885E+05  5.14916406E+06  5.94408230E-09  7.92941262E+04  1.54091521E+00  0.00000000E+00
  6.50719936E+05  5.14963231E+06  5.95241746E-09  7.92937656E+04  1.53873302E+00  0.00000000E+00
  6.51066986E+05  5.15010056E+06  5.96065183E-09  7.92934050E+04  1.53658291E+00  0.00000000E+00
  6.51414037E+05  5.15056882E+06  5.96878610E-09  7.92930445E+04  1.53446446E+00  0.00000000E+00
  6.51761087E+05  5.15103707E+06  5.97682101E-09  7.92926839E+04  1.53237726E+00  0.00000000E+00
  6.52108138E+05  5.15150532E+06  5.98475726E-09  7.92923233E+04  1.53032089E+00  0.00000000E+00
  6.52455189E+05  5.15197357E+06  5.99259560E-09  7.92919627E+04  1.52829493E+00  0.00000000E+00
  6.52802239E+05  5.15244182E+06  6.00033677E-09  7.92916021E+04  1.52629899E+00  0.00000000E+00
  6.53149290E+05  5.15291007E+06  6.00798153E-09  7.92912415E+04  1.52433264E+00  0.00000000E+00
  6.53496341E+05  5.15337832E+06  6.01553065E-09  7.92908809E+04  1.52239551E+00  0.00000000E+00
  6.53843391E+05  5.15384657E+06  6.02298488E-09  7.92905204E+04  1.52048718E+00  0.00000000E+00
  6.54190442E+05  5.15431483E+06  6.03034501E-09  7.92901598E+04  1.51860726E+00  0.00000000E+00
  6.54537492E+05  5.15478308E+06  6.03761183E-09  7.92897992E+04  1.51675537E+00  0.00000000E+00
  6.54884543E+05  5.15525133E+06  6.04478612E-09  7.92894386E+04  1.51493112E+00  0.00000000E+00
  6.55231594E+05  5.15571958E+06  6.05186869E-09  7.92890780E+04  1.51313413E+00  0.00000000E+00
  6.55578644E+05  5.15618783E+06  6.05886034E-09  7.92887174E+04  1.51136402E+00  0.00000000E+00
  6.55925695E+05  5.15665608E+06  6.06576188E-09  7.92883568E+04  1.50962042E+00  0.00000000E+00
  6.56272746E+05  5.15712433E+06  6.07257412E-09  7.92879963E+04  1.50790295E+00  0.00000000E+00
  6.56619796E+05  5.15759258E+06  6.07929787E-09  7.92876357E+04  1.50621126E+00  0.00000000E+00
  6.56966847E+05  5.15806084E+06  6.08593397E-09  7.92872751E+04  1.50454497E+00  0.00000000E+00
  6.57313898E+05  5.15852909E+06  6.09248322E-09  7.92869145E+04  1.50290374E+00  0.00000000E+00
  6.57660948E+05  5.15899734E+06  6.09894647E-09  7.92865539E+04  1.50128720E+00  0.00000000E+00
  6.58007999E+05  5.15946559E+06  6.10532453E-09  7.92861933E+04  1.49969501E+00  0.00000000E+00
  6.58355049E+05  5.15993384E+06  6.11161825E-09  7.92858327E+04  1.49812682E+00  0.00000000E+00
  6.58702100E+05  5.16040209E+06  6.11782845E-09  7.92854722E+04  1.49658228E+00  0.00000000E+00
  6.59049151E+05  5.16087034E+06  6.12395597E-09  7.92851116E+04  1.49506107E+00  0.00000000E+00
  6.59396201E+05  5.16133859E+06  6.13000164E-09  7.92847510E+04  1.49356283E+00  0.00000000E+00
  6.59743252E+05  5.16180684E+06  6.13596631E-09  7.92843904E+04  1.49208725E+00  0.00000000E+00
  6.60090303E+05  5.16227510E+06  6.14185080E-09  7.92840298E+04  1.49063399E+00  0.00000000E+00
  6.60437353E+05  5.16274335E+06  6.14765596E-09  7.92836692E+04  1.48920273E+00  0.00000000E+00
  6.60784404E+05  5.16321160E+06  6.15338262E-09  7.92833086E+04  1.48779315E+00  0.00000000E+00
  6.61131454E+05  5.16367985E+06  6.15903161E-09  7.92829481E+04  1.48640493E+00  0.00000000E+00
  6.61478505E+05  5.16414810E+06  6.16460377E-09  7.92825875E+04  1.48503777E+00  0.00000000E+00
  6.61825556E+05  5.16461635E+06  6.17009994E-09  7.92822269E+04  1.48369135E+00  0.00000000E+00
  6.62172606E+05  5.16508460E+06  6.17552095E-09  7.92818663E+04  1.48236537E+00  0.00000000E+00
  6.62519657E+05  5.16555285E+06  6.18086762E-09  7.92815057E+04  1.48105952E+00  0.00000000E+00
  6.62866708E+05  5.16602111E+06  6.18614078E-09  7.92811451E+04  1.47977352E+00  0.00000000E+00
  6.63213758E+05  5.16648936E+06  6.19134127E-09  7.92807845E+04  1.47850707E+00  0.00000000E+00
  6.63560809E+05  5.16695761E+06  6.19646990E-09  7.92804240E+04  1.47725987E+00  0.00000000E+00
  6.63907860E+05  5.16742586E+06  6.20152749E-09  7.92800634E+04  1.47603164E+00  0.00000000E+00
  6.64254910E+05  5.16789411E+06  6.20651487E-09  7.92797028E+04  1.47482210E+00  0.00000000E+00
  6.64601961E+05  5.16836236E+06  6.21143284E-09  7.92793422E+04  1.47363096E+00  0.00000000E+00
  6.64949011E+05  5.16883061E+06  6.21628222E-09  7.92789816E+04  1.47245796E+00  0.00000000E+00
  6.65296062E+05  5.16929886E+06  6.22106381E-09  7.92786210E+04  1.47130282E+00  0.00000000E+00
  6.65643113E+05  5.16976712E+06  6.22577842E-09  7.92782605E+04  1.47016527E+00  0.00000000E+00
  6.65990163E+05  5.17023537E+06  6.23042685E-09  7.92778999E+04  1.46904505E+00  0.00000000E+00
  6.66337214E+05  5.17070362E+06  6.23500989E-09  7.92775393E+04  1.46794189E+00  0.00000000E+00
  6.66684265E+05  5.17117187E+06  6.23952834E-09  7.92771787E+04  1.46685554E+00  0.00000000E+00
  6.67031315E+05  5.17164012E+06  6.24398298E-09  7.92768181E+04  1.46578574E+00  0.00000000E+00
  6.67378366E+05  5.17210837E+06  6.24837458E-09  7.92764575E+04  1.46473224E+00  0.00000000E+00
  6.67725416E+05  5.17257662E+06  6.25270394E-09  7.92760969E+04  1.46369479E+00  0.00000000E+00
  6.68072467E+05  5.17304487E+06  6.25697182E-09  7.92757364E+04  1.46267315E+00  0.00000000E+00
  6.68419518E+05  5.17351313E+06  6.26117900E-09  7.92753758E+04  1.46166707E+00  0.00000000E+00
  6.68766568E+05  5.17398138E+06  6.26532622E-09  7.92750152E+04  1.46067632E+00  0.00000000E+00
  6.69113619E+05  5.17444963E+06  6.26941425E-09  7.92746546E+04  1.45970067E+00  0.00000000E+00
  6.69460670E+05  5.17491788E+06  6.27344384E-09  7.92742940E+04  1.45873987E+00  0.00000000E+00
  6.69807720E+05  5.17538613E+06  6.27741574E-09  7.92739334E+04  1.45779371E+00  0.00000000E+00
  6.70154771E+05  5.17585438E+06  6.28133069E-09  7.92735728E+04  1.45686195E+00  0.00000000E+00
  6.70501822E+05  5.17632263E+06  6.28518941E-09  7.92732123E+04  1.45594438E+00  0.00000000E+00
  6.70848872E+05  5.17679088E+06  6.28899265E-09  7.92728517E+04  1.45504077E+00  0.00000000E+00
  6.71195923E+05  5.17725914E+06  6.29274112E-09  7.92724911E+04  1.45415091E+00  0.00000000E+00
  6.71542973E+05  5.17772739E+06  6.29643554E-09  7.92721305E+04  1.45327458E+00  0.00000000E+00
  6.71890024E+05  5.17819564E+06  6.30007662E-09  7.92717699E+04  1.45241158E+00  0.00000000E+00
  6.72237075E+05  5.17866389E+06  6.30366507E-09  7.92714093E+04  1.45156169E+00  0.00000000E+00
  6.72584125E+05  5.17913214E+06  6.30720159E-09  7.92710487E+04  1.45072472E+00  0.00000000E+00
  6.72931176E+05  5.17960039E+06  6.31068686E-09  7.92706882E+04  1.44990046E+00  0.00000000E+00
  6.73278227E+05  5.18006864E+06  6.31412158E-09  7.92703276E+04  1.44908871E+00  0.00000000E+00
  6.73625277E+05  5.18053689E+06  6.31750643E-09  7.92699670E+04  1.44828928E+00  0.00000000E+00
  6.73972328E+05  5.18100515E+06  6.32084207E-09  7.92696064E+04  1.44750197E+00  0.00000000E+00
  6.74319379E+05  5.18147340E+06  6.32412918E-09  7.92692458E+04  1.44672659E+00  0.00000000E+00
  6.74666429E+05  5.18194165E+06  6.32736842E-09  7.92688852E+04  1.44596296E+00  0.00000000E+00
  6.75013480E+05  5.18240990E+06  6.33056045E-09  7.92685246E+04  1.44521089E+00  0.00000000E+00
  6.75360530E+05  5.18287815E+06  6.33370590E-09  7.92681641E+04  1.44447020E+00  0.00000000E+00
  6.75707581E+05  5.18334640E+06  6.33680543E-09  7.92678035E+04  1.44374071E+00  0.00000000E+00
  6.76054632E+05  5.18381465E+06  6.33985967E-09  7.92674429E+04  1.44302224E+00  0.00000000E+00
  6.76401682E+05  5.18428290E+06  6.34286925E-09  7.92670823E+04  1.44231462E+00  0.00000000E+00
  6.76748733E+05  5.18475116E+06  6.34583479E-09  7.92667217E+04  1.44161767E+00  0.00000000E+00
  6.77095784E+05  5.18521941E+06  6.34875690E-09  7.92663611E+04  1.44093123E+00  0.00000000E+00
  6.77442834E+05  5.18568766E+06  6.35163620E-09  7.92660005E+04  1.44025513E+00  0.00000000E+00
  6.77789885E+05  5.18615591E+06  6.35447329E-09  7.92656400E+04  1.43958921E+00  0.00000000E+00
  6.78136935E+05  5.18662416E+06  6.35726877E-09  7.92652794E+04  1.43893330E+00  0.00000000E+00
  6.78483986E+05  5.18709241E+06  6.36002322E-09  7.92649188E+04  1.43828724E+00  0.00000000E+00
  6.78831037E+05  5.18756066E+06  6.36273722E-09  7.92645582E+04  1.43765088E+00  0.00000000E+00
  6.79178087E+05  5.18802891E+06  6.36541137E-09  7.92641976E+04  1.43702406E+00  0.00000000E+00
  6.79525138E+05  5.18849717E+06  6.36804622E-09  7.92638370E+04  1.43640664E+00  0.00000000E+00
  6.79872189E+05  5.18896542E+06  6.37064234E-09  7.92634765E+04  1.43579845E+00  0.00000000E+00
  6.80219239E+05  5.18943367E+06  6.37320028E-09  7.92631159E+04  1.43519936E+00  0.00000000E+00
  6.80566290E+05  5.18990192E+06  6.37572061E-09  7.92627553E+04  1.43460921E+00  0.00000000E+00
  6.80913341E+05  5.19037017E+06  6.37820386E-09  7.92623947E+04  1.43402786E+00  0.00000000E+00
  6.81260391E+05  5.19083842E+06  6.38065057E-09  7.92620341E+04  1.43345518E+00  0.00000000E+00
  6.81607442E+05  5.19130667E+06  6.38306127E-09  7.92616735E+04  1.43289102E+00  0.00000000E+00
  6.81954492E+05  5.19177492E+06  6.38543649E-09  7.92613129E+04  1.43233524E+00  0.00000000E+00
  6.82301543E+05  5.19224318E+06  6.38777675E-09  7.92609524E+04  1.43178771E+00  0.00000000E+00
  6.82648594E+05  5.19271143E+06  6.39008255E-09  7.92605918E+04  1.43124830E+00  0.00000000E+00
  6.82995644E+05  5.19317968E+06  6.39235442E-09  7.92602312E+04  1.43071688E+00  0.00000000E+00
  6.83342695E+05  5.19364793E+06  6.39459284E-09  7.92598706E+04  1.43019331E+00  0.00000000E+00
  6.83689746E+05  5.19411618E+06  6.39679832E-09  7.92595100E+04  1.42967748E+00  0.00000000E+00
  6.84036796E+05  5.19458443E+06  6.39897133E-09  7.92591494E+04  1.42916925E+00  0.00000000E+00
  6.84383847E+05  5.19505268E+06  6.40111237E-09  7.92587888E+04  1.42866850E+00  0.00000000E+00
  6.84730897E+05  5.19552093E+06  6.40322190E-09  7.92584283E+04  1.42817511E+00  0.00000000E+00
  6.85077948E+05  5.19598919E+06  6.40530040E-09  7.92580677E+04  1.42768897E+00  0.00000000E+00
  6.85424999E+05  5.19645744E+06  6.40734834E-09  7.92577071E+04  1.42720995E+00  0.00000000E+00
  6.85772049E+05  5.19692569E+06  6.40936616E-09  7.92573465E+04  1.42673794E+00  0.00000000E+00
  6.86119100E+05  5.19739394E+06  6.41135433E-09  7.92569859E+04  1.42627282E+00  0.00000000E+00
  6.86466151E+05  5.19786219E+06  6.41331328E-09  7.92566253E+04  1.42581449E+00  0.00000000E+00
  6.86813201E+05  5.19833044E+06  6.41524346E-09  7.92562647E+04  1.42536283E+00  0.00000000E+00
  6.87160252E+05  5.19879869E+06  6.41714531E-09  7.92559042E+04  1.42491774E+00  0.00000000E+00
  6.87507303E+05  5.19926694E+06  6.41901924E-09  7.92555436E+04  1.42447910E+00  0.00000000E+00
  6.87854353E+05  5.19973520E+06  6.42086570E-09  7.92551830E+04  1.42404681E+00  0.00000000E+00
  6.88201404E+05  5.20020345E+06  6.42268508E-09  7.92548224E+04  1.42362077E+00  0.00000000E+00
  6.88548454E+05  5.20067170E+06  6.42447781E-09  7.92544618E+04  1.42320088E+00  0.00000000E+00
  6.88895505E+05  5.20113995E+06  6.42624429E-09  7.92541012E+04  1.42278703E+00  0.00000000E+00
  6.89242556E+05  5.20160820E+06  6.42798492E-09  7.92537406E+04  1.42237914E+00  0.00000000E+00
  6.89589606E+05  5.20207645E+06  6.42970010E-09  7.92533801E+04  1.42197709E+00  0.00000000E+00
  6.89936657E+05  5.20254470E+06  6.43139022E-09  7.92530195E+04  1.42158079E+00  0.00000000E+00
  6.90283708E+05  5.20301295E+06  6.43305566E-09  7.92526589E+04  1.42119016E+00  0.00000000E+00
  6.90630758E+05  5.20348121E+06  6.43469681E-09  7.92522983E+04  1.42080509E+00  0.00000000E+00
  6.90977809E+05  5.20394946E+06  6.43631403E-09  7.92519377E+04  1.42042550E+00  0.00000000E+00
  6.91324859E+05  5.20441771E+06  6.43790770E-09  7.92515771E+04  1.42005130E+00  0.00000000E+00
  6.91671910E+05  5.20488596E+06  6.43947817E-09  7.92512165E+04  1.41968239E+00  0.00000000E+00
  6.92018961E+05  5.20535421E+06  6.44102582E-09  7.92508560E+04  1.41931869E+00  0.00000000E+00
  6.92366011E+05  5.20582246E+06  6.44255099E-09  7.92504954E+04  1.41896012E+00  0.00000000E+00
  6.92713062E+05  5.20629071E+06  6.44405403E-09  7.92501348E+04  1.41860660E+00  0.00000000E+00
  6.93060113E+05  5.20675896E+06  6.44553529E-09  7.92497742E+04  1.41825803E+00  0.00000000E+00
  6.93407163E+05  5.20722722E+06  6.44699510E-09  7.92494136E+04  1.41791433E+00  0.00000000E+00
  6.93754214E+05  5.20769547E+06  6.44843380E-09  7.92490530E+04  1.41757544E+00  0.00000000E+00
  6.94101265E+05  5.20816372E+06  6.44985172E-09  7.92486925E+04  1.41724126E+00  0.00000000E+00
  6.94448315E+05  5.20863197E+06  6.45124919E-09  7.92483319E+04  1.41691172E+00  0.00000000E+00
  6.94795366E+05  5.20910022E+06  6.45262652E-09  7.92479713E+04  1.41658674E+00  0.00000000E+00
  6.95142416E+05  5.20956847E+06  6.45398403E-09  7.92476107E+04  1.41626625E+00  0.00000000E+00
  6.95489467E+05  5.21003672E+06  6.45532203E-09  7.92472501E+04  1.41595018E+00  0.00000000E+00
  6.95836518E+05  5.21050497E+06  6.45664083E-09  7.92468895E+04  1.41563845E+00  0.00000000E+00
  6.96183568E+05  5.21097323E+06  6.45794073E-09  7.92465289E+04  1.41533099E+00  0.00000000E+00
  6.96530619E+05  5.21144148E+06  6.45922202E-09  7.92461684E+04  1.41502772E+00  0.00000000E+00
  6.96877670E+05  5.21190973E+06  6.46048501E-09  7.92458078E+04  1.41472859E+00  0.00000000E+00
  6.97224720E+05  5.21237798E+06  6.46172998E-09  7.92454472E+04  1.41443352E+00  0.00000000E+00
  6.97571771E+05  5.21284623E+06  6.46295721E-09  7.92450866E+04  1.41414244E+00  0.00000000E+00
  6.97918822E+05  5.21331448E+06  6.46416699E-09  7.92447260E+04  1.41385529E+00  0.00000000E+00
  6.98265872E+05  5.21378273E+06  6.46535960E-09  7.92443654E+04  1.41357200E+00  0.00000000E+00
  6.98612923E+05  5.21425098E+06  6.46653529E-09  7.92440048E+04  1.41329252E+00  0.00000000E+00
  6.98959973E+05  5.21471924E+06  6.46769435E-09  7.92436443E+04  1.41301677E+00  0.00000000E+00
  6.99307024E+05  5.21518749E+06  6.46883704E-09  7.92432837E+04  1.41274469E+00  0.00000000E+00
  6.99654075E+05  5.21565574E+06  6.46996362E-09  7.92429231E+04  1.41247623E+00  0.00000000E+00
  7.00001125E+05  5.21612399E+06  6.47107434E-09  7.92425625E+04  1.41221132E+00  0.00000000E+00
  7.00348176E+05  5.21659224E+06  6.47216946E-09  7.92422019E+04  1.41194991E+00  0.00000000E+00
  7.00695227E+05  5.21706049E+06  6.47324923E-09  7.92418413E+04  1.41169193E+00  0.00000000E+00
  7.01042277E+05  5.21752874E+06  6.47431389E-09  7.92414807E+04  1.41143734E+00  0.00000000E+00
  7.01389328E+05  5.21799699E+06  6.47536368E-09  7.92411202E+04  1.41118606E+00  0.00000000E+00
  7.01736378E+05  5.21846525E+06  6.47639885E-09  7.92407596E+04  1.41093806E+00  0.00000000E+00
  7.02083429E+05  5.21893350E+06  6.47741962E-09  7.92403990E+04  1.41069327E+00  0.00000000E+00
  7.02430480E+05  5.21940175E+06  6.47842622E-09  7.92400384E+04  1.41045164E+00  0.00000000E+00
  7.02777530E+05  5.21987000E+06  6.47941890E-09  7.92396778E+04  1.41021312E+00  0.00000000E+00
  7.03124581E+05  5.22033825E+06  6.48039785E-09  7.92393172E+04  1.40997766E+00  0.00000000E+00
  7.03471632E+05  5.22080650E+06  6.48136332E-09  7.92389566E+04  1.40974520E+00  0.00000000E+00
  7.03818682E+05  5.22127475E+06  6.48231551E-09  7.92385961E+04  1.40951570E+00  0.00000000E+00
  7.04165733E+05  5.22174300E+06  6.48325465E-09  7.92382355E+04  1.40928910E+00  0.00000000E+00
  7.04512784E+05  5.22221126E+06  6.48418093E-09  7.92378749E+04  1.40906537E+00  0.00000000E+00
  7.04859834E+05  5.22267951E+06  6.48509456E-09  7.92375143E+04  1.40884444E+00  0.00000000E+00
  7.05206885E+05  5.22314776E+06  6.48599576E-09  7.92371537E+04  1.40862628E+00  0.00000000E+00
  7.05553935E+05  5.22361601E+06  6.48688472E-09  7.92367931E+04  1.40841084E+00  0.00000000E+00
  7.05900986E+05  5.22408426E+06  6.48776164E-09  7.92364325E+04  1.40819807E+00  0.00000000E+00
  7.06248037E+05  5.22455251E+06  6.48862671E-09  7.92360720E+04  1.40798792E+00  0.00000000E+00
  7.06595087E+05  5.22502076E+06  6.48948013E-09  7.92357114E+04  1.40778037E+00  0.00000000E+00
  7.06942138E+05  5.22548901E+06  6.49032209E-09  7.92353508E+04  1.40757535E+00  0.00000000E+00
  7.07289189E+05  5.22595727E+06  6.49115276E-09  7.92349902E+04  1.40737283E+00  0.00000000E+00
  7.07636239E+05  5.22642552E+06  6.49197234E-09  7.92346296E+04  1.40717277E+00  0.00000000E+00
  7.07983290E+05  5.22689377E+06  6.49278100E-09  7.92342690E+04  1.40697513E+00  0.00000000E+00
  7.08330340E+05  5.22736202E+06  6.49357892E-09  7.92339085E+04  1.40677986E+00  0.00000000E+00
  7.08677391E+05  5.22783027E+06  6.49436627E-09  7.92335479E+04  1.40658693E+00  0.00000000E+00
  7.09024442E+05  5.22829852E+06  6.49514323E-09  7.92331873E+04  1.40639629E+00  0.00000000E+00
  7.09371492E+05  5.22876677E+06  6.49590997E-09  7.92328267E+04  1.40620792E+00  0.00000000E+00
  7.09718543E+05  5.22923502E+06  6.49666665E-09  7.92324661E+04  1.40602177E+00  0.00000000E+00
  7.10065594E+05  5.22970328E+06  6.49741344E-09  7.92321055E+04  1.40583780E+00  0.00000000E+00
  7.10412644E+05  5.23017153E+06  6.49815049E-09  7.92317449E+04  1.40565598E+00  0.00000000E+00
  7.10759695E+05  5.23063978E+06  6.49887797E-09  7.92313844E+04  1.40547627E+00  0.00000000E+00
  7.11106746E+05  5.23110803E+06  6.49959603E-09  7.92310238E+04  1.40529863E+00  0.00000000E+00
  7.11453796E+05  5.23157628E+06  6.50030482E-09  7.92306632E+04  1.40512304E+00  0.00000000E+00
  7.11800847E+05  5.23204453E+06  6.50100451E-09  7.92303026E+04  1.40494946E+00  0.00000000E+00
  7.12147897E+05  5.23251278E+06  6.50169523E-09  7.92299420E+04  1.40477785E+00  0.00000000E+00
  7.12494948E+05  5.23298103E+06  6.50237713E-09  7.92295814E+04  1.40460819E+00  0.00000000E+00
  7.12841999E+05  5.23344929E+06  6.50305036E-09  7.92292208E+04  1.40444043E+00  0.00000000E+00
  7.13189049E+05  5.23391754E+06  6.50371505E-09  7.92288603E+04  1.40427455E+00  0.00000000E+00
  7.13536100E+05  5.23438579E+06  6.50437136E-09  7.92284997E+04  1.40411052E+00  0.00000000E+00
  7.13883151E+05  5.23485404E+06  6.50501941E-09  7.92281391E+04  1.40394830E+00  0.00000000E+00
  7.14230201E+05  5.23532229E+06  6.50565934E-09  7.92277785E+04  1.40378786E+00  0.00000000E+00
  7.14577252E+05  5.23579054E+06  6.50629128E-09  7.92274179E+04  1.40362918E+00  0.00000000E+00
  7.14924302E+05  5.23625879E+06  6.50691537E-09  7.92270573E+04  1.40347222E+00  0.00000000E+00
  7.15271353E+05  5.23672704E+06  6.50753174E-09  7.92266967E+04  1.40331697E+00  0.00000000E+00
  7.15618404E+05  5.23719530E+06  6.50814050E-09  7.92263362E+04  1.40316337E+00  0.00000000E+00
  7.15965454E+05  5.23766355E+06  6.50874179E-09  7.92259756E+04  1.40301142E+00  0.00000000E+00
  7.16312505E+05  5.23813180E+06  6.50933573E-09  7.92256150E+04  1.40286109E+00  0.00000000E+00
  7.16659556E+05  5.23860005E+06  6.50992243E-09  7.92252544E+04  1.40271233E+00  0.00000000E+00
  7.17006606E+05  5.23906830E+06  6.51050203E-09  7.92248938E+04  1.40256514E+00  0.00000000E+00
  7.17353657E+05  5.23953655E+06  6.51107463E-09  7.92245332E+04  1.40241948E+00  0.00000000E+00
  7.17700708E+05  5.24000480E+06  6.51164035E-09  7.92241726E+04  1.40227533E+00  0.00000000E+00
  7.18047758E+05  5.24047305E+06  6.51219930E-09  7.92238121E+04  1.40213266E+00  0.00000000E+00
  7.18394809E+05  5.24094131E+06  6.51275159E-09  7.92234515E+04  1.40199145E+00  0.00000000E+00
  7.18741859E+05  5.24140956E+06  6.51329734E-09  7.92230909E+04  1.40185167E+00  0.00000000E+00
  7.19088910E+05  5.24187781E+06  6.51383665E-09  7.92227303E+04  1.40171330E+00  0.00000000E+00
  7.19435961E+05  5.24234606E+06  6.51436963E-09  7.92223697E+04  1.40157632E+00  0.00000000E+00
  7.19783011E+05  5.24281431E+06  6.51489638E-09  7.92220091E+04  1.40144069E+00  0.00000000E+00
  7.20130062E+05  5.24328256E+06  6.51541701E-09  7.92216485E+04  1.40130641E+00  0.00000000E+00
  7.20477113E+05  5.24375081E+06  6.51593161E-09  7.92212880E+04  1.40117345E+00  0.00000000E+00
  7.20824163E+05  5.24421906E+06  6.51644028E-09  7.92209274E+04  1.40104178E+00  0.00000000E+00
  7.21171214E+05  5.24468732E+06  6.51694313E-09  7.92205668E+04  1.40091138E+00  0.00000000E+00
  7.21518264E+05  5.24515557E+06  6.51744025E-09  7.92202062E+04  1.40078223E+00  0.00000000E+00
  7.21865315E+05  5.24562382E+06  6.51793173E-09  7.92198456E+04  1.40065432E+00  0.00000000E+00
  7.22212366E+05  5.24609207E+06  6.51841767E-09  7.92194850E+04  1.40052762E+00  0.00000000E+00
  7.22559416E+05  5.24656032E+06  6.51889816E-09  7.92191245E+04  1.40040211E+00  0.00000000E+00
  7.22906467E+05  5.24702857E+06  6.51937329E-09  7.92187639E+04  1.40027776E+00  0.00000000E+00
  7.23253518E+05  5.24749682E+06  6.51984314E-09  7.92184033E+04  1.40015457E+00  0.00000000E+00
  7.23600568E+05  5.24796507E+06  6.52030781E-09  7.92180427E+04  1.40003251E+00  0.00000000E+00
  7.23947619E+05  5.24843333E+06  6.52076737E-09  7.92176821E+04  1.39991156E+00  0.00000000E+00
  7.24294670E+05  5.24890158E+06  6.52122192E-09  7.92173215E+04  1.39979171E+00  0.00000000E+00
  7.24641720E+05  5.24936983E+06  6.52167154E-09  7.92169609E+04  1.39967293E+00  0.00000000E+00
  7.24988771E+05  5.24983808E+06  6.52211631E-09  7.92166004E+04  1.39955521E+00  0.00000000E+00
  7.25335821E+05  5.25030633E+06  6.52255630E-09  7.92162398E+04  1.39943853E+00  0.00000000E+00
  7.25682872E+05  5.25077458E+06  6.52299161E-09  7.92158792E+04  1.39932287E+00  0.00000000E+00
  7.26029923E+05  5.25124283E+06  6.52342230E-09  7.92155186E+04  1.39920822E+00  0.00000000E+00
  7.26376973E+05  5.25171108E+06  6.52384845E-09  7.92151580E+04  1.39909456E+00  0.00000000E+00
  7.26724024E+05  5.25217934E+06  6.52427014E-09  7.92147974E+04  1.39898186E+00  0.00000000E+00
  7.27071075E+05  5.25264759E+06  6.52468744E-09  7.92144368E+04  1.39887013E+00  0.00000000E+00
  7.27418125E+05  5.25311584E+06  6.52510042E-09  7.92140763E+04  1.39875933E+00  0.00000000E+00
  7.27765176E+05  5.25358409E+06  6.52550916E-09  7.92137157E+04  1.39864946E+00  0.00000000E+00
  7.28112227E+05  5.25405234E+06  6.52591372E-09  7.92133551E+04  1.39854050E+00  0.00000000E+00
  7.28459277E+05  5.25452059E+06  6.52631418E-09  7.92129945E+04  1.39843243E+00  0.00000000E+00
  7.28806328E+05  5.25498884E+06  6.52671060E-09  7.92126339E+04  1.39832523E+00  0.00000000E+00
  7.29153378E+05  5.25545709E+06  6.52710305E-09  7.92122733E+04  1.39821891E+00  0.00000000E+00
  7.29500429E+05  5.25592535E+06  6.52749160E-09  7.92119127E+04  1.39811343E+00  0.00000000E+00
  7.29847480E+05  5.25639360E+06  6.52787631E-09  7.92115522E+04  1.39800878E+00  0.00000000E+00
  7.30194530E+05  5.25686185E+06  6.52825724E-09  7.92111916E+04  1.39790496E+00  0.00000000E+00
  7.30541581E+05  5.25733010E+06  6.52863445E-09  7.92108310E+04  1.39780195E+00  0.00000000E+00
  7.30888632E+05  5.25779835E+06  6.52900802E-09  7.92104704E+04  1.39769973E+00  0.00000000E+00
  7.31235682E+05  5.25826660E+06  6.52937799E-09  7.92101098E+04  1.39759829E+00  0.00000000E+00
  7.31582733E+05  5.25873485E+06  6.52974444E-09  7.92097492E+04  1.39749761E+00  0.00000000E+00
  7.31929783E+05  5.25920310E+06  6.53010740E-09  7.92093886E+04  1.39739770E+00  0.00000000E+00
  7.32276834E+05  5.25967136E+06  6.53046696E-09  7.92090281E+04  1.39729852E+00  0.00000000E+00
  7.32623885E+05  5.26013961E+06  6.53082315E-09  7.92086675E+04  1.39720007E+00  0.00000000E+00
  7.32970935E+05  5.26060786E+06  6.53117604E-09  7.92083069E+04  1.39710235E+00  0.00000000E+00
  7.33317986E+05  5.26107611E+06  6.53152568E-09  7.92079463E+04  1.39700532E+00  0.00000000E+00
  7.33665037E+05  5.26154436E+06  6.53187213E-09  7.92075857E+04  1.39690899E+00  0.00000000E+00
  7.34012087E+05  5.26201261E+06  6.53221544E-09  7.92072251E+04  1.39681335E+00  0.00000000E+00
  7.34359138E+05  5.26248086E+06  6.53255566E-09  7.92068645E+04  1.39671837E+00  0.00000000E+00
  7.34706189E+05  5.26294911E+06  6.53289283E-09  7.92065040E+04  1.39662406E+00  0.00000000E+00
  7.35053239E+05  5.26341737E+06  6.53322703E-09  7.92061434E+04  1.39653039E+00  0.00000000E+00
  7.35400290E+05  5.26388562E+06  6.53355828E-09  7.92057828E+04  1.39643736E+00  0.00000000E+00
  7.35747340E+05  5.26435387E+06  6.53388664E-09  7.92054222E+04  1.39634496E+00  0.00000000E+00
  7.36094391E+05  5.26482212E+06  6.53421216E-09  7.92050616E+04  1.39625317E+00  0.00000000E+00
  7.36441442E+05  5.26529037E+06  6.53453489E-09  7.92047010E+04  1.39616199E+00  0.00000000E+00
  7.36788492E+05  5.26575862E+06  6.53485487E-09  7.92043405E+04  1.39607141E+00  0.00000000E+00
  7.37135543E+05  5.26622687E+06  6.53517215E-09  7.92039799E+04  1.39598141E+00  0.00000000E+00
  7.37482594E+05  5.26669512E+06  6.53548677E-09  7.92036193E+04  1.39589199E+00  0.00000000E+00
  7.37829644E+05  5.26716338E+06  6.53579878E-09  7.92032587E+04  1.39580314E+00  0.00000000E+00
  7.38176695E+05  5.26763163E+06  6.53610821E-09  7.92028981E+04  1.39571484E+00  0.00000000E+00
  7.38523745E+05  5.26809988E+06  6.53641512E-09  7.92025375E+04  1.39562709E+00  0.00000000E+00
  7.38870796E+05  5.26856813E+06  6.53671954E-09  7.92021769E+04  1.39553988E+00  0.00000000E+00
  7.39217847E+05  5.26903638E+06  6.53702152E-09  7.92018164E+04  1.39545321E+00  0.00000000E+00
  7.39564897E+05  5.26950463E+06  6.53732110E-09  7.92014558E+04  1.39536705E+00  0.00000000E+00
  7.39911948E+05  5.26997288E+06  6.53761831E-09  7.92010952E+04  1.39528141E+00  0.00000000E+00
  7.40258999E+05  5.27044113E+06  6.53791320E-09  7.92007346E+04  1.39519627E+00  0.00000000E+00
  7.40606049E+05  5.27090939E+06  6.53820580E-09  7.92003740E+04  1.39511162E+00  0.00000000E+00
  7.40953100E+05  5.27137764E+06  6.53849615E-09  7.92000134E+04  1.39502746E+00  0.00000000E+00
  7.41300151E+05  5.27184589E+06  6.53878429E-09  7.91996528E+04  1.39494379E+00  0.00000000E+00
  7.41647201E+05  5.27231414E+06  6.53907026E-09  7.91992923E+04  1.39486058E+00  0.00000000E+00
  7.41994252E+05  5.27278239E+06  6.53935409E-09  7.91989317E+04  1.39477784E+00  0.00000000E+00
  7.42341302E+05  5.27325064E+06  6.53963582E-09  7.91985711E+04  1.39469555E+00  0.00000000E+00
  7.42688353E+05  5.27371889E+06  6.53991548E-09  7.91982105E+04  1.39461371E+00  0.00000000E+00
  7.43035404E+05  5.27418714E+06  6.54019310E-09  7.91978499E+04  1.39453231E+00  0.00000000E+00
  7.43382454E+05  5.27465540E+06  6.54046873E-09  7.91974893E+04  1.39445135E+00  0.00000000E+00
  7.43729505E+05  5.27512365E+06  6.54074239E-09  7.91971287E+04  1.39437081E+00  0.00000000E+00
  7.44076556E+05  5.27559190E+06  6.54101412E-09  7.91967682E+04  1.39429069E+00  0.00000000E+00
  7.44423606E+05  5.27606015E+06  6.54128394E-09  7.91964076E+04  1.39421099E+00  0.00000000E+00
  7.44770657E+05  5.27652840E+06  6.54155189E-09  7.91960470E+04  1.39413169E+00  0.00000000E+00
  7.45117707E+05  5.27699665E+06  6.54181800E-09  7.91956864E+04  1.39405278E+00  0.00000000E+00
  7.45464758E+05  5.27746490E+06  6.54208231E-09  7.91953258E+04  1.39397427E+00  0.00000000E+00
  7.45811809E+05  5.27793315E+06  6.54234483E-09  7.91949652E+04  1.39389615E+00  0.00000000E+00
  7.46158859E+05  5.27840141E+06  6.54260561E-09  7.91946046E+04  1.39381841E+00  0.00000000E+00
  7.46505910E+05  5.27886966E+06  6.54286466E-09  7.91942441E+04  1.39374103E+00  0.00000000E+00
  7.46852961E+05  5.27933791E+06  6.54312203E-09  7.91938835E+04  1.39366403E+00  0.00000000E+00
  7.47200011E+05  5.27980616E+06  6.54337772E-09  7.91935229E+04  1.39358738E+00  0.00000000E+00
  7.47547062E+05  5.28027441E+06  6.54363178E-09  7.91931623E+04  1.39351109E+00  0.00000000E+00
  7.47894113E+05  5.28074266E+06  6.54388424E-09  7.91928017E+04  1.39343515E+00  0.00000000E+00
  7.48241163E+05  5.28121091E+06  6.54413511E-09  7.91924411E+04  1.39335956E+00  0.00000000E+00
  7.48588214E+05  5.28167916E+06  6.54438442E-09  7.91920805E+04  1.39328430E+00  0.00000000E+00
  7.48935264E+05  5.28214742E+06  6.54463220E-09  7.91917200E+04  1.39320937E+00  0.00000000E+00
  7.49282315E+05  5.28261567E+06  6.54487847E-09  7.91913594E+04  1.39313477E+00  0.00000000E+00
  7.49629366E+05  5.28308392E+06  6.54512327E-09  7.91909988E+04  1.39306048E+00  0.00000000E+00
  7.49976416E+05  5.28355217E+06  6.54536661E-09  7.91906382E+04  1.39298652E+00  0.00000000E+00
  7.50323467E+05  5.28402042E+06  6.54560851E-09  7.91902776E+04  1.39291287E+00  0.00000000E+00
  7.50670518E+05  5.28448867E+06  6.54584901E-09  7.91899170E+04  1.39283952E+00  0.00000000E+00
  7.51017568E+05  5.28495692E+06  6.54608812E-09  7.91895565E+04  1.39276647E+00  0.00000000E+00
  7.51364619E+05  5.28542517E+06  6.54632587E-09  7.91891959E+04  1.39269371E+00  0.00000000E+00
  7.51711670E+05  5.28589343E+06  6.54656228E-09  7.91888353E+04  1.39262125E+00  0.00000000E+00
  7.52058720E+05  5.28636168E+06  6.54679737E-09  7.91884747E+04  1.39254908E+00  0.00000000E+00
  7.52405771E+05  5.28682993E+06  6.54703116E-09  7.91881141E+04  1.39247718E+00  0.00000000E+00
  7.52752821E+05  5.28729818E+06  6.54726368E-09  7.91877535E+04  1.39240556E+00  0.00000000E+00
  7.53099872E+05  5.28776643E+06  6.54749495E-09  7.91873929E+04  1.39233421E+00  0.00000000E+00
  7.53446923E+05  5.28823468E+06  6.54772498E-09  7.91870324E+04  1.39226313E+00  0.00000000E+00
  7.53793973E+05  5.28870293E+06  6.54795380E-09  7.91866718E+04  1.39219232E+00  0.00000000E+00
  7.54141024E+05  5.28917118E+06  6.54818143E-09  7.91863112E+04  1.39212176E+00  0.00000000E+00
  7.54488075E+05  5.28963944E+06  6.54840788E-09  7.91859506E+04  1.39205146E+00  0.00000000E+00
  7.54835125E+05  5.29010769E+06  6.54863318E-09  7.91855900E+04  1.39198140E+00  0.00000000E+00
  7.55182176E+05  5.29057594E+06  6.54885734E-09  7.91852294E+04  1.39191160E+00  0.00000000E+00
  7.55529226E+05  5.29104419E+06  6.54908039E-09  7.91848688E+04  1.39184203E+00  0.00000000E+00
  7.55876277E+05  5.29151244E+06  6.54930234E-09  7.91845083E+04  1.39177271E+00  0.00000000E+00
  7.56223328E+05  5.29198069E+06  6.54952321E-09  7.91841477E+04  1.39170362E+00  0.00000000E+00
  7.56570378E+05  5.29244894E+06  6.54974302E-09  7.91837871E+04  1.39163475E+00  0.00000000E+00
  7.56917429E+05  5.29291719E+06  6.54996178E-09  7.91834265E+04  1.39156612E+00  0.00000000E+00
  7.57264480E+05  5.29338545E+06  6.55017952E-09  7.91830659E+04  1.39149771E+00  0.00000000E+00
  7.57611530E+05  5.29385370E+06  6.55039624E-09  7.91827053E+04  1.39142952E+00  0.00000000E+00
  7.57958581E+05  5.29432195E+06  6.55061197E-09  7.91823447E+04  1.39136154E+00  0.00000000E+00
  7.58305632E+05  5.29479020E+06  6.55082673E-09  7.91819842E+04  1.39129378E+00  0.00000000E+00
  7.58652682E+05  5.29525845E+06  6.55104052E-09  7.91816236E+04  1.39122623E+00  0.00000000E+00
  7.58999733E+05  5.29572670E+06  6.55125336E-09  7.91812630E+04  1.39115888E+00  0.00000000E+00
  7.59346783E+05  5.29619495E+06  6.55146528E-09  7.91809024E+04  1.39109173E+00  0.00000000E+00
  7.59693834E+05  5.29666320E+06  6.55167628E-09  7.91805418E+04  1.39102478E+00  0.00000000E+00
  7.60040885E+05  5.29713146E+06  6.55188638E-09  7.91801812E+04  1.39095803E+00  0.00000000E+00
  7.60387935E+05  5.29759971E+06  6.55209559E-09  7.91798206E+04  1.39089147E+00  0.00000000E+00
  7.60734986E+05  5.29806796E+06  6.55230393E-09  7.91794601E+04  1.39082510E+00  0.00000000E+00
  7.61082037E+05  5.29853621E+06  6.55251142E-09  7.91790995E+04  1.39075892E+00  0.00000000E+00
  7.61429087E+05  5.29900446E+06  6.55271806E-09  7.91787389E+04  1.39069292E+00  0.00000000E+00
  7.61776138E+05  5.29947271E+06  6.55292387E-09  7.91783783E+04  1.39062710E+00  0.00000000E+00
  7.62123188E+05  5.29994096E+06  6.55312887E-09  7.91780177E+04  1.39056146E+00  0.00000000E+00
  7.62470239E+05  5.30040921E+06  6.55333306E-09  7.91776571E+04  1.39049599E+00  0.00000000E+00
  7.62817290E+05  5.30087747E+06  6.55353647E-09  7.91772965E+04  1.39043069E+00  0.00000000E+00
  7.63164340E+05  5.30134572E+06  6.55373910E-09  7.91769360E+04  1.39036557E+00  0.00000000E+00
  7.63511391E+05  5.30181397E+06  6.55394097E-09  7.91765754E+04  1.39030060E+00  0.00000000E+00
  7.63858442E+05  5.30228222E+06  6.55414208E-09  7.91762148E+04  1.39023581E+00  0.00000000E+00
  7.64205492E+05  5.30275047E+06  6.55434245E-09  7.91758542E+04  1.39017117E+00  0.00000000E+00
  7.64552543E+05  5.30321872E+06  6.55454210E-09  7.91754936E+04  1.39010669E+00  0.00000000E+00
  7.64899594E+05  5.30368697E+06  6.55474103E-09  7.91751330E+04  1.39004237E+00  0.00000000E+00
  7.65246644E+05  5.30415522E+06  6.55493926E-09  7.91747725E+04  1.38997820E+00  0.00000000E+00
  7.65593695E+05  5.30462348E+06  6.55513680E-09  7.91744119E+04  1.38991419E+00  0.00000000E+00
  7.65940745E+05  5.30509173E+06  6.55533366E-09  7.91740513E+04  1.38985032E+00  0.00000000E+00
  7.66287796E+05  5.30555998E+06  6.55552984E-09  7.91736907E+04  1.38978659E+00  0.00000000E+00
  7.66634847E+05  5.30602823E+06  6.55572537E-09  7.91733301E+04  1.38972302E+00  0.00000000E+00
  7.66981897E+05  5.30649648E+06  6.55592025E-09  7.91729695E+04  1.38965958E+00  0.00000000E+00
  7.67328948E+05  5.30696473E+06  6.55611448E-09  7.91726089E+04  1.38959628E+00  0.00000000E+00
  7.67675999E+05  5.30743298E+06  6.55630810E-09  7.91722484E+04  1.38953312E+00  0.00000000E+00
  7.68023049E+05  5.30790123E+06  6.55650109E-09  7.91718878E+04  1.38947009E+00  0.00000000E+00
  7.68370100E+05  5.30836949E+06  6.55669348E-09  7.91715272E+04  1.38940720E+00  0.00000000E+00
  7.68717150E+05  5.30883774E+06  6.55688527E-09  7.91711666E+04  1.38934443E+00  0.00000000E+00
  7.69064201E+05  5.30930599E+06  6.55707647E-09  7.91708060E+04  1.38928180E+00  0.00000000E+00
  7.69411252E+05  5.30977424E+06  6.55726709E-09  7.91704454E+04  1.38921929E+00  0.00000000E+00
  7.69758302E+05  5.31024249E+06  6.55745714E-09  7.91700848E+04  1.38915691E+00  0.00000000E+00
  7.70105353E+05  5.31071074E+06  6.55764663E-09  7.91697243E+04  1.38909465E+00  0.00000000E+00
  7.70452404E+05  5.31117899E+06  6.55783558E-09  7.91693637E+04  1.38903251E+00  0.00000000E+00
  7.70799454E+05  5.31164724E+06  6.55802397E-09  7.91690031E+04  1.38897049E+00  0.00000000E+00
  7.71146505E+05  5.31211550E+06  6.55821184E-09  7.91686425E+04  1.38890858E+00  0.00000000E+00
  7.71493556E+05  5.31258375E+06  6.55839918E-09  7.91682819E+04  1.38884679E+00  0.00000000E+00
  7.71840606E+05  5.31305200E+06  6.55858600E-09  7.91679213E+04  1.38878511E+00  0.00000000E+00
  7.72187657E+05  5.31352025E+06  6.55877232E-09  7.91675607E+04  1.38872355E+00  0.00000000E+00
  7.72534707E+05  5.31398850E+06  6.55895813E-09  7.91672002E+04  1.38866209E+00  0.00000000E+00
  7.72881758E+05  5.31445675E+06  6.55914345E-09  7.91668396E+04  1.38860075E+00  0.00000000E+00
  7.73228809E+05  5.31492500E+06  6.55932829E-09  7.91664790E+04  1.38853950E+00  0.00000000E+00
  7.73575859E+05  5.31539325E+06  6.55951265E-09  7.91661184E+04  1.38847837E+00  0.00000000E+00
  7.73922910E+05  5.31586151E+06  6.55969654E-09  7.91657578E+04  1.38841733E+00  0.00000000E+00
  7.74269961E+05  5.31632976E+06  6.55987997E-09  7.91653972E+04  1.38835640E+00  0.00000000E+00
  7.74617011E+05  5.31679801E+06  6.56006295E-09  7.91650366E+04  1.38829557E+00  0.00000000E+00
  7.74964062E+05  5.31726626E+06  6.56024547E-09  7.91646761E+04  1.38823484E+00  0.00000000E+00
  7.75311113E+05  5.31773451E+06  6.56042756E-09  7.91643155E+04  1.38817420E+00  0.00000000E+00
  7.75658163E+05  5.31820276E+06  6.56060922E-09  7.91639549E+04  1.38811366E+00  0.00000000E+00
  7.76005214E+05  5.31867101E+06  6.56079044E-09  7.91635943E+04  1.38805321E+00  0.00000000E+00
  7.76352264E+05  5.31913926E+06  6.56097125E-09  7.91632337E+04  1.38799285E+00  0.00000000E+00
  7.76699315E+05  5.31960752E+06  6.56115165E-09  7.91628731E+04  1.38793259E+00  0.00000000E+00
  7.77046366E+05  5.32007577E+06  6.56133164E-09  7.91625125E+04  1.38787241E+00  0.00000000E+00
  7.77393416E+05  5.32054402E+06  6.56151123E-09  7.91621520E+04  1.38781232E+00  0.00000000E+00
  7.77740467E+05  5.32101227E+06  6.56169042E-09  7.91617914E+04  1.38775232E+00  0.00000000E+00
  7.78087518E+05  5.32148052E+06  6.56186923E-09  7.91614308E+04  1.38769241E+00  0.00000000E+00
  7.78434568E+05  5.32194877E+06  6.56204766E-09  7.91610702E+04  1.38763258E+00  0.00000000E+00
  7.78781619E+05  5.32241702E+06  6.56222571E-09  7.91607096E+04  1.38757283E+00  0.00000000E+00
  7.79128669E+05  5.32288527E+06  6.56240339E-09  7.91603490E+04  1.38751316E+00  0.00000000E+00
  7.79475720E+05  5.32335353E+06  6.56258071E-09  7.91599885E+04  1.38745357E+00  0.00000000E+00
  7.79822771E+05  5.32382178E+06  6.56275767E-09  7.91596279E+04  1.38739407E+00  0.00000000E+00
  7.80169821E+05  5.32429003E+06  6.56293428E-09  7.91592673E+04  1.38733464E+00  0.00000000E+00
  7.80516872E+05  5.32475828E+06  6.56311054E-09  7.91589067E+04  1.38727529E+00  0.00000000E+00
  7.80863923E+05  5.32522653E+06  6.56328646E-09  7.91585461E+04  1.38721601E+00  0.00000000E+00
  7.81210973E+05  5.32569478E+06  6.56346204E-09  7.91581855E+04  1.38715681E+00  0.00000000E+00
  7.81558024E+05  5.32616303E+06  6.56363730E-09  7.91578249E+04  1.38709768E+00  0.00000000E+00
  7.81905075E+05  5.32663128E+06  6.56381222E-09  7.91574644E+04  1.38703862E+00  0.00000000E+00
  7.82252125E+05  5.32709954E+06  6.56398683E-09  7.91571038E+04  1.38697964E+00  0.00000000E+00
  7.82599176E+05  5.32756779E+06  6.56416112E-09  7.91567432E+04  1.38692072E+00  0.00000000E+00
  7.82946226E+05  5.32803604E+06  6.56433510E-09  7.91563826E+04  1.38686187E+00  0.00000000E+00
  7.83293277E+05  5.32850429E+06  6.56450877E-09  7.91560220E+04  1.38680310E+00  0.00000000E+00
  7.83640328E+05  5.32897254E+06  6.56468214E-09  7.91556614E+04  1.38674439E+00  0.00000000E+00
  7.83987378E+05  5.32944079E+06  6.56485521E-09  7.91553008E+04  1.38668574E+00  0.00000000E+00
  7.84334429E+05  5.32990904E+06  6.56502799E-09  7.91549403E+04  1.38662716E+00  0.00000000E+00
  7.84681480E+05  5.33037729E+06  6.56520049E-09  7.91545797E+04  1.38656864E+00  0.00000000E+00
  7.85028530E+05  5.33084555E+06  6.56537270E-09  7.91542191E+04  1.38651019E+00  0.00000000E+00
  7.85375581E+05  5.33131380E+06  6.56554463E-09  7.91538585E+04  1.38645180E+00  0.00000000E+00
  7.85722631E+05  5.33178205E+06  6.56571629E-09  7.91534979E+04  1.38639347E+00  0.00000000E+00
  7.86069682E+05  5.33225030E+06  6.56588767E-09  7.91531373E+04  1.38633520E+00  0.00000000E+00
  7.86416733E+05  5.33271855E+06  6.56605879E-09  7.91527767E+04  1.38627699E+00  0.00000000E+00
  7.86763783E+05  5.33318680E+06  6.56622965E-09  7.91524162E+04  1.38621884E+00  0.00000000E+00
  7.87110834E+05  5.33365505E+06  6.56640025E-09  7.91520556E+04  1.38616075E+00  0.00000000E+00
  7.87457885E+05  5.33412330E+06  6.56657059E-09  7.91516950E+04  1.38610272E+00  0.00000000E+00
  7.87804935E+05  5.33459156E+06  6.56674068E-09  7.91513344E+04  1.38604474E+00  0.00000000E+00
  7.88151986E+05  5.33505981E+06  6.56691053E-09  7.91509738E+04  1.38598681E+00  0.00000000E+00
  7.88499037E+05  5.33552806E+06  6.56708013E-09  7.91506132E+04  1.38592894E+00  0.00000000E+00
  7.88846087E+05  5.33599631E+06  6.56724950E-09  7.91502526E+04  1.38587113E+00  0.00000000E+00
  7.89193138E+05  5.33646456E+06  6.56741862E-09  7.91498921E+04  1.38581336E+00  0.00000000E+00
  7.89540188E+05  5.33693281E+06  6.56758752E-09  7.91495315E+04  1.38575565E+00  0.00000000E+00
  7.89887239E+05  5.33740106E+06  6.56775618E-09  7.91491709E+04  1.38569799E+00  0.00000000E+00
  7.90234290E+05  5.33786931E+06  6.56792462E-09  7.91488103E+04  1.38564039E+00  0.00000000E+00
  7.90581340E+05  5.33833757E+06  6.56809284E-09  7.91484497E+04  1.38558283E+00  0.00000000E+00
  7.90928391E+05  5.33880582E+06  6.56826084E-09  7.91480891E+04  1.38552532E+00  0.00000000E+00
  7.91275442E+05  5.33927407E+06  6.56842862E-09  7.91477285E+04  1.38546786E+00  0.00000000E+00
  7.91622492E+05  5.33974232E+06  6.56859620E-09  7.91473680E+04  1.38541045E+00  0.00000000E+00
  7.91969543E+05  5.34021057E+06  6.56876356E-09  7.91470074E+04  1.38535308E+00  0.00000000E+00
  7.92316593E+05  5.34067882E+06  6.56893071E-09  7.91466468E+04  1.38529577E+00  0.00000000E+00
  7.92663644E+05  5.34114707E+06  6.56909766E-09  7.91462862E+04  1.38523849E+00  0.00000000E+00
  7.93010695E+05  5.34161532E+06  6.56926442E-09  7.91459256E+04  1.38518127E+00  0.00000000E+00
  7.93357745E+05  5.34208358E+06  6.56943097E-09  7.91455650E+04  1.38512408E+00  0.00000000E+00
  7.93704796E+05  5.34255183E+06  6.56959733E-09  7.91452045E+04  1.38506695E+00  0.00000000E+00
  7.94051847E+05  5.34302008E+06  6.56976350E-09  7.91448439E+04  1.38500985E+00  0.00000000E+00
  7.94398897E+05  5.34348833E+06  6.56992948E-09  7.91444833E+04  1.38495280E+00  0.00000000E+00
  7.94745948E+05  5.34395658E+06  6.57009527E-09  7.91441227E+04  1.38489579E+00  0.00000000E+00
  7.95092999E+05  5.34442483E+06  6.57026088E-09  7.91437621E+04  1.38483883E+00  0.00000000E+00
  7.95440049E+05  5.34489308E+06  6.57042631E-09  7.91434015E+04  1.38478190E+00  0.00000000E+00
  7.95787100E+05  5.34536133E+06  6.57059156E-09  7.91430409E+04  1.38472501E+00  0.00000000E+00
  7.96134150E+05  5.34582959E+06  6.57075664E-09  7.91426804E+04  1.38466817E+00  0.00000000E+00
  7.96481201E+05  5.34629784E+06  6.57092154E-09  7.91423198E+04  1.38461136E+00  0.00000000E+00
  7.96828252E+05  5.34676609E+06  6.57108627E-09  7.91419592E+04  1.38455460E+00  0.00000000E+00
  7.97175302E+05  5.34723434E+06  6.57125084E-09  7.91415986E+04  1.38449787E+00  0.00000000E+00
  7.97522353E+05  5.34770259E+06  6.57141524E-09  7.91412380E+04  1.38444118E+00  0.00000000E+00
  7.97869404E+05  5.34817084E+06  6.57157947E-09  7.91408774E+04  1.38438453E+00  0.00000000E+00
  7.98216454E+05  5.34863909E+06  6.57174354E-09  7.91405168E+04  1.38432791E+00  0.00000000E+00
  7.98563505E+05  5.34910734E+06  6.57190746E-09  7.91401563E+04  1.38427133E+00  0.00000000E+00
  7.98910555E+05  5.34957560E+06  6.57207122E-09  7.91397957E+04  1.38421479E+00  0.00000000E+00
  7.99257606E+05  5.35004385E+06  6.57223482E-09  7.91394351E+04  1.38415828E+00  0.00000000E+00
  7.99604657E+05  5.35051210E+06  6.57239827E-09  7.91390745E+04  1.38410181E+00  0.00000000E+00
  7.99951707E+05  5.35098035E+06  6.57256157E-09  7.91387139E+04  1.38404537E+00  0.00000000E+00
  8.00298758E+05  5.35144860E+06  6.57272472E-09  7.91383533E+04  1.38398897E+00  0.00000000E+00
  8.00645809E+05  5.35191685E+06  6.57288773E-09  7.91379927E+04  1.38393260E+00  0.00000000E+00
  8.00992859E+05  5.35238510E+06  6.57305059E-09  7.91376322E+04  1.38387626E+00  0.00000000E+00
  8.01339910E+05  5.35285335E+06  6.57321331E-09  7.91372716E+04  1.38381996E+00  0.00000000E+00
  8.01686961E+05  5.35332161E+06  6.57337590E-09  7.91369110E+04  1.38376369E+00  0.00000000E+00
  8.02034011E+05  5.35378986E+06  6.57353834E-09  7.91365504E+04  1.38370745E+00  0.00000000E+00
  8.02381062E+05  5.35425811E+06  6.57370064E-09  7.91361898E+04  1.38365125E+00  0.00000000E+00
  8.02728112E+05  5.35472636E+06  6.57386282E-09  7.91358292E+04  1.38359507E+00  0.00000000E+00
  8.03075163E+05  5.35519461E+06  6.57402486E-09  7.91354686E+04  1.38353893E+00  0.00000000E+00
  8.03422214E+05  5.35566286E+06  6.57418676E-09  7.91351081E+04  1.38348281E+00  0.00000000E+00
  8.03769264E+05  5.35613111E+06  6.57434854E-09  7.91347475E+04  1.38342673E+00  0.00000000E+00
  8.04116315E+05  5.35659936E+06  6.57451020E-09  7.91343869E+04  1.38337067E+00  0.00000000E+00
  8.04463366E+05  5.35706762E+06  6.57467172E-09  7.91340263E+04  1.38331465E+00  0.00000000E+00
  8.04810416E+05  5.35753587E+06  6.57483312E-09  7.91336657E+04  1.38325865E+00  0.00000000E+00
  8.05157467E+05  5.35800412E+06  6.57499440E-09  7.91333051E+04  1.38320269E+00  0.00000000E+00
  8.05504518E+05  5.35847237E+06  6.57515556E-09  7.91329445E+04  1.38314675E+00  0.00000000E+00
  8.05851568E+05  5.35894062E+06  6.57531660E-09  7.91325840E+04  1.38309084E+00  0.00000000E+00
  8.06198619E+05  5.35940887E+06  6.57547753E-09  7.91322234E+04  1.38303495E+00  0.00000000E+00
  8.06545669E+05  5.35987712E+06  6.57563833E-09  7.91318628E+04  1.38297910E+00  0.00000000E+00
  8.06892720E+05  5.36034537E+06  6.57579903E-09  7.91315022E+04  1.38292327E+00  0.00000000E+00
  8.07239771E+05  5.36081363E+06  6.57595960E-09  7.91311416E+04  1.38286747E+00  0.00000000E+00
  8.07586821E+05  5.36128188E+06  6.57612007E-09  7.91307810E+04  1.38281169E+00  0.00000000E+00
  8.07933872E+05  5.36175013E+06  6.57628043E-09  7.91304205E+04  1.38275595E+00  0.00000000E+00
  8.08280923E+05  5.36221838E+06  6.57644068E-09  7.91300599E+04  1.38270022E+00  0.00000000E+00
  8.08627973E+05  5.36268663E+06  6.57660082E-09  7.91296993E+04  1.38264452E+00  0.00000000E+00
  8.08975024E+05  5.36315488E+06  6.57676085E-09  7.91293387E+04  1.38258885E+00  0.00000000E+00
  8.09322074E+05  5.36362313E+06  6.57692079E-09  7.91289781E+04  1.38253320E+00  0.00000000E+00
  8.09669125E+05  5.36409138E+06  6.57708061E-09  7.91286175E+04  1.38247758E+00  0.00000000E+00
  8.10016176E+05  5.36455964E+06  6.57724034E-09  7.91282569E+04  1.38242198E+00  0.00000000E+00
  8.10363226E+05  5.36502789E+06  6.57739996E-09  7.91278964E+04  1.38236641E+00  0.00000000E+00
  8.10710277E+05  5.36549614E+06  6.57755949E-09  7.91275358E+04  1.38231086E+00  0.00000000E+00
  8.11057328E+05  5.36596439E+06  6.57771891E-09  7.91271752E+04  1.38225533E+00  0.00000000E+00
  8.11404378E+05  5.36643264E+06  6.57787824E-09  7.91268146E+04  1.38219983E+00  0.00000000E+00
  8.11751429E+05  5.36690089E+06  6.57803748E-09  7.91264540E+04  1.38214435E+00  0.00000000E+00
  8.12098480E+05  5.36736914E+06  6.57819662E-09  7.91260934E+04  1.38208889E+00  0.00000000E+00
  8.12445530E+05  5.36783739E+06  6.57835566E-09  7.91257328E+04  1.38203346E+00  0.00000000E+00
  8.12792581E+05  5.36830565E+06  6.57851462E-09  7.91253723E+04  1.38197804E+00  0.00000000E+00
  8.13139631E+05  5.36877390E+06  6.57867348E-09  7.91250117E+04  1.38192265E+00  0.00000000E+00
  8.13486682E+05  5.36924215E+06  6.57883225E-09  7.91246511E+04  1.38186728E+00  0.00000000E+00
  8.13833733E+05  5.36971040E+06  6.57899093E-09  7.91242905E+04  1.38181194E+00  0.00000000E+00
  8.14180783E+05  5.37017865E+06  6.57914953E-09  7.91239299E+04  1.38175661E+00  0.00000000E+00
  8.14527834E+05  5.37064690E+06  6.57930804E-09  7.91235693E+04  1.38170131E+00  0.00000000E+00
  8.14874885E+05  5.37111515E+06  6.57946646E-09  7.91232087E+04  1.38164602E+00  0.00000000E+00
  8.15221935E+05  5.37158340E+06  6.57962479E-09  7.91228482E+04  1.38159076E+00  0.00000000E+00
  8.15568986E+05  5.37205166E+06  6.57978305E-09  7.91224876E+04  1.38153552E+00  0.00000000E+00
  8.15916036E+05  5.37251991E+06  6.57994122E-09  7.91221270E+04  1.38148030E+00  0.00000000E+00
  8.16263087E+05  5.37298816E+06  6.58009930E-09  7.91217664E+04  1.38142509E+00  0.00000000E+00
  8.16610138E+05  5.37345641E+06  6.58025731E-09  7.91214058E+04  1.38136991E+00  0.00000000E+00
  8.16957188E+05  5.37392466E+06  6.58041524E-09  7.91210452E+04  1.38131475E+00  0.00000000E+00
  8.17304239E+05  5.37439291E+06  6.58057308E-09  7.91206846E+04  1.38125961E+00  0.00000000E+00
  8.17651290E+05  5.37486116E+06  6.58073085E-09  7.91203241E+04  1.38120448E+00  0.00000000E+00
  8.17998340E+05  5.37532941E+06  6.58088854E-09  7.91199635E+04  1.38114938E+00  0.00000000E+00
  8.18345391E+05  5.37579767E+06  6.58104616E-09  7.91196029E+04  1.38109430E+00  0.00000000E+00
  8.18692442E+05  5.37626592E+06  6.58120370E-09  7.91192423E+04  1.38103923E+00  0.00000000E+00
  8.19039492E+05  5.37673417E+06  6.58136116E-09  7.91188817E+04  1.38098418E+00  0.00000000E+00
  8.19386543E+05  5.37720242E+06  6.58151855E-09  7.91185211E+04  1.38092915E+00  0.00000000E+00
  8.19733593E+05  5.37767067E+06  6.58167586E-09  7.91181606E+04  1.38087414E+00  0.00000000E+00
  8.20080644E+05  5.37813892E+06  6.58183311E-09  7.91178000E+04  1.38081915E+00  0.00000000E+00
  8.20427695E+05  5.37860717E+06  6.58199028E-09  7.91174394E+04  1.38076417E+00  0.00000000E+00
  8.20774745E+05  5.37907542E+06  6.58214738E-09  7.91170788E+04  1.38070922E+00  0.00000000E+00
  8.21121796E+05  5.37954368E+06  6.58230441E-09  7.91167182E+04  1.38065428E+00  0.00000000E+00
  8.21468847E+05  5.38001193E+06  6.58246137E-09  7.91163576E+04  1.38059935E+00  0.00000000E+00
  8.21815897E+05  5.38048018E+06  6.58261826E-09  7.91159970E+04  1.38054445E+00  0.00000000E+00
  8.22162948E+05  5.38094843E+06  6.58277509E-09  7.91156365E+04  1.38048956E+00  0.00000000E+00
  8.22509998E+05  5.38141668E+06  6.58293184E-09  7.91152759E+04  1.38043469E+00  0.00000000E+00
  8.22857049E+05  5.38188493E+06  6.58308853E-09  7.91149153E+04  1.38037984E+00  0.00000000E+00
  8.23204100E+05  5.38235318E+06  6.58324515E-09  7.91145547E+04  1.38032500E+00  0.00000000E+00
  8.23551150E+05  5.38282143E+06  6.58340171E-09  7.91141941E+04  1.38027018E+00  0.00000000E+00
  8.23898201E+05  5.38328969E+06  6.58355821E-09  7.91138335E+04  1.38021538E+00  0.00000000E+00
  8.24245252E+05  5.38375794E+06  6.58371464E-09  7.91134729E+04  1.38016059E+00  0.00000000E+00
  8.24592302E+05  5.38422619E+06  6.58387100E-09  7.91131124E+04  1.38010582E+00  0.00000000E+00
  8.24939353E+05  5.38469444E+06  6.58402731E-09  7.91127518E+04  1.38005106E+00  0.00000000E+00
  8.25286404E+05  5.38516269E+06  6.58418355E-09  7.91123912E+04  1.37999632E+00  0.00000000E+00
  8.25633454E+05  5.38563094E+06  6.58433973E-09  7.91120306E+04  1.37994160E+00  0.00000000E+00
  8.25980505E+05  5.38609919E+06  6.58449584E-09  7.91116700E+04  1.37988689E+00  0.00000000E+00
  8.26327555E+05  5.38656744E+06  6.58465190E-09  7.91113094E+04  1.37983219E+00  0.00000000E+00
  8.26674606E+05  5.38703570E+06  6.58480790E-09  7.91109488E+04  1.37977752E+00  0.00000000E+00
  8.27021657E+05  5.38750395E+06  6.58496384E-09  7.91105883E+04  1.37972285E+00  0.00000000E+00
  8.27368707E+05  5.38797220E+06  6.58511972E-09  7.91102277E+04  1.37966821E+00  0.00000000E+00
  8.27715758E+05  5.38844045E+06  6.58527554E-09  7.91098671E+04  1.37961358E+00  0.00000000E+00
  8.28062809E+05  5.38890870E+06  6.58543131E-09  7.91095065E+04  1.37955896E+00  0.00000000E+00
  8.28409859E+05  5.38937695E+06  6.58558702E-09  7.91091459E+04  1.37950436E+00  0.00000000E+00
  8.28756910E+05  5.38984520E+06  6.58574267E-09  7.91087853E+04  1.37944977E+00  0.00000000E+00
  8.29103961E+05  5.39031345E+06  6.58589826E-09  7.91084247E+04  1.37939519E+00  0.00000000E+00
  8.29451011E+05  5.39078171E+06  6.58605380E-09  7.91080642E+04  1.37934063E+00  0.00000000E+00
  8.29798062E+05  5.39124996E+06  6.58620929E-09  7.91077036E+04  1.37928609E+00  0.00000000E+00
  8.30145112E+05  5.39171821E+06  6.58636472E-09  7.91073430E+04  1.37923156E+00  0.00000000E+00
  8.30492163E+05  5.39218646E+06  6.58652009E-09  7.91069824E+04  1.37917704E+00  0.00000000E+00
  8.30839214E+05  5.39265471E+06  6.58667541E-09  7.91066218E+04  1.37912254E+00  0.00000000E+00
  8.31186264E+05  5.39312296E+06  6.58683068E-09  7.91062612E+04  1.37906805E+00  0.00000000E+00
  8.31533315E+05  5.39359121E+06  6.58698590E-09  7.91059006E+04  1.37901358E+00  0.00000000E+00
  8.31880366E+05  5.39405946E+06  6.58714106E-09  7.91055401E+04  1.37895912E+00  0.00000000E+00
  8.32227416E+05  5.39452772E+06  6.58729618E-09  7.91051795E+04  1.37890467E+00  0.00000000E+00
  8.32574467E+05  5.39499597E+06  6.58745124E-09  7.91048189E+04  1.37885024E+00  0.00000000E+00
  8.32921517E+05  5.39546422E+06  6.58760625E-09  7.91044583E+04  1.37879582E+00  0.00000000E+00
  8.33268568E+05  5.39593247E+06  6.58776121E-09  7.91040977E+04  1.37874141E+00  0.00000000E+00
  8.33615619E+05  5.39640072E+06  6.58791612E-09  7.91037371E+04  1.37868702E+00  0.00000000E+00
  8.33962669E+05  5.39686897E+06  6.58807098E-09  7.91033766E+04  1.37863264E+00  0.00000000E+00
  8.34309720E+05  5.39733722E+06  6.58822579E-09  7.91030160E+04  1.37857827E+00  0.00000000E+00
  8.34656771E+05  5.39780547E+06  6.58838055E-09  7.91026554E+04  1.37852392E+00  0.00000000E+00
  8.35003821E+05  5.39827373E+06  6.58853526E-09  7.91022948E+04  1.37846958E+00  0.00000000E+00
  8.35350872E+05  5.39874198E+06  6.58868993E-09  7.91019342E+04  1.37841525E+00  0.00000000E+00
  8.35697923E+05  5.39921023E+06  6.58884454E-09  7.91015736E+04  1.37836093E+00  0.00000000E+00
  8.36044973E+05  5.39967848E+06  6.58899911E-09  7.91012130E+04  1.37830663E+00  0.00000000E+00
  8.36392024E+05  5.40014673E+06  6.58915363E-09  7.91008525E+04  1.37825234E+00  0.00000000E+00
  8.36739074E+05  5.40061498E+06  6.58930811E-09  7.91004919E+04  1.37819806E+00  0.00000000E+00
  8.37086125E+05  5.40108323E+06  6.58946254E-09  7.91001313E+04  1.37814380E+00  0.00000000E+00
  8.37433176E+05  5.40155148E+06  6.58961692E-09  7.90997707E+04  1.37808955E+00  0.00000000E+00
  8.37780226E+05  5.40201974E+06  6.58977126E-09  7.90994101E+04  1.37803531E+00  0.00000000E+00
  8.38127277E+05  5.40248799E+06  6.58992555E-09  7.90990495E+04  1.37798108E+00  0.00000000E+00
  8.38474328E+05  5.40295624E+06  6.59007980E-09  7.90986889E+04  1.37792686E+00  0.00000000E+00
  8.38821378E+05  5.40342449E+06  6.59023400E-09  7.90983284E+04  1.37787266E+00  0.00000000E+00
  8.39168429E+05  5.40389274E+06  6.59038816E-09  7.90979678E+04  1.37781847E+00  0.00000000E+00
  8.39515479E+05  5.40436099E+06  6.59054227E-09  7.90976072E+04  1.37776429E+00  0.00000000E+00
  8.39862530E+05  5.40482924E+06  6.59069634E-09  7.90972466E+04  1.37771012E+00  0.00000000E+00
  8.40209581E+05  5.40529749E+06  6.59085037E-09  7.90968860E+04  1.37765596E+00  0.00000000E+00
  8.40556631E+05  5.40576575E+06  6.59100436E-09  7.90965254E+04  1.37760182E+00  0.00000000E+00
  8.40903682E+05  5.40623400E+06  6.59115830E-09  7.90961648E+04  1.37754769E+00  0.00000000E+00
  8.41250733E+05  5.40670225E+06  6.59131219E-09  7.90958043E+04  1.37749357E+00  0.00000000E+00
  8.41597783E+05  5.40717050E+06  6.59146605E-09  7.90954437E+04  1.37743946E+00  0.00000000E+00
  8.41944834E+05  5.40763875E+06  6.59161986E-09  7.90950831E+04  1.37738536E+00  0.00000000E+00
  8.42291885E+05  5.40810700E+06  6.59177364E-09  7.90947225E+04  1.37733128E+00  0.00000000E+00
  8.42638935E+05  5.40857525E+06  6.59192737E-09  7.90943619E+04  1.37727720E+00  0.00000000E+00
  8.42985986E+05  5.40904350E+06  6.59208105E-09  7.90940013E+04  1.37722314E+00  0.00000000E+00
  8.43333036E+05  5.40951176E+06  6.59223470E-09  7.90936407E+04  1.37716909E+00  0.00000000E+00
  8.43680087E+05  5.40998001E+06  6.59238831E-09  7.90932802E+04  1.37711505E+00  0.00000000E+00
  8.44027138E+05  5.41044826E+06  6.59254188E-09  7.90929196E+04  1.37706102E+00  0.00000000E+00
  8.44374188E+05  5.41091651E+06  6.59269540E-09  7.90925590E+04  1.37700700E+00  0.00000000E+00
  8.44721239E+05  5.41138476E+06  6.59284889E-09  7.90921984E+04  1.37695299E+00  0.00000000E+00
  8.45068290E+05  5.41185301E+06  6.59300234E-09  7.90918378E+04  1.37689900E+00  0.00000000E+00
  8.45415340E+05  5.41232126E+06  6.59315574E-09  7.90914772E+04  1.37684501E+00  0.00000000E+00
  8.45762391E+05  5.41278951E+06  6.59330911E-09  7.90911166E+04  1.37679104E+00  0.00000000E+00
  8.46109441E+05  5.41325777E+06  6.59346244E-09  7.90907561E+04  1.37673707E+00  0.00000000E+00
  8.46456492E+05  5.41372602E+06  6.59361573E-09  7.90903955E+04  1.37668312E+00  0.00000000E+00
  8.46803543E+05  5.41419427E+06  6.59376898E-09  7.90900349E+04  1.37662918E+00  0.00000000E+00
  8.47150593E+05  5.41466252E+06  6.59392219E-09  7.90896743E+04  1.37657525E+00  0.00000000E+00
  8.47497644E+05  5.41513077E+06  6.59407537E-09  7.90893137E+04  1.37652133E+00  0.00000000E+00
  8.47844695E+05  5.41559902E+06  6.59422851E-09  7.90889531E+04  1.37646742E+00  0.00000000E+00
  8.48191745E+05  5.41606727E+06  6.59438160E-09  7.90885926E+04  1.37641352E+00  0.00000000E+00
  8.48538796E+05  5.41653552E+06  6.59453466E-09  7.90882320E+04  1.37635964E+00  0.00000000E+00
  8.48885847E+05  5.41700378E+06  6.59468769E-09  7.90878714E+04  1.37630576E+00  0.00000000E+00
  8.49232897E+05  5.41747203E+06  6.59484067E-09  7.90875108E+04  1.37625189E+00  0.00000000E+00
  8.49579948E+05  5.41794028E+06  6.59499362E-09  7.90871502E+04  1.37619804E+00  0.00000000E+00
  8.49926998E+05  5.41840853E+06  6.59514654E-09  7.90867896E+04  1.37614419E+00  0.00000000E+00
  8.50274049E+05  5.41887678E+06  6.59529941E-09  7.90864290E+04  1.37609035E+00  0.00000000E+00
  8.50621100E+05  5.41934503E+06  6.59545225E-09  7.90860685E+04  1.37603653E+00  0.00000000E+00
  8.50968150E+05  5.41981328E+06  6.59560505E-09  7.90857079E+04  1.37598272E+00  0.00000000E+00
  8.51315201E+05  5.42028153E+06  6.59575782E-09  7.90853473E+04  1.37592891E+00  0.00000000E+00
  8.51662252E+05  5.42074979E+06  6.59591055E-09  7.90849867E+04  1.37587512E+00  0.00000000E+00
  8.52009302E+05  5.42121804E+06  6.59606325E-09  7.90846261E+04  1.37582133E+00  0.00000000E+00
  8.52356353E+05  5.42168629E+06  6.59621591E-09  7.90842655E+04  1.37576756E+00  0.00000000E+00
  8.52703403E+05  5.42215454E+06  6.59636853E-09  7.90839049E+04  1.37571379E+00  0.00000000E+00
  8.53050454E+05  5.42262279E+06  6.59652112E-09  7.90835444E+04  1.37566004E+00  0.00000000E+00
  8.53397505E+05  5.42309104E+06  6.59667367E-09  7.90831838E+04  1.37560630E+00  0.00000000E+00
  8.53744555E+05  5.42355929E+06  6.59682619E-09  7.90828232E+04  1.37555256E+00  0.00000000E+00
  8.54091606E+05  5.42402754E+06  6.59697868E-09  7.90824626E+04  1.37549884E+00  0.00000000E+00
  8.54438657E+05  5.42449580E+06  6.59713113E-09  7.90821020E+04  1.37544513E+00  0.00000000E+00
  8.54785707E+05  5.42496405E+06  6.59728354E-09  7.90817414E+04  1.37539142E+00  0.00000000E+00
  8.55132758E+05  5.42543230E+06  6.59743592E-09  7.90813808E+04  1.37533773E+00  0.00000000E+00
  8.55479809E+05  5.42573839E+06  6.59778545E-09  7.90810203E+04  1.37524294E+00  0.00000000E+00
  8.55826859E+05  5.42573115E+06  6.59851597E-09  7.90806597E+04  1.37506877E+00  0.00000000E+00
  8.56173910E+05  5.42571534E+06  6.59925690E-09  7.90802991E+04  1.37489246E+00  0.00000000E+00
  8.56520960E+05  5.42569098E+06  6.60000824E-09  7.90799385E+04  1.37471403E+00  0.00000000E+00
  8.56868011E+05  5.42565804E+06  6.60077001E-09  7.90795779E+04  1.37453347E+00  0.00000000E+00
  8.57215062E+05  5.42561655E+06  6.60154219E-09  7.90792173E+04  1.37435078E+00  0.00000000E+00
  8.57562112E+05  5.42556649E+06  6.60232480E-09  7.90788567E+04  1.37416596E+00  0.00000000E+00
  8.57909163E+05  5.42550787E+06  6.60311783E-09  7.90784962E+04  1.37397902E+00  0.00000000E+00
  8.58256214E+05  5.42544070E+06  6.60392129E-09  7.90781356E+04  1.37378995E+00  0.00000000E+00
  8.58603264E+05  5.42536497E+06  6.60473517E-09  7.90777750E+04  1.37359876E+00  0.00000000E+00
  8.58950315E+05  5.42528069E+06  6.60555949E-09  7.90774144E+04  1.37340545E+00  0.00000000E+00
  8.59297366E+05  5.42518786E+06  6.60639423E-09  7.90770538E+04  1.37321003E+00  0.00000000E+00
  8.59644416E+05  5.42508648E+06  6.60723941E-09  7.90766932E+04  1.37301248E+00  0.00000000E+00
  8.59991467E+05  5.42497656E+06  6.60809501E-09  7.90763326E+04  1.37281282E+00  0.00000000E+00
  8.60338517E+05  5.42485810E+06  6.60896105E-09  7.90759721E+04  1.37261104E+00  0.00000000E+00
  8.60685568E+05  5.42473111E+06  6.60983752E-09  7.90756115E+04  1.37240715E+00  0.00000000E+00
  8.61032619E+05  5.42459558E+06  6.61072442E-09  7.90752509E+04  1.37220115E+00  0.00000000E+00
  8.61379669E+05  5.42445153E+06  6.61162175E-09  7.90748903E+04  1.37199304E+00  0.00000000E+00
  8.61726720E+05  5.42429896E+06  6.61252951E-09  7.90745297E+04  1.37178282E+00  0.00000000E+00
  8.62073771E+05  5.42413787E+06  6.61344769E-09  7.90741691E+04  1.37157050E+00  0.00000000E+00
  8.62420821E+05  5.42396828E+06  6.61437630E-09  7.90738086E+04  1.37135608E+00  0.00000000E+00
  8.62767872E+05  5.42379018E+06  6.61531534E-09  7.90734480E+04  1.37113955E+00  0.00000000E+00
  8.63114922E+05  5.42360358E+06  6.61626480E-09  7.90730874E+04  1.37092093E+00  0.00000000E+00
  8.63461973E+05  5.42340849E+06  6.61722468E-09  7.90727268E+04  1.37070021E+00  0.00000000E+00
  8.63809024E+05  5.42320492E+06  6.61819497E-09  7.90723662E+04  1.37047740E+00  0.00000000E+00
  8.64156074E+05  5.42408964E+06  6.61783726E-09  7.90720056E+04  1.37052963E+00  0.00000000E+00
  8.64503125E+05  5.42631052E+06  6.61585020E-09  7.90716450E+04  1.37091940E+00  0.00000000E+00
  8.64850176E+05  5.42852651E+06  6.61387071E-09  7.90712845E+04  1.37130784E+00  0.00000000E+00
  8.65197226E+05  5.43073762E+06  6.61189877E-09  7.90709239E+04  1.37169495E+00  0.00000000E+00
  8.65544277E+05  5.43294387E+06  6.60993434E-09  7.90705633E+04  1.37208073E+00  0.00000000E+00
  8.65891328E+05  5.43514527E+06  6.60797741E-09  7.90702027E+04  1.37246518E+00  0.00000000E+00
  8.66238378E+05  5.43734182E+06  6.60602795E-09  7.90698421E+04  1.37284831E+00  0.00000000E+00
  8.66585429E+05  5.43953353E+06  6.60408593E-09  7.90694815E+04  1.37323012E+00  0.00000000E+00
  8.66932479E+05  5.44172041E+06  6.60215132E-09  7.90691209E+04  1.37361061E+00  0.00000000E+00
  8.67279530E+05  5.44390248E+06  6.60022411E-09  7.90687604E+04  1.37398978E+00  0.00000000E+00
  8.67626581E+05  5.44607973E+06  6.59830427E-09  7.90683998E+04  1.37436764E+00  0.00000000E+00
  8.67973631E+05  5.44825219E+06  6.59639176E-09  7.90680392E+04  1.37474419E+00  0.00000000E+00
  8.68320682E+05  5.45041985E+06  6.59448658E-09  7.90676786E+04  1.37511943E+00  0.00000000E+00
  8.68667733E+05  5.45258274E+06  6.59258869E-09  7.90673180E+04  1.37549337E+00  0.00000000E+00
  8.69014783E+05  5.45474084E+06  6.59069806E-09  7.90669574E+04  1.37586601E+00  0.00000000E+00
  8.69361834E+05  5.45689419E+06  6.58881468E-09  7.90665968E+04  1.37623734E+00  0.00000000E+00
  8.69708884E+05  5.45904278E+06  6.58693852E-09  7.90662363E+04  1.37660739E+00  0.00000000E+00
  8.70055935E+05  5.46118663E+06  6.58506955E-09  7.90658757E+04  1.37697613E+00  0.00000000E+00
  8.70402986E+05  5.46332573E+06  6.58320775E-09  7.90655151E+04  1.37734359E+00  0.00000000E+00
  8.70750036E+05  5.46546011E+06  6.58135310E-09  7.90651545E+04  1.37770976E+00  0.00000000E+00
  8.71097087E+05  5.46758978E+06  6.57950557E-09  7.90647939E+04  1.37807465E+00  0.00000000E+00
  8.71444138E+05  5.46971473E+06  6.57766514E-09  7.90644333E+04  1.37843825E+00  0.00000000E+00
  8.71791188E+05  5.47183498E+06  6.57583178E-09  7.90640727E+04  1.37880057E+00  0.00000000E+00
  8.72138239E+05  5.47395054E+06  6.57400548E-09  7.90637122E+04  1.37916162E+00  0.00000000E+00
  8.72485290E+05  5.47606142E+06  6.57218620E-09  7.90633516E+04  1.37952139E+00  0.00000000E+00
  8.72832340E+05  5.47816763E+06  6.57037393E-09  7.90629910E+04  1.37987989E+00  0.00000000E+00
  8.73179391E+05  5.48026917E+06  6.56856863E-09  7.90626304E+04  1.38023712E+00  0.00000000E+00
  8.73526441E+05  5.48236606E+06  6.56677030E-09  7.90622698E+04  1.38059309E+00  0.00000000E+00
  8.73873492E+05  5.48445829E+06  6.56497890E-09  7.90619092E+04  1.38094779E+00  0.00000000E+00
  8.74220543E+05  5.48654589E+06  6.56319441E-09  7.90615486E+04  1.38130123E+00  0.00000000E+00
  8.74567593E+05  5.48862887E+06  6.56141680E-09  7.90611881E+04  1.38165342E+00  0.00000000E+00
  8.74914644E+05  5.49070722E+06  6.55964607E-09  7.90608275E+04  1.38200435E+00  0.00000000E+00
  8.75261695E+05  5.49278096E+06  6.55788217E-09  7.90604669E+04  1.38235402E+00  0.00000000E+00
  8.75608745E+05  5.49485009E+06  6.55612510E-09  7.90601063E+04  1.38270245E+00  0.00000000E+00
  8.75955796E+05  5.49691464E+06  6.55437482E-09  7.90597457E+04  1.38304963E+00  0.00000000E+00
  8.76302846E+05  5.49897460E+06  6.55263132E-09  7.90593851E+04  1.38339556E+00  0.00000000E+00
  8.76649897E+05  5.50102998E+06  6.55089457E-09  7.90590246E+04  1.38374025E+00  0.00000000E+00
  8.76996948E+05  5.50308079E+06  6.54916455E-09  7.90586640E+04  1.38408371E+00  0.00000000E+00
  8.77343998E+05  5.50512705E+06  6.54744124E-09  7.90583034E+04  1.38442592E+00  0.00000000E+00
  8.77691049E+05  5.50716876E+06  6.54572462E-09  7.90579428E+04  1.38476690E+00  0.00000000E+00
  8.78038100E+05  5.50920592E+06  6.54401465E-09  7.90575822E+04  1.38510665E+00  0.00000000E+00
  8.78385150E+05  5.51123855E+06  6.54231134E-09  7.90572216E+04  1.38544518E+00  0.00000000E+00
  8.78732201E+05  5.51326666E+06  6.54061464E-09  7.90568610E+04  1.38578247E+00  0.00000000E+00
  8.79079252E+05  5.51529025E+06  6.53892454E-09  7.90565005E+04  1.38611855E+00  0.00000000E+00
  8.79426302E+05  5.51730934E+06  6.53724102E-09  7.90561399E+04  1.38645340E+00  0.00000000E+00
  8.79773353E+05  5.51932393E+06  6.53556405E-09  7.90557793E+04  1.38678703E+00  0.00000000E+00
  8.80120403E+05  5.52133403E+06  6.53389362E-09  7.90554187E+04  1.38711945E+00  0.00000000E+00
  8.80467454E+05  5.52333965E+06  6.53222970E-09  7.90550581E+04  1.38745065E+00  0.00000000E+00
  8.80814505E+05  5.52534079E+06  6.53057227E-09  7.90546975E+04  1.38778065E+00  0.00000000E+00
  8.81161555E+05  5.52733747E+06  6.52892131E-09  7.90543369E+04  1.38810943E+00  0.00000000E+00
  8.81508606E+05  5.52932970E+06  6.52727681E-09  7.90539764E+04  1.38843701E+00  0.00000000E+00
  8.81855657E+05  5.53131748E+06  6.52563873E-09  7.90536158E+04  1.38876339E+00  0.00000000E+00
  8.82202707E+05  5.53330082E+06  6.52400705E-09  7.90532552E+04  1.38908857E+00  0.00000000E+00
  8.82549758E+05  5.53527973E+06  6.52238177E-09  7.90528946E+04  1.38941255E+00  0.00000000E+00
  8.82896809E+05  5.53725422E+06  6.52076285E-09  7.90525340E+04  1.38973533E+00  0.00000000E+00
  8.83243859E+05  5.53922430E+06  6.51915028E-09  7.90521734E+04  1.39005693E+00  0.00000000E+00
  8.83590910E+05  5.54118997E+06  6.51754403E-09  7.90518128E+04  1.39037733E+00  0.00000000E+00
  8.83937960E+05  5.54315125E+06  6.51594409E-09  7.90514523E+04  1.39069654E+00  0.00000000E+00
  8.84285011E+05  5.54510814E+06  6.51435043E-09  7.90510917E+04  1.39101457E+00  0.00000000E+00
  8.84632062E+05  5.54706065E+06  6.51276304E-09  7.90507311E+04  1.39133142E+00  0.00000000E+00
  8.84979112E+05  5.54900878E+06  6.51118189E-09  7.90503705E+04  1.39164709E+00  0.00000000E+00
  8.85326163E+05  5.55095256E+06  6.50960696E-09  7.90500099E+04  1.39196158E+00  0.00000000E+00
  8.85673214E+05  5.55289198E+06  6.50803824E-09  7.90496493E+04  1.39227490E+00  0.00000000E+00
  8.86020264E+05  5.55482706E+06  6.50647571E-09  7.90492887E+04  1.39258704E+00  0.00000000E+00
  8.86367315E+05  5.55675780E+06  6.50491933E-09  7.90489282E+04  1.39289801E+00  0.00000000E+00
  8.86714365E+05  5.55868421E+06  6.50336910E-09  7.90485676E+04  1.39320782E+00  0.00000000E+00
  8.87061416E+05  5.56060630E+06  6.50182500E-09  7.90482070E+04  1.39351646E+00  0.00000000E+00
  8.87408467E+05  5.56252407E+06  6.50028700E-09  7.90478464E+04  1.39382394E+00  0.00000000E+00
  8.87755517E+05  5.56443754E+06  6.49875509E-09  7.90474858E+04  1.39413026E+00  0.00000000E+00
  8.88102568E+05  5.56634672E+06  6.49722924E-09  7.90471252E+04  1.39443543E+00  0.00000000E+00
  8.88449619E+05  5.56825160E+06  6.49570944E-09  7.90467646E+04  1.39473943E+00  0.00000000E+00
  8.88796669E+05  5.57015221E+06  6.49419567E-09  7.90464041E+04  1.39504229E+00  0.00000000E+00
  8.89143720E+05  5.57204855E+06  6.49268791E-09  7.90460435E+04  1.39534400E+00  0.00000000E+00
  8.89490771E+05  5.57394062E+06  6.49118614E-09  7.90456829E+04  1.39564455E+00  0.00000000E+00
  8.89837821E+05  5.57582843E+06  6.48969033E-09  7.90453223E+04  1.39594397E+00  0.00000000E+00
  8.90184872E+05  5.57771200E+06  6.48820048E-09  7.90449617E+04  1.39624224E+00  0.00000000E+00
  8.90531922E+05  5.57959133E+06  6.48671656E-09  7.90446011E+04  1.39653937E+00  0.00000000E+00
  8.90878973E+05  5.58146643E+06  6.48523856E-09  7.90442406E+04  1.39683536E+00  0.00000000E+00
  8.91226024E+05  5.58333731E+06  6.48376645E-09  7.90438800E+04  1.39713022E+00  0.00000000E+00
  8.91573074E+05  5.58520397E+06  6.48230022E-09  7.90435194E+04  1.39742395E+00  0.00000000E+00
  8.91920125E+05  5.58706642E+06  6.48083985E-09  7.90431588E+04  1.39771654E+00  0.00000000E+00
  8.92267176E+05  5.58892468E+06  6.47938531E-09  7.90427982E+04  1.39800801E+00  0.00000000E+00
  8.92614226E+05  5.59077874E+06  6.47793660E-09  7.90424376E+04  1.39829835E+00  0.00000000E+00
  8.92961277E+05  5.59262863E+06  6.47649369E-09  7.90420770E+04  1.39858757E+00  0.00000000E+00
  8.93308327E+05  5.59447433E+06  6.47505657E-09  7.90417165E+04  1.39887567E+00  0.00000000E+00
  8.93655378E+05  5.59631587E+06  6.47362521E-09  7.90413559E+04  1.39916265E+00  0.00000000E+00
  8.94002429E+05  5.59815325E+06  6.47219960E-09  7.90409953E+04  1.39944851E+00  0.00000000E+00
  8.94349479E+05  5.59998648E+06  6.47077972E-09  7.90406347E+04  1.39973326E+00  0.00000000E+00
  8.94696530E+05  5.60181557E+06  6.46936556E-09  7.90402741E+04  1.40001690E+00  0.00000000E+00
  8.95043581E+05  5.60364053E+06  6.46795709E-09  7.90399135E+04  1.40029943E+00  0.00000000E+00
  8.95390631E+05  5.60546135E+06  6.46655429E-09  7.90395529E+04  1.40058086E+00  0.00000000E+00
  8.95737682E+05  5.60727806E+06  6.46515716E-09  7.90391924E+04  1.40086118E+00  0.00000000E+00
  8.96084733E+05  5.60909065E+06  6.46376567E-09  7.90388318E+04  1.40114040E+00  0.00000000E+00
  8.96431783E+05  5.61089914E+06  6.46237980E-09  7.90384712E+04  1.40141852E+00  0.00000000E+00
  8.96778834E+05  5.61270354E+06  6.46099954E-09  7.90381106E+04  1.40169554E+00  0.00000000E+00
  8.97125884E+05  5.61450385E+06  6.45962486E-09  7.90377500E+04  1.40197147E+00  0.00000000E+00
  8.97472935E+05  5.61630007E+06  6.45825577E-09  7.90373894E+04  1.40224631E+00  0.00000000E+00
  8.97819986E+05  5.61809223E+06  6.45689222E-09  7.90370288E+04  1.40252006E+00  0.00000000E+00
  8.98167036E+05  5.61988032E+06  6.45553421E-09  7.90366683E+04  1.40279272E+00  0.00000000E+00
  8.98514087E+05  5.62166436E+06  6.45418173E-09  7.90363077E+04  1.40306429E+00  0.00000000E+00
  8.98861138E+05  5.62344434E+06  6.45283474E-09  7.90359471E+04  1.40333478E+00  0.00000000E+00
  8.99208188E+05  5.62522029E+06  6.45149324E-09  7.90355865E+04  1.40360419E+00  0.00000000E+00
  8.99555239E+05  5.62699220E+06  6.45015722E-09  7.90352259E+04  1.40387253E+00  0.00000000E+00
  8.99902289E+05  5.62876008E+06  6.44882664E-09  7.90348653E+04  1.40413979E+00  0.00000000E+00
  9.00249340E+05  5.63052395E+06  6.44750150E-09  7.90345047E+04  1.40440597E+00  0.00000000E+00
  9.00596391E+05  5.63228381E+06  6.44618178E-09  7.90341442E+04  1.40467108E+00  0.00000000E+00
  9.00943441E+05  5.63403966E+06  6.44486746E-09  7.90337836E+04  1.40493513E+00  0.00000000E+00
  9.01290492E+05  5.63579152E+06  6.44355853E-09  7.90334230E+04  1.40519810E+00  0.00000000E+00
  9.01637543E+05  5.63753939E+06  6.44225497E-09  7.90330624E+04  1.40546002E+00  0.00000000E+00
  9.01984593E+05  5.63928328E+06  6.44095676E-09  7.90327018E+04  1.40572087E+00  0.00000000E+00
  9.02331644E+05  5.64102320E+06  6.43966388E-09  7.90323412E+04  1.40598066E+00  0.00000000E+00
  9.02678695E+05  5.64275915E+06  6.43837633E-09  7.90319806E+04  1.40623939E+00  0.00000000E+00
  9.03025745E+05  5.64449115E+06  6.43709408E-09  7.90316201E+04  1.40649707E+00  0.00000000E+00
  9.03372796E+05  5.64621920E+06  6.43581712E-09  7.90312595E+04  1.40675370E+00  0.00000000E+00
  9.03719846E+05  5.64794331E+06  6.43454543E-09  7.90308989E+04  1.40700928E+00  0.00000000E+00
  9.04066897E+05  5.64966348E+06  6.43327899E-09  7.90305383E+04  1.40726380E+00  0.00000000E+00
  9.04413948E+05  5.65137972E+06  6.43201780E-09  7.90301777E+04  1.40751728E+00  0.00000000E+00
  9.04760998E+05  5.65309205E+06  6.43076183E-09  7.90298171E+04  1.40776972E+00  0.00000000E+00
  9.05108049E+05  5.65480046E+06  6.42951106E-09  7.90294566E+04  1.40802112E+00  0.00000000E+00
  9.05455100E+05  5.65650497E+06  6.42826549E-09  7.90290960E+04  1.40827147E+00  0.00000000E+00
  9.05802150E+05  5.65820558E+06  6.42702510E-09  7.90287354E+04  1.40852079E+00  0.00000000E+00
  9.06149201E+05  5.65990231E+06  6.42578986E-09  7.90283748E+04  1.40876908E+00  0.00000000E+00
  9.06496252E+05  5.66159515E+06  6.42455977E-09  7.90280142E+04  1.40901633E+00  0.00000000E+00
  9.06843302E+05  5.66328411E+06  6.42333481E-09  7.90276536E+04  1.40926255E+00  0.00000000E+00
  9.07190353E+05  5.66496921E+06  6.42211497E-09  7.90272930E+04  1.40950774E+00  0.00000000E+00
  9.07537403E+05  5.66665045E+06  6.42090022E-09  7.90269325E+04  1.40975191E+00  0.00000000E+00
  9.07884454E+05  5.66832784E+06  6.41969055E-09  7.90265719E+04  1.40999505E+00  0.00000000E+00
  9.08231505E+05  5.67000138E+06  6.41848596E-09  7.90262113E+04  1.41023717E+00  0.00000000E+00
  9.08578555E+05  5.67167108E+06  6.41728641E-09  7.90258507E+04  1.41047828E+00  0.00000000E+00
  9.08925606E+05  5.67333695E+06  6.41609191E-09  7.90254901E+04  1.41071836E+00  0.00000000E+00
  9.09272657E+05  5.67499900E+06  6.41490242E-09  7.90251295E+04  1.41095743E+00  0.00000000E+00
  9.09619707E+05  5.67665724E+06  6.41371795E-09  7.90247689E+04  1.41119549E+00  0.00000000E+00
  9.09966758E+05  5.67831166E+06  6.41253846E-09  7.90244084E+04  1.41143253E+00  0.00000000E+00
  9.10313808E+05  5.67996229E+06  6.41136395E-09  7.90240478E+04  1.41166857E+00  0.00000000E+00
  9.10660859E+05  5.68160912E+06  6.41019441E-09  7.90236872E+04  1.41190360E+00  0.00000000E+00
  9.11007910E+05  5.68325216E+06  6.40902981E-09  7.90233266E+04  1.41213763E+00  0.00000000E+00
  9.11354960E+05  5.68489142E+06  6.40787015E-09  7.90229660E+04  1.41237066E+00  0.00000000E+00
  9.11702011E+05  5.68652691E+06  6.40671540E-09  7.90226054E+04  1.41260268E+00  0.00000000E+00
  9.12049062E+05  5.68815864E+06  6.40556556E-09  7.90222448E+04  1.41283371E+00  0.00000000E+00
  9.12396112E+05  5.68978661E+06  6.40442060E-09  7.90218843E+04  1.41306374E+00  0.00000000E+00
  9.12743163E+05  5.69141083E+06  6.40328052E-09  7.90215237E+04  1.41329278E+00  0.00000000E+00
  9.13090214E+05  5.69303130E+06  6.40214531E-09  7.90211631E+04  1.41352083E+00  0.00000000E+00
  9.13437264E+05  5.69464804E+06  6.40101493E-09  7.90208025E+04  1.41374789E+00  0.00000000E+00
  9.13784315E+05  5.69626105E+06  6.39988939E-09  7.90204419E+04  1.41397396E+00  0.00000000E+00
  9.14131365E+05  5.69787033E+06  6.39876866E-09  7.90200813E+04  1.41419905E+00  0.00000000E+00
  9.14478416E+05  5.69947591E+06  6.39765274E-09  7.90197207E+04  1.41442316E+00  0.00000000E+00
  9.14825467E+05  5.70107777E+06  6.39654160E-09  7.90193602E+04  1.41464628E+00  0.00000000E+00
  9.15172517E+05  5.70267593E+06  6.39543524E-09  7.90189996E+04  1.41486843E+00  0.00000000E+00
  9.15519568E+05  5.70427040E+06  6.39433364E-09  7.90186390E+04  1.41508960E+00  0.00000000E+00
  9.15866619E+05  5.70586118E+06  6.39323679E-09  7.90182784E+04  1.41530979E+00  0.00000000E+00
  9.16213669E+05  5.70744829E+06  6.39214466E-09  7.90179178E+04  1.41552902E+00  0.00000000E+00
  9.16560720E+05  5.70903172E+06  6.39105726E-09  7.90175572E+04  1.41574727E+00  0.00000000E+00
  9.16907770E+05  5.71061148E+06  6.38997456E-09  7.90171966E+04  1.41596455E+00  0.00000000E+00
  9.17254821E+05  5.71218759E+06  6.38889655E-09  7.90168361E+04  1.41618087E+00  0.00000000E+00
  9.17601872E+05  5.71376004E+06  6.38782322E-09  7.90164755E+04  1.41639623E+00  0.00000000E+00
  9.17948922E+05  5.71532885E+06  6.38675455E-09  7.90161149E+04  1.41661062E+00  0.00000000E+00
  9.18295973E+05  5.71689402E+06  6.38569053E-09  7.90157543E+04  1.41682406E+00  0.00000000E+00
  9.18643024E+05  5.71845556E+06  6.38463114E-09  7.90153937E+04  1.41703654E+00  0.00000000E+00
  9.18990074E+05  5.72001348E+06  6.38357638E-09  7.90150331E+04  1.41724806E+00  0.00000000E+00
  9.19337125E+05  5.72156778E+06  6.38252623E-09  7.90146726E+04  1.41745863E+00  0.00000000E+00
  9.19684176E+05  5.72311847E+06  6.38148067E-09  7.90143120E+04  1.41766824E+00  0.00000000E+00
  9.20031226E+05  5.72466556E+06  6.38043969E-09  7.90139514E+04  1.41787691E+00  0.00000000E+00
  9.20378277E+05  5.72620905E+06  6.37940328E-09  7.90135908E+04  1.41808463E+00  0.00000000E+00
  9.20725327E+05  5.72774895E+06  6.37837143E-09  7.90132302E+04  1.41829141E+00  0.00000000E+00
  9.21072378E+05  5.72928527E+06  6.37734412E-09  7.90128696E+04  1.41849724E+00  0.00000000E+00
  9.21419429E+05  5.73081802E+06  6.37632134E-09  7.90125090E+04  1.41870213E+00  0.00000000E+00
  9.21766479E+05  5.73234719E+06  6.37530307E-09  7.90121485E+04  1.41890608E+00  0.00000000E+00
  9.22113530E+05  5.73387281E+06  6.37428931E-09  7.90117879E+04  1.41910910E+00  0.00000000E+00
  9.22460581E+05  5.73539487E+06  6.37328003E-09  7.90114273E+04  1.41931118E+00  0.00000000E+00
  9.22807631E+05  5.73691338E+06  6.37227524E-09  7.90110667E+04  1.41951233E+00  0.00000000E+00
  9.23154682E+05  5.73842834E+06  6.37127490E-09  7.90107061E+04  1.41971254E+00  0.00000000E+00
  9.23501732E+05  5.73993978E+06  6.37027902E-09  7.90103455E+04  1.41991183E+00  0.00000000E+00
  9.23848783E+05  5.74144768E+06  6.36928757E-09  7.90099849E+04  1.42011019E+00  0.00000000E+00
  9.24195834E+05  5.74295207E+06  6.36830055E-09  7.90096244E+04  1.42030763E+00  0.00000000E+00
  9.24542884E+05  5.74445294E+06  6.36731794E-09  7.90092638E+04  1.42050414E+00  0.00000000E+00
  9.24889935E+05  5.74595030E+06  6.36633974E-09  7.90089032E+04  1.42069973E+00  0.00000000E+00
  9.25236986E+05  5.74744416E+06  6.36536591E-09  7.90085426E+04  1.42089441E+00  0.00000000E+00
  9.25584036E+05  5.74893453E+06  6.36439647E-09  7.90081820E+04  1.42108816E+00  0.00000000E+00
  9.25931087E+05  5.75042141E+06  6.36343138E-09  7.90078214E+04  1.42128100E+00  0.00000000E+00
  9.26278138E+05  5.75190481E+06  6.36247065E-09  7.90074608E+04  1.42147293E+00  0.00000000E+00
  9.26625188E+05  5.75338473E+06  6.36151425E-09  7.90071003E+04  1.42166395E+00  0.00000000E+00
  9.26972239E+05  5.75486118E+06  6.36056217E-09  7.90067397E+04  1.42185406E+00  0.00000000E+00
  9.27319289E+05  5.75633418E+06  6.35961441E-09  7.90063791E+04  1.42204326E+00  0.00000000E+00
  9.27666340E+05  5.75780372E+06  6.35867095E-09  7.90060185E+04  1.42223156E+00  0.00000000E+00
  9.28013391E+05  5.75926981E+06  6.35773177E-09  7.90056579E+04  1.42241895E+00  0.00000000E+00
  9.28360441E+05  5.76073246E+06  6.35679687E-09  7.90052973E+04  1.42260544E+00  0.00000000E+00
  9.28707492E+05  5.76219168E+06  6.35586624E-09  7.90049367E+04  1.42279103E+00  0.00000000E+00
  9.29054543E+05  5.76364746E+06  6.35493985E-09  7.90045762E+04  1.42297573E+00  0.00000000E+00
  9.29401593E+05  5.76509983E+06  6.35401770E-09  7.90042156E+04  1.42315953E+00  0.00000000E+00
  9.29748644E+05  5.76654878E+06  6.35309978E-09  7.90038550E+04  1.42334244E+00  0.00000000E+00
  9.30095694E+05  5.76799432E+06  6.35218608E-09  7.90034944E+04  1.42352445E+00  0.00000000E+00
  9.30442745E+05  5.76943646E+06  6.35127658E-09  7.90031338E+04  1.42370558E+00  0.00000000E+00
  9.30789796E+05  5.77087521E+06  6.35037126E-09  7.90027732E+04  1.42388582E+00  0.00000000E+00
  9.31136846E+05  5.77231056E+06  6.34947013E-09  7.90024126E+04  1.42406517E+00  0.00000000E+00
  9.31483897E+05  5.77374254E+06  6.34857317E-09  7.90020521E+04  1.42424364E+00  0.00000000E+00
  9.31830948E+05  5.77517113E+06  6.34768036E-09  7.90016915E+04  1.42442123E+00  0.00000000E+00
  9.32177998E+05  5.77659636E+06  6.34679169E-09  7.90013309E+04  1.42459793E+00  0.00000000E+00
  9.32525049E+05  5.77801822E+06  6.34590716E-09  7.90009703E+04  1.42477376E+00  0.00000000E+00
  9.32872100E+05  5.77943673E+06  6.34502674E-09  7.90006097E+04  1.42494872E+00  0.00000000E+00
  9.33219150E+05  5.78085188E+06  6.34415044E-09  7.90002491E+04  1.42512280E+00  0.00000000E+00
  9.33566201E+05  5.78226370E+06  6.34327823E-09  7.89998886E+04  1.42529600E+00  0.00000000E+00
  9.33913251E+05  5.78367217E+06  6.34241011E-09  7.89995280E+04  1.42546834E+00  0.00000000E+00
  9.34260302E+05  5.78507731E+06  6.34154606E-09  7.89991674E+04  1.42563981E+00  0.00000000E+00
  9.34607353E+05  5.78647913E+06  6.34068608E-09  7.89988068E+04  1.42581041E+00  0.00000000E+00
  9.34954403E+05  5.78787763E+06  6.33983015E-09  7.89984462E+04  1.42598014E+00  0.00000000E+00
  9.35301454E+05  5.78927282E+06  6.33897825E-09  7.89980856E+04  1.42614902E+00  0.00000000E+00
  9.35648505E+05  5.79066470E+06  6.33813039E-09  7.89977250E+04  1.42631703E+00  0.00000000E+00
  9.35995555E+05  5.79205328E+06  6.33728654E-09  7.89973645E+04  1.42648418E+00  0.00000000E+00
  9.36342606E+05  5.79343857E+06  6.33644670E-09  7.89970039E+04  1.42665048E+00  0.00000000E+00
  9.36689657E+05  5.79482057E+06  6.33561086E-09  7.89966433E+04  1.42681592E+00  0.00000000E+00
  9.37036707E+05  5.79619930E+06  6.33477900E-09  7.89962827E+04  1.42698051E+00  0.00000000E+00
  9.37383758E+05  5.79757474E+06  6.33395111E-09  7.89959221E+04  1.42714425E+00  0.00000000E+00
  9.37730808E+05  5.79894692E+06  6.33312718E-09  7.89955615E+04  1.42730713E+00  0.00000000E+00
  9.38077859E+05  5.80031584E+06  6.33230721E-09  7.89952009E+04  1.42746917E+00  0.00000000E+00
  9.38424910E+05  5.80168150E+06  6.33149117E-09  7.89948404E+04  1.42763036E+00  0.00000000E+00
  9.38771960E+05  5.80304391E+06  6.33067906E-09  7.89944798E+04  1.42779071E+00  0.00000000E+00
  9.39119011E+05  5.80440308E+06  6.32987087E-09  7.89941192E+04  1.42795021E+00  0.00000000E+00
  9.39466062E+05  5.80575901E+06  6.32906659E-09  7.89937586E+04  1.42810888E+00  0.00000000E+00
  9.39813112E+05  5.80711171E+06  6.32826621E-09  7.89933980E+04  1.42826671E+00  0.00000000E+00
  9.40160163E+05  5.80846119E+06  6.32746971E-09  7.89930374E+04  1.42842369E+00  0.00000000E+00
  9.40507213E+05  5.80980744E+06  6.32667708E-09  7.89926768E+04  1.42857985E+00  0.00000000E+00
  9.40854264E+05  5.81115049E+06  6.32588832E-09  7.89923163E+04  1.42873517E+00  0.00000000E+00
  9.41201315E+05  5.81249033E+06  6.32510341E-09  7.89919557E+04  1.42888966E+00  0.00000000E+00
  9.41548365E+05  5.81382696E+06  6.32432234E-09  7.89915951E+04  1.42904332E+00  0.00000000E+00
  9.41895416E+05  5.81516041E+06  6.32354511E-09  7.89912345E+04  1.42919615E+00  0.00000000E+00
  9.42242467E+05  5.81649067E+06  6.32277170E-09  7.89908739E+04  1.42934815E+00  0.00000000E+00
  9.42589517E+05  5.81781774E+06  6.32200210E-09  7.89905133E+04  1.42949933E+00  0.00000000E+00
  9.42936568E+05  5.81914164E+06  6.32123630E-09  7.89901527E+04  1.42964969E+00  0.00000000E+00
  9.43283619E+05  5.82046237E+06  6.32047429E-09  7.89897922E+04  1.42979923E+00  0.00000000E+00
  9.43630669E+05  5.82177993E+06  6.31971606E-09  7.89894316E+04  1.42994795E+00  0.00000000E+00
  9.43977720E+05  5.82309434E+06  6.31896160E-09  7.89890710E+04  1.43009585E+00  0.00000000E+00
  9.44324770E+05  5.82440560E+06  6.31821090E-09  7.89887104E+04  1.43024294E+00  0.00000000E+00
  9.44671821E+05  5.82571371E+06  6.31746395E-09  7.89883498E+04  1.43038921E+00  0.00000000E+00
  9.45018872E+05  5.82701868E+06  6.31672073E-09  7.89879892E+04  1.43053467E+00  0.00000000E+00
  9.45365922E+05  5.82832052E+06  6.31598125E-09  7.89876286E+04  1.43067932E+00  0.00000000E+00
  9.45712973E+05  5.82961923E+06  6.31524548E-09  7.89872681E+04  1.43082316E+00  0.00000000E+00
  9.46060024E+05  5.83091482E+06  6.31451342E-09  7.89869075E+04  1.43096620E+00  0.00000000E+00
  9.46407074E+05  5.83220729E+06  6.31378506E-09  7.89865469E+04  1.43110843E+00  0.00000000E+00
  9.46754125E+05  5.83349666E+06  6.31306039E-09  7.89861863E+04  1.43124986E+00  0.00000000E+00
  9.47101175E+05  5.83478292E+06  6.31233939E-09  7.89858257E+04  1.43139048E+00  0.00000000E+00
  9.47448226E+05  5.83606608E+06  6.31162207E-09  7.89854651E+04  1.43153031E+00  0.00000000E+00
  9.47795277E+05  5.83734615E+06  6.31090840E-09  7.89851046E+04  1.43166934E+00  0.00000000E+00
  9.48142327E+05  5.83862314E+06  6.31019837E-09  7.89847440E+04  1.43180757E+00  0.00000000E+00
  9.48489378E+05  5.83989704E+06  6.30949199E-09  7.89843834E+04  1.43194501E+00  0.00000000E+00
  9.48836429E+05  5.84116787E+06  6.30878924E-09  7.89840228E+04  1.43208166E+00  0.00000000E+00
  9.49183479E+05  5.84243564E+06  6.30809010E-09  7.89836622E+04  1.43221752E+00  0.00000000E+00
  9.49530530E+05  5.84370034E+06  6.30739457E-09  7.89833016E+04  1.43235258E+00  0.00000000E+00
  9.49877581E+05  5.84496198E+06  6.30670264E-09  7.89829410E+04  1.43248686E+00  0.00000000E+00
  9.50224631E+05  5.84622057E+06  6.30601430E-09  7.89825805E+04  1.43262036E+00  0.00000000E+00
  9.50571682E+05  5.84747612E+06  6.30532954E-09  7.89822199E+04  1.43275307E+00  0.00000000E+00
  9.50918732E+05  5.84872863E+06  6.30464835E-09  7.89818593E+04  1.43288499E+00  0.00000000E+00
  9.51265783E+05  5.84997811E+06  6.30397072E-09  7.89814987E+04  1.43301614E+00  0.00000000E+00
  9.51612834E+05  5.85122456E+06  6.30329664E-09  7.89811381E+04  1.43314651E+00  0.00000000E+00
  9.51959884E+05  5.85246798E+06  6.30262610E-09  7.89807775E+04  1.43327610E+00  0.00000000E+00
  9.52306935E+05  5.85370839E+06  6.30195910E-09  7.89804169E+04  1.43340491E+00  0.00000000E+00
  9.52653986E+05  5.85494580E+06  6.30129561E-09  7.89800564E+04  1.43353296E+00  0.00000000E+00
  9.53001036E+05  5.85618019E+06  6.30063564E-09  7.89796958E+04  1.43366023E+00  0.00000000E+00
  9.53348087E+05  5.85741159E+06  6.29997917E-09  7.89793352E+04  1.43378672E+00  0.00000000E+00
  9.53695137E+05  5.85863999E+06  6.29932619E-09  7.89789746E+04  1.43391245E+00  0.00000000E+00
  9.54042188E+05  5.85986541E+06  6.29867670E-09  7.89786140E+04  1.43403742E+00  0.00000000E+00
  9.54389239E+05  5.86108785E+06  6.29803069E-09  7.89782534E+04  1.43416162E+00  0.00000000E+00
  9.54736289E+05  5.86230731E+06  6.29738814E-09  7.89778928E+04  1.43428505E+00  0.00000000E+00
  9.55083340E+05  5.86352380E+06  6.29674905E-09  7.89775323E+04  1.43440772E+00  0.00000000E+00
  9.55430391E+05  5.86473733E+06  6.29611340E-09  7.89771717E+04  1.43452964E+00  0.00000000E+00
  9.55777441E+05  5.86594789E+06  6.29548120E-09  7.89768111E+04  1.43465079E+00  0.00000000E+00
  9.56124492E+05  5.86715551E+06  6.29485242E-09  7.89764505E+04  1.43477119E+00  0.00000000E+00
  9.56471543E+05  5.86836018E+06  6.29422706E-09  7.89760899E+04  1.43489083E+00  0.00000000E+00
  9.56818593E+05  5.86956190E+06  6.29360512E-09  7.89757293E+04  1.43500971E+00  0.00000000E+00
  9.57165644E+05  5.87076069E+06  6.29298657E-09  7.89753687E+04  1.43512785E+00  0.00000000E+00
  9.57512694E+05  5.87195655E+06  6.29237142E-09  7.89750082E+04  1.43524523E+00  0.00000000E+00
  9.57859745E+05  5.87314948E+06  6.29175965E-09  7.89746476E+04  1.43536187E+00  0.00000000E+00
  9.58206796E+05  5.87433949E+06  6.29115126E-09  7.89742870E+04  1.43547776E+00  0.00000000E+00
  9.58553846E+05  5.87552660E+06  6.29054623E-09  7.89739264E+04  1.43559290E+00  0.00000000E+00
  9.58900897E+05  5.87671079E+06  6.28994456E-09  7.89735658E+04  1.43570730E+00  0.00000000E+00
  9.59247948E+05  5.87789208E+06  6.28934624E-09  7.89732052E+04  1.43582096E+00  0.00000000E+00
  9.59594998E+05  5.87907047E+06  6.28875126E-09  7.89728446E+04  1.43593388E+00  0.00000000E+00
  9.59942049E+05  5.88024597E+06  6.28815961E-09  7.89724841E+04  1.43604605E+00  0.00000000E+00
  9.60289100E+05  5.88141858E+06  6.28757128E-09  7.89721235E+04  1.43615749E+00  0.00000000E+00
  9.60636150E+05  5.88258832E+06  6.28698626E-09  7.89717629E+04  1.43626820E+00  0.00000000E+00
  9.60983201E+05  5.88375518E+06  6.28640455E-09  7.89714023E+04  1.43637817E+00  0.00000000E+00
  9.61330251E+05  5.88491917E+06  6.28582614E-09  7.89710417E+04  1.43648741E+00  0.00000000E+00
  9.61677302E+05  5.88608029E+06  6.28525101E-09  7.89706811E+04  1.43659591E+00  0.00000000E+00
  9.62024353E+05  5.88723856E+06  6.28467916E-09  7.89703206E+04  1.43670369E+00  0.00000000E+00
  9.62371403E+05  5.88839397E+06  6.28411057E-09  7.89699600E+04  1.43681074E+00  0.00000000E+00
  9.62718454E+05  5.88954654E+06  6.28354526E-09  7.89695994E+04  1.43691707E+00  0.00000000E+00
  9.63065505E+05  5.89069626E+06  6.28298319E-09  7.89692388E+04  1.43702266E+00  0.00000000E+00
  9.63412555E+05  5.89184315E+06  6.28242437E-09  7.89688782E+04  1.43712754E+00  0.00000000E+00
  9.63759606E+05  5.89298720E+06  6.28186878E-09  7.89685176E+04  1.43723170E+00  0.00000000E+00
  9.64106656E+05  5.89412843E+06  6.28131642E-09  7.89681570E+04  1.43733513E+00  0.00000000E+00
  9.64453707E+05  5.89526684E+06  6.28076728E-09  7.89677965E+04  1.43743785E+00  0.00000000E+00
  9.64800758E+05  5.89640243E+06  6.28022135E-09  7.89674359E+04  1.43753985E+00  0.00000000E+00
  9.65147808E+05  5.89753522E+06  6.27967862E-09  7.89670753E+04  1.43764113E+00  0.00000000E+00
  9.65494859E+05  5.89866520E+06  6.27913908E-09  7.89667147E+04  1.43774170E+00  0.00000000E+00
  9.65841910E+05  5.89979238E+06  6.27860273E-09  7.89663541E+04  1.43784156E+00  0.00000000E+00
  9.66188960E+05  5.90091676E+06  6.27806956E-09  7.89659935E+04  1.43794071E+00  0.00000000E+00
  9.66536011E+05  5.90203836E+06  6.27753956E-09  7.89656329E+04  1.43803915E+00  0.00000000E+00
  9.66883062E+05  5.90315718E+06  6.27701272E-09  7.89652724E+04  1.43813689E+00  0.00000000E+00
  9.67230112E+05  5.90427321E+06  6.27648903E-09  7.89649118E+04  1.43823391E+00  0.00000000E+00
  9.67577163E+05  5.90538648E+06  6.27596848E-09  7.89645512E+04  1.43833024E+00  0.00000000E+00
  9.67924213E+05  5.90649698E+06  6.27545107E-09  7.89641906E+04  1.43842586E+00  0.00000000E+00
  9.68271264E+05  5.90760471E+06  6.27493679E-09  7.89638300E+04  1.43852078E+00  0.00000000E+00
  9.68618315E+05  5.90870969E+06  6.27442563E-09  7.89634694E+04  1.43861500E+00  0.00000000E+00
  9.68965365E+05  5.90981192E+06  6.27391758E-09  7.89631088E+04  1.43870852E+00  0.00000000E+00
  9.69312416E+05  5.91091140E+06  6.27341263E-09  7.89627483E+04  1.43880134E+00  0.00000000E+00
  9.69659467E+05  5.91200814E+06  6.27291078E-09  7.89623877E+04  1.43889348E+00  0.00000000E+00
  9.70006517E+05  5.91310215E+06  6.27241202E-09  7.89620271E+04  1.43898491E+00  0.00000000E+00
  9.70353568E+05  5.91419342E+06  6.27191634E-09  7.89616665E+04  1.43907566E+00  0.00000000E+00
  9.70700618E+05  5.91528197E+06  6.27142373E-09  7.89613059E+04  1.43916571E+00  0.00000000E+00
  9.71047669E+05  5.91636780E+06  6.27093418E-09  7.89609453E+04  1.43925508E+00  0.00000000E+00
  9.71394720E+05  5.91745092E+06  6.27044770E-09  7.89605847E+04  1.43934376E+00  0.00000000E+00
  9.71741770E+05  5.91853133E+06  6.26996425E-09  7.89602242E+04  1.43943175E+00  0.00000000E+00
  9.72088821E+05  5.91960903E+06  6.26948385E-09  7.89598636E+04  1.43951906E+00  0.00000000E+00
  9.72435872E+05  5.92068403E+06  6.26900649E-09  7.89595030E+04  1.43960568E+00  0.00000000E+00
  9.72782922E+05  5.92175634E+06  6.26853215E-09  7.89591424E+04  1.43969163E+00  0.00000000E+00
  9.73129973E+05  5.92282596E+06  6.26806082E-09  7.89587818E+04  1.43977689E+00  0.00000000E+00
  9.73477024E+05  5.92389289E+06  6.26759250E-09  7.89584212E+04  1.43986148E+00  0.00000000E+00
  9.73824074E+05  5.92495715E+06  6.26712719E-09  7.89580606E+04  1.43994539E+00  0.00000000E+00
  9.74171125E+05  5.92601873E+06  6.26666487E-09  7.89577001E+04  1.44002862E+00  0.00000000E+00
  9.74518175E+05  5.92707765E+06  6.26620554E-09  7.89573395E+04  1.44011118E+00  0.00000000E+00
  9.74865226E+05  5.92813390E+06  6.26574919E-09  7.89569789E+04  1.44019307E+00  0.00000000E+00
  9.75212277E+05  5.92918749E+06  6.26529580E-09  7.89566183E+04  1.44027429E+00  0.00000000E+00
  9.75559327E+05  5.93023844E+06  6.26484539E-09  7.89562577E+04  1.44035484E+00  0.00000000E+00
  9.75906378E+05  5.93128673E+06  6.26439793E-09  7.89558971E+04  1.44043472E+00  0.00000000E+00
  9.76253429E+05  5.93233238E+06  6.26395341E-09  7.89555366E+04  1.44051393E+00  0.00000000E+00
  9.76600479E+05  5.93337539E+06  6.26351184E-09  7.89551760E+04  1.44059248E+00  0.00000000E+00
  9.76947530E+05  5.93441577E+06  6.26307320E-09  7.89548154E+04  1.44067036E+00  0.00000000E+00
  9.77294580E+05  5.93545352E+06  6.26263749E-09  7.89544548E+04  1.44074758E+00  0.00000000E+00
  9.77641631E+05  5.93648865E+06  6.26220470E-09  7.89540942E+04  1.44082415E+00  0.00000000E+00
  9.77988682E+05  5.93752116E+06  6.26177482E-09  7.89537336E+04  1.44090005E+00  0.00000000E+00
  9.78335732E+05  5.93855105E+06  6.26134784E-09  7.89533730E+04  1.44097529E+00  0.00000000E+00
  9.78682783E+05  5.93957834E+06  6.26092377E-09  7.89530125E+04  1.44104988E+00  0.00000000E+00
  9.79029834E+05  5.94060303E+06  6.26050258E-09  7.89526519E+04  1.44112382E+00  0.00000000E+00
  9.79376884E+05  5.94162512E+06  6.26008427E-09  7.89522913E+04  1.44119710E+00  0.00000000E+00
  9.79723935E+05  5.94264462E+06  6.25966884E-09  7.89519307E+04  1.44126972E+00  0.00000000E+00
  9.80070986E+05  5.94366152E+06  6.25925627E-09  7.89515701E+04  1.44134170E+00  0.00000000E+00
  9.80418036E+05  5.94467585E+06  6.25884657E-09  7.89512095E+04  1.44141303E+00  0.00000000E+00
  9.80765087E+05  5.94568760E+06  6.25843972E-09  7.89508489E+04  1.44148371E+00  0.00000000E+00
  9.81112137E+05  5.94669677E+06  6.25803572E-09  7.89504884E+04  1.44155375E+00  0.00000000E+00
  9.81459188E+05  5.94770337E+06  6.25763455E-09  7.89501278E+04  1.44162314E+00  0.00000000E+00
  9.81806239E+05  5.94870742E+06  6.25723622E-09  7.89497672E+04  1.44169189E+00  0.00000000E+00
  9.82153289E+05  5.94970890E+06  6.25684071E-09  7.89494066E+04  1.44175999E+00  0.00000000E+00
  9.82500340E+05  5.95070783E+06  6.25644802E-09  7.89490460E+04  1.44182746E+00  0.00000000E+00
  9.82847391E+05  5.95170421E+06  6.25605814E-09  7.89486854E+04  1.44189428E+00  0.00000000E+00
  9.83194441E+05  5.95269805E+06  6.25567107E-09  7.89483248E+04  1.44196047E+00  0.00000000E+00
  9.83541492E+05  5.95368935E+06  6.25528679E-09  7.89479643E+04  1.44202602E+00  0.00000000E+00
  9.83888542E+05  5.95467811E+06  6.25490530E-09  7.89476037E+04  1.44209094E+00  0.00000000E+00
  9.84235593E+05  5.95566435E+06  6.25452660E-09  7.89472431E+04  1.44215522E+00  0.00000000E+00
  9.84582644E+05  5.95664806E+06  6.25415067E-09  7.89468825E+04  1.44221887E+00  0.00000000E+00
  9.84929694E+05  5.95762925E+06  6.25377750E-09  7.89465219E+04  1.44228189E+00  0.00000000E+00
  9.85276745E+05  5.95860793E+06  6.25340711E-09  7.89461613E+04  1.44234428E+00  0.00000000E+00
  9.85623796E+05  5.95958410E+06  6.25303946E-09  7.89458007E+04  1.44240605E+00  0.00000000E+00
  9.85970846E+05  5.96055776E+06  6.25267457E-09  7.89454402E+04  1.44246718E+00  0.00000000E+00
  9.86317897E+05  5.96152892E+06  6.25231241E-09  7.89450796E+04  1.44252769E+00  0.00000000E+00
  9.86664948E+05  5.96249758E+06  6.25195299E-09  7.89447190E+04  1.44258758E+00  0.00000000E+00
  9.87011998E+05  5.96346376E+06  6.25159630E-09  7.89443584E+04  1.44264685E+00  0.00000000E+00
  9.87359049E+05  5.96442745E+06  6.25124233E-09  7.89439978E+04  1.44270549E+00  0.00000000E+00
  9.87706099E+05  5.96538866E+06  6.25089108E-09  7.89436372E+04  1.44276352E+00  0.00000000E+00
  9.88053150E+05  5.96634739E+06  6.25054253E-09  7.89432766E+04  1.44282092E+00  0.00000000E+00
  9.88400201E+05  5.96730365E+06  6.25019668E-09  7.89429161E+04  1.44287771E+00  0.00000000E+00
  9.88747251E+05  5.96825744E+06  6.24985353E-09  7.89425555E+04  1.44293389E+00  0.00000000E+00
  9.89094302E+05  5.96920877E+06  6.24951306E-09  7.89421949E+04  1.44298945E+00  0.00000000E+00
  9.89441353E+05  5.97015764E+06  6.24917528E-09  7.89418343E+04  1.44304439E+00  0.00000000E+00
  9.89788403E+05  5.97110406E+06  6.24884017E-09  7.89414737E+04  1.44309873E+00  0.00000000E+00
  9.90135454E+05  5.97204803E+06  6.24850773E-09  7.89411131E+04  1.44315246E+00  0.00000000E+00
  9.90482505E+05  5.97298956E+06  6.24817795E-09  7.89407526E+04  1.44320557E+00  0.00000000E+00
  9.90829555E+05  5.97392864E+06  6.24785082E-09  7.89403920E+04  1.44325808E+00  0.00000000E+00
  9.91176606E+05  5.97486530E+06  6.24752635E-09  7.89400314E+04  1.44330999E+00  0.00000000E+00
  9.91523656E+05  5.97579952E+06  6.24720451E-09  7.89396708E+04  1.44336128E+00  0.00000000E+00
  9.91870707E+05  5.97673132E+06  6.24688531E-09  7.89393102E+04  1.44341198E+00  0.00000000E+00
  9.92217758E+05  5.97766070E+06  6.24656874E-09  7.89389496E+04  1.44346207E+00  0.00000000E+00
  9.92564808E+05  5.97858766E+06  6.24625479E-09  7.89385890E+04  1.44351157E+00  0.00000000E+00
  9.92911859E+05  5.97951221E+06  6.24594346E-09  7.89382285E+04  1.44356046E+00  0.00000000E+00
  9.93258910E+05  5.98043436E+06  6.24563473E-09  7.89378679E+04  1.44360876E+00  0.00000000E+00
  9.93605960E+05  5.98135410E+06  6.24532861E-09  7.89375073E+04  1.44365645E+00  0.00000000E+00
  9.93953011E+05  5.98227145E+06  6.24502509E-09  7.89371467E+04  1.44370356E+00  0.00000000E+00
  9.94300061E+05  5.98318640E+06  6.24472415E-09  7.89367861E+04  1.44375007E+00  0.00000000E+00
  9.94647112E+05  5.98409897E+06  6.24442580E-09  7.89364255E+04  1.44379598E+00  0.00000000E+00
  9.94994163E+05  5.98500915E+06  6.24413003E-09  7.89360649E+04  1.44384131E+00  0.00000000E+00
  9.95341213E+05  5.98591695E+06  6.24383683E-09  7.89357044E+04  1.44388604E+00  0.00000000E+00
  9.95688264E+05  5.98682238E+06  6.24354620E-09  7.89353438E+04  1.44393019E+00  0.00000000E+00
  9.96035315E+05  5.98772544E+06  6.24325812E-09  7.89349832E+04  1.44397375E+00  0.00000000E+00
  9.96382365E+05  5.98862613E+06  6.24297260E-09  7.89346226E+04  1.44401672E+00  0.00000000E+00
  9.96729416E+05  5.98952446E+06  6.24268962E-09  7.89342620E+04  1.44405911E+00  0.00000000E+00
  9.97076467E+05  5.99042043E+06  6.24240919E-09  7.89339014E+04  1.44410091E+00  0.00000000E+00
  9.97423517E+05  5.99131406E+06  6.24213128E-09  7.89335408E+04  1.44414214E+00  0.00000000E+00
  9.97770568E+05  5.99220533E+06  6.24185591E-09  7.89331803E+04  1.44418278E+00  0.00000000E+00
  9.98117618E+05  5.99309427E+06  6.24158306E-09  7.89328197E+04  1.44422284E+00  0.00000000E+00
  9.98464669E+05  5.99398086E+06  6.24131272E-09  7.89324591E+04  1.44426232E+00  0.00000000E+00
  9.98811720E+05  5.99486512E+06  6.24104490E-09  7.89320985E+04  1.44430123E+00  0.00000000E+00
  9.99158770E+05  5.99574705E+06  6.24077957E-09  7.89317379E+04  1.44433956E+00  0.00000000E+00
  9.99505821E+05  5.99662666E+06  6.24051675E-09  7.89313773E+04  1.44437731E+00  0.00000000E+00
  9.99852872E+05  5.99750394E+06  6.24025642E-09  7.89310167E+04  1.44441449E+00  0.00000000E+00
  1.00019992E+06  5.99837891E+06  6.23999857E-09  7.89306562E+04  1.44445110E+00  0.00000000E+00
  1.00054697E+06  5.99925157E+06  6.23974320E-09  7.89302956E+04  1.44448714E+00  0.00000000E+00
  1.00089402E+06  6.00012192E+06  6.23949031E-09  7.89299350E+04  1.44452261E+00  0.00000000E+00
  1.00124107E+06  6.00098996E+06  6.23923988E-09  7.89295744E+04  1.44455751E+00  0.00000000E+00
  1.00158812E+06  6.00185571E+06  6.23899191E-09  7.89292138E+04  1.44459185E+00  0.00000000E+00
  1.00193518E+06  6.00271917E+06  6.23874641E-09  7.89288532E+04  1.44462562E+00  0.00000000E+00
  1.00228223E+06  6.00358033E+06  6.23850335E-09  7.89284926E+04  1.44465882E+00  0.00000000E+00
  1.00262928E+06  6.00443921E+06  6.23826273E-09  7.89281321E+04  1.44469146E+00  0.00000000E+00
  1.00297633E+06  6.00529581E+06  6.23802456E-09  7.89277715E+04  1.44472354E+00  0.00000000E+00
  1.00332338E+06  6.00615013E+06  6.23778881E-09  7.89274109E+04  1.44475506E+00  0.00000000E+00
  1.00367043E+06  6.00700218E+06  6.23755550E-09  7.89270503E+04  1.44478602E+00  0.00000000E+00
  1.00401748E+06  6.00785196E+06  6.23732460E-09  7.89266897E+04  1.44481642E+00  0.00000000E+00
  1.00436453E+06  6.00869948E+06  6.23709612E-09  7.89263291E+04  1.44484626E+00  0.00000000E+00
  1.00471158E+06  6.00954473E+06  6.23687004E-09  7.89259686E+04  1.44487555E+00  0.00000000E+00
  1.00505863E+06  6.01038774E+06  6.23664638E-09  7.89256080E+04  1.44490428E+00  0.00000000E+00
  1.00540568E+06  6.01122849E+06  6.23642510E-09  7.89252474E+04  1.44493247E+00  0.00000000E+00
  1.00575273E+06  6.01206699E+06  6.23620623E-09  7.89248868E+04  1.44496009E+00  0.00000000E+00
  1.00609978E+06  6.01290326E+06  6.23598973E-09  7.89245262E+04  1.44498717E+00  0.00000000E+00
  1.00644683E+06  6.01373728E+06  6.23577562E-09  7.89241656E+04  1.44501370E+00  0.00000000E+00
  1.00679388E+06  6.01456908E+06  6.23556388E-09  7.89238050E+04  1.44503968E+00  0.00000000E+00
  1.00714093E+06  6.01539864E+06  6.23535452E-09  7.89234445E+04  1.44506511E+00  0.00000000E+00
  1.00748799E+06  6.01622598E+06  6.23514751E-09  7.89230839E+04  1.44509000E+00  0.00000000E+00
  1.00783504E+06  6.01705109E+06  6.23494286E-09  7.89227233E+04  1.44511434E+00  0.00000000E+00
  1.00818209E+06  6.01787400E+06  6.23474057E-09  7.89223627E+04  1.44513814E+00  0.00000000E+00
  1.00852914E+06  6.01869468E+06  6.23454062E-09  7.89220021E+04  1.44516140E+00  0.00000000E+00
  1.00887619E+06  6.01951316E+06  6.23434302E-09  7.89216415E+04  1.44518411E+00  0.00000000E+00
  1.00922324E+06  6.02032944E+06  6.23414775E-09  7.89212809E+04  1.44520629E+00  0.00000000E+00
  1.00957029E+06  6.02114352E+06  6.23395481E-09  7.89209204E+04  1.44522793E+00  0.00000000E+00
  1.00991734E+06  6.02195540E+06  6.23376420E-09  7.89205598E+04  1.44524903E+00  0.00000000E+00
  1.01026439E+06  6.02276509E+06  6.23357590E-09  7.89201992E+04  1.44526959E+00  0.00000000E+00
  1.01061144E+06  6.02357259E+06  6.23338992E-09  7.89198386E+04  1.44528962E+00  0.00000000E+00
  1.01095849E+06  6.02437791E+06  6.23320625E-09  7.89194780E+04  1.44530912E+00  0.00000000E+00
  1.01130554E+06  6.02518106E+06  6.23302488E-09  7.89191174E+04  1.44532808E+00  0.00000000E+00
  1.01165259E+06  6.02598202E+06  6.23284580E-09  7.89187568E+04  1.44534651E+00  0.00000000E+00
  1.01199964E+06  6.02678082E+06  6.23266902E-09  7.89183963E+04  1.44536441E+00  0.00000000E+00
  1.01234669E+06  6.02757745E+06  6.23249453E-09  7.89180357E+04  1.44538178E+00  0.00000000E+00
  1.01269374E+06  6.02837192E+06  6.23232232E-09  7.89176751E+04  1.44539863E+00  0.00000000E+00
  1.01304080E+06  6.02916423E+06  6.23215238E-09  7.89173145E+04  1.44541494E+00  0.00000000E+00
  1.01338785E+06  6.02995439E+06  6.23198472E-09  7.89169539E+04  1.44543073E+00  0.00000000E+00
  1.01373490E+06  6.03074239E+06  6.23181932E-09  7.89165933E+04  1.44544600E+00  0.00000000E+00
  1.01408195E+06  6.03152826E+06  6.23165618E-09  7.89162327E+04  1.44546075E+00  0.00000000E+00
  1.01442900E+06  6.03231198E+06  6.23149529E-09  7.89158722E+04  1.44547497E+00  0.00000000E+00
  1.01477605E+06  6.03309356E+06  6.23133665E-09  7.89155116E+04  1.44548867E+00  0.00000000E+00
  1.01512310E+06  6.03387301E+06  6.23118026E-09  7.89151510E+04  1.44550185E+00  0.00000000E+00
  1.01547015E+06  6.03465033E+06  6.23102611E-09  7.89147904E+04  1.44551452E+00  0.00000000E+00
  1.01581720E+06  6.03542552E+06  6.23087419E-09  7.89144298E+04  1.44552666E+00  0.00000000E+00
  1.01616425E+06  6.03619860E+06  6.23072450E-09  7.89140692E+04  1.44553829E+00  0.00000000E+00
  1.01651130E+06  6.03696955E+06  6.23057703E-09  7.89137086E+04  1.44554941E+00  0.00000000E+00
  1.01685835E+06  6.03773840E+06  6.23043178E-09  7.89133481E+04  1.44556001E+00  0.00000000E+00
  1.01720540E+06  6.03850513E+06  6.23028875E-09  7.89129875E+04  1.44557010E+00  0.00000000E+00
  1.01755245E+06  6.03926976E+06  6.23014792E-09  7.89126269E+04  1.44557967E+00  0.00000000E+00
  1.01789950E+06  6.04003229E+06  6.23000929E-09  7.89122663E+04  1.44558874E+00  0.00000000E+00
  1.01824656E+06  6.04079272E+06  6.22987286E-09  7.89119057E+04  1.44559730E+00  0.00000000E+00
  1.01859361E+06  6.04155106E+06  6.22973863E-09  7.89115451E+04  1.44560534E+00  0.00000000E+00
  1.01894066E+06  6.04230731E+06  6.22960658E-09  7.89111846E+04  1.44561289E+00  0.00000000E+00
  1.01928771E+06  6.04306148E+06  6.22947671E-09  7.89108240E+04  1.44561992E+00  0.00000000E+00
  1.01963476E+06  6.04381356E+06  6.22934902E-09  7.89104634E+04  1.44562645E+00  0.00000000E+00
  1.01998181E+06  6.04456357E+06  6.22922351E-09  7.89101028E+04  1.44563248E+00  0.00000000E+00
  1.02032886E+06  6.04531150E+06  6.22910016E-09  7.89097422E+04  1.44563801E+00  0.00000000E+00
  1.02067591E+06  6.04605737E+06  6.22897897E-09  7.89093816E+04  1.44564303E+00  0.00000000E+00
  1.02102296E+06  6.04680117E+06  6.22885994E-09  7.89090210E+04  1.44564756E+00  0.00000000E+00
  1.02137001E+06  6.04754291E+06  6.22874306E-09  7.89086605E+04  1.44565158E+00  0.00000000E+00
  1.02171706E+06  6.04828259E+06  6.22862833E-09  7.89082999E+04  1.44565511E+00  0.00000000E+00
  1.02206411E+06  6.04902022E+06  6.22851574E-09  7.89079393E+04  1.44565814E+00  0.00000000E+00
  1.02241116E+06  6.04975580E+06  6.22840529E-09  7.89075787E+04  1.44566067E+00  0.00000000E+00
  1.02275821E+06  6.05048933E+06  6.22829697E-09  7.89072181E+04  1.44566271E+00  0.00000000E+00
  1.02310526E+06  6.05122082E+06  6.22819078E-09  7.89068575E+04  1.44566426E+00  0.00000000E+00
  1.02345231E+06  6.05195028E+06  6.22808671E-09  7.89064969E+04  1.44566531E+00  0.00000000E+00
  1.02379937E+06  6.05267770E+06  6.22798475E-09  7.89061364E+04  1.44566587E+00  0.00000000E+00
  1.02414642E+06  6.05340309E+06  6.22788492E-09  7.89057758E+04  1.44566595E+00  0.00000000E+00
  1.02449347E+06  6.05412646E+06  6.22778718E-09  7.89054152E+04  1.44566553E+00  0.00000000E+00
  1.02484052E+06  6.05484780E+06  6.22769156E-09  7.89050546E+04  1.44566463E+00  0.00000000E+00
  1.02518757E+06  6.05556712E+06  6.22759803E-09  7.89046940E+04  1.44566323E+00  0.00000000E+00
  1.02553462E+06  6.05628443E+06  6.22750659E-09  7.89043334E+04  1.44566136E+00  0.00000000E+00
  1.02588167E+06  6.05699973E+06  6.22741724E-09  7.89039728E+04  1.44565899E+00  0.00000000E+00
  1.02622872E+06  6.05771303E+06  6.22732998E-09  7.89036123E+04  1.44565615E+00  0.00000000E+00
  1.02657577E+06  6.05842432E+06  6.22724480E-09  7.89032517E+04  1.44565282E+00  0.00000000E+00
  1.02692282E+06  6.05913361E+06  6.22716169E-09  7.89028911E+04  1.44564901E+00  0.00000000E+00
  1.02726987E+06  6.05984091E+06  6.22708065E-09  7.89025305E+04  1.44564472E+00  0.00000000E+00
  1.02761692E+06  6.06054621E+06  6.22700167E-09  7.89021699E+04  1.44563995E+00  0.00000000E+00
  1.02796397E+06  6.06124953E+06  6.22692476E-09  7.89018093E+04  1.44563471E+00  0.00000000E+00
  1.02831102E+06  6.06195086E+06  6.22684990E-09  7.89014487E+04  1.44562898E+00  0.00000000E+00
  1.02865807E+06  6.06265022E+06  6.22677709E-09  7.89010882E+04  1.44562278E+00  0.00000000E+00
  1.02900512E+06  6.06334760E+06  6.22670633E-09  7.89007276E+04  1.44561611E+00  0.00000000E+00
  1.02935218E+06  6.06404300E+06  6.22663761E-09  7.89003670E+04  1.44560896E+00  0.00000000E+00
  1.02969923E+06  6.06473644E+06  6.22657093E-09  7.89000064E+04  1.44560133E+00  0.00000000E+00
  1.03004628E+06  6.06542791E+06  6.22650627E-09  7.88996458E+04  1.44559324E+00  0.00000000E+00
  1.03039333E+06  6.06611742E+06  6.22644365E-09  7.88992852E+04  1.44558468E+00  0.00000000E+00
  1.03074038E+06  6.06680497E+06  6.22638305E-09  7.88989246E+04  1.44557564E+00  0.00000000E+00
  1.03108743E+06  6.06749057E+06  6.22632447E-09  7.88985641E+04  1.44556614E+00  0.00000000E+00
  1.03143448E+06  6.06817422E+06  6.22626790E-09  7.88982035E+04  1.44555617E+00  0.00000000E+00
  1.03178153E+06  6.06885593E+06  6.22621334E-09  7.88978429E+04  1.44554573E+00  0.00000000E+00
  1.03212858E+06  6.06953569E+06  6.22616079E-09  7.88974823E+04  1.44553483E+00  0.00000000E+00
  1.03247563E+06  6.07021351E+06  6.22611024E-09  7.88971217E+04  1.44552346E+00  0.00000000E+00
  1.03282268E+06  6.07088940E+06  6.22606168E-09  7.88967611E+04  1.44551164E+00  0.00000000E+00
  1.03316973E+06  6.07156335E+06  6.22601511E-09  7.88964006E+04  1.44549934E+00  0.00000000E+00
  1.03351678E+06  6.07223538E+06  6.22597053E-09  7.88960400E+04  1.44548659E+00  0.00000000E+00
  1.03386383E+06  6.07290549E+06  6.22592794E-09  7.88956794E+04  1.44547338E+00  0.00000000E+00
  1.03421088E+06  6.07357367E+06  6.22588732E-09  7.88953188E+04  1.44545970E+00  0.00000000E+00
  1.03455793E+06  6.07423994E+06  6.22584867E-09  7.88949582E+04  1.44544557E+00  0.00000000E+00
  1.03490499E+06  6.07490429E+06  6.22581199E-09  7.88945976E+04  1.44543099E+00  0.00000000E+00
  1.03525204E+06  6.07556674E+06  6.22577728E-09  7.88942370E+04  1.44541594E+00  0.00000000E+00
  1.03559909E+06  6.07622728E+06  6.22574453E-09  7.88938765E+04  1.44540045E+00  0.00000000E+00
  1.03594614E+06  6.07688591E+06  6.22571373E-09  7.88935159E+04  1.44538449E+00  0.00000000E+00
  1.03629319E+06  6.07754265E+06  6.22568489E-09  7.88931553E+04  1.44536809E+00  0.00000000E+00
  1.03664024E+06  6.07819750E+06  6.22565799E-09  7.88927947E+04  1.44535123E+00  0.00000000E+00
  1.03698729E+06  6.07885045E+06  6.22563303E-09  7.88924341E+04  1.44533392E+00  0.00000000E+00
  1.03733434E+06  6.07950151E+06  6.22561002E-09  7.88920735E+04  1.44531616E+00  0.00000000E+00
  1.03768139E+06  6.08015070E+06  6.22558893E-09  7.88917129E+04  1.44529796E+00  0.00000000E+00
  1.03802844E+06  6.08079800E+06  6.22556978E-09  7.88913524E+04  1.44527930E+00  0.00000000E+00
  1.03837549E+06  6.08144342E+06  6.22555255E-09  7.88909918E+04  1.44526020E+00  0.00000000E+00
  1.03872254E+06  6.08208697E+06  6.22553724E-09  7.88906312E+04  1.44524065E+00  0.00000000E+00
  1.03906959E+06  6.08272866E+06  6.22552385E-09  7.88902706E+04  1.44522066E+00  0.00000000E+00
  1.03941664E+06  6.08336847E+06  6.22551237E-09  7.88899100E+04  1.44520023E+00  0.00000000E+00
  1.03976369E+06  6.08400643E+06  6.22550280E-09  7.88895494E+04  1.44517935E+00  0.00000000E+00
  1.04011074E+06  6.08464252E+06  6.22549514E-09  7.88891888E+04  1.44515803E+00  0.00000000E+00
  1.04045780E+06  6.08527676E+06  6.22548937E-09  7.88888283E+04  1.44513627E+00  0.00000000E+00
  1.04080485E+06  6.08590915E+06  6.22548550E-09  7.88884677E+04  1.44511407E+00  0.00000000E+00
  1.04115190E+06  6.08653969E+06  6.22548352E-09  7.88881071E+04  1.44509143E+00  0.00000000E+00
  1.04149895E+06  6.08716838E+06  6.22548342E-09  7.88877465E+04  1.44506835E+00  0.00000000E+00
  1.04184600E+06  6.08779524E+06  6.22548521E-09  7.88873859E+04  1.44504484E+00  0.00000000E+00
  1.04219305E+06  6.08842025E+06  6.22548888E-09  7.88870253E+04  1.44502089E+00  0.00000000E+00
  1.04254010E+06  6.08904343E+06  6.22549442E-09  7.88866647E+04  1.44499650E+00  0.00000000E+00
  1.04288715E+06  6.08966478E+06  6.22550184E-09  7.88863042E+04  1.44497168E+00  0.00000000E+00
  1.04323420E+06  6.09028431E+06  6.22551112E-09  7.88859436E+04  1.44494643E+00  0.00000000E+00
  1.04358125E+06  6.09090201E+06  6.22552226E-09  7.88855830E+04  1.44492075E+00  0.00000000E+00
  1.04392830E+06  6.09151789E+06  6.22553526E-09  7.88852224E+04  1.44489463E+00  0.00000000E+00
  1.04427535E+06  6.09213195E+06  6.22555011E-09  7.88848618E+04  1.44486809E+00  0.00000000E+00
  1.04462240E+06  6.09274420E+06  6.22556681E-09  7.88845012E+04  1.44484112E+00  0.00000000E+00
  1.04496945E+06  6.09335464E+06  6.22558536E-09  7.88841406E+04  1.44481372E+00  0.00000000E+00
  1.04531650E+06  6.09396328E+06  6.22560575E-09  7.88837801E+04  1.44478589E+00  0.00000000E+00
  1.04566356E+06  6.09457011E+06  6.22562798E-09  7.88834195E+04  1.44475763E+00  0.00000000E+00
  1.04601061E+06  6.09517514E+06  6.22565204E-09  7.88830589E+04  1.44472896E+00  0.00000000E+00
  1.04635766E+06  6.09577838E+06  6.22567793E-09  7.88826983E+04  1.44469985E+00  0.00000000E+00
  1.04670471E+06  6.09637982E+06  6.22570565E-09  7.88823377E+04  1.44467033E+00  0.00000000E+00
  1.04705176E+06  6.09697948E+06  6.22573518E-09  7.88819771E+04  1.44464038E+00  0.00000000E+00
  1.04739881E+06  6.09757734E+06  6.22576654E-09  7.88816166E+04  1.44461001E+00  0.00000000E+00
  1.04774586E+06  6.09817343E+06  6.22579971E-09  7.88812560E+04  1.44457922E+00  0.00000000E+00
  1.04809291E+06  6.09876774E+06  6.22583468E-09  7.88808954E+04  1.44454801E+00  0.00000000E+00
  1.04843996E+06  6.09936027E+06  6.22587147E-09  7.88805348E+04  1.44451639E+00  0.00000000E+00
  1.04878701E+06  6.09995103E+06  6.22591005E-09  7.88801742E+04  1.44448434E+00  0.00000000E+00
  1.04913406E+06  6.10054002E+06  6.22595043E-09  7.88798136E+04  1.44445188E+00  0.00000000E+00
  1.04948111E+06  6.10112725E+06  6.22599261E-09  7.88794530E+04  1.44441900E+00  0.00000000E+00
  1.04982816E+06  6.10171271E+06  6.22603657E-09  7.88790925E+04  1.44438571E+00  0.00000000E+00
  1.05017521E+06  6.10229642E+06  6.22608233E-09  7.88787319E+04  1.44435201E+00  0.00000000E+00
  1.05052226E+06  6.10287837E+06  6.22612986E-09  7.88783713E+04  1.44431789E+00  0.00000000E+00
  1.05086931E+06  6.10345857E+06  6.22617917E-09  7.88780107E+04  1.44428336E+00  0.00000000E+00
  1.05121637E+06  6.10403702E+06  6.22623025E-09  7.88776501E+04  1.44424843E+00  0.00000000E+00
  1.05156342E+06  6.10461372E+06  6.22628311E-09  7.88772895E+04  1.44421308E+00  0.00000000E+00
  1.05191047E+06  6.10518869E+06  6.22633773E-09  7.88769289E+04  1.44417732E+00  0.00000000E+00
  1.05225752E+06  6.10576191E+06  6.22639412E-09  7.88765684E+04  1.44414115E+00  0.00000000E+00
  1.05260457E+06  6.10633340E+06  6.22645226E-09  7.88762078E+04  1.44410458E+00  0.00000000E+00
  1.05295162E+06  6.10690316E+06  6.22651216E-09  7.88758472E+04  1.44406760E+00  0.00000000E+00
  1.05329867E+06  6.10747119E+06  6.22657381E-09  7.88754866E+04  1.44403022E+00  0.00000000E+00
  1.05364572E+06  6.10803749E+06  6.22663720E-09  7.88751260E+04  1.44399243E+00  0.00000000E+00
  1.05399277E+06  6.10860208E+06  6.22670234E-09  7.88747654E+04  1.44395424E+00  0.00000000E+00
  1.05433982E+06  6.10916494E+06  6.22676922E-09  7.88744048E+04  1.44391564E+00  0.00000000E+00
  1.05468687E+06  6.10972609E+06  6.22683784E-09  7.88740443E+04  1.44387665E+00  0.00000000E+00
  1.05503392E+06  6.11028552E+06  6.22690818E-09  7.88736837E+04  1.44383725E+00  0.00000000E+00
  1.05538097E+06  6.11084325E+06  6.22698026E-09  7.88733231E+04  1.44379746E+00  0.00000000E+00
  1.05572802E+06  6.11139927E+06  6.22705406E-09  7.88729625E+04  1.44375727E+00  0.00000000E+00
  1.05607507E+06  6.11195359E+06  6.22712958E-09  7.88726019E+04  1.44371667E+00  0.00000000E+00
  1.05642212E+06  6.11250621E+06  6.22720682E-09  7.88722413E+04  1.44367568E+00  0.00000000E+00
  1.05676918E+06  6.11305714E+06  6.22728577E-09  7.88718807E+04  1.44363430E+00  0.00000000E+00
  1.05711623E+06  6.11360637E+06  6.22736644E-09  7.88715202E+04  1.44359252E+00  0.00000000E+00
  1.05746328E+06  6.11415391E+06  6.22744880E-09  7.88711596E+04  1.44355035E+00  0.00000000E+00
  1.05781033E+06  6.11469977E+06  6.22753288E-09  7.88707990E+04  1.44350778E+00  0.00000000E+00
  1.05815738E+06  6.11524394E+06  6.22761864E-09  7.88704384E+04  1.44346482E+00  0.00000000E+00
  1.05850443E+06  6.11578644E+06  6.22770611E-09  7.88700778E+04  1.44342147E+00  0.00000000E+00
  1.05885148E+06  6.11632725E+06  6.22779527E-09  7.88697172E+04  1.44337773E+00  0.00000000E+00
  1.05919853E+06  6.11686640E+06  6.22788611E-09  7.88693566E+04  1.44333360E+00  0.00000000E+00
  1.05954558E+06  6.11740387E+06  6.22797864E-09  7.88689961E+04  1.44328908E+00  0.00000000E+00
  1.05989263E+06  6.11793968E+06  6.22807285E-09  7.88686355E+04  1.44324417E+00  0.00000000E+00
  1.06023968E+06  6.11847382E+06  6.22816873E-09  7.88682749E+04  1.44319888E+00  0.00000000E+00
  1.06058673E+06  6.11900631E+06  6.22826629E-09  7.88679143E+04  1.44315319E+00  0.00000000E+00
  1.06093378E+06  6.11953713E+06  6.22836552E-09  7.88675537E+04  1.44310713E+00  0.00000000E+00
  1.06128083E+06  6.12006630E+06  6.22846642E-09  7.88671931E+04  1.44306068E+00  0.00000000E+00
  1.06162788E+06  6.12059382E+06  6.22856897E-09  7.88668326E+04  1.44301385E+00  0.00000000E+00
  1.06197493E+06  6.12111970E+06  6.22867319E-09  7.88664720E+04  1.44296663E+00  0.00000000E+00
  1.06232199E+06  6.12164393E+06  6.22877906E-09  7.88661114E+04  1.44291903E+00  0.00000000E+00
  1.06266904E+06  6.12216651E+06  6.22888659E-09  7.88657508E+04  1.44287105E+00  0.00000000E+00
  1.06301609E+06  6.12268746E+06  6.22899576E-09  7.88653902E+04  1.44282269E+00  0.00000000E+00
  1.06336314E+06  6.12320677E+06  6.22910658E-09  7.88650296E+04  1.44277396E+00  0.00000000E+00
  1.06371019E+06  6.12372446E+06  6.22921904E-09  7.88646690E+04  1.44272484E+00  0.00000000E+00
  1.06405724E+06  6.12424051E+06  6.22933313E-09  7.88643085E+04  1.44267535E+00  0.00000000E+00
  1.06440429E+06  6.12475493E+06  6.22944887E-09  7.88639479E+04  1.44262548E+00  0.00000000E+00
  1.06475134E+06  6.12526774E+06  6.22956623E-09  7.88635873E+04  1.44257523E+00  0.00000000E+00
  1.06509839E+06  6.12577892E+06  6.22968522E-09  7.88632267E+04  1.44252461E+00  0.00000000E+00
  1.06544544E+06  6.12628849E+06  6.22980583E-09  7.88628661E+04  1.44247362E+00  0.00000000E+00
  1.06579249E+06  6.12679644E+06  6.22992807E-09  7.88625055E+04  1.44242225E+00  0.00000000E+00
  1.06613954E+06  6.12730278E+06  6.23005192E-09  7.88621449E+04  1.44237051E+00  0.00000000E+00
  1.06648659E+06  6.12780752E+06  6.23017739E-09  7.88617844E+04  1.44231840E+00  0.00000000E+00
  1.06683364E+06  6.12831065E+06  6.23030446E-09  7.88614238E+04  1.44226592E+00  0.00000000E+00
  1.06718069E+06  6.12881218E+06  6.23043315E-09  7.88610632E+04  1.44221307E+00  0.00000000E+00
  1.06752774E+06  6.12931211E+06  6.23056343E-09  7.88607026E+04  1.44215985E+00  0.00000000E+00
  1.06787480E+06  6.12981045E+06  6.23069532E-09  7.88603420E+04  1.44210627E+00  0.00000000E+00
  1.06822185E+06  6.13030719E+06  6.23082880E-09  7.88599814E+04  1.44205231E+00  0.00000000E+00
  1.06856890E+06  6.13080235E+06  6.23096388E-09  7.88596208E+04  1.44199799E+00  0.00000000E+00
  1.06891595E+06  6.13129592E+06  6.23110055E-09  7.88592603E+04  1.44194331E+00  0.00000000E+00
  1.06926300E+06  6.13178791E+06  6.23123880E-09  7.88588997E+04  1.44188826E+00  0.00000000E+00
  1.06961005E+06  6.13227831E+06  6.23137864E-09  7.88585391E+04  1.44183284E+00  0.00000000E+00
  1.06995710E+06  6.13276714E+06  6.23152006E-09  7.88581785E+04  1.44177707E+00  0.00000000E+00
  1.07030415E+06  6.13325440E+06  6.23166305E-09  7.88578179E+04  1.44172093E+00  0.00000000E+00
  1.07065120E+06  6.13374009E+06  6.23180762E-09  7.88574573E+04  1.44166443E+00  0.00000000E+00
  1.07099825E+06  6.13422420E+06  6.23195375E-09  7.88570967E+04  1.44160757E+00  0.00000000E+00
  1.07134530E+06  6.13470676E+06  6.23210146E-09  7.88567362E+04  1.44155035E+00  0.00000000E+00
  1.07169235E+06  6.13518775E+06  6.23225072E-09  7.88563756E+04  1.44149278E+00  0.00000000E+00
  1.07203940E+06  6.13566718E+06  6.23240155E-09  7.88560150E+04  1.44143484E+00  0.00000000E+00
  1.07238645E+06  6.13614505E+06  6.23255393E-09  7.88556544E+04  1.44137655E+00  0.00000000E+00
  1.07273350E+06  6.13662138E+06  6.23270787E-09  7.88552938E+04  1.44131790E+00  0.00000000E+00
  1.07308055E+06  6.13709615E+06  6.23286336E-09  7.88549332E+04  1.44125889E+00  0.00000000E+00
  1.07342761E+06  6.13756937E+06  6.23302039E-09  7.88545727E+04  1.44119954E+00  0.00000000E+00
  1.07377466E+06  6.13804106E+06  6.23317897E-09  7.88542121E+04  1.44113982E+00  0.00000000E+00
  1.07412171E+06  6.13851120E+06  6.23333909E-09  7.88538515E+04  1.44107976E+00  0.00000000E+00
  1.07446876E+06  6.13897980E+06  6.23350074E-09  7.88534909E+04  1.44101934E+00  0.00000000E+00
  1.07481581E+06  6.13944687E+06  6.23366393E-09  7.88531303E+04  1.44095857E+00  0.00000000E+00
  1.07516286E+06  6.13991240E+06  6.23382866E-09  7.88527697E+04  1.44089746E+00  0.00000000E+00
  1.07550991E+06  6.14037641E+06  6.23399490E-09  7.88524091E+04  1.44083599E+00  0.00000000E+00
  1.07585696E+06  6.14083889E+06  6.23416268E-09  7.88520486E+04  1.44077417E+00  0.00000000E+00
  1.07620401E+06  6.14129984E+06  6.23433197E-09  7.88516880E+04  1.44071201E+00  0.00000000E+00
  1.07655106E+06  6.14175928E+06  6.23450279E-09  7.88513274E+04  1.44064949E+00  0.00000000E+00
  1.07689811E+06  6.14221719E+06  6.23467511E-09  7.88509668E+04  1.44058663E+00  0.00000000E+00
  1.07724516E+06  6.14267360E+06  6.23484895E-09  7.88506062E+04  1.44052343E+00  0.00000000E+00
  1.07759221E+06  6.14312849E+06  6.23502430E-09  7.88502456E+04  1.44045988E+00  0.00000000E+00
  1.07793926E+06  6.14358187E+06  6.23520116E-09  7.88498850E+04  1.44039599E+00  0.00000000E+00
  1.07828631E+06  6.14403374E+06  6.23537951E-09  7.88495245E+04  1.44033175E+00  0.00000000E+00
  1.07863337E+06  6.14448411E+06  6.23555937E-09  7.88491639E+04  1.44026717E+00  0.00000000E+00
  1.07898042E+06  6.14493299E+06  6.23574072E-09  7.88488033E+04  1.44020225E+00  0.00000000E+00
  1.07932747E+06  6.14538036E+06  6.23592357E-09  7.88484427E+04  1.44013699E+00  0.00000000E+00
  1.07967452E+06  6.14582624E+06  6.23610790E-09  7.88480821E+04  1.44007139E+00  0.00000000E+00
  1.08002157E+06  6.14627063E+06  6.23629372E-09  7.88477215E+04  1.44000545E+00  0.00000000E+00
  1.08036862E+06  6.14671352E+06  6.23648103E-09  7.88473609E+04  1.43993917E+00  0.00000000E+00
  1.08071567E+06  6.14715494E+06  6.23666981E-09  7.88470004E+04  1.43987256E+00  0.00000000E+00
  1.08106272E+06  6.14759487E+06  6.23686008E-09  7.88466398E+04  1.43980560E+00  0.00000000E+00
  1.08140977E+06  6.14803331E+06  6.23705182E-09  7.88462792E+04  1.43973832E+00  0.00000000E+00
  1.08175682E+06  6.14847029E+06  6.23724503E-09  7.88459186E+04  1.43967069E+00  0.00000000E+00
  1.08210387E+06  6.14890578E+06  6.23743971E-09  7.88455580E+04  1.43960273E+00  0.00000000E+00
  1.08245092E+06  6.14933981E+06  6.23763585E-09  7.88451974E+04  1.43953444E+00  0.00000000E+00
  1.08279797E+06  6.14977236E+06  6.23783346E-09  7.88448368E+04  1.43946581E+00  0.00000000E+00
  1.08314502E+06  6.15020345E+06  6.23803253E-09  7.88444763E+04  1.43939686E+00  0.00000000E+00
  1.08349207E+06  6.15063308E+06  6.23823305E-09  7.88441157E+04  1.43932757E+00  0.00000000E+00
  1.08383912E+06  6.15106124E+06  6.23843503E-09  7.88437551E+04  1.43925795E+00  0.00000000E+00
  1.08418618E+06  6.15148795E+06  6.23863845E-09  7.88433945E+04  1.43918800E+00  0.00000000E+00
  1.08453323E+06  6.15191320E+06  6.23884333E-09  7.88430339E+04  1.43911772E+00  0.00000000E+00
  1.08488028E+06  6.15233700E+06  6.23904965E-09  7.88426733E+04  1.43904711E+00  0.00000000E+00
  1.08522733E+06  6.15275935E+06  6.23925741E-09  7.88423127E+04  1.43897618E+00  0.00000000E+00
  1.08557438E+06  6.15318025E+06  6.23946661E-09  7.88419522E+04  1.43890492E+00  0.00000000E+00
  1.08592143E+06  6.15359971E+06  6.23967724E-09  7.88415916E+04  1.43883333E+00  0.00000000E+00
  1.08626848E+06  6.15401772E+06  6.23988931E-09  7.88412310E+04  1.43876142E+00  0.00000000E+00
  1.08661553E+06  6.15443430E+06  6.24010281E-09  7.88408704E+04  1.43868918E+00  0.00000000E+00
  1.08696258E+06  6.15484944E+06  6.24031773E-09  7.88405098E+04  1.43861662E+00  0.00000000E+00
  1.08730963E+06  6.15526315E+06  6.24053408E-09  7.88401492E+04  1.43854374E+00  0.00000000E+00
  1.08765668E+06  6.15567543E+06  6.24075185E-09  7.88397887E+04  1.43847053E+00  0.00000000E+00
  1.08800373E+06  6.15608628E+06  6.24097104E-09  7.88394281E+04  1.43839700E+00  0.00000000E+00
  1.08835078E+06  6.15649571E+06  6.24119164E-09  7.88390675E+04  1.43832315E+00  0.00000000E+00
  1.08869783E+06  6.15690372E+06  6.24141366E-09  7.88387069E+04  1.43824899E+00  0.00000000E+00
  1.08904488E+06  6.15731030E+06  6.24163708E-09  7.88383463E+04  1.43817450E+00  0.00000000E+00
  1.08939193E+06  6.15771547E+06  6.24186191E-09  7.88379857E+04  1.43809969E+00  0.00000000E+00
  1.08973899E+06  6.15811922E+06  6.24208815E-09  7.88376251E+04  1.43802457E+00  0.00000000E+00
  1.09008604E+06  6.15852157E+06  6.24231579E-09  7.88372646E+04  1.43794913E+00  0.00000000E+00
  1.09043309E+06  6.15892250E+06  6.24254482E-09  7.88369040E+04  1.43787337E+00  0.00000000E+00
  1.09078014E+06  6.15932203E+06  6.24277525E-09  7.88365434E+04  1.43779730E+00  0.00000000E+00
  1.09112719E+06  6.15972015E+06  6.24300707E-09  7.88361828E+04  1.43772091E+00  0.00000000E+00
  1.09147424E+06  6.16011688E+06  6.24324028E-09  7.88358222E+04  1.43764421E+00  0.00000000E+00
  1.09182129E+06  6.16051221E+06  6.24347488E-09  7.88354616E+04  1.43756720E+00  0.00000000E+00
  1.09216834E+06  6.16090614E+06  6.24371086E-09  7.88351010E+04  1.43748987E+00  0.00000000E+00
  1.09251539E+06  6.16129868E+06  6.24394822E-09  7.88347405E+04  1.43741223E+00  0.00000000E+00
  1.09286244E+06  6.16168983E+06  6.24418696E-09  7.88343799E+04  1.43733428E+00  0.00000000E+00
  1.09320949E+06  6.16207959E+06  6.24442708E-09  7.88340193E+04  1.43725602E+00  0.00000000E+00
  1.09355654E+06  6.16246796E+06  6.24466857E-09  7.88336587E+04  1.43717745E+00  0.00000000E+00
  1.09390359E+06  6.16285496E+06  6.24491143E-09  7.88332981E+04  1.43709857E+00  0.00000000E+00
  1.09425064E+06  6.16324058E+06  6.24515565E-09  7.88329375E+04  1.43701939E+00  0.00000000E+00
  1.09459769E+06  6.16362482E+06  6.24540124E-09  7.88325769E+04  1.43693989E+00  0.00000000E+00
  1.09494474E+06  6.16400768E+06  6.24564819E-09  7.88322164E+04  1.43686009E+00  0.00000000E+00
  1.09529180E+06  6.16438917E+06  6.24589650E-09  7.88318558E+04  1.43677998E+00  0.00000000E+00
  1.09563885E+06  6.16476930E+06  6.24614617E-09  7.88314952E+04  1.43669957E+00  0.00000000E+00
  1.09598590E+06  6.16514806E+06  6.24639719E-09  7.88311346E+04  1.43661885E+00  0.00000000E+00
  1.09633295E+06  6.16552545E+06  6.24664956E-09  7.88307740E+04  1.43653783E+00  0.00000000E+00
  1.09668000E+06  6.16590149E+06  6.24690328E-09  7.88304134E+04  1.43645651E+00  0.00000000E+00
  1.09702705E+06  6.16627616E+06  6.24715835E-09  7.88300528E+04  1.43637488E+00  0.00000000E+00
  1.09737410E+06  6.16664949E+06  6.24741475E-09  7.88296923E+04  1.43629295E+00  0.00000000E+00
  1.09772115E+06  6.16702145E+06  6.24767250E-09  7.88293317E+04  1.43621072E+00  0.00000000E+00
  1.09806820E+06  6.16739207E+06  6.24793158E-09  7.88289711E+04  1.43612819E+00  0.00000000E+00
  1.09841525E+06  6.16776134E+06  6.24819200E-09  7.88286105E+04  1.43604536E+00  0.00000000E+00
  1.09876230E+06  6.16812926E+06  6.24845375E-09  7.88282499E+04  1.43596224E+00  0.00000000E+00
  1.09910935E+06  6.16849584E+06  6.24871683E-09  7.88278893E+04  1.43587881E+00  0.00000000E+00
  1.09945640E+06  6.16886108E+06  6.24898123E-09  7.88275287E+04  1.43579509E+00  0.00000000E+00
  1.09980345E+06  6.16922498E+06  6.24924696E-09  7.88271682E+04  1.43571106E+00  0.00000000E+00
  1.10015050E+06  6.16958755E+06  6.24951401E-09  7.88268076E+04  1.43562675E+00  0.00000000E+00
  1.10049755E+06  6.16994879E+06  6.24978238E-09  7.88264470E+04  1.43554214E+00  0.00000000E+00
  1.10084461E+06  6.17030869E+06  6.25005206E-09  7.88260864E+04  1.43545723E+00  0.00000000E+00
  1.10119166E+06  6.17066727E+06  6.25032306E-09  7.88257258E+04  1.43537203E+00  0.00000000E+00
  1.10153871E+06  6.17102452E+06  6.25059537E-09  7.88253652E+04  1.43528653E+00  0.00000000E+00
  1.10188576E+06  6.17138045E+06  6.25086899E-09  7.88250047E+04  1.43520075E+00  0.00000000E+00
  1.10223281E+06  6.17173506E+06  6.25114391E-09  7.88246441E+04  1.43511467E+00  0.00000000E+00
  1.10257986E+06  6.17208835E+06  6.25142013E-09  7.88242835E+04  1.43502830E+00  0.00000000E+00
  1.10292691E+06  6.17244033E+06  6.25169766E-09  7.88239229E+04  1.43494164E+00  0.00000000E+00
  1.10327396E+06  6.17279099E+06  6.25197648E-09  7.88235623E+04  1.43485469E+00  0.00000000E+00
  1.10362101E+06  6.17314035E+06  6.25225660E-09  7.88232017E+04  1.43476745E+00  0.00000000E+00
  1.10396806E+06  6.17348840E+06  6.25253800E-09  7.88228411E+04  1.43467992E+00  0.00000000E+00
  1.10431511E+06  6.17383514E+06  6.25282070E-09  7.88224806E+04  1.43459211E+00  0.00000000E+00
  1.10466216E+06  6.17418058E+06  6.25310469E-09  7.88221200E+04  1.43450400E+00  0.00000000E+00
  1.10500921E+06  6.17452472E+06  6.25338996E-09  7.88217594E+04  1.43441561E+00  0.00000000E+00
  1.10535626E+06  6.17486756E+06  6.25367651E-09  7.88213988E+04  1.43432694E+00  0.00000000E+00
  1.10570331E+06  6.17520911E+06  6.25396435E-09  7.88210382E+04  1.43423798E+00  0.00000000E+00
  1.10605037E+06  6.17554937E+06  6.25425346E-09  7.88206776E+04  1.43414874E+00  0.00000000E+00
  1.10639742E+06  6.17588833E+06  6.25454384E-09  7.88203170E+04  1.43405921E+00  0.00000000E+00
  1.10674447E+06  6.17622601E+06  6.25483550E-09  7.88199565E+04  1.43396940E+00  0.00000000E+00
  1.10709152E+06  6.17656240E+06  6.25512842E-09  7.88195959E+04  1.43387930E+00  0.00000000E+00
  1.10743857E+06  6.17689752E+06  6.25542262E-09  7.88192353E+04  1.43378893E+00  0.00000000E+00
  1.10778562E+06  6.17723135E+06  6.25571808E-09  7.88188747E+04  1.43369827E+00  0.00000000E+00
  1.10813267E+06  6.17756390E+06  6.25601480E-09  7.88185141E+04  1.43360733E+00  0.00000000E+00
  1.10847972E+06  6.17789518E+06  6.25631277E-09  7.88181535E+04  1.43351612E+00  0.00000000E+00
  1.10882677E+06  6.17822518E+06  6.25661201E-09  7.88177929E+04  1.43342462E+00  0.00000000E+00
  1.10917382E+06  6.17855392E+06  6.25691250E-09  7.88174324E+04  1.43333285E+00  0.00000000E+00
  1.10952087E+06  6.17888138E+06  6.25721424E-09  7.88170718E+04  1.43324080E+00  0.00000000E+00
  1.10986792E+06  6.17920758E+06  6.25751724E-09  7.88167112E+04  1.43314847E+00  0.00000000E+00
  1.11021497E+06  6.17953252E+06  6.25782148E-09  7.88163506E+04  1.43305586E+00  0.00000000E+00
  1.11056202E+06  6.17985620E+06  6.25812696E-09  7.88159900E+04  1.43296298E+00  0.00000000E+00
  1.11090907E+06  6.18017862E+06  6.25843369E-09  7.88156294E+04  1.43286983E+00  0.00000000E+00
  1.11125612E+06  6.18049978E+06  6.25874165E-09  7.88152688E+04  1.43277640E+00  0.00000000E+00
  1.11160318E+06  6.18081969E+06  6.25905086E-09  7.88149083E+04  1.43268269E+00  0.00000000E+00
  1.11195023E+06  6.18113835E+06  6.25936129E-09  7.88145477E+04  1.43258872E+00  0.00000000E+00
  1.11229728E+06  6.18145576E+06  6.25967296E-09  7.88141871E+04  1.43249447E+00  0.00000000E+00
  1.11264433E+06  6.18177192E+06  6.25998587E-09  7.88138265E+04  1.43239994E+00  0.00000000E+00
  1.11299138E+06  6.18208684E+06  6.26029999E-09  7.88134659E+04  1.43230515E+00  0.00000000E+00
  1.11333843E+06  6.18240052E+06  6.26061535E-09  7.88131053E+04  1.43221009E+00  0.00000000E+00
  1.11368548E+06  6.18271296E+06  6.26093192E-09  7.88127447E+04  1.43211476E+00  0.00000000E+00
  1.11403253E+06  6.18302416E+06  6.26124972E-09  7.88123842E+04  1.43201915E+00  0.00000000E+00
  1.11437958E+06  6.18333412E+06  6.26156874E-09  7.88120236E+04  1.43192328E+00  0.00000000E+00
  1.11472663E+06  6.18364286E+06  6.26188897E-09  7.88116630E+04  1.43182714E+00  0.00000000E+00
  1.11507368E+06  6.18395036E+06  6.26221041E-09  7.88113024E+04  1.43173074E+00  0.00000000E+00
  1.11542073E+06  6.18425664E+06  6.26253307E-09  7.88109418E+04  1.43163406E+00  0.00000000E+00
  1.11576778E+06  6.18456170E+06  6.26285693E-09  7.88105812E+04  1.43153713E+00  0.00000000E+00
  1.11611483E+06  6.18486553E+06  6.26318200E-09  7.88102207E+04  1.43143992E+00  0.00000000E+00
  1.11646188E+06  6.18516814E+06  6.26350828E-09  7.88098601E+04  1.43134245E+00  0.00000000E+00
  1.11680893E+06  6.18546953E+06  6.26383575E-09  7.88094995E+04  1.43124472E+00  0.00000000E+00
  1.11715599E+06  6.18576970E+06  6.26416443E-09  7.88091389E+04  1.43114672E+00  0.00000000E+00
  1.11750304E+06  6.18606867E+06  6.26449430E-09  7.88087783E+04  1.43104846E+00  0.00000000E+00
  1.11785009E+06  6.18636642E+06  6.26482536E-09  7.88084177E+04  1.43094994E+00  0.00000000E+00
  1.11819714E+06  6.18666296E+06  6.26515762E-09  7.88080571E+04  1.43085116E+00  0.00000000E+00
  1.11854419E+06  6.18695830E+06  6.26549107E-09  7.88076966E+04  1.43075211E+00  0.00000000E+00
  1.11889124E+06  6.18725243E+06  6.26582571E-09  7.88073360E+04  1.43065281E+00  0.00000000E+00
  1.11923829E+06  6.18754536E+06  6.26616153E-09  7.88069754E+04  1.43055324E+00  0.00000000E+00
  1.11958534E+06  6.18783709E+06  6.26649853E-09  7.88066148E+04  1.43045342E+00  0.00000000E+00
  1.11993239E+06  6.18812763E+06  6.26683672E-09  7.88062542E+04  1.43035334E+00  0.00000000E+00
  1.12027944E+06  6.18841696E+06  6.26717608E-09  7.88058936E+04  1.43025300E+00  0.00000000E+00
  1.12062649E+06  6.18870511E+06  6.26751662E-09  7.88055330E+04  1.43015240E+00  0.00000000E+00
  1.12097354E+06  6.18899207E+06  6.26785833E-09  7.88051725E+04  1.43005155E+00  0.00000000E+00
  1.12132059E+06  6.18927783E+06  6.26820122E-09  7.88048119E+04  1.42995044E+00  0.00000000E+00
  1.12166764E+06  6.18956242E+06  6.26854527E-09  7.88044513E+04  1.42984907E+00  0.00000000E+00
  1.12201469E+06  6.18984581E+06  6.26889049E-09  7.88040907E+04  1.42974745E+00  0.00000000E+00
  1.12236174E+06  6.19012803E+06  6.26923688E-09  7.88037301E+04  1.42964558E+00  0.00000000E+00
  1.12270880E+06  6.19040907E+06  6.26958443E-09  7.88033695E+04  1.42954345E+00  0.00000000E+00
  1.12305585E+06  6.19068893E+06  6.26993314E-09  7.88030089E+04  1.42944107E+00  0.00000000E+00
  1.12340290E+06  6.19096761E+06  6.27028301E-09  7.88026484E+04  1.42933844E+00  0.00000000E+00
  1.12374995E+06  6.19124513E+06  6.27063403E-09  7.88022878E+04  1.42923555E+00  0.00000000E+00
  1.12409700E+06  6.19152147E+06  6.27098621E-09  7.88019272E+04  1.42913241E+00  0.00000000E+00
  1.12444405E+06  6.19179665E+06  6.27133953E-09  7.88015666E+04  1.42902903E+00  0.00000000E+00
  1.12479110E+06  6.19207066E+06  6.27169401E-09  7.88012060E+04  1.42892539E+00  0.00000000E+00
  1.12513815E+06  6.19234351E+06  6.27204964E-09  7.88008454E+04  1.42882151E+00  0.00000000E+00
  1.12548520E+06  6.19261519E+06  6.27240640E-09  7.88004848E+04  1.42871737E+00  0.00000000E+00
  1.12583225E+06  6.19288572E+06  6.27276432E-09  7.88001243E+04  1.42861299E+00  0.00000000E+00
  1.12617930E+06  6.19315509E+06  6.27312337E-09  7.87997637E+04  1.42850836E+00  0.00000000E+00
  1.12652635E+06  6.19342330E+06  6.27348356E-09  7.87994031E+04  1.42840348E+00  0.00000000E+00
  1.12687340E+06  6.19369037E+06  6.27384488E-09  7.87990425E+04  1.42829836E+00  0.00000000E+00
  1.12722045E+06  6.19395628E+06  6.27420734E-09  7.87986819E+04  1.42819299E+00  0.00000000E+00
  1.12756750E+06  6.19422105E+06  6.27457094E-09  7.87983213E+04  1.42808737E+00  0.00000000E+00
  1.12791455E+06  6.19448467E+06  6.27493566E-09  7.87979607E+04  1.42798152E+00  0.00000000E+00
  1.12826161E+06  6.19474714E+06  6.27530151E-09  7.87976002E+04  1.42787541E+00  0.00000000E+00
  1.12860866E+06  6.19500848E+06  6.27566848E-09  7.87972396E+04  1.42776907E+00  0.00000000E+00
  1.12895571E+06  6.19526867E+06  6.27603658E-09  7.87968790E+04  1.42766248E+00  0.00000000E+00
  1.12930276E+06  6.19552773E+06  6.27640580E-09  7.87965184E+04  1.42755565E+00  0.00000000E+00
  1.12964981E+06  6.19578566E+06  6.27677613E-09  7.87961578E+04  1.42744857E+00  0.00000000E+00
  1.12999686E+06  6.19604245E+06  6.27714759E-09  7.87957972E+04  1.42734126E+00  0.00000000E+00
  1.13034391E+06  6.19629811E+06  6.27752015E-09  7.87954367E+04  1.42723371E+00  0.00000000E+00
  1.13069096E+06  6.19655264E+06  6.27789383E-09  7.87950761E+04  1.42712591E+00  0.00000000E+00
  1.13103801E+06  6.19680605E+06  6.27826862E-09  7.87947155E+04  1.42701788E+00  0.00000000E+00
  1.13138506E+06  6.19705833E+06  6.27864452E-09  7.87943549E+04  1.42690961E+00  0.00000000E+00
  1.13173211E+06  6.19730949E+06  6.27902153E-09  7.87939943E+04  1.42680110E+00  0.00000000E+00
  1.13207916E+06  6.19755953E+06  6.27939964E-09  7.87936337E+04  1.42669235E+00  0.00000000E+00
  1.13242621E+06  6.19780845E+06  6.27977885E-09  7.87932731E+04  1.42658336E+00  0.00000000E+00
  1.13277326E+06  6.19805626E+06  6.28015916E-09  7.87929126E+04  1.42647414E+00  0.00000000E+00
  1.13312031E+06  6.19830295E+06  6.28054056E-09  7.87925520E+04  1.42636468E+00  0.00000000E+00
  1.13346737E+06  6.19854854E+06  6.28092307E-09  7.87921914E+04  1.42625499E+00  0.00000000E+00
  1.13381442E+06  6.19879301E+06  6.28130667E-09  7.87918308E+04  1.42614507E+00  0.00000000E+00
  1.13416147E+06  6.19903638E+06  6.28169135E-09  7.87914702E+04  1.42603491E+00  0.00000000E+00
  1.13450852E+06  6.19927864E+06  6.28207713E-09  7.87911096E+04  1.42592451E+00  0.00000000E+00
  1.13485557E+06  6.19951980E+06  6.28246400E-09  7.87907490E+04  1.42581388E+00  0.00000000E+00
  1.13520262E+06  6.19975986E+06  6.28285195E-09  7.87903885E+04  1.42570302E+00  0.00000000E+00
  1.13554967E+06  6.19999882E+06  6.28324098E-09  7.87900279E+04  1.42559193E+00  0.00000000E+00
  1.13589672E+06  6.20023668E+06  6.28363110E-09  7.87896673E+04  1.42548061E+00  0.00000000E+00
  1.13624377E+06  6.20047345E+06  6.28402229E-09  7.87893067E+04  1.42536906E+00  0.00000000E+00
  1.13659082E+06  6.20070913E+06  6.28441456E-09  7.87889461E+04  1.42525727E+00  0.00000000E+00
  1.13693787E+06  6.20094372E+06  6.28480791E-09  7.87885855E+04  1.42514526E+00  0.00000000E+00
  1.13728492E+06  6.20117722E+06  6.28520233E-09  7.87882249E+04  1.42503302E+00  0.00000000E+00
  1.13763197E+06  6.20140963E+06  6.28559782E-09  7.87878644E+04  1.42492055E+00  0.00000000E+00
  1.13797902E+06  6.20164096E+06  6.28599438E-09  7.87875038E+04  1.42480785E+00  0.00000000E+00
  1.13832607E+06  6.20187121E+06  6.28639200E-09  7.87871432E+04  1.42469492E+00  0.00000000E+00
  1.13867312E+06  6.20210037E+06  6.28679069E-09  7.87867826E+04  1.42458177E+00  0.00000000E+00
  1.13902018E+06  6.20232846E+06  6.28719045E-09  7.87864220E+04  1.42446839E+00  0.00000000E+00
  1.13936723E+06  6.20255548E+06  6.28759126E-09  7.87860614E+04  1.42435479E+00  0.00000000E+00
  1.13971428E+06  6.20278142E+06  6.28799314E-09  7.87857008E+04  1.42424096E+00  0.00000000E+00
  1.14006133E+06  6.20300629E+06  6.28839607E-09  7.87853403E+04  1.42412690E+00  0.00000000E+00
  1.14040838E+06  6.20323009E+06  6.28880005E-09  7.87849797E+04  1.42401262E+00  0.00000000E+00
  1.14075543E+06  6.20345282E+06  6.28920509E-09  7.87846191E+04  1.42389812E+00  0.00000000E+00
  1.14110248E+06  6.20367449E+06  6.28961118E-09  7.87842585E+04  1.42378340E+00  0.00000000E+00
  1.14144953E+06  6.20389509E+06  6.29001832E-09  7.87838979E+04  1.42366845E+00  0.00000000E+00
  1.14179658E+06  6.20411463E+06  6.29042651E-09  7.87835373E+04  1.42355328E+00  0.00000000E+00
  1.14214363E+06  6.20433312E+06  6.29083574E-09  7.87831767E+04  1.42343789E+00  0.00000000E+00
  1.14249068E+06  6.20455054E+06  6.29124602E-09  7.87828162E+04  1.42332228E+00  0.00000000E+00
  1.14283773E+06  6.20476691E+06  6.29165733E-09  7.87824556E+04  1.42320645E+00  0.00000000E+00
  1.14318478E+06  6.20498223E+06  6.29206969E-09  7.87820950E+04  1.42309040E+00  0.00000000E+00
  1.14353183E+06  6.20519649E+06  6.29248308E-09  7.87817344E+04  1.42297413E+00  0.00000000E+00
  1.14387888E+06  6.20540971E+06  6.29289751E-09  7.87813738E+04  1.42285764E+00  0.00000000E+00
  1.14422593E+06  6.20562188E+06  6.29331297E-09  7.87810132E+04  1.42274093E+00  0.00000000E+00
  1.14457299E+06  6.20583300E+06  6.29372946E-09  7.87806527E+04  1.42262401E+00  0.00000000E+00
  1.14492004E+06  6.20604309E+06  6.29414699E-09  7.87802921E+04  1.42250687E+00  0.00000000E+00
  1.14526709E+06  6.20625213E+06  6.29456554E-09  7.87799315E+04  1.42238951E+00  0.00000000E+00
  1.14561414E+06  6.20646013E+06  6.29498512E-09  7.87795709E+04  1.42227193E+00  0.00000000E+00
  1.14596119E+06  6.20666709E+06  6.29540572E-09  7.87792103E+04  1.42215415E+00  0.00000000E+00
  1.14630824E+06  6.20687302E+06  6.29582734E-09  7.87788497E+04  1.42203614E+00  0.00000000E+00
  1.14665529E+06  6.20707791E+06  6.29624998E-09  7.87784891E+04  1.42191792E+00  0.00000000E+00
  1.14700234E+06  6.20728178E+06  6.29667364E-09  7.87781286E+04  1.42179949E+00  0.00000000E+00
  1.14734939E+06  6.20748461E+06  6.29709832E-09  7.87777680E+04  1.42168085E+00  0.00000000E+00
  1.14769644E+06  6.20768642E+06  6.29752401E-09  7.87774074E+04  1.42156199E+00  0.00000000E+00
  1.14804349E+06  6.20788720E+06  6.29795072E-09  7.87770468E+04  1.42144292E+00  0.00000000E+00
  1.14839054E+06  6.20808696E+06  6.29837843E-09  7.87766862E+04  1.42132364E+00  0.00000000E+00
  1.14873759E+06  6.20828569E+06  6.29880716E-09  7.87763256E+04  1.42120414E+00  0.00000000E+00
  1.14908464E+06  6.20848341E+06  6.29923689E-09  7.87759650E+04  1.42108444E+00  0.00000000E+00
  1.14943169E+06  6.20868011E+06  6.29966763E-09  7.87756045E+04  1.42096452E+00  0.00000000E+00
  1.14977874E+06  6.20887579E+06  6.30009937E-09  7.87752439E+04  1.42084440E+00  0.00000000E+00
  1.15012580E+06  6.20907046E+06  6.30053211E-09  7.87748833E+04  1.42072407E+00  0.00000000E+00
  1.15047285E+06  6.20926412E+06  6.30096585E-09  7.87745227E+04  1.42060353E+00  0.00000000E+00
  1.15081990E+06  6.20945677E+06  6.30140059E-09  7.87741621E+04  1.42048278E+00  0.00000000E+00
  1.15116695E+06  6.20964841E+06  6.30183632E-09  7.87738015E+04  1.42036182E+00  0.00000000E+00
  1.15151400E+06  6.20983904E+06  6.30227305E-09  7.87734409E+04  1.42024066E+00  0.00000000E+00
  1.15186105E+06  6.21002867E+06  6.30271077E-09  7.87730804E+04  1.42011929E+00  0.00000000E+00
  1.15220810E+06  6.21021730E+06  6.30314948E-09  7.87727198E+04  1.41999771E+00  0.00000000E+00
  1.15255515E+06  6.21040493E+06  6.30358918E-09  7.87723592E+04  1.41987593E+00  0.00000000E+00
  1.15290220E+06  6.21059156E+06  6.30402987E-09  7.87719986E+04  1.41975394E+00  0.00000000E+00
  1.15324925E+06  6.21077719E+06  6.30447154E-09  7.87716380E+04  1.41963175E+00  0.00000000E+00
  1.15359630E+06  6.21096183E+06  6.30491420E-09  7.87712774E+04  1.41950936E+00  0.00000000E+00
  1.15394335E+06  6.21114548E+06  6.30535783E-09  7.87709168E+04  1.41938676E+00  0.00000000E+00
  1.15429040E+06  6.21132813E+06  6.30580245E-09  7.87705563E+04  1.41926395E+00  0.00000000E+00
  1.15463745E+06  6.21150980E+06  6.30624804E-09  7.87701957E+04  1.41914095E+00  0.00000000E+00
  1.15498450E+06  6.21169048E+06  6.30669461E-09  7.87698351E+04  1.41901774E+00  0.00000000E+00
  1.15533155E+06  6.21187017E+06  6.30714215E-09  7.87694745E+04  1.41889434E+00  0.00000000E+00
  1.15567861E+06  6.21204889E+06  6.30759067E-09  7.87691139E+04  1.41877073E+00  0.00000000E+00
  1.15602566E+06  6.21222662E+06  6.30804015E-09  7.87687533E+04  1.41864692E+00  0.00000000E+00
  1.15637271E+06  6.21240337E+06  6.30849061E-09  7.87683927E+04  1.41852291E+00  0.00000000E+00
  1.15671976E+06  6.21257914E+06  6.30894203E-09  7.87680322E+04  1.41839870E+00  0.00000000E+00
  1.15706681E+06  6.21275394E+06  6.30939442E-09  7.87676716E+04  1.41827429E+00  0.00000000E+00
  1.15741386E+06  6.21292776E+06  6.30984777E-09  7.87673110E+04  1.41814969E+00  0.00000000E+00
  1.15776091E+06  6.21310061E+06  6.31030208E-09  7.87669504E+04  1.41802488E+00  0.00000000E+00
  1.15810796E+06  6.21327249E+06  6.31075736E-09  7.87665898E+04  1.41789988E+00  0.00000000E+00
  1.15845501E+06  6.21344341E+06  6.31121359E-09  7.87662292E+04  1.41777468E+00  0.00000000E+00
  1.15880206E+06  6.21361336E+06  6.31167078E-09  7.87658687E+04  1.41764929E+00  0.00000000E+00
  1.15914911E+06  6.21378234E+06  6.31212892E-09  7.87655081E+04  1.41752370E+00  0.00000000E+00
  1.15949616E+06  6.21395036E+06  6.31258801E-09  7.87651475E+04  1.41739791E+00  0.00000000E+00
  1.15984321E+06  6.21411742E+06  6.31304806E-09  7.87647869E+04  1.41727193E+00  0.00000000E+00
  1.16019026E+06  6.21428352E+06  6.31350906E-09  7.87644263E+04  1.41714576E+00  0.00000000E+00
  1.16053731E+06  6.21444866E+06  6.31397100E-09  7.87640657E+04  1.41701939E+00  0.00000000E+00
  1.16088436E+06  6.21461285E+06  6.31443389E-09  7.87637051E+04  1.41689282E+00  0.00000000E+00
  1.16123142E+06  6.21477608E+06  6.31489773E-09  7.87633446E+04  1.41676607E+00  0.00000000E+00
  1.16157847E+06  6.21493836E+06  6.31536251E-09  7.87629840E+04  1.41663912E+00  0.00000000E+00
  1.16192552E+06  6.21509970E+06  6.31582822E-09  7.87626234E+04  1.41651197E+00  0.00000000E+00
  1.16227257E+06  6.21526008E+06  6.31629488E-09  7.87622628E+04  1.41638464E+00  0.00000000E+00
  1.16261962E+06  6.21541952E+06  6.31676248E-09  7.87619022E+04  1.41625712E+00  0.00000000E+00
  1.16296667E+06  6.21557801E+06  6.31723101E-09  7.87615416E+04  1.41612940E+00  0.00000000E+00
  1.16331372E+06  6.21573556E+06  6.31770047E-09  7.87611810E+04  1.41600150E+00  0.00000000E+00
  1.16366077E+06  6.21589217E+06  6.31817087E-09  7.87608205E+04  1.41587340E+00  0.00000000E+00
  1.16400782E+06  6.21604785E+06  6.31864220E-09  7.87604599E+04  1.41574512E+00  0.00000000E+00
  1.16435487E+06  6.21620258E+06  6.31911446E-09  7.87600993E+04  1.41561665E+00  0.00000000E+00
  1.16470192E+06  6.21635638E+06  6.31958765E-09  7.87597387E+04  1.41548799E+00  0.00000000E+00
  1.16504897E+06  6.21650924E+06  6.32006176E-09  7.87593781E+04  1.41535914E+00  0.00000000E+00
  1.16539602E+06  6.21666118E+06  6.32053679E-09  7.87590175E+04  1.41523010E+00  0.00000000E+00
  1.16574307E+06  6.21681218E+06  6.32101275E-09  7.87586569E+04  1.41510088E+00  0.00000000E+00
  1.16609012E+06  6.21696225E+06  6.32148963E-09  7.87582964E+04  1.41497147E+00  0.00000000E+00
  1.16643718E+06  6.21711140E+06  6.32196743E-09  7.87579358E+04  1.41484187E+00  0.00000000E+00
  1.16678423E+06  6.21725962E+06  6.32244614E-09  7.87575752E+04  1.41471209E+00  0.00000000E+00
  1.16713128E+06  6.21740692E+06  6.32292577E-09  7.87572146E+04  1.41458213E+00  0.00000000E+00
  1.16747833E+06  6.21755330E+06  6.32340632E-09  7.87568540E+04  1.41445198E+00  0.00000000E+00
  1.16782538E+06  6.21769876E+06  6.32388778E-09  7.87564934E+04  1.41432164E+00  0.00000000E+00
  1.16817243E+06  6.21784330E+06  6.32437015E-09  7.87561328E+04  1.41419112E+00  0.00000000E+00
  1.16851948E+06  6.21798693E+06  6.32485343E-09  7.87557723E+04  1.41406042E+00  0.00000000E+00
  1.16886653E+06  6.21812964E+06  6.32533761E-09  7.87554117E+04  1.41392954E+00  0.00000000E+00
  1.16921358E+06  6.21827144E+06  6.32582270E-09  7.87550511E+04  1.41379847E+00  0.00000000E+00
  1.16956063E+06  6.21841233E+06  6.32630870E-09  7.87546905E+04  1.41366723E+00  0.00000000E+00
  1.16990768E+06  6.21855231E+06  6.32679560E-09  7.87543299E+04  1.41353580E+00  0.00000000E+00
  1.17025473E+06  6.21869138E+06  6.32728340E-09  7.87539693E+04  1.41340419E+00  0.00000000E+00
  1.17060178E+06  6.21882954E+06  6.32777210E-09  7.87536087E+04  1.41327240E+00  0.00000000E+00
  1.17094883E+06  6.21896681E+06  6.32826170E-09  7.87532482E+04  1.41314043E+00  0.00000000E+00
  1.17129588E+06  6.21910317E+06  6.32875219E-09  7.87528876E+04  1.41300828E+00  0.00000000E+00
  1.17164293E+06  6.21923863E+06  6.32924358E-09  7.87525270E+04  1.41287595E+00  0.00000000E+00
  1.17198999E+06  6.21937319E+06  6.32973587E-09  7.87521664E+04  1.41274344E+00  0.00000000E+00
  1.17233704E+06  6.21950685E+06  6.33022904E-09  7.87518058E+04  1.41261076E+00  0.00000000E+00
  1.17268409E+06  6.21963962E+06  6.33072310E-09  7.87514452E+04  1.41247789E+00  0.00000000E+00
  1.17303114E+06  6.21977150E+06  6.33121806E-09  7.87510847E+04  1.41234485E+00  0.00000000E+00
  1.17337819E+06  6.21990248E+06  6.33171390E-09  7.87507241E+04  1.41221164E+00  0.00000000E+00
  1.17372524E+06  6.22003258E+06  6.33221062E-09  7.87503635E+04  1.41207824E+00  0.00000000E+00
  1.17407229E+06  6.22016178E+06  6.33270823E-09  7.87500029E+04  1.41194468E+00  0.00000000E+00
  1.17441934E+06  6.22029010E+06  6.33320672E-09  7.87496423E+04  1.41181093E+00  0.00000000E+00
  1.17476639E+06  6.22041754E+06  6.33370609E-09  7.87492817E+04  1.41167701E+00  0.00000000E+00
  1.17511344E+06  6.22054409E+06  6.33420634E-09  7.87489211E+04  1.41154292E+00  0.00000000E+00
  1.17546049E+06  6.22066976E+06  6.33470747E-09  7.87485606E+04  1.41140865E+00  0.00000000E+00
  1.17580754E+06  6.22079455E+06  6.33520947E-09  7.87482000E+04  1.41127421E+00  0.00000000E+00
  1.17615459E+06  6.22091846E+06  6.33571235E-09  7.87478394E+04  1.41113959E+00  0.00000000E+00
  1.17650164E+06  6.22104149E+06  6.33621610E-09  7.87474788E+04  1.41100481E+00  0.00000000E+00
  1.17684869E+06  6.22116365E+06  6.33672072E-09  7.87471182E+04  1.41086985E+00  0.00000000E+00
  1.17719574E+06  6.22128494E+06  6.33722621E-09  7.87467576E+04  1.41073472E+00  0.00000000E+00
  1.17754280E+06  6.22140535E+06  6.33773257E-09  7.87463970E+04  1.41059941E+00  0.00000000E+00
  1.17788985E+06  6.22152490E+06  6.33823979E-09  7.87460365E+04  1.41046394E+00  0.00000000E+00
  1.17823690E+06  6.22164357E+06  6.33874788E-09  7.87456759E+04  1.41032829E+00  0.00000000E+00
  1.17858395E+06  6.22176138E+06  6.33925684E-09  7.87453153E+04  1.41019248E+00  0.00000000E+00
  1.17893100E+06  6.22187833E+06  6.33976666E-09  7.87449547E+04  1.41005650E+00  0.00000000E+00
  1.17927805E+06  6.22199441E+06  6.34027733E-09  7.87445941E+04  1.40992034E+00  0.00000000E+00
  1.17962510E+06  6.22210963E+06  6.34078887E-09  7.87442335E+04  1.40978402E+00  0.00000000E+00
  1.17997215E+06  6.22222399E+06  6.34130126E-09  7.87438729E+04  1.40964753E+00  0.00000000E+00
  1.18031920E+06  6.22233749E+06  6.34181451E-09  7.87435124E+04  1.40951087E+00  0.00000000E+00
  1.18066625E+06  6.22245014E+06  6.34232861E-09  7.87431518E+04  1.40937404E+00  0.00000000E+00
  1.18101330E+06  6.22256193E+06  6.34284357E-09  7.87427912E+04  1.40923705E+00  0.00000000E+00
  1.18136035E+06  6.22267287E+06  6.34335938E-09  7.87424306E+04  1.40909989E+00  0.00000000E+00
  1.18170740E+06  6.22278295E+06  6.34387604E-09  7.87420700E+04  1.40896257E+00  0.00000000E+00
  1.18205445E+06  6.22289219E+06  6.34439354E-09  7.87417094E+04  1.40882507E+00  0.00000000E+00
  1.18240150E+06  6.22300057E+06  6.34491190E-09  7.87413488E+04  1.40868742E+00  0.00000000E+00
  1.18274855E+06  6.22310811E+06  6.34543110E-09  7.87409883E+04  1.40854959E+00  0.00000000E+00
  1.18309561E+06  6.22321481E+06  6.34595114E-09  7.87406277E+04  1.40841161E+00  0.00000000E+00
  1.18344266E+06  6.22332066E+06  6.34647202E-09  7.87402671E+04  1.40827346E+00  0.00000000E+00
  1.18378971E+06  6.22342567E+06  6.34699375E-09  7.87399065E+04  1.40813514E+00  0.00000000E+00
  1.18413676E+06  6.22352983E+06  6.34751632E-09  7.87395459E+04  1.40799667E+00  0.00000000E+00
  1.18448381E+06  6.22363316E+06  6.34803972E-09  7.87391853E+04  1.40785803E+00  0.00000000E+00
  1.18483086E+06  6.22373566E+06  6.34856396E-09  7.87388247E+04  1.40771922E+00  0.00000000E+00
  1.18517791E+06  6.22383731E+06  6.34908904E-09  7.87384642E+04  1.40758026E+00  0.00000000E+00
  1.18552496E+06  6.22393814E+06  6.34961495E-09  7.87381036E+04  1.40744113E+00  0.00000000E+00
  1.18587201E+06  6.22403813E+06  6.35014169E-09  7.87377430E+04  1.40730184E+00  0.00000000E+00
  1.18621906E+06  6.22413729E+06  6.35066926E-09  7.87373824E+04  1.40716240E+00  0.00000000E+00
  1.18656611E+06  6.22423562E+06  6.35119766E-09  7.87370218E+04  1.40702279E+00  0.00000000E+00
  1.18691316E+06  6.22433312E+06  6.35172689E-09  7.87366612E+04  1.40688302E+00  0.00000000E+00
  1.18726021E+06  6.22442979E+06  6.35225695E-09  7.87363007E+04  1.40674309E+00  0.00000000E+00
  1.18760726E+06  6.22452565E+06  6.35278783E-09  7.87359401E+04  1.40660300E+00  0.00000000E+00
  1.18795431E+06  6.22462067E+06  6.35331954E-09  7.87355795E+04  1.40646276E+00  0.00000000E+00
  1.18830136E+06  6.22471488E+06  6.35385206E-09  7.87352189E+04  1.40632235E+00  0.00000000E+00
  1.18864842E+06  6.22480827E+06  6.35438541E-09  7.87348583E+04  1.40618179E+00  0.00000000E+00
  1.18899547E+06  6.22490084E+06  6.35491958E-09  7.87344977E+04  1.40604107E+00  0.00000000E+00
  1.18934252E+06  6.22499259E+06  6.35545456E-09  7.87341371E+04  1.40590020E+00  0.00000000E+00
  1.18968957E+06  6.22508353E+06  6.35599037E-09  7.87337766E+04  1.40575916E+00  0.00000000E+00
  1.19003662E+06  6.22517365E+06  6.35652698E-09  7.87334160E+04  1.40561797E+00  0.00000000E+00
  1.19038367E+06  6.22526297E+06  6.35706441E-09  7.87330554E+04  1.40547663E+00  0.00000000E+00
  1.19073072E+06  6.22535147E+06  6.35760266E-09  7.87326948E+04  1.40533513E+00  0.00000000E+00
  1.19107777E+06  6.22543916E+06  6.35814171E-09  7.87323342E+04  1.40519347E+00  0.00000000E+00
  1.19142482E+06  6.22552605E+06  6.35868157E-09  7.87319736E+04  1.40505166E+00  0.00000000E+00
  1.19177187E+06  6.22561212E+06  6.35922224E-09  7.87316130E+04  1.40490970E+00  0.00000000E+00
  1.19211892E+06  6.22569740E+06  6.35976372E-09  7.87312525E+04  1.40476758E+00  0.00000000E+00
  1.19246597E+06  6.22578187E+06  6.36030600E-09  7.87308919E+04  1.40462531E+00  0.00000000E+00
  1.19281302E+06  6.22586554E+06  6.36084909E-09  7.87305313E+04  1.40448289E+00  0.00000000E+00
  1.19316007E+06  6.22594842E+06  6.36139298E-09  7.87301707E+04  1.40434031E+00  0.00000000E+00
  1.19350712E+06  6.22603049E+06  6.36193767E-09  7.87298101E+04  1.40419758E+00  0.00000000E+00
  1.19385418E+06  6.22611177E+06  6.36248316E-09  7.87294495E+04  1.40405470E+00  0.00000000E+00
  1.19420123E+06  6.22619225E+06  6.36302945E-09  7.87290889E+04  1.40391167E+00  0.00000000E+00
  1.19454828E+06  6.22627194E+06  6.36357653E-09  7.87287284E+04  1.40376849E+00  0.00000000E+00
  1.19489533E+06  6.22635083E+06  6.36412442E-09  7.87283678E+04  1.40362515E+00  0.00000000E+00
  1.19524238E+06  6.22642894E+06  6.36467309E-09  7.87280072E+04  1.40348167E+00  0.00000000E+00
  1.19558943E+06  6.22650626E+06  6.36522256E-09  7.87276466E+04  1.40333803E+00  0.00000000E+00
  1.19593648E+06  6.22658278E+06  6.36577282E-09  7.87272860E+04  1.40319425E+00  0.00000000E+00
  1.19628353E+06  6.22665853E+06  6.36632387E-09  7.87269254E+04  1.40305032E+00  0.00000000E+00
  1.19663058E+06  6.22673349E+06  6.36687571E-09  7.87265648E+04  1.40290624E+00  0.00000000E+00
  1.19697763E+06  6.22680766E+06  6.36742833E-09  7.87262043E+04  1.40276201E+00  0.00000000E+00
  1.19732468E+06  6.22688106E+06  6.36798174E-09  7.87258437E+04  1.40261763E+00  0.00000000E+00
  1.19767173E+06  6.22695367E+06  6.36853594E-09  7.87254831E+04  1.40247311E+00  0.00000000E+00
  1.19801878E+06  6.22702551E+06  6.36909092E-09  7.87251225E+04  1.40232844E+00  0.00000000E+00
  1.19836583E+06  6.22709656E+06  6.36964668E-09  7.87247619E+04  1.40218362E+00  0.00000000E+00
  1.19871288E+06  6.22716685E+06  6.37020322E-09  7.87244013E+04  1.40203865E+00  0.00000000E+00
  1.19905993E+06  6.22723636E+06  6.37076055E-09  7.87240407E+04  1.40189354E+00  0.00000000E+00
  1.19940699E+06  6.22730509E+06  6.37131865E-09  7.87236802E+04  1.40174829E+00  0.00000000E+00
  1.19975404E+06  6.22737306E+06  6.37187752E-09  7.87233196E+04  1.40160289E+00  0.00000000E+00
  1.20010109E+06  6.22744025E+06  6.37243717E-09  7.87229590E+04  1.40145734E+00  0.00000000E+00
  1.20044814E+06  6.22750668E+06  6.37299760E-09  7.87225984E+04  1.40131165E+00  0.00000000E+00
  1.20079519E+06  6.22757234E+06  6.37355880E-09  7.87222378E+04  1.40116582E+00  0.00000000E+00
  1.20114224E+06  6.22763724E+06  6.37412077E-09  7.87218772E+04  1.40101984E+00  0.00000000E+00
  1.20148929E+06  6.22770137E+06  6.37468351E-09  7.87215167E+04  1.40087372E+00  0.00000000E+00
  1.20183634E+06  6.22776474E+06  6.37524702E-09  7.87211561E+04  1.40072745E+00  0.00000000E+00
  1.20218339E+06  6.22782735E+06  6.37581129E-09  7.87207955E+04  1.40058105E+00  0.00000000E+00
  1.20253044E+06  6.22788919E+06  6.37637634E-09  7.87204349E+04  1.40043450E+00  0.00000000E+00
  1.20287749E+06  6.22795029E+06  6.37694215E-09  7.87200743E+04  1.40028781E+00  0.00000000E+00
  1.20322454E+06  6.22801062E+06  6.37750872E-09  7.87197137E+04  1.40014098E+00  0.00000000E+00
  1.20357159E+06  6.22807020E+06  6.37807605E-09  7.87193531E+04  1.39999400E+00  0.00000000E+00
  1.20391864E+06  6.22812903E+06  6.37864414E-09  7.87189926E+04  1.39984689E+00  0.00000000E+00
  1.20426569E+06  6.22818710E+06  6.37921300E-09  7.87186320E+04  1.39969964E+00  0.00000000E+00
  1.20461274E+06  6.22824442E+06  6.37978261E-09  7.87182714E+04  1.39955224E+00  0.00000000E+00
  1.20495980E+06  6.22830100E+06  6.38035298E-09  7.87179108E+04  1.39940471E+00  0.00000000E+00
  1.20530685E+06  6.22835682E+06  6.38092411E-09  7.87175502E+04  1.39925704E+00  0.00000000E+00
  1.20565390E+06  6.22841190E+06  6.38149599E-09  7.87171896E+04  1.39910923E+00  0.00000000E+00
  1.20600095E+06  6.22846623E+06  6.38206862E-09  7.87168290E+04  1.39896128E+00  0.00000000E+00
  1.20634800E+06  6.22851982E+06  6.38264200E-09  7.87164685E+04  1.39881319E+00  0.00000000E+00
  1.20669505E+06  6.22857267E+06  6.38321614E-09  7.87161079E+04  1.39866497E+00  0.00000000E+00
  1.20704210E+06  6.22862478E+06  6.38379103E-09  7.87157473E+04  1.39851661E+00  0.00000000E+00
  1.20738915E+06  6.22867615E+06  6.38436666E-09  7.87153867E+04  1.39836811E+00  0.00000000E+00
  1.20773620E+06  6.22872678E+06  6.38494304E-09  7.87150261E+04  1.39821947E+00  0.00000000E+00
  1.20808325E+06  6.22877667E+06  6.38552017E-09  7.87146655E+04  1.39807070E+00  0.00000000E+00
  1.20843030E+06  6.22882583E+06  6.38609804E-09  7.87143049E+04  1.39792179E+00  0.00000000E+00
  1.20877735E+06  6.22887426E+06  6.38667665E-09  7.87139444E+04  1.39777275E+00  0.00000000E+00
  1.20912440E+06  6.22892195E+06  6.38725601E-09  7.87135838E+04  1.39762357E+00  0.00000000E+00
  1.20947145E+06  6.22896891E+06  6.38783610E-09  7.87132232E+04  1.39747426E+00  0.00000000E+00
  1.20981850E+06  6.22901514E+06  6.38841694E-09  7.87128626E+04  1.39732481E+00  0.00000000E+00
  1.21016555E+06  6.22906065E+06  6.38899852E-09  7.87125020E+04  1.39717523E+00  0.00000000E+00
  1.21051261E+06  6.22910543E+06  6.38958083E-09  7.87121414E+04  1.39702551E+00  0.00000000E+00
  1.21085966E+06  6.22914948E+06  6.39016387E-09  7.87117808E+04  1.39687567E+00  0.00000000E+00
  1.21120671E+06  6.22919281E+06  6.39074765E-09  7.87114203E+04  1.39672569E+00  0.00000000E+00
  1.21155376E+06  6.22923541E+06  6.39133217E-09  7.87110597E+04  1.39657557E+00  0.00000000E+00
  1.21190081E+06  6.22927730E+06  6.39191742E-09  7.87106991E+04  1.39642533E+00  0.00000000E+00
  1.21224786E+06  6.22931846E+06  6.39250339E-09  7.87103385E+04  1.39627495E+00  0.00000000E+00
  1.21259491E+06  6.22935891E+06  6.39309010E-09  7.87099779E+04  1.39612444E+00  0.00000000E+00
  1.21294196E+06  6.22939864E+06  6.39367754E-09  7.87096173E+04  1.39597380E+00  0.00000000E+00
  1.21328901E+06  6.22943765E+06  6.39426570E-09  7.87092567E+04  1.39582303E+00  0.00000000E+00
  1.21363606E+06  6.22947595E+06  6.39485459E-09  7.87088962E+04  1.39567213E+00  0.00000000E+00
  1.21398311E+06  6.22951353E+06  6.39544420E-09  7.87085356E+04  1.39552109E+00  0.00000000E+00
  1.21433016E+06  6.22955041E+06  6.39603454E-09  7.87081750E+04  1.39536993E+00  0.00000000E+00
  1.21467721E+06  6.22958657E+06  6.39662560E-09  7.87078144E+04  1.39521864E+00  0.00000000E+00
  1.21502426E+06  6.22962203E+06  6.39721738E-09  7.87074538E+04  1.39506722E+00  0.00000000E+00
  1.21537131E+06  6.22965678E+06  6.39780988E-09  7.87070932E+04  1.39491567E+00  0.00000000E+00
  1.21571836E+06  6.22969082E+06  6.39840309E-09  7.87067327E+04  1.39476400E+00  0.00000000E+00
  1.21606542E+06  6.22972415E+06  6.39899703E-09  7.87063721E+04  1.39461219E+00  0.00000000E+00
  1.21641247E+06  6.22975679E+06  6.39959168E-09  7.87060115E+04  1.39446026E+00  0.00000000E+00
  1.21675952E+06  6.22978872E+06  6.40018705E-09  7.87056509E+04  1.39430820E+00  0.00000000E+00
  1.21710657E+06  6.22981995E+06  6.40078313E-09  7.87052903E+04  1.39415601E+00  0.00000000E+00
  1.21745362E+06  6.22985048E+06  6.40137993E-09  7.87049297E+04  1.39400370E+00  0.00000000E+00
  1.21780067E+06  6.22988031E+06  6.40197743E-09  7.87045691E+04  1.39385126E+00  0.00000000E+00
  1.21814772E+06  6.22990945E+06  6.40257565E-09  7.87042086E+04  1.39369869E+00  0.00000000E+00
  1.21849477E+06  6.22993789E+06  6.40317457E-09  7.87038480E+04  1.39354600E+00  0.00000000E+00
  1.21884182E+06  6.22996564E+06  6.40377421E-09  7.87034874E+04  1.39339319E+00  0.00000000E+00
  1.21918887E+06  6.22999269E+06  6.40437455E-09  7.87031268E+04  1.39324025E+00  0.00000000E+00
  1.21953592E+06  6.23001905E+06  6.40497559E-09  7.87027662E+04  1.39308718E+00  0.00000000E+00
  1.21988297E+06  6.23004472E+06  6.40557734E-09  7.87024056E+04  1.39293399E+00  0.00000000E+00
  1.22023002E+06  6.23006971E+06  6.40617980E-09  7.87020450E+04  1.39278067E+00  0.00000000E+00
  1.22057707E+06  6.23009400E+06  6.40678295E-09  7.87016845E+04  1.39262724E+00  0.00000000E+00
  1.22092412E+06  6.23011761E+06  6.40738681E-09  7.87013239E+04  1.39247368E+00  0.00000000E+00
  1.22127117E+06  6.23014054E+06  6.40799137E-09  7.87009633E+04  1.39231999E+00  0.00000000E+00
  1.22161823E+06  6.23016278E+06  6.40859662E-09  7.87006027E+04  1.39216619E+00  0.00000000E+00
  1.22196528E+06  6.23018434E+06  6.40920258E-09  7.87002421E+04  1.39201226E+00  0.00000000E+00
  1.22231233E+06  6.23020522E+06  6.40980922E-09  7.86998815E+04  1.39185821E+00  0.00000000E+00
  1.22265938E+06  6.23022541E+06  6.41041657E-09  7.86995209E+04  1.39170404E+00  0.00000000E+00
  1.22300643E+06  6.23024493E+06  6.41102461E-09  7.86991604E+04  1.39154974E+00  0.00000000E+00
  1.22335348E+06  6.23026378E+06  6.41163334E-09  7.86987998E+04  1.39139533E+00  0.00000000E+00
  1.22370053E+06  6.23028194E+06  6.41224276E-09  7.86984392E+04  1.39124079E+00  0.00000000E+00
  1.22404758E+06  6.23029944E+06  6.41285288E-09  7.86980786E+04  1.39108614E+00  0.00000000E+00
  1.22439463E+06  6.23031625E+06  6.41346368E-09  7.86977180E+04  1.39093136E+00  0.00000000E+00
  1.22474168E+06  6.23033240E+06  6.41407517E-09  7.86973574E+04  1.39077647E+00  0.00000000E+00
  1.22508873E+06  6.23034788E+06  6.41468735E-09  7.86969968E+04  1.39062146E+00  0.00000000E+00
  1.22543578E+06  6.23036269E+06  6.41530022E-09  7.86966363E+04  1.39046633E+00  0.00000000E+00
  1.22578283E+06  6.23037682E+06  6.41591377E-09  7.86962757E+04  1.39031107E+00  0.00000000E+00
  1.22612988E+06  6.23039030E+06  6.41652801E-09  7.86959151E+04  1.39015571E+00  0.00000000E+00
  1.22647693E+06  6.23040310E+06  6.41714292E-09  7.86955545E+04  1.39000022E+00  0.00000000E+00
  1.22682399E+06  6.23041525E+06  6.41775852E-09  7.86951939E+04  1.38984461E+00  0.00000000E+00
  1.22717104E+06  6.23042673E+06  6.41837480E-09  7.86948333E+04  1.38968889E+00  0.00000000E+00
  1.22751809E+06  6.23043754E+06  6.41899176E-09  7.86944727E+04  1.38953305E+00  0.00000000E+00
  1.22786514E+06  6.23044770E+06  6.41960940E-09  7.86941122E+04  1.38937710E+00  0.00000000E+00
  1.22821219E+06  6.23045720E+06  6.42022771E-09  7.86937516E+04  1.38922103E+00  0.00000000E+00
  1.22855924E+06  6.23046604E+06  6.42084671E-09  7.86933910E+04  1.38906484E+00  0.00000000E+00
  1.22890629E+06  6.23047422E+06  6.42146637E-09  7.86930304E+04  1.38890854E+00  0.00000000E+00
  1.22925334E+06  6.23048175E+06  6.42208671E-09  7.86926698E+04  1.38875212E+00  0.00000000E+00
  1.22960039E+06  6.23048863E+06  6.42270772E-09  7.86923092E+04  1.38859558E+00  0.00000000E+00
  1.22994744E+06  6.23049485E+06  6.42332941E-09  7.86919487E+04  1.38843894E+00  0.00000000E+00
  1.23029449E+06  6.23050042E+06  6.42395176E-09  7.86915881E+04  1.38828217E+00  0.00000000E+00
  1.23064154E+06  6.23050534E+06  6.42457479E-09  7.86912275E+04  1.38812530E+00  0.00000000E+00
  1.23098859E+06  6.23050961E+06  6.42519848E-09  7.86908669E+04  1.38796831E+00  0.00000000E+00
  1.23133564E+06  6.23051323E+06  6.42582284E-09  7.86905063E+04  1.38781120E+00  0.00000000E+00
  1.23168269E+06  6.23051621E+06  6.42644787E-09  7.86901457E+04  1.38765398E+00  0.00000000E+00
  1.23202974E+06  6.23051854E+06  6.42707356E-09  7.86897851E+04  1.38749666E+00  0.00000000E+00
  1.23237680E+06  6.23052022E+06  6.42769992E-09  7.86894246E+04  1.38733921E+00  0.00000000E+00
  1.23272385E+06  6.23052126E+06  6.42832694E-09  7.86890640E+04  1.38718166E+00  0.00000000E+00
  1.23307090E+06  6.23052166E+06  6.42895462E-09  7.86887034E+04  1.38702399E+00  0.00000000E+00
  1.23341795E+06  6.23052143E+06  6.42958296E-09  7.86883428E+04  1.38686621E+00  0.00000000E+00
  1.23376500E+06  6.23052055E+06  6.43021197E-09  7.86879822E+04  1.38670833E+00  0.00000000E+00
  1.23411205E+06  6.23051903E+06  6.43084163E-09  7.86876216E+04  1.38655033E+00  0.00000000E+00
  1.23445910E+06  6.23051688E+06  6.43147195E-09  7.86872610E+04  1.38639222E+00  0.00000000E+00
  1.23480615E+06  6.23051409E+06  6.43210292E-09  7.86869005E+04  1.38623399E+00  0.00000000E+00
  1.23515320E+06  6.23051066E+06  6.43273455E-09  7.86865399E+04  1.38607566E+00  0.00000000E+00
  1.23550025E+06  6.23050660E+06  6.43336684E-09  7.86861793E+04  1.38591722E+00  0.00000000E+00
  1.23584730E+06  6.23050192E+06  6.43399978E-09  7.86858187E+04  1.38575867E+00  0.00000000E+00
  1.23619435E+06  6.23049660E+06  6.43463337E-09  7.86854581E+04  1.38560002E+00  0.00000000E+00
  1.23654140E+06  6.23049065E+06  6.43526761E-09  7.86850975E+04  1.38544125E+00  0.00000000E+00
  1.23688845E+06  6.23048407E+06  6.43590250E-09  7.86847369E+04  1.38528237E+00  0.00000000E+00
  1.23723550E+06  6.23047686E+06  6.43653805E-09  7.86843764E+04  1.38512339E+00  0.00000000E+00
  1.23758255E+06  6.23046903E+06  6.43717424E-09  7.86840158E+04  1.38496430E+00  0.00000000E+00
  1.23792961E+06  6.23046058E+06  6.43781108E-09  7.86836552E+04  1.38480510E+00  0.00000000E+00
  1.23827666E+06  6.23045150E+06  6.43844856E-09  7.86832946E+04  1.38464579E+00  0.00000000E+00
  1.23862371E+06  6.23044179E+06  6.43908669E-09  7.86829340E+04  1.38448638E+00  0.00000000E+00
  1.23897076E+06  6.23043147E+06  6.43972546E-09  7.86825734E+04  1.38432686E+00  0.00000000E+00
  1.23931781E+06  6.23042053E+06  6.44036488E-09  7.86822128E+04  1.38416723E+00  0.00000000E+00
  1.23966486E+06  6.23040896E+06  6.44100494E-09  7.86818523E+04  1.38400750E+00  0.00000000E+00
  1.24001191E+06  6.23039679E+06  6.44164564E-09  7.86814917E+04  1.38384766E+00  0.00000000E+00
  1.24035896E+06  6.23038399E+06  6.44228698E-09  7.86811311E+04  1.38368772E+00  0.00000000E+00
  1.24070601E+06  6.23037058E+06  6.44292895E-09  7.86807705E+04  1.38352767E+00  0.00000000E+00
  1.24105306E+06  6.23035655E+06  6.44357157E-09  7.86804099E+04  1.38336751E+00  0.00000000E+00
  1.24140011E+06  6.23034191E+06  6.44421482E-09  7.86800493E+04  1.38320725E+00  0.00000000E+00
  1.24174716E+06  6.23032666E+06  6.44485871E-09  7.86796887E+04  1.38304689E+00  0.00000000E+00
  1.24209421E+06  6.23031080E+06  6.44550324E-09  7.86793282E+04  1.38288643E+00  0.00000000E+00
  1.24244126E+06  6.23029433E+06  6.44614839E-09  7.86789676E+04  1.38272586E+00  0.00000000E+00
  1.24278831E+06  6.23027725E+06  6.44679418E-09  7.86786070E+04  1.38256518E+00  0.00000000E+00
  1.24313536E+06  6.23025956E+06  6.44744061E-09  7.86782464E+04  1.38240441E+00  0.00000000E+00
  1.24348242E+06  6.23024127E+06  6.44808766E-09  7.86778858E+04  1.38224353E+00  0.00000000E+00
  1.24382947E+06  6.23022238E+06  6.44873534E-09  7.86775252E+04  1.38208255E+00  0.00000000E+00
  1.24417652E+06  6.23020287E+06  6.44938366E-09  7.86771647E+04  1.38192146E+00  0.00000000E+00
  1.24452357E+06  6.23018277E+06  6.45003260E-09  7.86768041E+04  1.38176028E+00  0.00000000E+00
  1.24487062E+06  6.23016207E+06  6.45068216E-09  7.86764435E+04  1.38159899E+00  0.00000000E+00
  1.24521767E+06  6.23014076E+06  6.45133235E-09  7.86760829E+04  1.38143760E+00  0.00000000E+00
  1.24556472E+06  6.23011886E+06  6.45198317E-09  7.86757223E+04  1.38127611E+00  0.00000000E+00
  1.24591177E+06  6.23009636E+06  6.45263461E-09  7.86753617E+04  1.38111452E+00  0.00000000E+00
  1.24625882E+06  6.23007326E+06  6.45328668E-09  7.86750011E+04  1.38095283E+00  0.00000000E+00
  1.24660587E+06  6.23004956E+06  6.45393936E-09  7.86746406E+04  1.38079104E+00  0.00000000E+00
  1.24695292E+06  6.23002528E+06  6.45459267E-09  7.86742800E+04  1.38062915E+00  0.00000000E+00
  1.24729997E+06  6.23000039E+06  6.45524660E-09  7.86739194E+04  1.38046716E+00  0.00000000E+00
  1.24764702E+06  6.22997492E+06  6.45590114E-09  7.86735588E+04  1.38030507E+00  0.00000000E+00
  1.24799407E+06  6.22994885E+06  6.45655631E-09  7.86731982E+04  1.38014288E+00  0.00000000E+00
  1.24834112E+06  6.22992220E+06  6.45721209E-09  7.86728376E+04  1.37998060E+00  0.00000000E+00
  1.24868817E+06  6.22989495E+06  6.45786848E-09  7.86724770E+04  1.37981821E+00  0.00000000E+00
  1.24903523E+06  6.22986712E+06  6.45852549E-09  7.86721165E+04  1.37965573E+00  0.00000000E+00
  1.24938228E+06  6.22983870E+06  6.45918312E-09  7.86717559E+04  1.37949315E+00  0.00000000E+00
  1.24972933E+06  6.22980970E+06  6.45984136E-09  7.86713953E+04  1.37933047E+00  0.00000000E+00
  1.25007638E+06  6.22978011E+06  6.46050021E-09  7.86710347E+04  1.37916769E+00  0.00000000E+00
  1.25042343E+06  6.22974994E+06  6.46115967E-09  7.86706741E+04  1.37900482E+00  0.00000000E+00
  1.25077048E+06  6.22971919E+06  6.46181974E-09  7.86703135E+04  1.37884185E+00  0.00000000E+00
  1.25111753E+06  6.22968785E+06  6.46248043E-09  7.86699529E+04  1.37867878E+00  0.00000000E+00
  1.25146458E+06  6.22965594E+06  6.46314172E-09  7.86695924E+04  1.37851562E+00  0.00000000E+00
  1.25181163E+06  6.22962345E+06  6.46380361E-09  7.86692318E+04  1.37835236E+00  0.00000000E+00
  1.25215868E+06  6.22959037E+06  6.46446612E-09  7.86688712E+04  1.37818901E+00  0.00000000E+00
  1.25250573E+06  6.22955673E+06  6.46512922E-09  7.86685106E+04  1.37802556E+00  0.00000000E+00
  1.25285278E+06  6.22952250E+06  6.46579294E-09  7.86681500E+04  1.37786201E+00  0.00000000E+00
  1.25319983E+06  6.22948771E+06  6.46645725E-09  7.86677894E+04  1.37769837E+00  0.00000000E+00
  1.25354688E+06  6.22945234E+06  6.46712217E-09  7.86674288E+04  1.37753464E+00  0.00000000E+00
  1.25389393E+06  6.22941639E+06  6.46778769E-09  7.86670683E+04  1.37737081E+00  0.00000000E+00
  1.25424099E+06  6.22937988E+06  6.46845382E-09  7.86667077E+04  1.37720689E+00  0.00000000E+00
  1.25458804E+06  6.22934280E+06  6.46912054E-09  7.86663471E+04  1.37704288E+00  0.00000000E+00
  1.25493509E+06  6.22930514E+06  6.46978786E-09  7.86659865E+04  1.37687877E+00  0.00000000E+00
  1.25528214E+06  6.22926692E+06  6.47045578E-09  7.86656259E+04  1.37671457E+00  0.00000000E+00
  1.25562919E+06  6.22922813E+06  6.47112429E-09  7.86652653E+04  1.37655027E+00  0.00000000E+00
  1.25597624E+06  6.22918878E+06  6.47179340E-09  7.86649047E+04  1.37638588E+00  0.00000000E+00
  1.25632329E+06  6.22914886E+06  6.47246311E-09  7.86645442E+04  1.37622140E+00  0.00000000E+00
  1.25667034E+06  6.22910838E+06  6.47313341E-09  7.86641836E+04  1.37605683E+00  0.00000000E+00
  1.25701739E+06  6.22906734E+06  6.47380430E-09  7.86638230E+04  1.37589217E+00  0.00000000E+00
  1.25736444E+06  6.22902573E+06  6.47447579E-09  7.86634624E+04  1.37572741E+00  0.00000000E+00
  1.25771149E+06  6.22898357E+06  6.47514787E-09  7.86631018E+04  1.37556257E+00  0.00000000E+00
  1.25805854E+06  6.22894085E+06  6.47582053E-09  7.86627412E+04  1.37539763E+00  0.00000000E+00
  1.25840559E+06  6.22889756E+06  6.47649379E-09  7.86623807E+04  1.37523260E+00  0.00000000E+00
  1.25875264E+06  6.22885372E+06  6.47716764E-09  7.86620201E+04  1.37506749E+00  0.00000000E+00
  1.25909969E+06  6.22880933E+06  6.47784207E-09  7.86616595E+04  1.37490228E+00  0.00000000E+00
  1.25944674E+06  6.22876438E+06  6.47851709E-09  7.86612989E+04  1.37473698E+00  0.00000000E+00
  1.25979380E+06  6.22871887E+06  6.47919270E-09  7.86609383E+04  1.37457159E+00  0.00000000E+00
  1.26014085E+06  6.22867282E+06  6.47986889E-09  7.86605777E+04  1.37440611E+00  0.00000000E+00
  1.26048790E+06  6.22862621E+06  6.48054566E-09  7.86602171E+04  1.37424055E+00  0.00000000E+00
  1.26083495E+06  6.22857905E+06  6.48122302E-09  7.86598566E+04  1.37407489E+00  0.00000000E+00
  1.26118200E+06  6.22853134E+06  6.48190096E-09  7.86594960E+04  1.37390915E+00  0.00000000E+00
  1.26152905E+06  6.22848308E+06  6.48257948E-09  7.86591354E+04  1.37374332E+00  0.00000000E+00
  1.26187610E+06  6.22843427E+06  6.48325859E-09  7.86587748E+04  1.37357740E+00  0.00000000E+00
  1.26222315E+06  6.22838492E+06  6.48393827E-09  7.86584142E+04  1.37341139E+00  0.00000000E+00
  1.26257020E+06  6.22833503E+06  6.48461853E-09  7.86580536E+04  1.37324530E+00  0.00000000E+00
  1.26291725E+06  6.22828458E+06  6.48529937E-09  7.86576930E+04  1.37307911E+00  0.00000000E+00
  1.26326430E+06  6.22823360E+06  6.48598078E-09  7.86573325E+04  1.37291284E+00  0.00000000E+00
  1.26361135E+06  6.22818207E+06  6.48666278E-09  7.86569719E+04  1.37274649E+00  0.00000000E+00
  1.26395840E+06  6.22813000E+06  6.48734534E-09  7.86566113E+04  1.37258005E+00  0.00000000E+00
  1.26430545E+06  6.22807739E+06  6.48802848E-09  7.86562507E+04  1.37241352E+00  0.00000000E+00
  1.26465250E+06  6.22802424E+06  6.48871220E-09  7.86558901E+04  1.37224690E+00  0.00000000E+00
  1.26499955E+06  6.22797056E+06  6.48939648E-09  7.86555295E+04  1.37208020E+00  0.00000000E+00
  1.26534661E+06  6.22791633E+06  6.49008134E-09  7.86551689E+04  1.37191342E+00  0.00000000E+00
  1.26569366E+06  6.22786157E+06  6.49076677E-09  7.86548084E+04  1.37174655E+00  0.00000000E+00
  1.26604071E+06  6.22780628E+06  6.49145277E-09  7.86544478E+04  1.37157959E+00  0.00000000E+00
  1.26638776E+06  6.22775045E+06  6.49213934E-09  7.86540872E+04  1.37141255E+00  0.00000000E+00
  1.26673481E+06  6.22769409E+06  6.49282647E-09  7.86537266E+04  1.37124542E+00  0.00000000E+00
  1.26708186E+06  6.22763719E+06  6.49351418E-09  7.86533660E+04  1.37107822E+00  0.00000000E+00
  1.26742891E+06  6.22757977E+06  6.49420245E-09  7.86530054E+04  1.37091092E+00  0.00000000E+00
  1.26777596E+06  6.22752181E+06  6.49489128E-09  7.86526448E+04  1.37074355E+00  0.00000000E+00
  1.26812301E+06  6.22746333E+06  6.49558068E-09  7.86522843E+04  1.37057609E+00  0.00000000E+00
  1.26847006E+06  6.22740432E+06  6.49627064E-09  7.86519237E+04  1.37040854E+00  0.00000000E+00
  1.26881711E+06  6.22734478E+06  6.49696117E-09  7.86515631E+04  1.37024092E+00  0.00000000E+00
  1.26916416E+06  6.22728471E+06  6.49765226E-09  7.86512025E+04  1.37007321E+00  0.00000000E+00
  1.26951121E+06  6.22722412E+06  6.49834391E-09  7.86508419E+04  1.36990542E+00  0.00000000E+00
  1.26985826E+06  6.22716301E+06  6.49903612E-09  7.86504813E+04  1.36973754E+00  0.00000000E+00
  1.27020531E+06  6.22710137E+06  6.49972889E-09  7.86501207E+04  1.36956959E+00  0.00000000E+00
  1.27055236E+06  6.22703921E+06  6.50042222E-09  7.86497602E+04  1.36940155E+00  0.00000000E+00
  1.27089942E+06  6.22697653E+06  6.50111610E-09  7.86493996E+04  1.36923343E+00  0.00000000E+00
  1.27124647E+06  6.22691333E+06  6.50181054E-09  7.86490390E+04  1.36906524E+00  0.00000000E+00
  1.27159352E+06  6.22684961E+06  6.50250554E-09  7.86486784E+04  1.36889696E+00  0.00000000E+00
  1.27194057E+06  6.22678537E+06  6.50320110E-09  7.86483178E+04  1.36872859E+00  0.00000000E+00
  1.27228762E+06  6.22672062E+06  6.50389721E-09  7.86479572E+04  1.36856015E+00  0.00000000E+00
  1.27263467E+06  6.22665535E+06  6.50459387E-09  7.86475967E+04  1.36839163E+00  0.00000000E+00
  1.27298172E+06  6.22658956E+06  6.50529108E-09  7.86472361E+04  1.36822303E+00  0.00000000E+00
  1.27332877E+06  6.22652326E+06  6.50598885E-09  7.86468755E+04  1.36805435E+00  0.00000000E+00
  1.27367582E+06  6.22645645E+06  6.50668717E-09  7.86465149E+04  1.36788559E+00  0.00000000E+00
  1.27402287E+06  6.22638912E+06  6.50738603E-09  7.86461543E+04  1.36771675E+00  0.00000000E+00
  1.27436992E+06  6.22632129E+06  6.50808545E-09  7.86457937E+04  1.36754783E+00  0.00000000E+00
  1.27471697E+06  6.22625294E+06  6.50878542E-09  7.86454331E+04  1.36737883E+00  0.00000000E+00
  1.27506402E+06  6.22618409E+06  6.50948593E-09  7.86450726E+04  1.36720976E+00  0.00000000E+00
  1.27541107E+06  6.22611472E+06  6.51018699E-09  7.86447120E+04  1.36704061E+00  0.00000000E+00
  1.27575812E+06  6.22604485E+06  6.51088860E-09  7.86443514E+04  1.36687137E+00  0.00000000E+00
  1.27610517E+06  6.22597448E+06  6.51159075E-09  7.86439908E+04  1.36670206E+00  0.00000000E+00
  1.27645223E+06  6.22590359E+06  6.51229344E-09  7.86436302E+04  1.36653268E+00  0.00000000E+00
  1.27679928E+06  6.22583221E+06  6.51299668E-09  7.86432696E+04  1.36636321E+00  0.00000000E+00
  1.27714633E+06  6.22576032E+06  6.51370046E-09  7.86429090E+04  1.36619367E+00  0.00000000E+00
  1.27749338E+06  6.22568792E+06  6.51440479E-09  7.86425485E+04  1.36602405E+00  0.00000000E+00
  1.27784043E+06  6.22561503E+06  6.51510965E-09  7.86421879E+04  1.36585436E+00  0.00000000E+00
  1.27818748E+06  6.22554164E+06  6.51581506E-09  7.86418273E+04  1.36568459E+00  0.00000000E+00
  1.27853453E+06  6.22546774E+06  6.51652100E-09  7.86414667E+04  1.36551474E+00  0.00000000E+00
  1.27888158E+06  6.22539335E+06  6.51722749E-09  7.86411061E+04  1.36534482E+00  0.00000000E+00
  1.27922863E+06  6.22531846E+06  6.51793451E-09  7.86407455E+04  1.36517482E+00  0.00000000E+00
  1.27957568E+06  6.22524307E+06  6.51864207E-09  7.86403849E+04  1.36500475E+00  0.00000000E+00
  1.27992273E+06  6.22516719E+06  6.51935016E-09  7.86400244E+04  1.36483460E+00  0.00000000E+00
  1.28026978E+06  6.22509082E+06  6.52005879E-09  7.86396638E+04  1.36466438E+00  0.00000000E+00
  1.28061683E+06  6.22501394E+06  6.52076796E-09  7.86393032E+04  1.36449408E+00  0.00000000E+00
  1.28096388E+06  6.22493658E+06  6.52147766E-09  7.86389426E+04  1.36432371E+00  0.00000000E+00
  1.28131093E+06  6.22485873E+06  6.52218789E-09  7.86385820E+04  1.36415326E+00  0.00000000E+00
  1.28165798E+06  6.22478038E+06  6.52289866E-09  7.86382214E+04  1.36398274E+00  0.00000000E+00
  1.28200504E+06  6.22470154E+06  6.52360995E-09  7.86378608E+04  1.36381214E+00  0.00000000E+00
  1.28235209E+06  6.22462222E+06  6.52432178E-09  7.86375003E+04  1.36364148E+00  0.00000000E+00
  1.28269914E+06  6.22454240E+06  6.52503413E-09  7.86371397E+04  1.36347073E+00  0.00000000E+00
  1.28304619E+06  6.22446210E+06  6.52574702E-09  7.86367791E+04  1.36329992E+00  0.00000000E+00
  1.28339324E+06  6.22438131E+06  6.52646043E-09  7.86364185E+04  1.36312903E+00  0.00000000E+00
  1.28374029E+06  6.22430004E+06  6.52717438E-09  7.86360579E+04  1.36295807E+00  0.00000000E+00
  1.28408734E+06  6.22421828E+06  6.52788884E-09  7.86356973E+04  1.36278704E+00  0.00000000E+00
  1.28443439E+06  6.22413604E+06  6.52860384E-09  7.86353367E+04  1.36261594E+00  0.00000000E+00
  1.28478144E+06  6.22405332E+06  6.52931936E-09  7.86349762E+04  1.36244476E+00  0.00000000E+00
  1.28512849E+06  6.22397011E+06  6.53003540E-09  7.86346156E+04  1.36227351E+00  0.00000000E+00
  1.28547554E+06  6.22388643E+06  6.53075197E-09  7.86342550E+04  1.36210220E+00  0.00000000E+00
  1.28582259E+06  6.22380226E+06  6.53146906E-09  7.86338944E+04  1.36193081E+00  0.00000000E+00
  1.28616964E+06  6.22371762E+06  6.53218667E-09  7.86335338E+04  1.36175935E+00  0.00000000E+00
  1.28651669E+06  6.22363249E+06  6.53290480E-09  7.86331732E+04  1.36158781E+00  0.00000000E+00
  1.28686374E+06  6.22354689E+06  6.53362346E-09  7.86328127E+04  1.36141621E+00  0.00000000E+00
  1.28721080E+06  6.22346082E+06  6.53434263E-09  7.86324521E+04  1.36124454E+00  0.00000000E+00
  1.28755785E+06  6.22337426E+06  6.53506233E-09  7.86320915E+04  1.36107280E+00  0.00000000E+00
  1.28790490E+06  6.22328724E+06  6.53578254E-09  7.86317309E+04  1.36090098E+00  0.00000000E+00
  1.28825195E+06  6.22319974E+06  6.53650326E-09  7.86313703E+04  1.36072910E+00  0.00000000E+00
  1.28859900E+06  6.22311177E+06  6.53722451E-09  7.86310097E+04  1.36055715E+00  0.00000000E+00
  1.28894605E+06  6.22302332E+06  6.53794627E-09  7.86306491E+04  1.36038513E+00  0.00000000E+00
  1.28929310E+06  6.22293441E+06  6.53866855E-09  7.86302886E+04  1.36021304E+00  0.00000000E+00
  1.28964015E+06  6.22284503E+06  6.53939134E-09  7.86299280E+04  1.36004088E+00  0.00000000E+00
  1.28998720E+06  6.22275517E+06  6.54011464E-09  7.86295674E+04  1.35986865E+00  0.00000000E+00
  1.29033425E+06  6.22266485E+06  6.54083846E-09  7.86292068E+04  1.35969636E+00  0.00000000E+00
  1.29068130E+06  6.22257406E+06  6.54156279E-09  7.86288462E+04  1.35952400E+00  0.00000000E+00
  1.29102835E+06  6.22248281E+06  6.54228763E-09  7.86284856E+04  1.35935157E+00  0.00000000E+00
  1.29137540E+06  6.22239109E+06  6.54301298E-09  7.86281250E+04  1.35917907E+00  0.00000000E+00
  1.29172245E+06  6.22229890E+06  6.54373884E-09  7.86277645E+04  1.35900650E+00  0.00000000E+00
  1.29206950E+06  6.22220625E+06  6.54446521E-09  7.86274039E+04  1.35883387E+00  0.00000000E+00
  1.29241655E+06  6.22211314E+06  6.54519209E-09  7.86270433E+04  1.35866117E+00  0.00000000E+00
  1.29276361E+06  6.22201957E+06  6.54591948E-09  7.86266827E+04  1.35848840E+00  0.00000000E+00
  1.29311066E+06  6.22192554E+06  6.54664737E-09  7.86263221E+04  1.35831557E+00  0.00000000E+00
  1.29345771E+06  6.22183104E+06  6.54737577E-09  7.86259615E+04  1.35814267E+00  0.00000000E+00
  1.29380476E+06  6.22173609E+06  6.54810468E-09  7.86256009E+04  1.35796970E+00  0.00000000E+00
  1.29415181E+06  6.22164068E+06  6.54883409E-09  7.86252404E+04  1.35779667E+00  0.00000000E+00
  1.29449886E+06  6.22154481E+06  6.54956400E-09  7.86248798E+04  1.35762357E+00  0.00000000E+00
  1.29484591E+06  6.22144848E+06  6.55029442E-09  7.86245192E+04  1.35745041E+00  0.00000000E+00
  1.29519296E+06  6.22135170E+06  6.55102534E-09  7.86241586E+04  1.35727718E+00  0.00000000E+00
  1.29554001E+06  6.22125447E+06  6.55175676E-09  7.86237980E+04  1.35710389E+00  0.00000000E+00
  1.29588706E+06  6.22115678E+06  6.55248868E-09  7.86234374E+04  1.35693053E+00  0.00000000E+00
  1.29623411E+06  6.22105863E+06  6.55322110E-09  7.86230768E+04  1.35675711E+00  0.00000000E+00
  1.29658116E+06  6.22096004E+06  6.55395402E-09  7.86227163E+04  1.35658362E+00  0.00000000E+00
  1.29692821E+06  6.22086099E+06  6.55468744E-09  7.86223557E+04  1.35641007E+00  0.00000000E+00
  1.29727526E+06  6.22076150E+06  6.55542136E-09  7.86219951E+04  1.35623645E+00  0.00000000E+00
  1.29762231E+06  6.22066155E+06  6.55615578E-09  7.86216345E+04  1.35606278E+00  0.00000000E+00
  1.29796936E+06  6.22056115E+06  6.55689069E-09  7.86212739E+04  1.35588903E+00  0.00000000E+00
  1.29831642E+06  6.22046031E+06  6.55762610E-09  7.86209133E+04  1.35571523E+00  0.00000000E+00
  1.29866347E+06  6.22035902E+06  6.55836200E-09  7.86205527E+04  1.35554136E+00  0.00000000E+00
  1.29901052E+06  6.22025728E+06  6.55909840E-09  7.86201922E+04  1.35536743E+00  0.00000000E+00
  1.29935757E+06  6.22015510E+06  6.55983529E-09  7.86198316E+04  1.35519343E+00  0.00000000E+00
  1.29970462E+06  6.22005247E+06  6.56057268E-09  7.86194710E+04  1.35501937E+00  0.00000000E+00
  1.30005167E+06  6.21994940E+06  6.56131056E-09  7.86191104E+04  1.35484525E+00  0.00000000E+00
  1.30039872E+06  6.21984589E+06  6.56204893E-09  7.86187498E+04  1.35467107E+00  0.00000000E+00
  1.30074577E+06  6.21974194E+06  6.56278779E-09  7.86183892E+04  1.35449683E+00  0.00000000E+00
  1.30109282E+06  6.21963754E+06  6.56352714E-09  7.86180287E+04  1.35432252E+00  0.00000000E+00
  1.30143987E+06  6.21953270E+06  6.56426698E-09  7.86176681E+04  1.35414816E+00  0.00000000E+00
  1.30178692E+06  6.21942743E+06  6.56500730E-09  7.86173075E+04  1.35397373E+00  0.00000000E+00
  1.30213397E+06  6.21932171E+06  6.56574812E-09  7.86169469E+04  1.35379924E+00  0.00000000E+00
  1.30248102E+06  6.21921556E+06  6.56648943E-09  7.86165863E+04  1.35362469E+00  0.00000000E+00
  1.30282807E+06  6.21910897E+06  6.56723122E-09  7.86162257E+04  1.35345008E+00  0.00000000E+00
  1.30317512E+06  6.21900195E+06  6.56797349E-09  7.86158651E+04  1.35327541E+00  0.00000000E+00
  1.30352217E+06  6.21889449E+06  6.56871625E-09  7.86155046E+04  1.35310068E+00  0.00000000E+00
  1.30386923E+06  6.21878659E+06  6.56945950E-09  7.86151440E+04  1.35292589E+00  0.00000000E+00
  1.30421628E+06  6.21867826E+06  6.57020323E-09  7.86147834E+04  1.35275104E+00  0.00000000E+00
  1.30456333E+06  6.21856950E+06  6.57094745E-09  7.86144228E+04  1.35257613E+00  0.00000000E+00
  1.30491038E+06  6.21846031E+06  6.57169214E-09  7.86140622E+04  1.35240116E+00  0.00000000E+00
  1.30525743E+06  6.21835068E+06  6.57243732E-09  7.86137016E+04  1.35222613E+00  0.00000000E+00
  1.30560448E+06  6.21824063E+06  6.57318298E-09  7.86133410E+04  1.35205104E+00  0.00000000E+00
  1.30595153E+06  6.21813014E+06  6.57392912E-09  7.86129805E+04  1.35187589E+00  0.00000000E+00
  1.30629858E+06  6.21801923E+06  6.57467574E-09  7.86126199E+04  1.35170069E+00  0.00000000E+00
  1.30664563E+06  6.21790789E+06  6.57542284E-09  7.86122593E+04  1.35152542E+00  0.00000000E+00
  1.30699268E+06  6.21779612E+06  6.57617041E-09  7.86118987E+04  1.35135010E+00  0.00000000E+00
  1.30733973E+06  6.21768393E+06  6.57691847E-09  7.86115381E+04  1.35117472E+00  0.00000000E+00
  1.30768678E+06  6.21757131E+06  6.57766700E-09  7.86111775E+04  1.35099928E+00  0.00000000E+00
  1.30803383E+06  6.21745827E+06  6.57841601E-09  7.86108169E+04  1.35082378E+00  0.00000000E+00
  1.30838088E+06  6.21734480E+06  6.57916549E-09  7.86104564E+04  1.35064823E+00  0.00000000E+00
  1.30872793E+06  6.21723091E+06  6.57991545E-09  7.86100958E+04  1.35047262E+00  0.00000000E+00
  1.30907498E+06  6.21711660E+06  6.58066588E-09  7.86097352E+04  1.35029695E+00  0.00000000E+00
  1.30942204E+06  6.21700186E+06  6.58141679E-09  7.86093746E+04  1.35012123E+00  0.00000000E+00
  1.30976909E+06  6.21688671E+06  6.58216817E-09  7.86090140E+04  1.34994545E+00  0.00000000E+00
  1.31011614E+06  6.21677113E+06  6.58292002E-09  7.86086534E+04  1.34976961E+00  0.00000000E+00
  1.31046319E+06  6.21665514E+06  6.58367234E-09  7.86082928E+04  1.34959372E+00  0.00000000E+00
  1.31081024E+06  6.21653873E+06  6.58442514E-09  7.86079323E+04  1.34941776E+00  0.00000000E+00
  1.31115729E+06  6.21642190E+06  6.58517840E-09  7.86075717E+04  1.34924176E+00  0.00000000E+00
  1.31150434E+06  6.21630466E+06  6.58593214E-09  7.86072111E+04  1.34906570E+00  0.00000000E+00
  1.31185139E+06  6.21618699E+06  6.58668634E-09  7.86068505E+04  1.34888958E+00  0.00000000E+00
  1.31219844E+06  6.21606892E+06  6.58744101E-09  7.86064899E+04  1.34871341E+00  0.00000000E+00
  1.31254549E+06  6.21595043E+06  6.58819615E-09  7.86061293E+04  1.34853718E+00  0.00000000E+00
  1.31289254E+06  6.21583153E+06  6.58895175E-09  7.86057687E+04  1.34836090E+00  0.00000000E+00
  1.31323959E+06  6.21571221E+06  6.58970783E-09  7.86054082E+04  1.34818456E+00  0.00000000E+00
  1.31358664E+06  6.21559248E+06  6.59046436E-09  7.86050476E+04  1.34800817E+00  0.00000000E+00
  1.31393369E+06  6.21547234E+06  6.59122137E-09  7.86046870E+04  1.34783172E+00  0.00000000E+00
  1.31428074E+06  6.21535180E+06  6.59197883E-09  7.86043264E+04  1.34765522E+00  0.00000000E+00
  1.31462780E+06  6.21523084E+06  6.59273676E-09  7.86039658E+04  1.34747867E+00  0.00000000E+00
  1.31497485E+06  6.21510947E+06  6.59349516E-09  7.86036052E+04  1.34730206E+00  0.00000000E+00
  1.31532190E+06  6.21498770E+06  6.59425401E-09  7.86032447E+04  1.34712540E+00  0.00000000E+00
  1.31566895E+06  6.21486551E+06  6.59501333E-09  7.86028841E+04  1.34694868E+00  0.00000000E+00
  1.31601600E+06  6.21474293E+06  6.59577311E-09  7.86025235E+04  1.34677191E+00  0.00000000E+00
  1.31636305E+06  6.21461993E+06  6.59653335E-09  7.86021629E+04  1.34659509E+00  0.00000000E+00
  1.31671010E+06  6.21449653E+06  6.59729405E-09  7.86018023E+04  1.34641822E+00  0.00000000E+00
  1.31705715E+06  6.21437273E+06  6.59805521E-09  7.86014417E+04  1.34624129E+00  0.00000000E+00
  1.31740420E+06  6.21424853E+06  6.59881682E-09  7.86010811E+04  1.34606431E+00  0.00000000E+00
  1.31775125E+06  6.21412392E+06  6.59957890E-09  7.86007206E+04  1.34588728E+00  0.00000000E+00
  1.31809830E+06  6.21399891E+06  6.60034143E-09  7.86003600E+04  1.34571020E+00  0.00000000E+00
  1.31844535E+06  6.21387350E+06  6.60110442E-09  7.85999994E+04  1.34553306E+00  0.00000000E+00
  1.31879240E+06  6.21374769E+06  6.60186786E-09  7.85996388E+04  1.34535588E+00  0.00000000E+00
  1.31913945E+06  6.21362148E+06  6.60263176E-09  7.85992782E+04  1.34517864E+00  0.00000000E+00
  1.31948650E+06  6.21349487E+06  6.60339612E-09  7.85989176E+04  1.34500135E+00  0.00000000E+00
  1.31983355E+06  6.21336786E+06  6.60416092E-09  7.85985570E+04  1.34482401E+00  0.00000000E+00
  1.32018061E+06  6.21324046E+06  6.60492618E-09  7.85981965E+04  1.34464661E+00  0.00000000E+00
  1.32052766E+06  6.21311266E+06  6.60569190E-09  7.85978359E+04  1.34446917E+00  0.00000000E+00
  1.32087471E+06  6.21298447E+06  6.60645807E-09  7.85974753E+04  1.34429168E+00  0.00000000E+00
  1.32122176E+06  6.21285588E+06  6.60722468E-09  7.85971147E+04  1.34411413E+00  0.00000000E+00
  1.32156881E+06  6.21272689E+06  6.60799175E-09  7.85967541E+04  1.34393654E+00  0.00000000E+00
  1.32191586E+06  6.21259751E+06  6.60875927E-09  7.85963935E+04  1.34375889E+00  0.00000000E+00
  1.32226291E+06  6.21246774E+06  6.60952724E-09  7.85960329E+04  1.34358120E+00  0.00000000E+00
  1.32260996E+06  6.21233758E+06  6.61029566E-09  7.85956724E+04  1.34340345E+00  0.00000000E+00
  1.32295701E+06  6.21220703E+06  6.61106452E-09  7.85953118E+04  1.34322566E+00  0.00000000E+00
  1.32330406E+06  6.21207609E+06  6.61183384E-09  7.85949512E+04  1.34304782E+00  0.00000000E+00
  1.32365111E+06  6.21194475E+06  6.61260360E-09  7.85945906E+04  1.34286993E+00  0.00000000E+00
  1.32399816E+06  6.21181303E+06  6.61337380E-09  7.85942300E+04  1.34269198E+00  0.00000000E+00
  1.32434521E+06  6.21168092E+06  6.61414446E-09  7.85938694E+04  1.34251399E+00  0.00000000E+00
  1.32469226E+06  6.21154843E+06  6.61491555E-09  7.85935088E+04  1.34233596E+00  0.00000000E+00
  1.32503931E+06  6.21141554E+06  6.61568710E-09  7.85931483E+04  1.34215787E+00  0.00000000E+00
  1.32538636E+06  6.21128227E+06  6.61645908E-09  7.85927877E+04  1.34197973E+00  0.00000000E+00
  1.32573342E+06  6.21114862E+06  6.61723151E-09  7.85924271E+04  1.34180155E+00  0.00000000E+00
  1.32608047E+06  6.21101458E+06  6.61800439E-09  7.85920665E+04  1.34162332E+00  0.00000000E+00
  1.32642752E+06  6.21088016E+06  6.61877770E-09  7.85917059E+04  1.34144504E+00  0.00000000E+00
  1.32677457E+06  6.21074535E+06  6.61955146E-09  7.85913453E+04  1.34126671E+00  0.00000000E+00
  1.32712162E+06  6.21061017E+06  6.62032566E-09  7.85909847E+04  1.34108834E+00  0.00000000E+00
  1.32746867E+06  6.21047460E+06  6.62110030E-09  7.85906242E+04  1.34090992E+00  0.00000000E+00
  1.32781572E+06  6.21033865E+06  6.62187537E-09  7.85902636E+04  1.34073145E+00  0.00000000E+00
  1.32816277E+06  6.21020232E+06  6.62265089E-09  7.85899030E+04  1.34055293E+00  0.00000000E+00
  1.32850982E+06  6.21006561E+06  6.62342685E-09  7.85895424E+04  1.34037437E+00  0.00000000E+00
  1.32885687E+06  6.20992852E+06  6.62420324E-09  7.85891818E+04  1.34019576E+00  0.00000000E+00
  1.32920392E+06  6.20979106E+06  6.62498007E-09  7.85888212E+04  1.34001711E+00  0.00000000E+00
  1.32955097E+06  6.20965321E+06  6.62575734E-09  7.85884607E+04  1.33983841E+00  0.00000000E+00
  1.32989802E+06  6.20951500E+06  6.62653504E-09  7.85881001E+04  1.33965966E+00  0.00000000E+00
  1.33024507E+06  6.20937640E+06  6.62731318E-09  7.85877395E+04  1.33948087E+00  0.00000000E+00
  1.33059212E+06  6.20923743E+06  6.62809176E-09  7.85873789E+04  1.33930203E+00  0.00000000E+00
  1.33093917E+06  6.20909809E+06  6.62887076E-09  7.85870183E+04  1.33912314E+00  0.00000000E+00
  1.33128623E+06  6.20895837E+06  6.62965021E-09  7.85866577E+04  1.33894421E+00  0.00000000E+00
  1.33163328E+06  6.20881828E+06  6.63043008E-09  7.85862971E+04  1.33876524E+00  0.00000000E+00
  1.33198033E+06  6.20867782E+06  6.63121039E-09  7.85859366E+04  1.33858622E+00  0.00000000E+00
  1.33232738E+06  6.20853699E+06  6.63199113E-09  7.85855760E+04  1.33840716E+00  0.00000000E+00
  1.33267443E+06  6.20839578E+06  6.63277230E-09  7.85852154E+04  1.33822805E+00  0.00000000E+00
  1.33302148E+06  6.20825421E+06  6.63355391E-09  7.85848548E+04  1.33804889E+00  0.00000000E+00
  1.33336853E+06  6.20811227E+06  6.63433594E-09  7.85844942E+04  1.33786970E+00  0.00000000E+00
  1.33371558E+06  6.20796996E+06  6.63511840E-09  7.85841336E+04  1.33769045E+00  0.00000000E+00
  1.33406263E+06  6.20782728E+06  6.63590129E-09  7.85837730E+04  1.33751117E+00  0.00000000E+00
  1.33440968E+06  6.20768423E+06  6.63668461E-09  7.85834125E+04  1.33733184E+00  0.00000000E+00
  1.33475673E+06  6.20754082E+06  6.63746836E-09  7.85830519E+04  1.33715246E+00  0.00000000E+00
  1.33510378E+06  6.20739704E+06  6.63825253E-09  7.85826913E+04  1.33697305E+00  0.00000000E+00
  1.33545083E+06  6.20725290E+06  6.63903714E-09  7.85823307E+04  1.33679359E+00  0.00000000E+00
  1.33579788E+06  6.20710839E+06  6.63982216E-09  7.85819701E+04  1.33661408E+00  0.00000000E+00
  1.33614493E+06  6.20696352E+06  6.64060762E-09  7.85816095E+04  1.33643454E+00  0.00000000E+00
  1.33649198E+06  6.20681828E+06  6.64139350E-09  7.85812489E+04  1.33625495E+00  0.00000000E+00
  1.33683904E+06  6.20667268E+06  6.64217980E-09  7.85808884E+04  1.33607532E+00  0.00000000E+00
  1.33718609E+06  6.20652673E+06  6.64296653E-09  7.85805278E+04  1.33589564E+00  0.00000000E+00
  1.33753314E+06  6.20638041E+06  6.64375368E-09  7.85801672E+04  1.33571593E+00  0.00000000E+00
  1.33788019E+06  6.20623373E+06  6.64454125E-09  7.85798066E+04  1.33553617E+00  0.00000000E+00
  1.33822724E+06  6.20608669E+06  6.64532925E-09  7.85794460E+04  1.33535637E+00  0.00000000E+00
  1.33857429E+06  6.20593929E+06  6.64611766E-09  7.85790854E+04  1.33517652E+00  0.00000000E+00
  1.33892134E+06  6.20579154E+06  6.64690650E-09  7.85787248E+04  1.33499664E+00  0.00000000E+00
  1.33926839E+06  6.20564342E+06  6.64769576E-09  7.85783643E+04  1.33481672E+00  0.00000000E+00
  1.33961544E+06  6.20549495E+06  6.64848544E-09  7.85780037E+04  1.33463675E+00  0.00000000E+00
  1.33996249E+06  6.20534613E+06  6.64927553E-09  7.85776431E+04  1.33445674E+00  0.00000000E+00
  1.34030954E+06  6.20519695E+06  6.65006605E-09  7.85772825E+04  1.33427669E+00  0.00000000E+00
  1.34065659E+06  6.20504741E+06  6.65085698E-09  7.85769219E+04  1.33409660E+00  0.00000000E+00
  1.34100364E+06  6.20489752E+06  6.65164834E-09  7.85765613E+04  1.33391647E+00  0.00000000E+00
  1.34135069E+06  6.20474728E+06  6.65244010E-09  7.85762008E+04  1.33373630E+00  0.00000000E+00
  1.34169774E+06  6.20459668E+06  6.65323229E-09  7.85758402E+04  1.33355609E+00  0.00000000E+00
  1.34204480E+06  6.20444573E+06  6.65402489E-09  7.85754796E+04  1.33337584E+00  0.00000000E+00
  1.34239185E+06  6.20429443E+06  6.65481791E-09  7.85751190E+04  1.33319554E+00  0.00000000E+00
  1.34273890E+06  6.20414278E+06  6.65561134E-09  7.85747584E+04  1.33301521E+00  0.00000000E+00
  1.34308595E+06  6.20399078E+06  6.65640519E-09  7.85743978E+04  1.33283484E+00  0.00000000E+00
  1.34343300E+06  6.20383843E+06  6.65719945E-09  7.85740372E+04  1.33265443E+00  0.00000000E+00
  1.34378005E+06  6.20368574E+06  6.65799412E-09  7.85736767E+04  1.33247398E+00  0.00000000E+00
  1.34412710E+06  6.20353269E+06  6.65878920E-09  7.85733161E+04  1.33229349E+00  0.00000000E+00
  1.34447415E+06  6.20337930E+06  6.65958470E-09  7.85729555E+04  1.33211296E+00  0.00000000E+00
  1.34482120E+06  6.20322556E+06  6.66038061E-09  7.85725949E+04  1.33193239E+00  0.00000000E+00
  1.34516825E+06  6.20307147E+06  6.66117693E-09  7.85722343E+04  1.33175179E+00  0.00000000E+00
  1.34551530E+06  6.20291704E+06  6.66197366E-09  7.85718737E+04  1.33157114E+00  0.00000000E+00
  1.34586235E+06  6.20276226E+06  6.66277080E-09  7.85715131E+04  1.33139046E+00  0.00000000E+00
  1.34620940E+06  6.20260714E+06  6.66356835E-09  7.85711526E+04  1.33120974E+00  0.00000000E+00
  1.34655645E+06  6.20245168E+06  6.66436631E-09  7.85707920E+04  1.33102898E+00  0.00000000E+00
  1.34690350E+06  6.20229588E+06  6.66516468E-09  7.85704314E+04  1.33084818E+00  0.00000000E+00
  1.34725055E+06  6.20213973E+06  6.66596345E-09  7.85700708E+04  1.33066734E+00  0.00000000E+00
  1.34759761E+06  6.20198324E+06  6.66676264E-09  7.85697102E+04  1.33048647E+00  0.00000000E+00
  1.34794466E+06  6.20182641E+06  6.66756222E-09  7.85693496E+04  1.33030556E+00  0.00000000E+00
  1.34829171E+06  6.20166924E+06  6.66836222E-09  7.85689890E+04  1.33012461E+00  0.00000000E+00
  1.34863876E+06  6.20151173E+06  6.66916262E-09  7.85686285E+04  1.32994362E+00  0.00000000E+00
  1.34898581E+06  6.20135388E+06  6.66996342E-09  7.85682679E+04  1.32976260E+00  0.00000000E+00
  1.34933286E+06  6.20119569E+06  6.67076463E-09  7.85679073E+04  1.32958154E+00  0.00000000E+00
  1.34967991E+06  6.20103717E+06  6.67156625E-09  7.85675467E+04  1.32940045E+00  0.00000000E+00
  1.35002696E+06  6.20087831E+06  6.67236826E-09  7.85671861E+04  1.32921931E+00  0.00000000E+00
  1.35037401E+06  6.20071911E+06  6.67317069E-09  7.85668255E+04  1.32903814E+00  0.00000000E+00
  1.35072106E+06  6.20055958E+06  6.67397351E-09  7.85664649E+04  1.32885694E+00  0.00000000E+00
  1.35106811E+06  6.20039971E+06  6.67477673E-09  7.85661044E+04  1.32867570E+00  0.00000000E+00
  1.35141516E+06  6.20023951E+06  6.67558036E-09  7.85657438E+04  1.32849442E+00  0.00000000E+00
  1.35176221E+06  6.20007897E+06  6.67638438E-09  7.85653832E+04  1.32831310E+00  0.00000000E+00
  1.35210926E+06  6.19991811E+06  6.67718881E-09  7.85650226E+04  1.32813175E+00  0.00000000E+00
  1.35245631E+06  6.19975691E+06  6.67799364E-09  7.85646620E+04  1.32795037E+00  0.00000000E+00
  1.35280336E+06  6.19959537E+06  6.67879886E-09  7.85643014E+04  1.32776895E+00  0.00000000E+00
  1.35315042E+06  6.19943351E+06  6.67960449E-09  7.85639408E+04  1.32758749E+00  0.00000000E+00
  1.35349747E+06  6.19927131E+06  6.68041051E-09  7.85635803E+04  1.32740600E+00  0.00000000E+00
  1.35384452E+06  6.19910879E+06  6.68121693E-09  7.85632197E+04  1.32722448E+00  0.00000000E+00
  1.35419157E+06  6.19894594E+06  6.68202375E-09  7.85628591E+04  1.32704291E+00  0.00000000E+00
  1.35453862E+06  6.19878276E+06  6.68283096E-09  7.85624985E+04  1.32686132E+00  0.00000000E+00
  1.35488567E+06  6.19861925E+06  6.68363857E-09  7.85621379E+04  1.32667969E+00  0.00000000E+00
  1.35523272E+06  6.19845541E+06  6.68444658E-09  7.85617773E+04  1.32649802E+00  0.00000000E+00
  1.35557977E+06  6.19829125E+06  6.68525498E-09  7.85614168E+04  1.32631633E+00  0.00000000E+00
  1.35592682E+06  6.19812676E+06  6.68606377E-09  7.85610562E+04  1.32613459E+00  0.00000000E+00
  1.35627387E+06  6.19796194E+06  6.68687296E-09  7.85606956E+04  1.32595283E+00  0.00000000E+00
  1.35662092E+06  6.19779680E+06  6.68768255E-09  7.85603350E+04  1.32577103E+00  0.00000000E+00
  1.35696797E+06  6.19763134E+06  6.68849252E-09  7.85599744E+04  1.32558919E+00  0.00000000E+00
  1.35731502E+06  6.19746555E+06  6.68930289E-09  7.85596138E+04  1.32540733E+00  0.00000000E+00
  1.35766207E+06  6.19729944E+06  6.69011365E-09  7.85592532E+04  1.32522542E+00  0.00000000E+00
  1.35800912E+06  6.19713301E+06  6.69092480E-09  7.85588927E+04  1.32504349E+00  0.00000000E+00
  1.35835617E+06  6.19696625E+06  6.69173635E-09  7.85585321E+04  1.32486152E+00  0.00000000E+00
  1.35870323E+06  6.19679917E+06  6.69254828E-09  7.85581715E+04  1.32467952E+00  0.00000000E+00
  1.35905028E+06  6.19663178E+06  6.69336060E-09  7.85578109E+04  1.32449749E+00  0.00000000E+00
  1.35939733E+06  6.19646406E+06  6.69417332E-09  7.85574503E+04  1.32431542E+00  0.00000000E+00
  1.35974438E+06  6.19629603E+06  6.69498642E-09  7.85570897E+04  1.32413333E+00  0.00000000E+00
  1.36009143E+06  6.19612767E+06  6.69579991E-09  7.85567291E+04  1.32395120E+00  0.00000000E+00
  1.36043848E+06  6.19595900E+06  6.69661379E-09  7.85563686E+04  1.32376903E+00  0.00000000E+00
  1.36078553E+06  6.19579001E+06  6.69742805E-09  7.85560080E+04  1.32358684E+00  0.00000000E+00
  1.36113258E+06  6.19562070E+06  6.69824271E-09  7.85556474E+04  1.32340461E+00  0.00000000E+00
  1.36147963E+06  6.19545108E+06  6.69905775E-09  7.85552868E+04  1.32322235E+00  0.00000000E+00
  1.36182668E+06  6.19528114E+06  6.69987317E-09  7.85549262E+04  1.32304006E+00  0.00000000E+00
  1.36217373E+06  6.19511089E+06  6.70068898E-09  7.85545656E+04  1.32285774E+00  0.00000000E+00
  1.36252078E+06  6.19494032E+06  6.70150518E-09  7.85542050E+04  1.32267539E+00  0.00000000E+00
  1.36286783E+06  6.19476944E+06  6.70232176E-09  7.85538445E+04  1.32249301E+00  0.00000000E+00
  1.36321488E+06  6.19459824E+06  6.70313872E-09  7.85534839E+04  1.32231059E+00  0.00000000E+00
  1.36356193E+06  6.19442674E+06  6.70395607E-09  7.85531233E+04  1.32212815E+00  0.00000000E+00
  1.36390898E+06  6.19425492E+06  6.70477380E-09  7.85527627E+04  1.32194567E+00  0.00000000E+00
  1.36425604E+06  6.19408278E+06  6.70559191E-09  7.85524021E+04  1.32176316E+00  0.00000000E+00
  1.36460309E+06  6.19391034E+06  6.70641041E-09  7.85520415E+04  1.32158062E+00  0.00000000E+00
  1.36495014E+06  6.19373759E+06  6.70722929E-09  7.85516809E+04  1.32139805E+00  0.00000000E+00
  1.36529719E+06  6.19356453E+06  6.70804854E-09  7.85513204E+04  1.32121546E+00  0.00000000E+00
  1.36564424E+06  6.19339116E+06  6.70886818E-09  7.85509598E+04  1.32103283E+00  0.00000000E+00
  1.36599129E+06  6.19321748E+06  6.70968820E-09  7.85505992E+04  1.32085017E+00  0.00000000E+00
  1.36633834E+06  6.19304349E+06  6.71050860E-09  7.85502386E+04  1.32066748E+00  0.00000000E+00
  1.36668539E+06  6.19286920E+06  6.71132938E-09  7.85498780E+04  1.32048476E+00  0.00000000E+00
  1.36703244E+06  6.19269459E+06  6.71215053E-09  7.85495174E+04  1.32030201E+00  0.00000000E+00
  1.36737949E+06  6.19251969E+06  6.71297207E-09  7.85491568E+04  1.32011924E+00  0.00000000E+00
  1.36772654E+06  6.19234447E+06  6.71379398E-09  7.85487963E+04  1.31993643E+00  0.00000000E+00
  1.36807359E+06  6.19216896E+06  6.71461627E-09  7.85484357E+04  1.31975360E+00  0.00000000E+00
  1.36842064E+06  6.19199313E+06  6.71543893E-09  7.85480751E+04  1.31957073E+00  0.00000000E+00
  1.36876769E+06  6.19181701E+06  6.71626198E-09  7.85477145E+04  1.31938784E+00  0.00000000E+00
  1.36911474E+06  6.19164058E+06  6.71708539E-09  7.85473539E+04  1.31920491E+00  0.00000000E+00
  1.36946179E+06  6.19146385E+06  6.71790919E-09  7.85469933E+04  1.31902196E+00  0.00000000E+00
  1.36980885E+06  6.19128681E+06  6.71873335E-09  7.85466328E+04  1.31883898E+00  0.00000000E+00
  1.37015590E+06  6.19110948E+06  6.71955790E-09  7.85462722E+04  1.31865598E+00  0.00000000E+00
  1.37050295E+06  6.19093184E+06  6.72038281E-09  7.85459116E+04  1.31847294E+00  0.00000000E+00
  1.37085000E+06  6.19075390E+06  6.72120810E-09  7.85455510E+04  1.31828988E+00  0.00000000E+00
  1.37119705E+06  6.19057567E+06  6.72203376E-09  7.85451904E+04  1.31810679E+00  0.00000000E+00
  1.37154410E+06  6.19039713E+06  6.72285980E-09  7.85448298E+04  1.31792367E+00  0.00000000E+00
  1.37189115E+06  6.19021830E+06  6.72368620E-09  7.85444692E+04  1.31774052E+00  0.00000000E+00
  1.37223820E+06  6.19003917E+06  6.72451298E-09  7.85441087E+04  1.31755734E+00  0.00000000E+00
  1.37258525E+06  6.18985974E+06  6.72534013E-09  7.85437481E+04  1.31737414E+00  0.00000000E+00
  1.37293230E+06  6.18968001E+06  6.72616765E-09  7.85433875E+04  1.31719091E+00  0.00000000E+00
  1.37327935E+06  6.18949999E+06  6.72699554E-09  7.85430269E+04  1.31700765E+00  0.00000000E+00
  1.37362640E+06  6.18931967E+06  6.72782380E-09  7.85426663E+04  1.31682437E+00  0.00000000E+00
  1.37397345E+06  6.18913905E+06  6.72865243E-09  7.85423057E+04  1.31664106E+00  0.00000000E+00
  1.37432050E+06  6.18895814E+06  6.72948143E-09  7.85419451E+04  1.31645772E+00  0.00000000E+00
  1.37466755E+06  6.18877694E+06  6.73031079E-09  7.85415846E+04  1.31627436E+00  0.00000000E+00
  1.37501461E+06  6.18859545E+06  6.73114053E-09  7.85412240E+04  1.31609097E+00  0.00000000E+00
  1.37536166E+06  6.18841366E+06  6.73197063E-09  7.85408634E+04  1.31590755E+00  0.00000000E+00
  1.37570871E+06  6.18823158E+06  6.73280110E-09  7.85405028E+04  1.31572411E+00  0.00000000E+00
  1.37605576E+06  6.18804920E+06  6.73363193E-09  7.85401422E+04  1.31554064E+00  0.00000000E+00
  1.37640281E+06  6.18786654E+06  6.73446313E-09  7.85397816E+04  1.31535714E+00  0.00000000E+00
  1.37674986E+06  6.18768358E+06  6.73529470E-09  7.85394210E+04  1.31517362E+00  0.00000000E+00
  1.37709691E+06  6.18750034E+06  6.73612663E-09  7.85390605E+04  1.31499008E+00  0.00000000E+00
  1.37744396E+06  6.18731680E+06  6.73695892E-09  7.85386999E+04  1.31480650E+00  0.00000000E+00
  1.37779101E+06  6.18713298E+06  6.73779158E-09  7.85383393E+04  1.31462291E+00  0.00000000E+00
  1.37813806E+06  6.18694887E+06  6.73862461E-09  7.85379787E+04  1.31443928E+00  0.00000000E+00
  1.37848511E+06  6.18676446E+06  6.73945799E-09  7.85376181E+04  1.31425563E+00  0.00000000E+00
  1.37883216E+06  6.18657978E+06  6.74029174E-09  7.85372575E+04  1.31407196E+00  0.00000000E+00
  1.37917921E+06  6.18639480E+06  6.74112586E-09  7.85368969E+04  1.31388826E+00  0.00000000E+00
  1.37952626E+06  6.18620954E+06  6.74196033E-09  7.85365364E+04  1.31370454E+00  0.00000000E+00
  1.37987331E+06  6.18602399E+06  6.74279516E-09  7.85361758E+04  1.31352079E+00  0.00000000E+00
  1.38022036E+06  6.18583816E+06  6.74363036E-09  7.85358152E+04  1.31333702E+00  0.00000000E+00
  1.38056742E+06  6.18565205E+06  6.74446592E-09  7.85354546E+04  1.31315322E+00  0.00000000E+00
  1.38091447E+06  6.18546564E+06  6.74530183E-09  7.85350940E+04  1.31296940E+00  0.00000000E+00
  1.38126152E+06  6.18527896E+06  6.74613811E-09  7.85347334E+04  1.31278556E+00  0.00000000E+00
  1.38160857E+06  6.18509199E+06  6.74697475E-09  7.85343728E+04  1.31260169E+00  0.00000000E+00
  1.38195562E+06  6.18490474E+06  6.74781174E-09  7.85340123E+04  1.31241779E+00  0.00000000E+00
  1.38230267E+06  6.18471721E+06  6.74864909E-09  7.85336517E+04  1.31223387E+00  0.00000000E+00
  1.38264972E+06  6.18452940E+06  6.74948680E-09  7.85332911E+04  1.31204993E+00  0.00000000E+00
  1.38299677E+06  6.18434130E+06  6.75032487E-09  7.85329305E+04  1.31186597E+00  0.00000000E+00
  1.38334382E+06  6.18415293E+06  6.75116330E-09  7.85325699E+04  1.31168198E+00  0.00000000E+00
  1.38369087E+06  6.18396427E+06  6.75200208E-09  7.85322093E+04  1.31149797E+00  0.00000000E+00
  1.38403792E+06  6.18377534E+06  6.75284122E-09  7.85318488E+04  1.31131394E+00  0.00000000E+00
  1.38438497E+06  6.18358613E+06  6.75368071E-09  7.85314882E+04  1.31112988E+00  0.00000000E+00
  1.38473202E+06  6.18339664E+06  6.75452056E-09  7.85311276E+04  1.31094580E+00  0.00000000E+00
  1.38507907E+06  6.18320687E+06  6.75536076E-09  7.85307670E+04  1.31076169E+00  0.00000000E+00
  1.38542612E+06  6.18301682E+06  6.75620132E-09  7.85304064E+04  1.31057757E+00  0.00000000E+00
  1.38577317E+06  6.18282650E+06  6.75704223E-09  7.85300458E+04  1.31039342E+00  0.00000000E+00
  1.38612023E+06  6.18263590E+06  6.75788350E-09  7.85296852E+04  1.31020925E+00  0.00000000E+00
  1.38646728E+06  6.18244503E+06  6.75872512E-09  7.85293247E+04  1.31002505E+00  0.00000000E+00
  1.38681433E+06  6.18225388E+06  6.75956709E-09  7.85289641E+04  1.30984084E+00  0.00000000E+00
  1.38716138E+06  6.18206246E+06  6.76040941E-09  7.85286035E+04  1.30965660E+00  0.00000000E+00
  1.38750843E+06  6.18187076E+06  6.76125209E-09  7.85282429E+04  1.30947234E+00  0.00000000E+00
  1.38785548E+06  6.18167879E+06  6.76209512E-09  7.85278823E+04  1.30928806E+00  0.00000000E+00
  1.38820253E+06  6.18148655E+06  6.76293850E-09  7.85275217E+04  1.30910375E+00  0.00000000E+00
  1.38854958E+06  6.18129403E+06  6.76378222E-09  7.85271611E+04  1.30891943E+00  0.00000000E+00
  1.38889663E+06  6.18110124E+06  6.76462630E-09  7.85268006E+04  1.30873508E+00  0.00000000E+00
  1.38924368E+06  6.18090819E+06  6.76547073E-09  7.85264400E+04  1.30855071E+00  0.00000000E+00
  1.38959073E+06  6.18071486E+06  6.76631551E-09  7.85260794E+04  1.30836632E+00  0.00000000E+00
  1.38993778E+06  6.18052125E+06  6.76716063E-09  7.85257188E+04  1.30818191E+00  0.00000000E+00
  1.39028483E+06  6.18032738E+06  6.76800611E-09  7.85253582E+04  1.30799748E+00  0.00000000E+00
  1.39063188E+06  6.18013325E+06  6.76885193E-09  7.85249976E+04  1.30781303E+00  0.00000000E+00
  1.39097893E+06  6.17993884E+06  6.76969810E-09  7.85246370E+04  1.30762855E+00  0.00000000E+00
  1.39132598E+06  6.17974416E+06  6.77054462E-09  7.85242765E+04  1.30744406E+00  0.00000000E+00
  1.39167304E+06  6.17954922E+06  6.77139148E-09  7.85239159E+04  1.30725955E+00  0.00000000E+00
  1.39202009E+06  6.17935400E+06  6.77223870E-09  7.85235553E+04  1.30707501E+00  0.00000000E+00
  1.39236714E+06  6.17915853E+06  6.77308625E-09  7.85231947E+04  1.30689046E+00  0.00000000E+00
  1.39271419E+06  6.17896278E+06  6.77393415E-09  7.85228341E+04  1.30670588E+00  0.00000000E+00
  1.39306124E+06  6.17876677E+06  6.77478240E-09  7.85224735E+04  1.30652128E+00  0.00000000E+00
  1.39340829E+06  6.17857050E+06  6.77563099E-09  7.85221129E+04  1.30633667E+00  0.00000000E+00
  1.39375534E+06  6.17837396E+06  6.77647993E-09  7.85217524E+04  1.30615203E+00  0.00000000E+00
  1.39410239E+06  6.17817715E+06  6.77732921E-09  7.85213918E+04  1.30596738E+00  0.00000000E+00
  1.39444944E+06  6.17798008E+06  6.77817883E-09  7.85210312E+04  1.30578270E+00  0.00000000E+00
  1.39479649E+06  6.17778275E+06  6.77902880E-09  7.85206706E+04  1.30559801E+00  0.00000000E+00
  1.39514354E+06  6.17758516E+06  6.77987911E-09  7.85203100E+04  1.30541329E+00  0.00000000E+00
  1.39549059E+06  6.17738730E+06  6.78072976E-09  7.85199494E+04  1.30522856E+00  0.00000000E+00
  1.39583764E+06  6.17718918E+06  6.78158075E-09  7.85195888E+04  1.30504381E+00  0.00000000E+00
  1.39618469E+06  6.17699081E+06  6.78243209E-09  7.85192283E+04  1.30485903E+00  0.00000000E+00
  1.39653174E+06  6.17679217E+06  6.78328376E-09  7.85188677E+04  1.30467424E+00  0.00000000E+00
  1.39687879E+06  6.17659327E+06  6.78413578E-09  7.85185071E+04  1.30448943E+00  0.00000000E+00
  1.39722585E+06  6.17639411E+06  6.78498813E-09  7.85181465E+04  1.30430461E+00  0.00000000E+00
  1.39757290E+06  6.17619469E+06  6.78584083E-09  7.85177859E+04  1.30411976E+00  0.00000000E+00
  1.39791995E+06  6.17599501E+06  6.78669386E-09  7.85174253E+04  1.30393489E+00  0.00000000E+00
  1.39826700E+06  6.17579507E+06  6.78754724E-09  7.85170648E+04  1.30375001E+00  0.00000000E+00
  1.39861405E+06  6.17559488E+06  6.78840095E-09  7.85167042E+04  1.30356511E+00  0.00000000E+00
  1.39896110E+06  6.17539443E+06  6.78925500E-09  7.85163436E+04  1.30338019E+00  0.00000000E+00
  1.39930815E+06  6.17519372E+06  6.79010939E-09  7.85159830E+04  1.30319525E+00  0.00000000E+00
  1.39965520E+06  6.17499276E+06  6.79096411E-09  7.85156224E+04  1.30301029E+00  0.00000000E+00
  1.40000225E+06  6.17479154E+06  6.79181918E-09  7.85152618E+04  1.30282532E+00  0.00000000E+00
  1.40034930E+06  6.17459007E+06  6.79267458E-09  7.85149012E+04  1.30264033E+00  0.00000000E+00
  1.40069635E+06  6.17438834E+06  6.79353031E-09  7.85145407E+04  1.30245532E+00  0.00000000E+00
  1.40104340E+06  6.17418635E+06  6.79438638E-09  7.85141801E+04  1.30227029E+00  0.00000000E+00
  1.40139045E+06  6.17398412E+06  6.79524279E-09  7.85138195E+04  1.30208525E+00  0.00000000E+00
  1.40173750E+06  6.17378163E+06  6.79609953E-09  7.85134589E+04  1.30190018E+00  0.00000000E+00
  1.40208455E+06  6.17357888E+06  6.79695661E-09  7.85130983E+04  1.30171510E+00  0.00000000E+00
  1.40243161E+06  6.17337589E+06  6.79781402E-09  7.85127377E+04  1.30153001E+00  0.00000000E+00
  1.40277866E+06  6.17317264E+06  6.79867176E-09  7.85123771E+04  1.30134490E+00  0.00000000E+00
  1.40312571E+06  6.17296914E+06  6.79952984E-09  7.85120166E+04  1.30115977E+00  0.00000000E+00
  1.40347276E+06  6.17276539E+06  6.80038825E-09  7.85116560E+04  1.30097462E+00  0.00000000E+00
  1.40381981E+06  6.17256139E+06  6.80124699E-09  7.85112954E+04  1.30078946E+00  0.00000000E+00
  1.40416686E+06  6.17235714E+06  6.80210607E-09  7.85109348E+04  1.30060428E+00  0.00000000E+00
  1.40451391E+06  6.17215264E+06  6.80296547E-09  7.85105742E+04  1.30041908E+00  0.00000000E+00
  1.40486096E+06  6.17194789E+06  6.80382521E-09  7.85102136E+04  1.30023387E+00  0.00000000E+00
  1.40520801E+06  6.17174289E+06  6.80468528E-09  7.85098530E+04  1.30004864E+00  0.00000000E+00
  1.40555506E+06  6.17153765E+06  6.80554568E-09  7.85094925E+04  1.29986339E+00  0.00000000E+00
  1.40590211E+06  6.17133215E+06  6.80640641E-09  7.85091319E+04  1.29967813E+00  0.00000000E+00
  1.40624916E+06  6.17112641E+06  6.80726747E-09  7.85087713E+04  1.29949286E+00  0.00000000E+00
  1.40659621E+06  6.17092043E+06  6.80812886E-09  7.85084107E+04  1.29930756E+00  0.00000000E+00
  1.40694326E+06  6.17071419E+06  6.80899058E-09  7.85080501E+04  1.29912226E+00  0.00000000E+00
  1.40729031E+06  6.17050772E+06  6.80985263E-09  7.85076895E+04  1.29893693E+00  0.00000000E+00
  1.40763736E+06  6.17030099E+06  6.81071500E-09  7.85073289E+04  1.29875159E+00  0.00000000E+00
  1.40798442E+06  6.17009402E+06  6.81157771E-09  7.85069684E+04  1.29856624E+00  0.00000000E+00
  1.40833147E+06  6.16988681E+06  6.81244074E-09  7.85066078E+04  1.29838087E+00  0.00000000E+00
  1.40867852E+06  6.16967935E+06  6.81330410E-09  7.85062472E+04  1.29819548E+00  0.00000000E+00
  1.40902557E+06  6.16947165E+06  6.81416778E-09  7.85058866E+04  1.29801008E+00  0.00000000E+00
  1.40937262E+06  6.16926371E+06  6.81503179E-09  7.85055260E+04  1.29782467E+00  0.00000000E+00
  1.40971967E+06  6.16905553E+06  6.81589613E-09  7.85051654E+04  1.29763924E+00  0.00000000E+00
  1.41006672E+06  6.16884710E+06  6.81676080E-09  7.85048048E+04  1.29745379E+00  0.00000000E+00
  1.41041377E+06  6.16863843E+06  6.81762578E-09  7.85044443E+04  1.29726833E+00  0.00000000E+00
  1.41076082E+06  6.16842952E+06  6.81849110E-09  7.85040837E+04  1.29708286E+00  0.00000000E+00
  1.41110787E+06  6.16822037E+06  6.81935674E-09  7.85037231E+04  1.29689737E+00  0.00000000E+00
  1.41145492E+06  6.16801098E+06  6.82022270E-09  7.85033625E+04  1.29671187E+00  0.00000000E+00
  1.41180197E+06  6.16780135E+06  6.82108899E-09  7.85030019E+04  1.29652635E+00  0.00000000E+00
  1.41214902E+06  6.16759148E+06  6.82195560E-09  7.85026413E+04  1.29634082E+00  0.00000000E+00
  1.41249607E+06  6.16738137E+06  6.82282253E-09  7.85022808E+04  1.29615528E+00  0.00000000E+00
  1.41284312E+06  6.16717103E+06  6.82368979E-09  7.85019202E+04  1.29596972E+00  0.00000000E+00
  1.41319017E+06  6.16696044E+06  6.82455736E-09  7.85015596E+04  1.29578415E+00  0.00000000E+00
  1.41353723E+06  6.16674962E+06  6.82542526E-09  7.85011990E+04  1.29559856E+00  0.00000000E+00
  1.41388428E+06  6.16653857E+06  6.82629349E-09  7.85008384E+04  1.29541296E+00  0.00000000E+00
  1.41423133E+06  6.16632727E+06  6.82716203E-09  7.85004778E+04  1.29522735E+00  0.00000000E+00
  1.41457838E+06  6.16611574E+06  6.82803089E-09  7.85001172E+04  1.29504172E+00  0.00000000E+00
  1.41492543E+06  6.16590397E+06  6.82890008E-09  7.84997567E+04  1.29485608E+00  0.00000000E+00
  1.41527248E+06  6.16569197E+06  6.82976958E-09  7.84993961E+04  1.29467043E+00  0.00000000E+00
  1.41561953E+06  6.16547974E+06  6.83063940E-09  7.84990355E+04  1.29448476E+00  0.00000000E+00
  1.41596658E+06  6.16526727E+06  6.83150955E-09  7.84986749E+04  1.29429908E+00  0.00000000E+00
  1.41631363E+06  6.16505456E+06  6.83238001E-09  7.84983143E+04  1.29411339E+00  0.00000000E+00
  1.41666068E+06  6.16484163E+06  6.83325079E-09  7.84979537E+04  1.29392768E+00  0.00000000E+00
  1.41700773E+06  6.16462846E+06  6.83412189E-09  7.84975931E+04  1.29374197E+00  0.00000000E+00
  1.41735478E+06  6.16441505E+06  6.83499331E-09  7.84972326E+04  1.29355624E+00  0.00000000E+00
  1.41770183E+06  6.16420142E+06  6.83586504E-09  7.84968720E+04  1.29337049E+00  0.00000000E+00
  1.41804888E+06  6.16398755E+06  6.83673710E-09  7.84965114E+04  1.29318474E+00  0.00000000E+00
  1.41839593E+06  6.16377345E+06  6.83760947E-09  7.84961508E+04  1.29299897E+00  0.00000000E+00
  1.41874298E+06  6.16355913E+06  6.83848215E-09  7.84957902E+04  1.29281319E+00  0.00000000E+00
  1.41909004E+06  6.16334457E+06  6.83935515E-09  7.84954296E+04  1.29262740E+00  0.00000000E+00
  1.41943709E+06  6.16312978E+06  6.84022847E-09  7.84950690E+04  1.29244159E+00  0.00000000E+00
  1.41978414E+06  6.16291476E+06  6.84110210E-09  7.84947085E+04  1.29225578E+00  0.00000000E+00
  1.42013119E+06  6.16269952E+06  6.84197605E-09  7.84943479E+04  1.29206995E+00  0.00000000E+00
  1.42047824E+06  6.16248404E+06  6.84285032E-09  7.84939873E+04  1.29188411E+00  0.00000000E+00
  1.42082529E+06  6.16226834E+06  6.84372489E-09  7.84936267E+04  1.29169826E+00  0.00000000E+00
  1.42117234E+06  6.16205241E+06  6.84459978E-09  7.84932661E+04  1.29151240E+00  0.00000000E+00
  1.42151939E+06  6.16183625E+06  6.84547499E-09  7.84929055E+04  1.29132652E+00  0.00000000E+00
  1.42186644E+06  6.16161987E+06  6.84635051E-09  7.84925449E+04  1.29114064E+00  0.00000000E+00
  1.42221349E+06  6.16140326E+06  6.84722634E-09  7.84921844E+04  1.29095474E+00  0.00000000E+00
  1.42256054E+06  6.16118642E+06  6.84810248E-09  7.84918238E+04  1.29076883E+00  0.00000000E+00
  1.42290759E+06  6.16096936E+06  6.84897894E-09  7.84914632E+04  1.29058291E+00  0.00000000E+00
  1.42325464E+06  6.16075208E+06  6.84985571E-09  7.84911026E+04  1.29039699E+00  0.00000000E+00
  1.42360169E+06  6.16053457E+06  6.85073279E-09  7.84907420E+04  1.29021104E+00  0.00000000E+00
  1.42394874E+06  6.16031683E+06  6.85161018E-09  7.84903814E+04  1.29002509E+00  0.00000000E+00
  1.42429579E+06  6.16009887E+06  6.85248788E-09  7.84900208E+04  1.28983913E+00  0.00000000E+00
  1.42464285E+06  6.15988069E+06  6.85336589E-09  7.84896603E+04  1.28965316E+00  0.00000000E+00
  1.42498990E+06  6.15966228E+06  6.85424421E-09  7.84892997E+04  1.28946718E+00  0.00000000E+00
  1.42533695E+06  6.15944366E+06  6.85512285E-09  7.84889391E+04  1.28928118E+00  0.00000000E+00
  1.42568400E+06  6.15922481E+06  6.85600179E-09  7.84885785E+04  1.28909518E+00  0.00000000E+00
  1.42603105E+06  6.15900574E+06  6.85688104E-09  7.84882179E+04  1.28890916E+00  0.00000000E+00
  1.42637810E+06  6.15878645E+06  6.85776060E-09  7.84878573E+04  1.28872314E+00  0.00000000E+00
  1.42672515E+06  6.15856693E+06  6.85864047E-09  7.84874968E+04  1.28853711E+00  0.00000000E+00
  1.42707220E+06  6.15834720E+06  6.85952064E-09  7.84871362E+04  1.28835106E+00  0.00000000E+00
  1.42741925E+06  6.15812725E+06  6.86040113E-09  7.84867756E+04  1.28816501E+00  0.00000000E+00
  1.42776630E+06  6.15790707E+06  6.86128192E-09  7.84864150E+04  1.28797895E+00  0.00000000E+00
  1.42811335E+06  6.15768668E+06  6.86216302E-09  7.84860544E+04  1.28779287E+00  0.00000000E+00
  1.42846040E+06  6.15746607E+06  6.86304442E-09  7.84856938E+04  1.28760679E+00  0.00000000E+00
  1.42880745E+06  6.15724524E+06  6.86392613E-09  7.84853332E+04  1.28742070E+00  0.00000000E+00
  1.42915450E+06  6.15702420E+06  6.86480815E-09  7.84849727E+04  1.28723460E+00  0.00000000E+00
  1.42950155E+06  6.15680293E+06  6.86569048E-09  7.84846121E+04  1.28704849E+00  0.00000000E+00
  1.42984860E+06  6.15658145E+06  6.86657310E-09  7.84842515E+04  1.28686237E+00  0.00000000E+00
  1.43019566E+06  6.15635976E+06  6.86745604E-09  7.84838909E+04  1.28667624E+00  0.00000000E+00
  1.43054271E+06  6.15613784E+06  6.86833928E-09  7.84835303E+04  1.28649010E+00  0.00000000E+00
  1.43088976E+06  6.15591572E+06  6.86922282E-09  7.84831697E+04  1.28630395E+00  0.00000000E+00
  1.43123681E+06  6.15569337E+06  6.87010667E-09  7.84828091E+04  1.28611780E+00  0.00000000E+00
  1.43158386E+06  6.15547081E+06  6.87099082E-09  7.84824486E+04  1.28593163E+00  0.00000000E+00
  1.43193091E+06  6.15524804E+06  6.87187527E-09  7.84820880E+04  1.28574546E+00  0.00000000E+00
  1.43227796E+06  6.15502505E+06  6.87276003E-09  7.84817274E+04  1.28555928E+00  0.00000000E+00
  1.43262501E+06  6.15480185E+06  6.87364509E-09  7.84813668E+04  1.28537309E+00  0.00000000E+00
  1.43297206E+06  6.15457844E+06  6.87453045E-09  7.84810062E+04  1.28518689E+00  0.00000000E+00
  1.43331911E+06  6.15435481E+06  6.87541612E-09  7.84806456E+04  1.28500068E+00  0.00000000E+00
  1.43366616E+06  6.15413097E+06  6.87630208E-09  7.84802850E+04  1.28481447E+00  0.00000000E+00
  1.43401321E+06  6.15390692E+06  6.87718835E-09  7.84799245E+04  1.28462825E+00  0.00000000E+00
  1.43436026E+06  6.15368265E+06  6.87807492E-09  7.84795639E+04  1.28444201E+00  0.00000000E+00
  1.43470731E+06  6.15345818E+06  6.87896179E-09  7.84792033E+04  1.28425578E+00  0.00000000E+00
  1.43505436E+06  6.15323349E+06  6.87984896E-09  7.84788427E+04  1.28406953E+00  0.00000000E+00
  1.43540142E+06  6.15300860E+06  6.88073643E-09  7.84784821E+04  1.28388327E+00  0.00000000E+00
  1.43574847E+06  6.15278349E+06  6.88162420E-09  7.84781215E+04  1.28369701E+00  0.00000000E+00
  1.43609552E+06  6.15255818E+06  6.88251227E-09  7.84777609E+04  1.28351074E+00  0.00000000E+00
  1.43644257E+06  6.15233265E+06  6.88340063E-09  7.84774004E+04  1.28332447E+00  0.00000000E+00
  1.43678962E+06  6.15210692E+06  6.88428930E-09  7.84770398E+04  1.28313818E+00  0.00000000E+00
  1.43713667E+06  6.15188098E+06  6.88517827E-09  7.84766792E+04  1.28295189E+00  0.00000000E+00
  1.43748372E+06  6.15165483E+06  6.88606753E-09  7.84763186E+04  1.28276559E+00  0.00000000E+00
  1.43783077E+06  6.15142847E+06  6.88695709E-09  7.84759580E+04  1.28257929E+00  0.00000000E+00
  1.43817782E+06  6.15120191E+06  6.88784695E-09  7.84755974E+04  1.28239297E+00  0.00000000E+00
  1.43852487E+06  6.15097513E+06  6.88873711E-09  7.84752368E+04  1.28220665E+00  0.00000000E+00
  1.43887192E+06  6.15074816E+06  6.88962756E-09  7.84748763E+04  1.28202033E+00  0.00000000E+00
  1.43921897E+06  6.15052097E+06  6.89051831E-09  7.84745157E+04  1.28183399E+00  0.00000000E+00
  1.43956602E+06  6.15029358E+06  6.89140936E-09  7.84741551E+04  1.28164765E+00  0.00000000E+00
  1.43991307E+06  6.15006599E+06  6.89230070E-09  7.84737945E+04  1.28146130E+00  0.00000000E+00
  1.44026012E+06  6.14983819E+06  6.89319233E-09  7.84734339E+04  1.28127495E+00  0.00000000E+00
  1.44060717E+06  6.14961018E+06  6.89408427E-09  7.84730733E+04  1.28108859E+00  0.00000000E+00
  1.44095423E+06  6.14938198E+06  6.89497649E-09  7.84727128E+04  1.28090222E+00  0.00000000E+00
  1.44130128E+06  6.14915356E+06  6.89586902E-09  7.84723522E+04  1.28071585E+00  0.00000000E+00
  1.44164833E+06  6.14892495E+06  6.89676183E-09  7.84719916E+04  1.28052947E+00  0.00000000E+00
  1.44199538E+06  6.14869613E+06  6.89765494E-09  7.84716310E+04  1.28034309E+00  0.00000000E+00
  1.44234243E+06  6.14846711E+06  6.89854835E-09  7.84712704E+04  1.28015670E+00  0.00000000E+00
  1.44268948E+06  6.14823789E+06  6.89944205E-09  7.84709098E+04  1.27997030E+00  0.00000000E+00
  1.44303653E+06  6.14800846E+06  6.90033604E-09  7.84705492E+04  1.27978390E+00  0.00000000E+00
  1.44338358E+06  6.14777884E+06  6.90123032E-09  7.84701887E+04  1.27959749E+00  0.00000000E+00
  1.44373063E+06  6.14754901E+06  6.90212490E-09  7.84698281E+04  1.27941108E+00  0.00000000E+00
  1.44407768E+06  6.14731898E+06  6.90301976E-09  7.84694675E+04  1.27922466E+00  0.00000000E+00
  1.44442473E+06  6.14708875E+06  6.90391492E-09  7.84691069E+04  1.27903823E+00  0.00000000E+00
  1.44477178E+06  6.14685833E+06  6.90481038E-09  7.84687463E+04  1.27885180E+00  0.00000000E+00
  1.44511883E+06  6.14662770E+06  6.90570612E-09  7.84683857E+04  1.27866536E+00  0.00000000E+00
  1.44546588E+06  6.14639687E+06  6.90660215E-09  7.84680251E+04  1.27847892E+00  0.00000000E+00
  1.44581293E+06  6.14616585E+06  6.90749848E-09  7.84676646E+04  1.27829248E+00  0.00000000E+00
  1.44615998E+06  6.14593463E+06  6.90839509E-09  7.84673040E+04  1.27810603E+00  0.00000000E+00
  1.44650704E+06  6.14570320E+06  6.90929199E-09  7.84669434E+04  1.27791957E+00  0.00000000E+00
  1.44685409E+06  6.14547159E+06  6.91018919E-09  7.84665828E+04  1.27773311E+00  0.00000000E+00
  1.44720114E+06  6.14523977E+06  6.91108667E-09  7.84662222E+04  1.27754664E+00  0.00000000E+00
  1.44754819E+06  6.14500776E+06  6.91198444E-09  7.84658616E+04  1.27736017E+00  0.00000000E+00
  1.44789524E+06  6.14477555E+06  6.91288251E-09  7.84655010E+04  1.27717369E+00  0.00000000E+00
  1.44824229E+06  6.14454314E+06  6.91378086E-09  7.84651405E+04  1.27698721E+00  0.00000000E+00
  1.44858934E+06  6.14431054E+06  6.91467949E-09  7.84647799E+04  1.27680073E+00  0.00000000E+00
  1.44893639E+06  6.14407775E+06  6.91557842E-09  7.84644193E+04  1.27661424E+00  0.00000000E+00
  1.44928344E+06  6.14384476E+06  6.91647763E-09  7.84640587E+04  1.27642775E+00  0.00000000E+00
  1.44963049E+06  6.14361157E+06  6.91737713E-09  7.84636981E+04  1.27624125E+00  0.00000000E+00
  1.44997754E+06  6.14337819E+06  6.91827692E-09  7.84633375E+04  1.27605475E+00  0.00000000E+00
  1.45032459E+06  6.14314462E+06  6.91917699E-09  7.84629769E+04  1.27586824E+00  0.00000000E+00
  1.45067164E+06  6.14291085E+06  6.92007735E-09  7.84626164E+04  1.27568173E+00  0.00000000E+00
  1.45101869E+06  6.14267689E+06  6.92097800E-09  7.84622558E+04  1.27549522E+00  0.00000000E+00
  1.45136574E+06  6.14244274E+06  6.92187893E-09  7.84618952E+04  1.27530870E+00  0.00000000E+00
  1.45171279E+06  6.14220839E+06  6.92278015E-09  7.84615346E+04  1.27512218E+00  0.00000000E+00
  1.45205985E+06  6.14197386E+06  6.92368165E-09  7.84611740E+04  1.27493565E+00  0.00000000E+00
  1.45240690E+06  6.14173913E+06  6.92458344E-09  7.84608134E+04  1.27474912E+00  0.00000000E+00
  1.45275395E+06  6.14150421E+06  6.92548551E-09  7.84604528E+04  1.27456259E+00  0.00000000E+00
  1.45310100E+06  6.14126910E+06  6.92638787E-09  7.84600923E+04  1.27437605E+00  0.00000000E+00
  1.45344805E+06  6.14103380E+06  6.92729051E-09  7.84597317E+04  1.27418951E+00  0.00000000E+00
  1.45379510E+06  6.14079831E+06  6.92819344E-09  7.84593711E+04  1.27400297E+00  0.00000000E+00
  1.45414215E+06  6.14056263E+06  6.92909664E-09  7.84590105E+04  1.27381642E+00  0.00000000E+00
  1.45448920E+06  6.14032676E+06  6.93000013E-09  7.84586499E+04  1.27362987E+00  0.00000000E+00
  1.45483625E+06  6.14009070E+06  6.93090391E-09  7.84582893E+04  1.27344332E+00  0.00000000E+00
  1.45518330E+06  6.13985445E+06  6.93180796E-09  7.84579288E+04  1.27325676E+00  0.00000000E+00
  1.45553035E+06  6.13961801E+06  6.93271230E-09  7.84575682E+04  1.27307021E+00  0.00000000E+00
  1.45587740E+06  6.13938139E+06  6.93361692E-09  7.84572076E+04  1.27288364E+00  0.00000000E+00
  1.45622445E+06  6.13914458E+06  6.93452182E-09  7.84568470E+04  1.27269708E+00  0.00000000E+00
  1.45657150E+06  6.13890758E+06  6.93542701E-09  7.84564864E+04  1.27251051E+00  0.00000000E+00
  1.45691855E+06  6.13867039E+06  6.93633247E-09  7.84561258E+04  1.27232394E+00  0.00000000E+00
  1.45726560E+06  6.13843302E+06  6.93723822E-09  7.84557652E+04  1.27213737E+00  0.00000000E+00
  1.45761266E+06  6.13819546E+06  6.93814424E-09  7.84554047E+04  1.27195080E+00  0.00000000E+00
  1.45795971E+06  6.13795772E+06  6.93905055E-09  7.84550441E+04  1.27176422E+00  0.00000000E+00
  1.45830676E+06  6.13771979E+06  6.93995713E-09  7.84546835E+04  1.27157764E+00  0.00000000E+00
  1.45865381E+06  6.13748167E+06  6.94086400E-09  7.84543229E+04  1.27139106E+00  0.00000000E+00
  1.45900086E+06  6.13724337E+06  6.94177114E-09  7.84539623E+04  1.27120447E+00  0.00000000E+00
  1.45934791E+06  6.13700489E+06  6.94267857E-09  7.84536017E+04  1.27101789E+00  0.00000000E+00
  1.45969496E+06  6.13676622E+06  6.94358627E-09  7.84532411E+04  1.27083130E+00  0.00000000E+00
  1.46004201E+06  6.13652737E+06  6.94449425E-09  7.84528806E+04  1.27064471E+00  0.00000000E+00
  1.46038906E+06  6.13628833E+06  6.94540251E-09  7.84525200E+04  1.27045812E+00  0.00000000E+00
  1.46073611E+06  6.13604911E+06  6.94631105E-09  7.84521594E+04  1.27027153E+00  0.00000000E+00
  1.46108316E+06  6.13580971E+06  6.94721986E-09  7.84517988E+04  1.27008493E+00  0.00000000E+00
  1.46143021E+06  6.13557013E+06  6.94812895E-09  7.84514382E+04  1.26989833E+00  0.00000000E+00
  1.46177726E+06  6.13533036E+06  6.94903832E-09  7.84510776E+04  1.26971174E+00  0.00000000E+00
  1.46212431E+06  6.13509042E+06  6.94994797E-09  7.84507170E+04  1.26952514E+00  0.00000000E+00
  1.46247136E+06  6.13485029E+06  6.95085789E-09  7.84503565E+04  1.26933853E+00  0.00000000E+00
  1.46281842E+06  6.13460998E+06  6.95176809E-09  7.84499959E+04  1.26915193E+00  0.00000000E+00
  1.46316547E+06  6.13436949E+06  6.95267857E-09  7.84496353E+04  1.26896533E+00  0.00000000E+00
  1.46351252E+06  6.13412882E+06  6.95358932E-09  7.84492747E+04  1.26877872E+00  0.00000000E+00
  1.46385957E+06  6.13388797E+06  6.95450034E-09  7.84489141E+04  1.26859212E+00  0.00000000E+00
  1.46420662E+06  6.13364694E+06  6.95541164E-09  7.84485535E+04  1.26840551E+00  0.00000000E+00
  1.46455367E+06  6.13340573E+06  6.95632322E-09  7.84481929E+04  1.26821890E+00  0.00000000E+00
  1.46490072E+06  6.13316435E+06  6.95723507E-09  7.84478324E+04  1.26803229E+00  0.00000000E+00
  1.46524777E+06  6.13292278E+06  6.95814719E-09  7.84474718E+04  1.26784568E+00  0.00000000E+00
  1.46559482E+06  6.13268104E+06  6.95905959E-09  7.84471112E+04  1.26765907E+00  0.00000000E+00
  1.46594187E+06  6.13243912E+06  6.95997226E-09  7.84467506E+04  1.26747246E+00  0.00000000E+00
  1.46628892E+06  6.13219702E+06  6.96088521E-09  7.84463900E+04  1.26728584E+00  0.00000000E+00
  1.46663597E+06  6.13195474E+06  6.96179843E-09  7.84460294E+04  1.26709923E+00  0.00000000E+00
  1.46698302E+06  6.13171229E+06  6.96271192E-09  7.84456688E+04  1.26691262E+00  0.00000000E+00
  1.46733007E+06  6.13146966E+06  6.96362569E-09  7.84453083E+04  1.26672601E+00  0.00000000E+00
  1.46767712E+06  6.13122685E+06  6.96453972E-09  7.84449477E+04  1.26653939E+00  0.00000000E+00
  1.46802417E+06  6.13098387E+06  6.96545403E-09  7.84445871E+04  1.26635278E+00  0.00000000E+00
  1.46837123E+06  6.13074071E+06  6.96636861E-09  7.84442265E+04  1.26616616E+00  0.00000000E+00
  1.46871828E+06  6.13049738E+06  6.96728347E-09  7.84438659E+04  1.26597955E+00  0.00000000E+00
  1.46906533E+06  6.13025388E+06  6.96819859E-09  7.84435053E+04  1.26579293E+00  0.00000000E+00
  1.46941238E+06  6.13001019E+06  6.96911398E-09  7.84431448E+04  1.26560632E+00  0.00000000E+00
  1.46975943E+06  6.12976634E+06  6.97002965E-09  7.84427842E+04  1.26541970E+00  0.00000000E+00
  1.47010648E+06  6.12952231E+06  6.97094559E-09  7.84424236E+04  1.26523309E+00  0.00000000E+00
  1.47045353E+06  6.12927811E+06  6.97186179E-09  7.84420630E+04  1.26504647E+00  0.00000000E+00
  1.47080058E+06  6.12903373E+06  6.97277827E-09  7.84417024E+04  1.26485986E+00  0.00000000E+00
  1.47114763E+06  6.12878918E+06  6.97369501E-09  7.84413418E+04  1.26467325E+00  0.00000000E+00
  1.47149468E+06  6.12854446E+06  6.97461203E-09  7.84409812E+04  1.26448663E+00  0.00000000E+00
  1.47184173E+06  6.12829957E+06  6.97552931E-09  7.84406207E+04  1.26430002E+00  0.00000000E+00
  1.47218878E+06  6.12805450E+06  6.97644687E-09  7.84402601E+04  1.26411341E+00  0.00000000E+00
  1.47253583E+06  6.12780927E+06  6.97736469E-09  7.84398995E+04  1.26392680E+00  0.00000000E+00
  1.47288288E+06  6.12756386E+06  6.97828278E-09  7.84395389E+04  1.26374019E+00  0.00000000E+00
  1.47322993E+06  6.12731828E+06  6.97920114E-09  7.84391783E+04  1.26355358E+00  0.00000000E+00
  1.47357698E+06  6.12707253E+06  6.98011977E-09  7.84388177E+04  1.26336697E+00  0.00000000E+00
  1.47392404E+06  6.12682661E+06  6.98103866E-09  7.84384571E+04  1.26318036E+00  0.00000000E+00
  1.47427109E+06  6.12658052E+06  6.98195782E-09  7.84380966E+04  1.26299375E+00  0.00000000E+00
  1.47461814E+06  6.12633427E+06  6.98287725E-09  7.84377360E+04  1.26280715E+00  0.00000000E+00
  1.47496519E+06  6.12608784E+06  6.98379695E-09  7.84373754E+04  1.26262054E+00  0.00000000E+00
  1.47531224E+06  6.12584124E+06  6.98471691E-09  7.84370148E+04  1.26243394E+00  0.00000000E+00
  1.47565929E+06  6.12559448E+06  6.98563714E-09  7.84366542E+04  1.26224734E+00  0.00000000E+00
  1.47600634E+06  6.12534754E+06  6.98655763E-09  7.84362936E+04  1.26206073E+00  0.00000000E+00
  1.47635339E+06  6.12510044E+06  6.98747839E-09  7.84359330E+04  1.26187413E+00  0.00000000E+00
  1.47670044E+06  6.12485317E+06  6.98839941E-09  7.84355725E+04  1.26168754E+00  0.00000000E+00
  1.47704749E+06  6.12460574E+06  6.98932070E-09  7.84352119E+04  1.26150094E+00  0.00000000E+00
  1.47739454E+06  6.12435814E+06  6.99024226E-09  7.84348513E+04  1.26131434E+00  0.00000000E+00
  1.47774159E+06  6.12411037E+06  6.99116408E-09  7.84344907E+04  1.26112775E+00  0.00000000E+00
  1.47808864E+06  6.12386243E+06  6.99208617E-09  7.84341301E+04  1.26094116E+00  0.00000000E+00
  1.47843569E+06  6.12361433E+06  6.99300851E-09  7.84337695E+04  1.26075457E+00  0.00000000E+00
  1.47878274E+06  6.12336606E+06  6.99393113E-09  7.84334089E+04  1.26056798E+00  0.00000000E+00
  1.47912979E+06  6.12311763E+06  6.99485400E-09  7.84330484E+04  1.26038139E+00  0.00000000E+00
  1.47947685E+06  6.12286903E+06  6.99577714E-09  7.84326878E+04  1.26019481E+00  0.00000000E+00
  1.47982390E+06  6.12262027E+06  6.99670055E-09  7.84323272E+04  1.26000823E+00  0.00000000E+00
  1.48017095E+06  6.12237134E+06  6.99762421E-09  7.84319666E+04  1.25982165E+00  0.00000000E+00
  1.48051800E+06  6.12212225E+06  6.99854814E-09  7.84316060E+04  1.25963507E+00  0.00000000E+00
  1.48086505E+06  6.12187300E+06  6.99947233E-09  7.84312454E+04  1.25944850E+00  0.00000000E+00
  1.48121210E+06  6.12162358E+06  7.00039679E-09  7.84308848E+04  1.25926192E+00  0.00000000E+00
  1.48155915E+06  6.12137400E+06  7.00132150E-09  7.84305243E+04  1.25907535E+00  0.00000000E+00
  1.48190620E+06  6.12112425E+06  7.00224648E-09  7.84301637E+04  1.25888878E+00  0.00000000E+00
  1.48225325E+06  6.12087435E+06  7.00317172E-09  7.84298031E+04  1.25870222E+00  0.00000000E+00
  1.48260030E+06  6.12062428E+06  7.00409722E-09  7.84294425E+04  1.25851565E+00  0.00000000E+00
  1.48294735E+06  6.12037405E+06  7.00502298E-09  7.84290819E+04  1.25832909E+00  0.00000000E+00
  1.48329440E+06  6.12012365E+06  7.00594900E-09  7.84287213E+04  1.25814254E+00  0.00000000E+00
  1.48364145E+06  6.11987310E+06  7.00687528E-09  7.84283608E+04  1.25795598E+00  0.00000000E+00
  1.48398850E+06  6.11962238E+06  7.00780183E-09  7.84280002E+04  1.25776943E+00  0.00000000E+00
  1.48433555E+06  6.11937151E+06  7.00872863E-09  7.84276396E+04  1.25758288E+00  0.00000000E+00
  1.48468260E+06  6.11912047E+06  7.00965569E-09  7.84272790E+04  1.25739633E+00  0.00000000E+00
  1.48502966E+06  6.11886928E+06  7.01058301E-09  7.84269184E+04  1.25720979E+00  0.00000000E+00
  1.48537671E+06  6.11861792E+06  7.01151059E-09  7.84265578E+04  1.25702325E+00  0.00000000E+00
  1.48572376E+06  6.11836641E+06  7.01243843E-09  7.84261972E+04  1.25683671E+00  0.00000000E+00
  1.48607081E+06  6.11811473E+06  7.01336653E-09  7.84258367E+04  1.25665018E+00  0.00000000E+00
  1.48641786E+06  6.11786290E+06  7.01429489E-09  7.84254761E+04  1.25646365E+00  0.00000000E+00
  1.48676491E+06  6.11761091E+06  7.01522350E-09  7.84251155E+04  1.25627712E+00  0.00000000E+00
  1.48711196E+06  6.11735876E+06  7.01615237E-09  7.84247549E+04  1.25609060E+00  0.00000000E+00
  1.48745901E+06  6.11710645E+06  7.01708150E-09  7.84243943E+04  1.25590408E+00  0.00000000E+00
  1.48780606E+06  6.11685398E+06  7.01801089E-09  7.84240337E+04  1.25571756E+00  0.00000000E+00
  1.48815311E+06  6.11660136E+06  7.01894054E-09  7.84236731E+04  1.25553105E+00  0.00000000E+00
  1.48850016E+06  6.11634858E+06  7.01987044E-09  7.84233126E+04  1.25534454E+00  0.00000000E+00
  1.48884721E+06  6.11609564E+06  7.02080060E-09  7.84229520E+04  1.25515803E+00  0.00000000E+00
  1.48919426E+06  6.11584255E+06  7.02173102E-09  7.84225914E+04  1.25497153E+00  0.00000000E+00
  1.48954131E+06  6.11558930E+06  7.02266169E-09  7.84222308E+04  1.25478503E+00  0.00000000E+00
  1.48988836E+06  6.11533590E+06  7.02359262E-09  7.84218702E+04  1.25459854E+00  0.00000000E+00
  1.49023541E+06  6.11508234E+06  7.02452380E-09  7.84215096E+04  1.25441204E+00  0.00000000E+00
  1.49058247E+06  6.11482862E+06  7.02545524E-09  7.84211490E+04  1.25422556E+00  0.00000000E+00
  1.49092952E+06  6.11457475E+06  7.02638693E-09  7.84207885E+04  1.25403908E+00  0.00000000E+00
  1.49127657E+06  6.11432073E+06  7.02731888E-09  7.84204279E+04  1.25385260E+00  0.00000000E+00
  1.49162362E+06  6.11406655E+06  7.02825109E-09  7.84200673E+04  1.25366612E+00  0.00000000E+00
  1.49197067E+06  6.11381221E+06  7.02918355E-09  7.84197067E+04  1.25347965E+00  0.00000000E+00
  1.49231772E+06  6.11355772E+06  7.03011626E-09  7.84193461E+04  1.25329319E+00  0.00000000E+00
  1.49266477E+06  6.11330308E+06  7.03104923E-09  7.84189855E+04  1.25310673E+00  0.00000000E+00
  1.49301182E+06  6.11304829E+06  7.03198245E-09  7.84186249E+04  1.25292027E+00  0.00000000E+00
  1.49335887E+06  6.11279334E+06  7.03291593E-09  7.84182644E+04  1.25273382E+00  0.00000000E+00
  1.49370592E+06  6.11253824E+06  7.03384966E-09  7.84179038E+04  1.25254737E+00  0.00000000E+00
  1.49405297E+06  6.11228299E+06  7.03478364E-09  7.84175432E+04  1.25236093E+00  0.00000000E+00
  1.49440002E+06  6.11202759E+06  7.03571787E-09  7.84171826E+04  1.25217449E+00  0.00000000E+00
  1.49474707E+06  6.11177203E+06  7.03665236E-09  7.84168220E+04  1.25198806E+00  0.00000000E+00
  1.49509412E+06  6.11151632E+06  7.03758710E-09  7.84164614E+04  1.25180163E+00  0.00000000E+00
  1.49544117E+06  6.11126047E+06  7.03852210E-09  7.84161008E+04  1.25161521E+00  0.00000000E+00
  1.49578823E+06  6.11100446E+06  7.03945734E-09  7.84157403E+04  1.25142879E+00  0.00000000E+00
  1.49613528E+06  6.11074830E+06  7.04039284E-09  7.84153797E+04  1.25124238E+00  0.00000000E+00
  1.49648233E+06  6.11049199E+06  7.04132859E-09  7.84150191E+04  1.25105597E+00  0.00000000E+00
  1.49682938E+06  6.11023553E+06  7.04226459E-09  7.84146585E+04  1.25086956E+00  0.00000000E+00
  1.49717643E+06  6.10997892E+06  7.04320084E-09  7.84142979E+04  1.25068317E+00  0.00000000E+00
  1.49752348E+06  6.10972216E+06  7.04413734E-09  7.84139373E+04  1.25049677E+00  0.00000000E+00
  1.49787053E+06  6.10946525E+06  7.04507409E-09  7.84135768E+04  1.25031039E+00  0.00000000E+00
  1.49821758E+06  6.10920819E+06  7.04601109E-09  7.84132162E+04  1.25012400E+00  0.00000000E+00
  1.49856463E+06  6.10895099E+06  7.04694835E-09  7.84128556E+04  1.24993763E+00  0.00000000E+00
  1.49891168E+06  6.10869364E+06  7.04788585E-09  7.84124950E+04  1.24975125E+00  0.00000000E+00
  1.49925873E+06  6.10843613E+06  7.04882360E-09  7.84121344E+04  1.24956489E+00  0.00000000E+00
  1.49960578E+06  6.10817848E+06  7.04976160E-09  7.84117738E+04  1.24937853E+00  0.00000000E+00
  1.49995283E+06  6.10792069E+06  7.05069986E-09  7.84114132E+04  1.24919217E+00  0.00000000E+00
  1.50029988E+06  6.10766274E+06  7.05163836E-09  7.84110527E+04  1.24900583E+00  0.00000000E+00
  1.50064693E+06  6.10740465E+06  7.05257711E-09  7.84106921E+04  1.24881948E+00  0.00000000E+00
  1.50099398E+06  6.10714642E+06  7.05351610E-09  7.84103315E+04  1.24863314E+00  0.00000000E+00
  1.50134104E+06  6.10688803E+06  7.05445535E-09  7.84099709E+04  1.24844681E+00  0.00000000E+00
  1.50168809E+06  6.10662950E+06  7.05539485E-09  7.84096103E+04  1.24826049E+00  0.00000000E+00
  1.50203514E+06  6.10637083E+06  7.05633459E-09  7.84092497E+04  1.24807417E+00  0.00000000E+00
  1.50238219E+06  6.10611201E+06  7.05727458E-09  7.84088891E+04  1.24788785E+00  0.00000000E+00
  1.50272924E+06  6.10585304E+06  7.05821482E-09  7.84085286E+04  1.24770155E+00  0.00000000E+00
  1.50307629E+06  6.10559393E+06  7.05915530E-09  7.84081680E+04  1.24751525E+00  0.00000000E+00
  1.50342334E+06  6.10533467E+06  7.06009604E-09  7.84078074E+04  1.24732895E+00  0.00000000E+00
  1.50377039E+06  6.10507527E+06  7.06103702E-09  7.84074468E+04  1.24714266E+00  0.00000000E+00
  1.50411744E+06  6.10481573E+06  7.06197824E-09  7.84070862E+04  1.24695638E+00  0.00000000E+00
  1.50446449E+06  6.10455604E+06  7.06291971E-09  7.84067256E+04  1.24677010E+00  0.00000000E+00
  1.50481154E+06  6.10429621E+06  7.06386143E-09  7.84063650E+04  1.24658383E+00  0.00000000E+00
  1.50515859E+06  6.10403623E+06  7.06480340E-09  7.84060045E+04  1.24639757E+00  0.00000000E+00
  1.50550564E+06  6.10377612E+06  7.06574561E-09  7.84056439E+04  1.24621131E+00  0.00000000E+00
  1.50585269E+06  6.10351586E+06  7.06668806E-09  7.84052833E+04  1.24602506E+00  0.00000000E+00
  1.50619974E+06  6.10325545E+06  7.06763076E-09  7.84049227E+04  1.24583882E+00  0.00000000E+00
  1.50654679E+06  6.10299491E+06  7.06857371E-09  7.84045621E+04  1.24565258E+00  0.00000000E+00
  1.50689385E+06  6.10273422E+06  7.06951690E-09  7.84042015E+04  1.24546635E+00  0.00000000E+00
  1.50724090E+06  6.10247339E+06  7.07046034E-09  7.84038409E+04  1.24528013E+00  0.00000000E+00
  1.50758795E+06  6.10221242E+06  7.07140402E-09  7.84034804E+04  1.24509391E+00  0.00000000E+00
  1.50793500E+06  6.10195131E+06  7.07234794E-09  7.84031198E+04  1.24490770E+00  0.00000000E+00
  1.50828205E+06  6.10169006E+06  7.07329211E-09  7.84027592E+04  1.24472150E+00  0.00000000E+00
  1.50862910E+06  6.10142867E+06  7.07423652E-09  7.84023986E+04  1.24453531E+00  0.00000000E+00
  1.50897615E+06  6.10116714E+06  7.07518118E-09  7.84020380E+04  1.24434912E+00  0.00000000E+00
  1.50932320E+06  6.10090546E+06  7.07612608E-09  7.84016774E+04  1.24416294E+00  0.00000000E+00
  1.50967025E+06  6.10064365E+06  7.07707122E-09  7.84013168E+04  1.24397676E+00  0.00000000E+00
  1.51001730E+06  6.10038170E+06  7.07801661E-09  7.84009563E+04  1.24379060E+00  0.00000000E+00
  1.51036435E+06  6.10011961E+06  7.07896224E-09  7.84005957E+04  1.24360444E+00  0.00000000E+00
  1.51071140E+06  6.09985738E+06  7.07990811E-09  7.84002351E+04  1.24341828E+00  0.00000000E+00
  1.51105845E+06  6.09959501E+06  7.08085422E-09  7.83998745E+04  1.24323214E+00  0.00000000E+00
  1.51140550E+06  6.09933250E+06  7.08180057E-09  7.83995139E+04  1.24304600E+00  0.00000000E+00
  1.51175255E+06  6.09906986E+06  7.08274717E-09  7.83991533E+04  1.24285987E+00  0.00000000E+00
  1.51209960E+06  6.09880708E+06  7.08369401E-09  7.83987928E+04  1.24267375E+00  0.00000000E+00
  1.51244666E+06  6.09854415E+06  7.08464109E-09  7.83984322E+04  1.24248764E+00  0.00000000E+00
  1.51279371E+06  6.09828110E+06  7.08558841E-09  7.83980716E+04  1.24230153E+00  0.00000000E+00
  1.51314076E+06  6.09801790E+06  7.08653597E-09  7.83977110E+04  1.24211543E+00  0.00000000E+00
  1.51348781E+06  6.09775457E+06  7.08748378E-09  7.83973504E+04  1.24192934E+00  0.00000000E+00
  1.51383486E+06  6.09749110E+06  7.08843182E-09  7.83969898E+04  1.24174326E+00  0.00000000E+00
  1.51418191E+06  6.09722750E+06  7.08938010E-09  7.83966292E+04  1.24155718E+00  0.00000000E+00
  1.51452896E+06  6.09696376E+06  7.09032863E-09  7.83962687E+04  1.24137111E+00  0.00000000E+00
  1.51487601E+06  6.09669988E+06  7.09127739E-09  7.83959081E+04  1.24118505E+00  0.00000000E+00
  1.51522306E+06  6.09643587E+06  7.09222640E-09  7.83955475E+04  1.24099900E+00  0.00000000E+00
  1.51557011E+06  6.09617172E+06  7.09317564E-09  7.83951869E+04  1.24081296E+00  0.00000000E+00
  1.51591716E+06  6.09590744E+06  7.09412513E-09  7.83948263E+04  1.24062692E+00  0.00000000E+00
  1.51626421E+06  6.09564302E+06  7.09507485E-09  7.83944657E+04  1.24044090E+00  0.00000000E+00
  1.51661126E+06  6.09537847E+06  7.09602481E-09  7.83941051E+04  1.24025488E+00  0.00000000E+00
  1.51695831E+06  6.09511378E+06  7.09697501E-09  7.83937446E+04  1.24006887E+00  0.00000000E+00
  1.51730536E+06  6.09484896E+06  7.09792545E-09  7.83933840E+04  1.23988286E+00  0.00000000E+00
  1.51765241E+06  6.09458401E+06  7.09887613E-09  7.83930234E+04  1.23969687E+00  0.00000000E+00
  1.51799947E+06  6.09431892E+06  7.09982704E-09  7.83926628E+04  1.23951088E+00  0.00000000E+00
  1.51834652E+06  6.09405370E+06  7.10077819E-09  7.83923022E+04  1.23932491E+00  0.00000000E+00
  1.51869357E+06  6.09378835E+06  7.10172958E-09  7.83919416E+04  1.23913894E+00  0.00000000E+00
  1.51904062E+06  6.09352286E+06  7.10268121E-09  7.83915810E+04  1.23895298E+00  0.00000000E+00
  1.51938767E+06  6.09325724E+06  7.10363308E-09  7.83912205E+04  1.23876703E+00  0.00000000E+00
  1.51973472E+06  6.09299149E+06  7.10458518E-09  7.83908599E+04  1.23858109E+00  0.00000000E+00
  1.52008177E+06  6.09272561E+06  7.10553752E-09  7.83904993E+04  1.23839515E+00  0.00000000E+00
  1.52042882E+06  6.09245960E+06  7.10649010E-09  7.83901387E+04  1.23820923E+00  0.00000000E+00
  1.52077587E+06  6.09219345E+06  7.10744291E-09  7.83897781E+04  1.23802331E+00  0.00000000E+00
  1.52112292E+06  6.09192718E+06  7.10839596E-09  7.83894175E+04  1.23783741E+00  0.00000000E+00
  1.52146997E+06  6.09166077E+06  7.10934925E-09  7.83890569E+04  1.23765151E+00  0.00000000E+00
  1.52181702E+06  6.09139423E+06  7.11030277E-09  7.83886964E+04  1.23746562E+00  0.00000000E+00
  1.52216407E+06  6.09112756E+06  7.11125652E-09  7.83883358E+04  1.23727974E+00  0.00000000E+00
  1.52251112E+06  6.09086076E+06  7.11221052E-09  7.83879752E+04  1.23709387E+00  0.00000000E+00
  1.52285817E+06  6.09059383E+06  7.11316475E-09  7.83876146E+04  1.23690801E+00  0.00000000E+00
  1.52320523E+06  6.09032677E+06  7.11411921E-09  7.83872540E+04  1.23672215E+00  0.00000000E+00
  1.52355228E+06  6.09005959E+06  7.11507391E-09  7.83868934E+04  1.23653631E+00  0.00000000E+00
  1.52389933E+06  6.08979227E+06  7.11602884E-09  7.83865328E+04  1.23635048E+00  0.00000000E+00
  1.52424638E+06  6.08952482E+06  7.11698401E-09  7.83861723E+04  1.23616465E+00  0.00000000E+00
  1.52459343E+06  6.08925725E+06  7.11793941E-09  7.83858117E+04  1.23597884E+00  0.00000000E+00
  1.52494048E+06  6.08898954E+06  7.11889505E-09  7.83854511E+04  1.23579303E+00  0.00000000E+00
  1.52528753E+06  6.08872171E+06  7.11985092E-09  7.83850905E+04  1.23560723E+00  0.00000000E+00
  1.52563458E+06  6.08845375E+06  7.12080702E-09  7.83847299E+04  1.23542145E+00  0.00000000E+00
  1.52598163E+06  6.08818567E+06  7.12176336E-09  7.83843693E+04  1.23523567E+00  0.00000000E+00
  1.52632868E+06  6.08791745E+06  7.12271993E-09  7.83840088E+04  1.23504990E+00  0.00000000E+00
  1.52667573E+06  6.08764911E+06  7.12367673E-09  7.83836482E+04  1.23486415E+00  0.00000000E+00
  1.52702278E+06  6.08738064E+06  7.12463377E-09  7.83832876E+04  1.23467840E+00  0.00000000E+00
  1.52736983E+06  6.08711204E+06  7.12559104E-09  7.83829270E+04  1.23449266E+00  0.00000000E+00
  1.52771688E+06  6.08684332E+06  7.12654854E-09  7.83825664E+04  1.23430693E+00  0.00000000E+00
  1.52806393E+06  6.08657447E+06  7.12750627E-09  7.83822058E+04  1.23412121E+00  0.00000000E+00
  1.52841098E+06  6.08630550E+06  7.12846424E-09  7.83818452E+04  1.23393550E+00  0.00000000E+00
  1.52875804E+06  6.08603640E+06  7.12942244E-09  7.83814847E+04  1.23374981E+00  0.00000000E+00
  1.52910509E+06  6.08576717E+06  7.13038087E-09  7.83811241E+04  1.23356412E+00  0.00000000E+00
  1.52945214E+06  6.08549782E+06  7.13133953E-09  7.83807635E+04  1.23337844E+00  0.00000000E+00
  1.52979919E+06  6.08522834E+06  7.13229843E-09  7.83804029E+04  1.23319277E+00  0.00000000E+00
  1.53014624E+06  6.08495874E+06  7.13325755E-09  7.83800423E+04  1.23300711E+00  0.00000000E+00
  1.53049329E+06  6.08468902E+06  7.13421691E-09  7.83796817E+04  1.23282146E+00  0.00000000E+00
  1.53084034E+06  6.08441917E+06  7.13517649E-09  7.83793211E+04  1.23263583E+00  0.00000000E+00
  1.53118739E+06  6.08414919E+06  7.13613631E-09  7.83789606E+04  1.23245020E+00  0.00000000E+00
  1.53153444E+06  6.08387910E+06  7.13709636E-09  7.83786000E+04  1.23226458E+00  0.00000000E+00
  1.53188149E+06  6.08360887E+06  7.13805664E-09  7.83782394E+04  1.23207898E+00  0.00000000E+00
  1.53222854E+06  6.08333853E+06  7.13901715E-09  7.83778788E+04  1.23189338E+00  0.00000000E+00
  1.53257559E+06  6.08306806E+06  7.13997789E-09  7.83775182E+04  1.23170779E+00  0.00000000E+00
  1.53292264E+06  6.08279747E+06  7.14093885E-09  7.83771576E+04  1.23152222E+00  0.00000000E+00
  1.53326969E+06  6.08252676E+06  7.14190005E-09  7.83767970E+04  1.23133665E+00  0.00000000E+00
  1.53361674E+06  6.08225592E+06  7.14286148E-09  7.83764365E+04  1.23115110E+00  0.00000000E+00
  1.53396379E+06  6.08198496E+06  7.14382314E-09  7.83760759E+04  1.23096556E+00  0.00000000E+00
  1.53431085E+06  6.08171388E+06  7.14478502E-09  7.83757153E+04  1.23078002E+00  0.00000000E+00
  1.53465790E+06  6.08144268E+06  7.14574714E-09  7.83753547E+04  1.23059450E+00  0.00000000E+00
  1.53500495E+06  6.08117135E+06  7.14670948E-09  7.83749941E+04  1.23040899E+00  0.00000000E+00
  1.53535200E+06  6.08089991E+06  7.14767205E-09  7.83746335E+04  1.23022349E+00  0.00000000E+00
  1.53569905E+06  6.08062834E+06  7.14863485E-09  7.83742729E+04  1.23003800E+00  0.00000000E+00
  1.53604610E+06  6.08035666E+06  7.14959788E-09  7.83739124E+04  1.22985252E+00  0.00000000E+00
  1.53639315E+06  6.08008485E+06  7.15056113E-09  7.83735518E+04  1.22966706E+00  0.00000000E+00
  1.53674020E+06  6.07981292E+06  7.15152462E-09  7.83731912E+04  1.22948160E+00  0.00000000E+00
  1.53708725E+06  6.07954087E+06  7.15248833E-09  7.83728306E+04  1.22929615E+00  0.00000000E+00
  1.53743430E+06  6.07926870E+06  7.15345226E-09  7.83724700E+04  1.22911072E+00  0.00000000E+00
  1.53778135E+06  6.07899642E+06  7.15441643E-09  7.83721094E+04  1.22892530E+00  0.00000000E+00
  1.53812840E+06  6.07872401E+06  7.15538082E-09  7.83717488E+04  1.22873989E+00  0.00000000E+00
  1.53847545E+06  6.07845148E+06  7.15634544E-09  7.83713883E+04  1.22855449E+00  0.00000000E+00
  1.53882250E+06  6.07817884E+06  7.15731029E-09  7.83710277E+04  1.22836910E+00  0.00000000E+00
  1.53916955E+06  6.07790607E+06  7.15827536E-09  7.83706671E+04  1.22818372E+00  0.00000000E+00
  1.53951660E+06  6.07763319E+06  7.15924066E-09  7.83703065E+04  1.22799835E+00  0.00000000E+00
  1.53986366E+06  6.07736019E+06  7.16020618E-09  7.83699459E+04  1.22781300E+00  0.00000000E+00
  1.54021071E+06  6.07708707E+06  7.16117193E-09  7.83695853E+04  1.22762765E+00  0.00000000E+00
  1.54055776E+06  6.07681383E+06  7.16213791E-09  7.83692248E+04  1.22744232E+00  0.00000000E+00
  1.54090481E+06  6.07654048E+06  7.16310411E-09  7.83688642E+04  1.22725700E+00  0.00000000E+00
  1.54125186E+06  6.07626701E+06  7.16407054E-09  7.83685036E+04  1.22707169E+00  0.00000000E+00
  1.54159891E+06  6.07599342E+06  7.16503719E-09  7.83681430E+04  1.22688640E+00  0.00000000E+00
  1.54194596E+06  6.07571971E+06  7.16600407E-09  7.83677824E+04  1.22670111E+00  0.00000000E+00
  1.54229301E+06  6.07544589E+06  7.16697117E-09  7.83674218E+04  1.22651584E+00  0.00000000E+00
  1.54264006E+06  6.07517195E+06  7.16793850E-09  7.83670612E+04  1.22633057E+00  0.00000000E+00
  1.54298711E+06  6.07489789E+06  7.16890605E-09  7.83667007E+04  1.22614532E+00  0.00000000E+00
  1.54333416E+06  6.07462372E+06  7.16987382E-09  7.83663401E+04  1.22596009E+00  0.00000000E+00
  1.54368121E+06  6.07434944E+06  7.17084182E-09  7.83659795E+04  1.22577486E+00  0.00000000E+00
  1.54402826E+06  6.07407503E+06  7.17181005E-09  7.83656189E+04  1.22558964E+00  0.00000000E+00
  1.54437531E+06  6.07380051E+06  7.17277849E-09  7.83652583E+04  1.22540444E+00  0.00000000E+00
  1.54472236E+06  6.07352588E+06  7.17374716E-09  7.83648977E+04  1.22521925E+00  0.00000000E+00
  1.54506941E+06  6.07325113E+06  7.17471606E-09  7.83645371E+04  1.22503407E+00  0.00000000E+00
  1.54541647E+06  6.07297627E+06  7.17568518E-09  7.83641766E+04  1.22484891E+00  0.00000000E+00
  1.54576352E+06  6.07270129E+06  7.17665452E-09  7.83638160E+04  1.22466375E+00  0.00000000E+00
  1.54611057E+06  6.07242620E+06  7.17762408E-09  7.83634554E+04  1.22447861E+00  0.00000000E+00
  1.54645762E+06  6.07215099E+06  7.17859387E-09  7.83630948E+04  1.22429348E+00  0.00000000E+00
  1.54680467E+06  6.07187567E+06  7.17956388E-09  7.83627342E+04  1.22410836E+00  0.00000000E+00
  1.54715172E+06  6.07160024E+06  7.18053411E-09  7.83623736E+04  1.22392326E+00  0.00000000E+00
  1.54749877E+06  6.07132469E+06  7.18150456E-09  7.83620130E+04  1.22373817E+00  0.00000000E+00
  1.54784582E+06  6.07104903E+06  7.18247524E-09  7.83616525E+04  1.22355309E+00  0.00000000E+00
  1.54819287E+06  6.07077325E+06  7.18344613E-09  7.83612919E+04  1.22336802E+00  0.00000000E+00
  1.54853992E+06  6.07049737E+06  7.18441725E-09  7.83609313E+04  1.22318296E+00  0.00000000E+00
  1.54888697E+06  6.07022137E+06  7.18538859E-09  7.83605707E+04  1.22299792E+00  0.00000000E+00
  1.54923402E+06  6.06994526E+06  7.18636016E-09  7.83602101E+04  1.22281289E+00  0.00000000E+00
  1.54958107E+06  6.06966903E+06  7.18733194E-09  7.83598495E+04  1.22262787E+00  0.00000000E+00
  1.54992812E+06  6.06939270E+06  7.18830394E-09  7.83594889E+04  1.22244287E+00  0.00000000E+00
  1.55027517E+06  6.06911625E+06  7.18927617E-09  7.83591284E+04  1.22225788E+00  0.00000000E+00
  1.55062223E+06  6.06883969E+06  7.19024861E-09  7.83587678E+04  1.22207290E+00  0.00000000E+00
  1.55096928E+06  6.06856302E+06  7.19122128E-09  7.83584072E+04  1.22188793E+00  0.00000000E+00
  1.55131633E+06  6.06828624E+06  7.19219417E-09  7.83580466E+04  1.22170298E+00  0.00000000E+00
  1.55166338E+06  6.06800935E+06  7.19316727E-09  7.83576860E+04  1.22151804E+00  0.00000000E+00
  1.55201043E+06  6.06773235E+06  7.19414060E-09  7.83573254E+04  1.22133311E+00  0.00000000E+00
  1.55235748E+06  6.06745523E+06  7.19511415E-09  7.83569648E+04  1.22114819E+00  0.00000000E+00
  1.55270453E+06  6.06717801E+06  7.19608791E-09  7.83566043E+04  1.22096329E+00  0.00000000E+00
  1.55305158E+06  6.06690068E+06  7.19706190E-09  7.83562437E+04  1.22077840E+00  0.00000000E+00
  1.55339863E+06  6.06662323E+06  7.19803611E-09  7.83558831E+04  1.22059353E+00  0.00000000E+00
  1.55374568E+06  6.06634568E+06  7.19901053E-09  7.83555225E+04  1.22040866E+00  0.00000000E+00
  1.55409273E+06  6.06606802E+06  7.19998517E-09  7.83551619E+04  1.22022381E+00  0.00000000E+00
  1.55443978E+06  6.06579025E+06  7.20096004E-09  7.83548013E+04  1.22003898E+00  0.00000000E+00
  1.55478683E+06  6.06551237E+06  7.20193512E-09  7.83544408E+04  1.21985415E+00  0.00000000E+00
  1.55513388E+06  6.06523438E+06  7.20291042E-09  7.83540802E+04  1.21966934E+00  0.00000000E+00
  1.55548093E+06  6.06495628E+06  7.20388593E-09  7.83537196E+04  1.21948455E+00  0.00000000E+00
  1.55582798E+06  6.06467808E+06  7.20486167E-09  7.83533590E+04  1.21929976E+00  0.00000000E+00
  1.55617504E+06  6.06439976E+06  7.20583762E-09  7.83529984E+04  1.21911499E+00  0.00000000E+00
  1.55652209E+06  6.06412134E+06  7.20681380E-09  7.83526378E+04  1.21893024E+00  0.00000000E+00
  1.55686914E+06  6.06384281E+06  7.20779018E-09  7.83522772E+04  1.21874549E+00  0.00000000E+00
  1.55721619E+06  6.06356417E+06  7.20876679E-09  7.83519167E+04  1.21856076E+00  0.00000000E+00
  1.55756324E+06  6.06328543E+06  7.20974362E-09  7.83515561E+04  1.21837605E+00  0.00000000E+00
  1.55791029E+06  6.06300658E+06  7.21072066E-09  7.83511955E+04  1.21819134E+00  0.00000000E+00
  1.55825734E+06  6.06272762E+06  7.21169792E-09  7.83508349E+04  1.21800665E+00  0.00000000E+00
  1.55860439E+06  6.06244855E+06  7.21267539E-09  7.83504743E+04  1.21782198E+00  0.00000000E+00
  1.55895144E+06  6.06216938E+06  7.21365308E-09  7.83501137E+04  1.21763732E+00  0.00000000E+00
  1.55929849E+06  6.06189010E+06  7.21463099E-09  7.83497531E+04  1.21745267E+00  0.00000000E+00
  1.55964554E+06  6.06161072E+06  7.21560912E-09  7.83493926E+04  1.21726804E+00  0.00000000E+00
  1.55999259E+06  6.06133123E+06  7.21658746E-09  7.83490320E+04  1.21708342E+00  0.00000000E+00
  1.56033964E+06  6.06105163E+06  7.21756602E-09  7.83486714E+04  1.21689881E+00  0.00000000E+00
  1.56068669E+06  6.06077193E+06  7.21854479E-09  7.83483108E+04  1.21671422E+00  0.00000000E+00
  1.56103374E+06  6.06049213E+06  7.21952378E-09  7.83479502E+04  1.21652964E+00  0.00000000E+00
  1.56138079E+06  6.06021221E+06  7.22050298E-09  7.83475896E+04  1.21634507E+00  0.00000000E+00
  1.56172785E+06  6.05993220E+06  7.22148240E-09  7.83472290E+04  1.21616052E+00  0.00000000E+00
  1.56207490E+06  6.05965208E+06  7.22246204E-09  7.83468685E+04  1.21597598E+00  0.00000000E+00
  1.56242195E+06  6.05937185E+06  7.22344189E-09  7.83465079E+04  1.21579146E+00  0.00000000E+00
  1.56276900E+06  6.05909152E+06  7.22442196E-09  7.83461473E+04  1.21560695E+00  0.00000000E+00
  1.56311605E+06  6.05881109E+06  7.22540224E-09  7.83457867E+04  1.21542246E+00  0.00000000E+00
  1.56346310E+06  6.05853055E+06  7.22638273E-09  7.83454261E+04  1.21523798E+00  0.00000000E+00
  1.56381015E+06  6.05824991E+06  7.22736344E-09  7.83450655E+04  1.21505351E+00  0.00000000E+00
  1.56415720E+06  6.05796916E+06  7.22834437E-09  7.83447049E+04  1.21486906E+00  0.00000000E+00
  1.56450425E+06  6.05768831E+06  7.22932550E-09  7.83443444E+04  1.21468462E+00  0.00000000E+00
  1.56485130E+06  6.05740736E+06  7.23030686E-09  7.83439838E+04  1.21450020E+00  0.00000000E+00
  1.56519835E+06  6.05712631E+06  7.23128842E-09  7.83436232E+04  1.21431579E+00  0.00000000E+00
  1.56554540E+06  6.05684515E+06  7.23227020E-09  7.83432626E+04  1.21413140E+00  0.00000000E+00
  1.56589245E+06  6.05656389E+06  7.23325220E-09  7.83429020E+04  1.21394702E+00  0.00000000E+00
  1.56623950E+06  6.05628253E+06  7.23423440E-09  7.83425414E+04  1.21376265E+00  0.00000000E+00
  1.56658655E+06  6.05600107E+06  7.23521682E-09  7.83421808E+04  1.21357830E+00  0.00000000E+00
  1.56693360E+06  6.05571950E+06  7.23619946E-09  7.83418203E+04  1.21339396E+00  0.00000000E+00
  1.56728066E+06  6.05543783E+06  7.23718230E-09  7.83414597E+04  1.21320964E+00  0.00000000E+00
  1.56762771E+06  6.05515606E+06  7.23816536E-09  7.83410991E+04  1.21302533E+00  0.00000000E+00
  1.56797476E+06  6.05487419E+06  7.23914863E-09  7.83407385E+04  1.21284104E+00  0.00000000E+00
  1.56832181E+06  6.05459222E+06  7.24013212E-09  7.83403779E+04  1.21265676E+00  0.00000000E+00
  1.56866886E+06  6.05431015E+06  7.24111581E-09  7.83400173E+04  1.21247250E+00  0.00000000E+00
  1.56901591E+06  6.05402798E+06  7.24209972E-09  7.83396568E+04  1.21228825E+00  0.00000000E+00
  1.56936296E+06  6.05374570E+06  7.24308384E-09  7.83392962E+04  1.21210402E+00  0.00000000E+00
  1.56971001E+06  6.05346333E+06  7.24406818E-09  7.83389356E+04  1.21191980E+00  0.00000000E+00
  1.57005706E+06  6.05318085E+06  7.24505272E-09  7.83385750E+04  1.21173559E+00  0.00000000E+00
  1.57040411E+06  6.05289828E+06  7.24603748E-09  7.83382144E+04  1.21155140E+00  0.00000000E+00
  1.57075116E+06  6.05261560E+06  7.24702244E-09  7.83378538E+04  1.21136723E+00  0.00000000E+00
  1.57109821E+06  6.05233283E+06  7.24800762E-09  7.83374932E+04  1.21118307E+00  0.00000000E+00
  1.57144526E+06  6.05204996E+06  7.24899301E-09  7.83371327E+04  1.21099893E+00  0.00000000E+00
  1.57179231E+06  6.05176699E+06  7.24997861E-09  7.83367721E+04  1.21081480E+00  0.00000000E+00
  1.57213936E+06  6.05148391E+06  7.25096442E-09  7.83364115E+04  1.21063068E+00  0.00000000E+00
  1.57248641E+06  6.05120074E+06  7.25195045E-09  7.83360509E+04  1.21044658E+00  0.00000000E+00
  1.57283347E+06  6.05091747E+06  7.25293668E-09  7.83356903E+04  1.21026250E+00  0.00000000E+00
  1.57318052E+06  6.05063411E+06  7.25392312E-09  7.83353297E+04  1.21007843E+00  0.00000000E+00
  1.57352757E+06  6.05035064E+06  7.25490977E-09  7.83349691E+04  1.20989438E+00  0.00000000E+00
  1.57387462E+06  6.05006708E+06  7.25589664E-09  7.83346086E+04  1.20971034E+00  0.00000000E+00
  1.57422167E+06  6.04978342E+06  7.25688371E-09  7.83342480E+04  1.20952632E+00  0.00000000E+00
  1.57456872E+06  6.04949966E+06  7.25787100E-09  7.83338874E+04  1.20934231E+00  0.00000000E+00
  1.57491577E+06  6.04921580E+06  7.25885849E-09  7.83335268E+04  1.20915832E+00  0.00000000E+00
  1.57526282E+06  6.04893185E+06  7.25984619E-09  7.83331662E+04  1.20897434E+00  0.00000000E+00
  1.57560987E+06  6.04864779E+06  7.26083410E-09  7.83328056E+04  1.20879038E+00  0.00000000E+00
  1.57595692E+06  6.04836365E+06  7.26182222E-09  7.83324450E+04  1.20860643E+00  0.00000000E+00
  1.57630397E+06  6.04807940E+06  7.26281055E-09  7.83320845E+04  1.20842250E+00  0.00000000E+00
  1.57665102E+06  6.04779506E+06  7.26379909E-09  7.83317239E+04  1.20823859E+00  0.00000000E+00
  1.57699807E+06  6.04751062E+06  7.26478784E-09  7.83313633E+04  1.20805469E+00  0.00000000E+00
  1.57734512E+06  6.04722609E+06  7.26577680E-09  7.83310027E+04  1.20787080E+00  0.00000000E+00
  1.57769217E+06  6.04694146E+06  7.26676596E-09  7.83306421E+04  1.20768693E+00  0.00000000E+00
  1.57803922E+06  6.04665673E+06  7.26775534E-09  7.83302815E+04  1.20750308E+00  0.00000000E+00
  1.57838628E+06  6.04637191E+06  7.26874492E-09  7.83299209E+04  1.20731924E+00  0.00000000E+00
  1.57873333E+06  6.04608699E+06  7.26973471E-09  7.83295604E+04  1.20713542E+00  0.00000000E+00
  1.57908038E+06  6.04580198E+06  7.27072470E-09  7.83291998E+04  1.20695162E+00  0.00000000E+00
  1.57942743E+06  6.04551687E+06  7.27171491E-09  7.83288392E+04  1.20676783E+00  0.00000000E+00
  1.57977448E+06  6.04523167E+06  7.27270532E-09  7.83284786E+04  1.20658405E+00  0.00000000E+00
  1.58012153E+06  6.04494637E+06  7.27369594E-09  7.83281180E+04  1.20640030E+00  0.00000000E+00
  1.58046858E+06  6.04466098E+06  7.27468677E-09  7.83277574E+04  1.20621655E+00  0.00000000E+00
  1.58081563E+06  6.04437549E+06  7.27567780E-09  7.83273968E+04  1.20603283E+00  0.00000000E+00
  1.58116268E+06  6.04408991E+06  7.27666905E-09  7.83270363E+04  1.20584912E+00  0.00000000E+00
  1.58150973E+06  6.04380423E+06  7.27766050E-09  7.83266757E+04  1.20566542E+00  0.00000000E+00
  1.58185678E+06  6.04351846E+06  7.27865215E-09  7.83263151E+04  1.20548174E+00  0.00000000E+00
  1.58220383E+06  6.04323260E+06  7.27964401E-09  7.83259545E+04  1.20529808E+00  0.00000000E+00
  1.58255088E+06  6.04294665E+06  7.28063608E-09  7.83255939E+04  1.20511443E+00  0.00000000E+00
  1.58289793E+06  6.04266060E+06  7.28162836E-09  7.83252333E+04  1.20493080E+00  0.00000000E+00
  1.58324498E+06  6.04237445E+06  7.28262084E-09  7.83248728E+04  1.20474719E+00  0.00000000E+00
  1.58359204E+06  6.04208822E+06  7.28361353E-09  7.83245122E+04  1.20456359E+00  0.00000000E+00
  1.58393909E+06  6.04180189E+06  7.28460642E-09  7.83241516E+04  1.20438001E+00  0.00000000E+00
  1.58428614E+06  6.04151547E+06  7.28559952E-09  7.83237910E+04  1.20419645E+00  0.00000000E+00
  1.58463319E+06  6.04122896E+06  7.28659282E-09  7.83234304E+04  1.20401290E+00  0.00000000E+00
  1.58498024E+06  6.04094235E+06  7.28758634E-09  7.83230698E+04  1.20382936E+00  0.00000000E+00
  1.58532729E+06  6.04065565E+06  7.28858005E-09  7.83227092E+04  1.20364585E+00  0.00000000E+00
  1.58567434E+06  6.04036886E+06  7.28957397E-09  7.83223487E+04  1.20346235E+00  0.00000000E+00
  1.58602139E+06  6.04008198E+06  7.29056810E-09  7.83219881E+04  1.20327886E+00  0.00000000E+00
  1.58636844E+06  6.03979501E+06  7.29156243E-09  7.83216275E+04  1.20309540E+00  0.00000000E+00
  1.58671549E+06  6.03950794E+06  7.29255697E-09  7.83212669E+04  1.20291195E+00  0.00000000E+00
  1.58706254E+06  6.03922079E+06  7.29355171E-09  7.83209063E+04  1.20272851E+00  0.00000000E+00
  1.58740959E+06  6.03893354E+06  7.29454665E-09  7.83205457E+04  1.20254509E+00  0.00000000E+00
  1.58775664E+06  6.03864620E+06  7.29554180E-09  7.83201851E+04  1.20236169E+00  0.00000000E+00
  1.58810369E+06  6.03835878E+06  7.29653716E-09  7.83198246E+04  1.20217831E+00  0.00000000E+00
  1.58845074E+06  6.03807126E+06  7.29753271E-09  7.83194640E+04  1.20199494E+00  0.00000000E+00
  1.58879779E+06  6.03778365E+06  7.29852848E-09  7.83191034E+04  1.20181159E+00  0.00000000E+00
  1.58914485E+06  6.03749595E+06  7.29952444E-09  7.83187428E+04  1.20162825E+00  0.00000000E+00
  1.58949190E+06  6.03720816E+06  7.30052061E-09  7.83183822E+04  1.20144494E+00  0.00000000E+00
  1.58983895E+06  6.03692028E+06  7.30151699E-09  7.83180216E+04  1.20126163E+00  0.00000000E+00
  1.59018600E+06  6.03663231E+06  7.30251356E-09  7.83176610E+04  1.20107835E+00  0.00000000E+00
  1.59053305E+06  6.03634425E+06  7.30351034E-09  7.83173005E+04  1.20089508E+00  0.00000000E+00
  1.59088010E+06  6.03605611E+06  7.30450733E-09  7.83169399E+04  1.20071183E+00  0.00000000E+00
  1.59122715E+06  6.03576787E+06  7.30550451E-09  7.83165793E+04  1.20052860E+00  0.00000000E+00
  1.59157420E+06  6.03547954E+06  7.30650190E-09  7.83162187E+04  1.20034538E+00  0.00000000E+00
  1.59192125E+06  6.03519113E+06  7.30749950E-09  7.83158581E+04  1.20016218E+00  0.00000000E+00
  1.59226830E+06  6.03490263E+06  7.30849729E-09  7.83154975E+04  1.19997900E+00  0.00000000E+00
  1.59261535E+06  6.03461403E+06  7.30949529E-09  7.83151369E+04  1.19979583E+00  0.00000000E+00
  1.59296240E+06  6.03432535E+06  7.31049349E-09  7.83147764E+04  1.19961268E+00  0.00000000E+00
  1.59330945E+06  6.03403659E+06  7.31149189E-09  7.83144158E+04  1.19942955E+00  0.00000000E+00
  1.59365650E+06  6.03374773E+06  7.31249050E-09  7.83140552E+04  1.19924643E+00  0.00000000E+00
  1.59400355E+06  6.03345879E+06  7.31348930E-09  7.83136946E+04  1.19906333E+00  0.00000000E+00
  1.59435060E+06  6.03316976E+06  7.31448831E-09  7.83133340E+04  1.19888025E+00  0.00000000E+00
  1.59469766E+06  6.03288064E+06  7.31548752E-09  7.83129734E+04  1.19869719E+00  0.00000000E+00
  1.59504471E+06  6.03259143E+06  7.31648693E-09  7.83126129E+04  1.19851414E+00  0.00000000E+00
  1.59539176E+06  6.03230214E+06  7.31748655E-09  7.83122523E+04  1.19833111E+00  0.00000000E+00
  1.59573881E+06  6.03201276E+06  7.31848636E-09  7.83118917E+04  1.19814810E+00  0.00000000E+00
  1.59608586E+06  6.03172329E+06  7.31948638E-09  7.83115311E+04  1.19796511E+00  0.00000000E+00
  1.59643291E+06  6.03143374E+06  7.32048660E-09  7.83111705E+04  1.19778213E+00  0.00000000E+00
  1.59677996E+06  6.03114410E+06  7.32148701E-09  7.83108099E+04  1.19759917E+00  0.00000000E+00
  1.59712701E+06  6.03085437E+06  7.32248763E-09  7.83104493E+04  1.19741623E+00  0.00000000E+00
  1.59747406E+06  6.03056456E+06  7.32348845E-09  7.83100888E+04  1.19723330E+00  0.00000000E+00
  1.59782111E+06  6.03027466E+06  7.32448947E-09  7.83097282E+04  1.19705039E+00  0.00000000E+00
  1.59816816E+06  6.02998468E+06  7.32549069E-09  7.83093676E+04  1.19686750E+00  0.00000000E+00
  1.59851521E+06  6.02969461E+06  7.32649212E-09  7.83090070E+04  1.19668463E+00  0.00000000E+00
  1.59886226E+06  6.02940445E+06  7.32749374E-09  7.83086464E+04  1.19650177E+00  0.00000000E+00
  1.59920931E+06  6.02911421E+06  7.32849556E-09  7.83082858E+04  1.19631893E+00  0.00000000E+00
  1.59955636E+06  6.02882388E+06  7.32949758E-09  7.83079252E+04  1.19613611E+00  0.00000000E+00
  1.59990341E+06  6.02853347E+06  7.33049980E-09  7.83075647E+04  1.19595331E+00  0.00000000E+00
  1.60025047E+06  6.02824298E+06  7.33150222E-09  7.83072041E+04  1.19577053E+00  0.00000000E+00
  1.60059752E+06  6.02795240E+06  7.33250484E-09  7.83068435E+04  1.19558776E+00  0.00000000E+00
  1.60094457E+06  6.02766173E+06  7.33350766E-09  7.83064829E+04  1.19540501E+00  0.00000000E+00
  1.60129162E+06  6.02737098E+06  7.33451068E-09  7.83061223E+04  1.19522228E+00  0.00000000E+00
  1.60163867E+06  6.02708015E+06  7.33551390E-09  7.83057617E+04  1.19503956E+00  0.00000000E+00
  1.60198572E+06  6.02678923E+06  7.33651732E-09  7.83054011E+04  1.19485686E+00  0.00000000E+00
  1.60233277E+06  6.02649823E+06  7.33752094E-09  7.83050406E+04  1.19467419E+00  0.00000000E+00
  1.60267982E+06  6.02620715E+06  7.33852475E-09  7.83046800E+04  1.19449152E+00  0.00000000E+00
  1.60302687E+06  6.02591598E+06  7.33952877E-09  7.83043194E+04  1.19430888E+00  0.00000000E+00
  1.60337392E+06  6.02562473E+06  7.34053298E-09  7.83039588E+04  1.19412626E+00  0.00000000E+00
  1.60372097E+06  6.02533339E+06  7.34153739E-09  7.83035982E+04  1.19394365E+00  0.00000000E+00
  1.60406802E+06  6.02504197E+06  7.34254200E-09  7.83032376E+04  1.19376106E+00  0.00000000E+00
  1.60441507E+06  6.02475047E+06  7.34354681E-09  7.83028770E+04  1.19357849E+00  0.00000000E+00
  1.60476212E+06  6.02445889E+06  7.34455182E-09  7.83025165E+04  1.19339593E+00  0.00000000E+00
  1.60510917E+06  6.02416722E+06  7.34555702E-09  7.83021559E+04  1.19321340E+00  0.00000000E+00
  1.60545622E+06  6.02387548E+06  7.34656242E-09  7.83017953E+04  1.19303088E+00  0.00000000E+00
  1.60580328E+06  6.02358364E+06  7.34756802E-09  7.83014347E+04  1.19284838E+00  0.00000000E+00
  1.60615033E+06  6.02329173E+06  7.34857382E-09  7.83010741E+04  1.19266590E+00  0.00000000E+00
  1.60649738E+06  6.02299974E+06  7.34957981E-09  7.83007135E+04  1.19248343E+00  0.00000000E+00
  1.60684443E+06  6.02270766E+06  7.35058601E-09  7.83003529E+04  1.19230099E+00  0.00000000E+00
  1.60719148E+06  6.02241550E+06  7.35159240E-09  7.82999924E+04  1.19211856E+00  0.00000000E+00
  1.60753853E+06  6.02212326E+06  7.35259898E-09  7.82996318E+04  1.19193615E+00  0.00000000E+00
  1.60788558E+06  6.02183094E+06  7.35360577E-09  7.82992712E+04  1.19175376E+00  0.00000000E+00
  1.60823263E+06  6.02153854E+06  7.35461275E-09  7.82989106E+04  1.19157139E+00  0.00000000E+00
  1.60857968E+06  6.02124606E+06  7.35561992E-09  7.82985500E+04  1.19138904E+00  0.00000000E+00
  1.60892673E+06  6.02095349E+06  7.35662730E-09  7.82981894E+04  1.19120670E+00  0.00000000E+00
  1.60927378E+06  6.02066085E+06  7.35763487E-09  7.82978289E+04  1.19102438E+00  0.00000000E+00
  1.60962083E+06  6.02036812E+06  7.35864263E-09  7.82974683E+04  1.19084208E+00  0.00000000E+00
  1.60996788E+06  6.02007532E+06  7.35965060E-09  7.82971077E+04  1.19065980E+00  0.00000000E+00
  1.61031493E+06  6.01978243E+06  7.36065876E-09  7.82967471E+04  1.19047754E+00  0.00000000E+00
  1.61066198E+06  6.01948946E+06  7.36166711E-09  7.82963865E+04  1.19029530E+00  0.00000000E+00
  1.61100904E+06  6.01919642E+06  7.36267566E-09  7.82960259E+04  1.19011307E+00  0.00000000E+00
  1.61135609E+06  6.01890329E+06  7.36368441E-09  7.82956653E+04  1.18993086E+00  0.00000000E+00
  1.61170314E+06  6.01861009E+06  7.36469335E-09  7.82953048E+04  1.18974868E+00  0.00000000E+00
  1.61205019E+06  6.01831680E+06  7.36570249E-09  7.82949442E+04  1.18956651E+00  0.00000000E+00
  1.61239724E+06  6.01802344E+06  7.36671183E-09  7.82945836E+04  1.18938435E+00  0.00000000E+00
  1.61274429E+06  6.01772999E+06  7.36772136E-09  7.82942230E+04  1.18920222E+00  0.00000000E+00
  1.61309134E+06  6.01743647E+06  7.36873108E-09  7.82938624E+04  1.18902011E+00  0.00000000E+00
  1.61343839E+06  6.01714287E+06  7.36974100E-09  7.82935018E+04  1.18883801E+00  0.00000000E+00
  1.61378544E+06  6.01684919E+06  7.37075111E-09  7.82931412E+04  1.18865593E+00  0.00000000E+00
  1.61413249E+06  6.01655543E+06  7.37176142E-09  7.82927807E+04  1.18847388E+00  0.00000000E+00
  1.61447954E+06  6.01626159E+06  7.37277193E-09  7.82924201E+04  1.18829184E+00  0.00000000E+00
  1.61482659E+06  6.01596768E+06  7.37378263E-09  7.82920595E+04  1.18810982E+00  0.00000000E+00
  1.61517364E+06  6.01567368E+06  7.37479352E-09  7.82916989E+04  1.18792781E+00  0.00000000E+00
  1.61552069E+06  6.01537961E+06  7.37580461E-09  7.82913383E+04  1.18774583E+00  0.00000000E+00
  1.61586774E+06  6.01508546E+06  7.37681589E-09  7.82909777E+04  1.18756387E+00  0.00000000E+00
  1.61621479E+06  6.01479124E+06  7.37782737E-09  7.82906171E+04  1.18738192E+00  0.00000000E+00
  1.61656185E+06  6.01449693E+06  7.37883904E-09  7.82902566E+04  1.18719999E+00  0.00000000E+00
  1.61690890E+06  6.01420255E+06  7.37985090E-09  7.82898960E+04  1.18701809E+00  0.00000000E+00
  1.61725595E+06  6.01390809E+06  7.38086296E-09  7.82895354E+04  1.18683620E+00  0.00000000E+00
  1.61760300E+06  6.01361355E+06  7.38187521E-09  7.82891748E+04  1.18665433E+00  0.00000000E+00
  1.61795005E+06  6.01331894E+06  7.38288766E-09  7.82888142E+04  1.18647248E+00  0.00000000E+00
  1.61829710E+06  6.01302425E+06  7.38390030E-09  7.82884536E+04  1.18629065E+00  0.00000000E+00
  1.61864415E+06  6.01272949E+06  7.38491313E-09  7.82880930E+04  1.18610883E+00  0.00000000E+00
  1.61899120E+06  6.01243464E+06  7.38592615E-09  7.82877325E+04  1.18592704E+00  0.00000000E+00
  1.61933825E+06  6.01213972E+06  7.38693937E-09  7.82873719E+04  1.18574526E+00  0.00000000E+00
  1.61968530E+06  6.01184473E+06  7.38795279E-09  7.82870113E+04  1.18556351E+00  0.00000000E+00
  1.62003235E+06  6.01154966E+06  7.38896639E-09  7.82866507E+04  1.18538177E+00  0.00000000E+00
  1.62037940E+06  6.01125451E+06  7.38998019E-09  7.82862901E+04  1.18520005E+00  0.00000000E+00
  1.62072645E+06  6.01095928E+06  7.39099418E-09  7.82859295E+04  1.18501836E+00  0.00000000E+00
  1.62107350E+06  6.01066399E+06  7.39200836E-09  7.82855689E+04  1.18483668E+00  0.00000000E+00
  1.62142055E+06  6.01036861E+06  7.39302274E-09  7.82852084E+04  1.18465502E+00  0.00000000E+00
  1.62176760E+06  6.01007316E+06  7.39403731E-09  7.82848478E+04  1.18447338E+00  0.00000000E+00
  1.62211466E+06  6.00977764E+06  7.39505207E-09  7.82844872E+04  1.18429176E+00  0.00000000E+00
  1.62246171E+06  6.00948204E+06  7.39606702E-09  7.82841266E+04  1.18411015E+00  0.00000000E+00
  1.62280876E+06  6.00918636E+06  7.39708216E-09  7.82837660E+04  1.18392857E+00  0.00000000E+00
  1.62315581E+06  6.00889061E+06  7.39809750E-09  7.82834054E+04  1.18374701E+00  0.00000000E+00
  1.62350286E+06  6.00859479E+06  7.39911303E-09  7.82830449E+04  1.18356546E+00  0.00000000E+00
  1.62384991E+06  6.00829889E+06  7.40012875E-09  7.82826843E+04  1.18338394E+00  0.00000000E+00
  1.62419696E+06  6.00800292E+06  7.40114466E-09  7.82823237E+04  1.18320243E+00  0.00000000E+00
  1.62454401E+06  6.00770687E+06  7.40216076E-09  7.82819631E+04  1.18302095E+00  0.00000000E+00
  1.62489106E+06  6.00741075E+06  7.40317706E-09  7.82816025E+04  1.18283948E+00  0.00000000E+00
  1.62523811E+06  6.00711455E+06  7.40419354E-09  7.82812419E+04  1.18265803E+00  0.00000000E+00
  1.62558516E+06  6.00681828E+06  7.40521022E-09  7.82808813E+04  1.18247661E+00  0.00000000E+00
  1.62593221E+06  6.00652194E+06  7.40622709E-09  7.82805208E+04  1.18229520E+00  0.00000000E+00
  1.62627926E+06  6.00622552E+06  7.40724415E-09  7.82801602E+04  1.18211381E+00  0.00000000E+00
  1.62662631E+06  6.00592903E+06  7.40826140E-09  7.82797996E+04  1.18193244E+00  0.00000000E+00
  1.62697336E+06  6.00563247E+06  7.40927884E-09  7.82794390E+04  1.18175109E+00  0.00000000E+00
  1.62732041E+06  6.00533584E+06  7.41029647E-09  7.82790784E+04  1.18156976E+00  0.00000000E+00
  1.62766747E+06  6.00503913E+06  7.41131429E-09  7.82787178E+04  1.18138845E+00  0.00000000E+00
  1.62801452E+06  6.00474235E+06  7.41233230E-09  7.82783572E+04  1.18120716E+00  0.00000000E+00
  1.62836157E+06  6.00444549E+06  7.41335050E-09  7.82779967E+04  1.18102589E+00  0.00000000E+00
  1.62870862E+06  6.00414857E+06  7.41436890E-09  7.82776361E+04  1.18084464E+00  0.00000000E+00
  1.62905567E+06  6.00385157E+06  7.41538748E-09  7.82772755E+04  1.18066341E+00  0.00000000E+00
  1.62940272E+06  6.00355450E+06  7.41640625E-09  7.82769149E+04  1.18048220E+00  0.00000000E+00
  1.62974977E+06  6.00325735E+06  7.41742522E-09  7.82765543E+04  1.18030101E+00  0.00000000E+00
  1.63009682E+06  6.00296014E+06  7.41844437E-09  7.82761937E+04  1.18011984E+00  0.00000000E+00
  1.63044387E+06  6.00266285E+06  7.41946371E-09  7.82758331E+04  1.17993868E+00  0.00000000E+00
  1.63079092E+06  6.00236549E+06  7.42048324E-09  7.82754726E+04  1.17975755E+00  0.00000000E+00
  1.63113797E+06  6.00206806E+06  7.42150296E-09  7.82751120E+04  1.17957644E+00  0.00000000E+00
  1.63148502E+06  6.00177056E+06  7.42252288E-09  7.82747514E+04  1.17939535E+00  0.00000000E+00
  1.63183207E+06  6.00147299E+06  7.42354298E-09  7.82743908E+04  1.17921427E+00  0.00000000E+00
  1.63217912E+06  6.00117534E+06  7.42456326E-09  7.82740302E+04  1.17903322E+00  0.00000000E+00
  1.63252617E+06  6.00087763E+06  7.42558374E-09  7.82736696E+04  1.17885219E+00  0.00000000E+00
  1.63287322E+06  6.00057984E+06  7.42660441E-09  7.82733090E+04  1.17867118E+00  0.00000000E+00
  1.63322028E+06  6.00028198E+06  7.42762527E-09  7.82729485E+04  1.17849018E+00  0.00000000E+00
  1.63356733E+06  5.99998406E+06  7.42864631E-09  7.82725879E+04  1.17830921E+00  0.00000000E+00
  1.63391438E+06  5.99968606E+06  7.42966754E-09  7.82722273E+04  1.17812826E+00  0.00000000E+00
  1.63426143E+06  5.99938799E+06  7.43068897E-09  7.82718667E+04  1.17794733E+00  0.00000000E+00
  1.63460848E+06  5.99908985E+06  7.43171058E-09  7.82715061E+04  1.17776641E+00  0.00000000E+00
  1.63495553E+06  5.99879164E+06  7.43273238E-09  7.82711455E+04  1.17758552E+00  0.00000000E+00
  1.63530258E+06  5.99849337E+06  7.43375436E-09  7.82707849E+04  1.17740465E+00  0.00000000E+00
  1.63564963E+06  5.99819502E+06  7.43477654E-09  7.82704244E+04  1.17722380E+00  0.00000000E+00
  1.63599668E+06  5.99789660E+06  7.43579890E-09  7.82700638E+04  1.17704296E+00  0.00000000E+00
  1.63634373E+06  5.99759811E+06  7.43682145E-09  7.82697032E+04  1.17686215E+00  0.00000000E+00
  1.63669078E+06  5.99729956E+06  7.43784419E-09  7.82693426E+04  1.17668136E+00  0.00000000E+00
  1.63703783E+06  5.99700093E+06  7.43886712E-09  7.82689820E+04  1.17650059E+00  0.00000000E+00
  1.63738488E+06  5.99670224E+06  7.43989023E-09  7.82686214E+04  1.17631984E+00  0.00000000E+00
  1.63773193E+06  5.99640347E+06  7.44091354E-09  7.82682609E+04  1.17613911E+00  0.00000000E+00
  1.63807898E+06  5.99610464E+06  7.44193702E-09  7.82679003E+04  1.17595840E+00  0.00000000E+00
  1.63842603E+06  5.99580574E+06  7.44296070E-09  7.82675397E+04  1.17577771E+00  0.00000000E+00
  1.63877309E+06  5.99550677E+06  7.44398457E-09  7.82671791E+04  1.17559704E+00  0.00000000E+00
  1.63912014E+06  5.99520773E+06  7.44500862E-09  7.82668185E+04  1.17541639E+00  0.00000000E+00
  1.63946719E+06  5.99490862E+06  7.44603285E-09  7.82664579E+04  1.17523576E+00  0.00000000E+00
  1.63981424E+06  5.99460945E+06  7.44705728E-09  7.82660973E+04  1.17505515E+00  0.00000000E+00
  1.64016129E+06  5.99431020E+06  7.44808189E-09  7.82657368E+04  1.17487456E+00  0.00000000E+00
  1.64050834E+06  5.99401089E+06  7.44910669E-09  7.82653762E+04  1.17469399E+00  0.00000000E+00
  1.64085539E+06  5.99371151E+06  7.45013168E-09  7.82650156E+04  1.17451345E+00  0.00000000E+00
  1.64120244E+06  5.99341207E+06  7.45115685E-09  7.82646550E+04  1.17433292E+00  0.00000000E+00
  1.64154949E+06  5.99311255E+06  7.45218221E-09  7.82642944E+04  1.17415241E+00  0.00000000E+00
  1.64189654E+06  5.99281297E+06  7.45320775E-09  7.82639338E+04  1.17397193E+00  0.00000000E+00
  1.64224359E+06  5.99251332E+06  7.45423348E-09  7.82635732E+04  1.17379146E+00  0.00000000E+00
  1.64259064E+06  5.99221361E+06  7.45525940E-09  7.82632127E+04  1.17361102E+00  0.00000000E+00
  1.64293769E+06  5.99191382E+06  7.45628550E-09  7.82628521E+04  1.17343059E+00  0.00000000E+00
  1.64328474E+06  5.99161397E+06  7.45731179E-09  7.82624915E+04  1.17325019E+00  0.00000000E+00
  1.64363179E+06  5.99131406E+06  7.45833827E-09  7.82621309E+04  1.17306981E+00  0.00000000E+00
  1.64397885E+06  5.99101407E+06  7.45936493E-09  7.82617703E+04  1.17288944E+00  0.00000000E+00
  1.64432590E+06  5.99071402E+06  7.46039177E-09  7.82614097E+04  1.17270910E+00  0.00000000E+00
  1.64467295E+06  5.99041391E+06  7.46141880E-09  7.82610491E+04  1.17252878E+00  0.00000000E+00
  1.64502000E+06  5.99011372E+06  7.46244602E-09  7.82606886E+04  1.17234848E+00  0.00000000E+00
  1.64536705E+06  5.98981348E+06  7.46347342E-09  7.82603280E+04  1.17216820E+00  0.00000000E+00
  1.64571410E+06  5.98951316E+06  7.46450101E-09  7.82599674E+04  1.17198794E+00  0.00000000E+00
  1.64606115E+06  5.98921278E+06  7.46552879E-09  7.82596068E+04  1.17180771E+00  0.00000000E+00
  1.64640820E+06  5.98891233E+06  7.46655674E-09  7.82592462E+04  1.17162749E+00  0.00000000E+00
  1.64675525E+06  5.98861182E+06  7.46758489E-09  7.82588856E+04  1.17144729E+00  0.00000000E+00
  1.64710230E+06  5.98831124E+06  7.46861322E-09  7.82585250E+04  1.17126712E+00  0.00000000E+00
  1.64744935E+06  5.98801060E+06  7.46964173E-09  7.82581645E+04  1.17108696E+00  0.00000000E+00
  1.64779640E+06  5.98770989E+06  7.47067043E-09  7.82578039E+04  1.17090683E+00  0.00000000E+00
  1.64814345E+06  5.98740912E+06  7.47169931E-09  7.82574433E+04  1.17072672E+00  0.00000000E+00
  1.64849050E+06  5.98710828E+06  7.47272838E-09  7.82570827E+04  1.17054662E+00  0.00000000E+00
  1.64883755E+06  5.98680738E+06  7.47375763E-09  7.82567221E+04  1.17036655E+00  0.00000000E+00
  1.64918460E+06  5.98650641E+06  7.47478706E-09  7.82563615E+04  1.17018650E+00  0.00000000E+00
  1.64953166E+06  5.98620538E+06  7.47581668E-09  7.82560009E+04  1.17000647E+00  0.00000000E+00
  1.64987871E+06  5.98590428E+06  7.47684649E-09  7.82556404E+04  1.16982647E+00  0.00000000E+00
  1.65022576E+06  5.98560312E+06  7.47787648E-09  7.82552798E+04  1.16964648E+00  0.00000000E+00
  1.65057281E+06  5.98530189E+06  7.47890665E-09  7.82549192E+04  1.16946651E+00  0.00000000E+00
  1.65091986E+06  5.98500060E+06  7.47993700E-09  7.82545586E+04  1.16928657E+00  0.00000000E+00
  1.65126691E+06  5.98469925E+06  7.48096754E-09  7.82541980E+04  1.16910664E+00  0.00000000E+00
  1.65161396E+06  5.98439783E+06  7.48199827E-09  7.82538374E+04  1.16892674E+00  0.00000000E+00
  1.65196101E+06  5.98409635E+06  7.48302917E-09  7.82534769E+04  1.16874686E+00  0.00000000E+00
  1.65230806E+06  5.98379480E+06  7.48406026E-09  7.82531163E+04  1.16856700E+00  0.00000000E+00
  1.65265511E+06  5.98349319E+06  7.48509154E-09  7.82527557E+04  1.16838716E+00  0.00000000E+00
  1.65300216E+06  5.98319152E+06  7.48612300E-09  7.82523951E+04  1.16820734E+00  0.00000000E+00
  1.65334921E+06  5.98288979E+06  7.48715464E-09  7.82520345E+04  1.16802754E+00  0.00000000E+00
  1.65369626E+06  5.98258799E+06  7.48818646E-09  7.82516739E+04  1.16784776E+00  0.00000000E+00
  1.65404331E+06  5.98228613E+06  7.48921847E-09  7.82513133E+04  1.16766801E+00  0.00000000E+00
  1.65439036E+06  5.98198420E+06  7.49025066E-09  7.82509528E+04  1.16748828E+00  0.00000000E+00
  1.65473741E+06  5.98168221E+06  7.49128303E-09  7.82505922E+04  1.16730856E+00  0.00000000E+00
  1.65508447E+06  5.98138016E+06  7.49231558E-09  7.82502316E+04  1.16712887E+00  0.00000000E+00
  1.65543152E+06  5.98107805E+06  7.49334832E-09  7.82498710E+04  1.16694920E+00  0.00000000E+00
  1.65577857E+06  5.98077587E+06  7.49438124E-09  7.82495104E+04  1.16676955E+00  0.00000000E+00
  1.65612562E+06  5.98047364E+06  7.49541435E-09  7.82491498E+04  1.16658993E+00  0.00000000E+00
  1.65647267E+06  5.98017134E+06  7.49644763E-09  7.82487892E+04  1.16641032E+00  0.00000000E+00
  1.65681972E+06  5.97986897E+06  7.49748110E-09  7.82484287E+04  1.16623074E+00  0.00000000E+00
  1.65716677E+06  5.97956655E+06  7.49851475E-09  7.82480681E+04  1.16605117E+00  0.00000000E+00
  1.65751382E+06  5.97926406E+06  7.49954858E-09  7.82477075E+04  1.16587163E+00  0.00000000E+00
  1.65786087E+06  5.97896152E+06  7.50058260E-09  7.82473469E+04  1.16569211E+00  0.00000000E+00
  1.65820792E+06  5.97865891E+06  7.50161679E-09  7.82469863E+04  1.16551261E+00  0.00000000E+00
  1.65855497E+06  5.97835624E+06  7.50265117E-09  7.82466257E+04  1.16533313E+00  0.00000000E+00
  1.65890202E+06  5.97805350E+06  7.50368573E-09  7.82462651E+04  1.16515368E+00  0.00000000E+00
  1.65924907E+06  5.97775071E+06  7.50472047E-09  7.82459046E+04  1.16497424E+00  0.00000000E+00
  1.65959612E+06  5.97744786E+06  7.50575540E-09  7.82455440E+04  1.16479483E+00  0.00000000E+00
  1.65994317E+06  5.97714494E+06  7.50679050E-09  7.82451834E+04  1.16461544E+00  0.00000000E+00
  1.66029022E+06  5.97684196E+06  7.50782579E-09  7.82448228E+04  1.16443607E+00  0.00000000E+00
  1.66063728E+06  5.97653893E+06  7.50886125E-09  7.82444622E+04  1.16425672E+00  0.00000000E+00
  1.66098433E+06  5.97623583E+06  7.50989690E-09  7.82441016E+04  1.16407739E+00  0.00000000E+00
  1.66133138E+06  5.97593267E+06  7.51093273E-09  7.82437410E+04  1.16389809E+00  0.00000000E+00
  1.66167843E+06  5.97562945E+06  7.51196874E-09  7.82433805E+04  1.16371880E+00  0.00000000E+00
  1.66202548E+06  5.97532617E+06  7.51300494E-09  7.82430199E+04  1.16353954E+00  0.00000000E+00
  1.66237253E+06  5.97502283E+06  7.51404131E-09  7.82426593E+04  1.16336030E+00  0.00000000E+00
  1.66271958E+06  5.97471943E+06  7.51507786E-09  7.82422987E+04  1.16318108E+00  0.00000000E+00
  1.66306663E+06  5.97441597E+06  7.51611460E-09  7.82419381E+04  1.16300188E+00  0.00000000E+00
  1.66341368E+06  5.97411245E+06  7.51715151E-09  7.82415775E+04  1.16282271E+00  0.00000000E+00
  1.66376073E+06  5.97380887E+06  7.51818861E-09  7.82412169E+04  1.16264356E+00  0.00000000E+00
  1.66410778E+06  5.97350523E+06  7.51922589E-09  7.82408564E+04  1.16246442E+00  0.00000000E+00
  1.66445483E+06  5.97320153E+06  7.52026334E-09  7.82404958E+04  1.16228531E+00  0.00000000E+00
  1.66480188E+06  5.97289778E+06  7.52130098E-09  7.82401352E+04  1.16210622E+00  0.00000000E+00
  1.66514893E+06  5.97259396E+06  7.52233880E-09  7.82397746E+04  1.16192716E+00  0.00000000E+00
  1.66549598E+06  5.97229008E+06  7.52337680E-09  7.82394140E+04  1.16174811E+00  0.00000000E+00
  1.66584303E+06  5.97198615E+06  7.52441497E-09  7.82390534E+04  1.16156909E+00  0.00000000E+00
  1.66619009E+06  5.97168215E+06  7.52545333E-09  7.82386929E+04  1.16139009E+00  0.00000000E+00
  1.66653714E+06  5.97137810E+06  7.52649187E-09  7.82383323E+04  1.16121111E+00  0.00000000E+00
  1.66688419E+06  5.97107399E+06  7.52753059E-09  7.82379717E+04  1.16103215E+00  0.00000000E+00
  1.66723124E+06  5.97076981E+06  7.52856949E-09  7.82376111E+04  1.16085321E+00  0.00000000E+00
  1.66757829E+06  5.97046559E+06  7.52960856E-09  7.82372505E+04  1.16067430E+00  0.00000000E+00
  1.66792534E+06  5.97016130E+06  7.53064782E-09  7.82368899E+04  1.16049541E+00  0.00000000E+00
  1.66827239E+06  5.96985695E+06  7.53168725E-09  7.82365293E+04  1.16031654E+00  0.00000000E+00
  1.66861944E+06  5.96955255E+06  7.53272687E-09  7.82361688E+04  1.16013769E+00  0.00000000E+00
  1.66896649E+06  5.96924808E+06  7.53376667E-09  7.82358082E+04  1.15995886E+00  0.00000000E+00
  1.66931354E+06  5.96894356E+06  7.53480664E-09  7.82354476E+04  1.15978006E+00  0.00000000E+00
  1.66966059E+06  5.96863899E+06  7.53584679E-09  7.82350870E+04  1.15960128E+00  0.00000000E+00
  1.67000764E+06  5.96833435E+06  7.53688712E-09  7.82347264E+04  1.15942252E+00  0.00000000E+00
  1.67035469E+06  5.96802966E+06  7.53792764E-09  7.82343658E+04  1.15924378E+00  0.00000000E+00
  1.67070174E+06  5.96772490E+06  7.53896833E-09  7.82340052E+04  1.15906506E+00  0.00000000E+00
  1.67104879E+06  5.96742010E+06  7.54000920E-09  7.82336447E+04  1.15888637E+00  0.00000000E+00
  1.67139585E+06  5.96711523E+06  7.54105024E-09  7.82332841E+04  1.15870770E+00  0.00000000E+00
  1.67174290E+06  5.96681031E+06  7.54209147E-09  7.82329235E+04  1.15852905E+00  0.00000000E+00
  1.67208995E+06  5.96650533E+06  7.54313288E-09  7.82325629E+04  1.15835042E+00  0.00000000E+00
  1.67243700E+06  5.96620029E+06  7.54417446E-09  7.82322023E+04  1.15817181E+00  0.00000000E+00
  1.67278405E+06  5.96589520E+06  7.54521622E-09  7.82318417E+04  1.15799323E+00  0.00000000E+00
  1.67313110E+06  5.96559005E+06  7.54625816E-09  7.82314811E+04  1.15781467E+00  0.00000000E+00
  1.67347815E+06  5.96528484E+06  7.54730028E-09  7.82311206E+04  1.15763613E+00  0.00000000E+00
  1.67382520E+06  5.96497957E+06  7.54834258E-09  7.82307600E+04  1.15745761E+00  0.00000000E+00
  1.67417225E+06  5.96467425E+06  7.54938505E-09  7.82303994E+04  1.15727912E+00  0.00000000E+00
  1.67451930E+06  5.96436888E+06  7.55042770E-09  7.82300388E+04  1.15710065E+00  0.00000000E+00
  1.67486635E+06  5.96406344E+06  7.55147054E-09  7.82296782E+04  1.15692219E+00  0.00000000E+00
  1.67521340E+06  5.96375795E+06  7.55251354E-09  7.82293176E+04  1.15674377E+00  0.00000000E+00
  1.67556045E+06  5.96345241E+06  7.55355673E-09  7.82289570E+04  1.15656536E+00  0.00000000E+00
  1.67590750E+06  5.96314681E+06  7.55460010E-09  7.82285965E+04  1.15638698E+00  0.00000000E+00
  1.67625455E+06  5.96284115E+06  7.55564364E-09  7.82282359E+04  1.15620862E+00  0.00000000E+00
  1.67660160E+06  5.96253544E+06  7.55668736E-09  7.82278753E+04  1.15603028E+00  0.00000000E+00
  1.67694866E+06  5.96222967E+06  7.55773125E-09  7.82275147E+04  1.15585196E+00  0.00000000E+00
  1.67729571E+06  5.96192385E+06  7.55877533E-09  7.82271541E+04  1.15567367E+00  0.00000000E+00
  1.67764276E+06  5.96161797E+06  7.55981958E-09  7.82267935E+04  1.15549539E+00  0.00000000E+00
  1.67798981E+06  5.96131203E+06  7.56086401E-09  7.82264329E+04  1.15531714E+00  0.00000000E+00
  1.67833686E+06  5.96100605E+06  7.56190862E-09  7.82260724E+04  1.15513892E+00  0.00000000E+00
  1.67868391E+06  5.96070000E+06  7.56295340E-09  7.82257118E+04  1.15496071E+00  0.00000000E+00
  1.67903096E+06  5.96039390E+06  7.56399836E-09  7.82253512E+04  1.15478253E+00  0.00000000E+00
  1.67937801E+06  5.96008775E+06  7.56504350E-09  7.82249906E+04  1.15460437E+00  0.00000000E+00
  1.67972506E+06  5.95978154E+06  7.56608881E-09  7.82246300E+04  1.15442623E+00  0.00000000E+00
  1.68007211E+06  5.95947527E+06  7.56713430E-09  7.82242694E+04  1.15424812E+00  0.00000000E+00
  1.68041916E+06  5.95916896E+06  7.56817997E-09  7.82239089E+04  1.15407002E+00  0.00000000E+00
  1.68076621E+06  5.95886258E+06  7.56922581E-09  7.82235483E+04  1.15389195E+00  0.00000000E+00
  1.68111326E+06  5.95855616E+06  7.57027184E-09  7.82231877E+04  1.15371391E+00  0.00000000E+00
  1.68146031E+06  5.95824968E+06  7.57131803E-09  7.82228271E+04  1.15353588E+00  0.00000000E+00
  1.68180736E+06  5.95794314E+06  7.57236441E-09  7.82224665E+04  1.15335788E+00  0.00000000E+00
  1.68215441E+06  5.95763655E+06  7.57341096E-09  7.82221059E+04  1.15317990E+00  0.00000000E+00
  1.68250147E+06  5.95732991E+06  7.57445768E-09  7.82217453E+04  1.15300194E+00  0.00000000E+00
  1.68284852E+06  5.95702321E+06  7.57550459E-09  7.82213848E+04  1.15282401E+00  0.00000000E+00
  1.68319557E+06  5.95671646E+06  7.57655166E-09  7.82210242E+04  1.15264609E+00  0.00000000E+00
  1.68354262E+06  5.95640966E+06  7.57759892E-09  7.82206636E+04  1.15246820E+00  0.00000000E+00
  1.68388967E+06  5.95610280E+06  7.57864635E-09  7.82203030E+04  1.15229034E+00  0.00000000E+00
  1.68423672E+06  5.95579589E+06  7.57969396E-09  7.82199424E+04  1.15211249E+00  0.00000000E+00
  1.68458377E+06  5.95548893E+06  7.58074174E-09  7.82195818E+04  1.15193467E+00  0.00000000E+00
  1.68493082E+06  5.95518191E+06  7.58178970E-09  7.82192212E+04  1.15175687E+00  0.00000000E+00
  1.68527787E+06  5.95487484E+06  7.58283783E-09  7.82188607E+04  1.15157909E+00  0.00000000E+00
  1.68562492E+06  5.95456771E+06  7.58388614E-09  7.82185001E+04  1.15140134E+00  0.00000000E+00
  1.68597197E+06  5.95426054E+06  7.58493462E-09  7.82181395E+04  1.15122361E+00  0.00000000E+00
  1.68631902E+06  5.95395331E+06  7.58598329E-09  7.82177789E+04  1.15104590E+00  0.00000000E+00
  1.68666607E+06  5.95364603E+06  7.58703212E-09  7.82174183E+04  1.15086821E+00  0.00000000E+00
  1.68701312E+06  5.95333869E+06  7.58808113E-09  7.82170577E+04  1.15069055E+00  0.00000000E+00
  1.68736017E+06  5.95303130E+06  7.58913032E-09  7.82166971E+04  1.15051291E+00  0.00000000E+00
  1.68770722E+06  5.95272387E+06  7.59017968E-09  7.82163366E+04  1.15033529E+00  0.00000000E+00
  1.68805428E+06  5.95241637E+06  7.59122922E-09  7.82159760E+04  1.15015770E+00  0.00000000E+00
  1.68840133E+06  5.95210883E+06  7.59227893E-09  7.82156154E+04  1.14998013E+00  0.00000000E+00
  1.68874838E+06  5.95180123E+06  7.59332881E-09  7.82152548E+04  1.14980258E+00  0.00000000E+00
  1.68909543E+06  5.95149359E+06  7.59437887E-09  7.82148942E+04  1.14962505E+00  0.00000000E+00
  1.68944248E+06  5.95118589E+06  7.59542911E-09  7.82145336E+04  1.14944755E+00  0.00000000E+00
  1.68978953E+06  5.95087814E+06  7.59647952E-09  7.82141730E+04  1.14927007E+00  0.00000000E+00
  1.69013658E+06  5.95057033E+06  7.59753011E-09  7.82138125E+04  1.14909261E+00  0.00000000E+00
  1.69048363E+06  5.95026248E+06  7.59858087E-09  7.82134519E+04  1.14891518E+00  0.00000000E+00
  1.69083068E+06  5.94995457E+06  7.59963180E-09  7.82130913E+04  1.14873776E+00  0.00000000E+00
  1.69117773E+06  5.94964661E+06  7.60068291E-09  7.82127307E+04  1.14856038E+00  0.00000000E+00
  1.69152478E+06  5.94933860E+06  7.60173419E-09  7.82123701E+04  1.14838301E+00  0.00000000E+00
  1.69187183E+06  5.94903054E+06  7.60278565E-09  7.82120095E+04  1.14820567E+00  0.00000000E+00
  1.69221888E+06  5.94872243E+06  7.60383728E-09  7.82116489E+04  1.14802835E+00  0.00000000E+00
  1.69256593E+06  5.94841427E+06  7.60488909E-09  7.82112884E+04  1.14785105E+00  0.00000000E+00
  1.69291298E+06  5.94810606E+06  7.60594107E-09  7.82109278E+04  1.14767378E+00  0.00000000E+00
  1.69326003E+06  5.94779779E+06  7.60699322E-09  7.82105672E+04  1.14749652E+00  0.00000000E+00
  1.69360709E+06  5.94748948E+06  7.60804555E-09  7.82102066E+04  1.14731930E+00  0.00000000E+00
  1.69395414E+06  5.94718111E+06  7.60909805E-09  7.82098460E+04  1.14714209E+00  0.00000000E+00
  1.69430119E+06  5.94687270E+06  7.61015072E-09  7.82094854E+04  1.14696491E+00  0.00000000E+00
  1.69464824E+06  5.94656423E+06  7.61120357E-09  7.82091249E+04  1.14678775E+00  0.00000000E+00
  1.69499529E+06  5.94625572E+06  7.61225660E-09  7.82087643E+04  1.14661061E+00  0.00000000E+00
  1.69534234E+06  5.94594715E+06  7.61330979E-09  7.82084037E+04  1.14643350E+00  0.00000000E+00
  1.69568939E+06  5.94563853E+06  7.61436316E-09  7.82080431E+04  1.14625641E+00  0.00000000E+00
  1.69603644E+06  5.94532987E+06  7.61541671E-09  7.82076825E+04  1.14607934E+00  0.00000000E+00
  1.69638349E+06  5.94502115E+06  7.61647042E-09  7.82073219E+04  1.14590230E+00  0.00000000E+00
  1.69673054E+06  5.94471238E+06  7.61752431E-09  7.82069613E+04  1.14572528E+00  0.00000000E+00
  1.69707759E+06  5.94440357E+06  7.61857838E-09  7.82066008E+04  1.14554828E+00  0.00000000E+00
  1.69742464E+06  5.94409470E+06  7.61963261E-09  7.82062402E+04  1.14537131E+00  0.00000000E+00
  1.69777169E+06  5.94378578E+06  7.62068702E-09  7.82058796E+04  1.14519436E+00  0.00000000E+00
  1.69811874E+06  5.94347682E+06  7.62174160E-09  7.82055190E+04  1.14501743E+00  0.00000000E+00
  1.69846579E+06  5.94316780E+06  7.62279636E-09  7.82051584E+04  1.14484052E+00  0.00000000E+00
  1.69881284E+06  5.94285874E+06  7.62385129E-09  7.82047978E+04  1.14466364E+00  0.00000000E+00
  1.69915990E+06  5.94254963E+06  7.62490639E-09  7.82044372E+04  1.14448679E+00  0.00000000E+00
  1.69950695E+06  5.94224047E+06  7.62596166E-09  7.82040767E+04  1.14430995E+00  0.00000000E+00
  1.69985400E+06  5.94193126E+06  7.62701711E-09  7.82037161E+04  1.14413314E+00  0.00000000E+00
  1.70020105E+06  5.94162200E+06  7.62807273E-09  7.82033555E+04  1.14395635E+00  0.00000000E+00
  1.70054810E+06  5.94131269E+06  7.62912852E-09  7.82029949E+04  1.14377958E+00  0.00000000E+00
  1.70089515E+06  5.94100333E+06  7.63018448E-09  7.82026343E+04  1.14360284E+00  0.00000000E+00
  1.70124220E+06  5.94069392E+06  7.63124062E-09  7.82022737E+04  1.14342612E+00  0.00000000E+00
  1.70158925E+06  5.94038447E+06  7.63229693E-09  7.82019131E+04  1.14324943E+00  0.00000000E+00
  1.70193630E+06  5.94007497E+06  7.63335341E-09  7.82015526E+04  1.14307276E+00  0.00000000E+00
  1.70228335E+06  5.93976542E+06  7.63441006E-09  7.82011920E+04  1.14289611E+00  0.00000000E+00
  1.70263040E+06  5.93945582E+06  7.63546689E-09  7.82008314E+04  1.14271948E+00  0.00000000E+00
  1.70297745E+06  5.93914617E+06  7.63652389E-09  7.82004708E+04  1.14254288E+00  0.00000000E+00
  1.70332450E+06  5.93883647E+06  7.63758106E-09  7.82001102E+04  1.14236630E+00  0.00000000E+00
  1.70367155E+06  5.93852673E+06  7.63863840E-09  7.81997496E+04  1.14218974E+00  0.00000000E+00
  1.70401860E+06  5.93821694E+06  7.63969591E-09  7.81993890E+04  1.14201321E+00  0.00000000E+00
  1.70436566E+06  5.93790710E+06  7.64075360E-09  7.81990285E+04  1.14183670E+00  0.00000000E+00
  1.70471271E+06  5.93759721E+06  7.64181146E-09  7.81986679E+04  1.14166022E+00  0.00000000E+00
  1.70505976E+06  5.93728728E+06  7.64286949E-09  7.81983073E+04  1.14148376E+00  0.00000000E+00
  1.70540681E+06  5.93697730E+06  7.64392769E-09  7.81979467E+04  1.14130732E+00  0.00000000E+00
  1.70575386E+06  5.93666727E+06  7.64498606E-09  7.81975861E+04  1.14113090E+00  0.00000000E+00
  1.70610091E+06  5.93635719E+06  7.64604460E-09  7.81972255E+04  1.14095451E+00  0.00000000E+00
  1.70644796E+06  5.93604706E+06  7.64710332E-09  7.81968649E+04  1.14077814E+00  0.00000000E+00
  1.70679501E+06  5.93573689E+06  7.64816220E-09  7.81965044E+04  1.14060180E+00  0.00000000E+00
  1.70714206E+06  5.93542668E+06  7.64922126E-09  7.81961438E+04  1.14042548E+00  0.00000000E+00
  1.70748911E+06  5.93511641E+06  7.65028049E-09  7.81957832E+04  1.14024918E+00  0.00000000E+00
  1.70783616E+06  5.93480610E+06  7.65133989E-09  7.81954226E+04  1.14007291E+00  0.00000000E+00
  1.70818321E+06  5.93449574E+06  7.65239946E-09  7.81950620E+04  1.13989666E+00  0.00000000E+00
  1.70853026E+06  5.93418533E+06  7.65345921E-09  7.81947014E+04  1.13972043E+00  0.00000000E+00
  1.70887731E+06  5.93387488E+06  7.65451912E-09  7.81943409E+04  1.13954422E+00  0.00000000E+00
  1.70922436E+06  5.93356438E+06  7.65557920E-09  7.81939803E+04  1.13936804E+00  0.00000000E+00
  1.70957141E+06  5.93325384E+06  7.65663946E-09  7.81936197E+04  1.13919189E+00  0.00000000E+00
  1.70991847E+06  5.93294325E+06  7.65769988E-09  7.81932591E+04  1.13901576E+00  0.00000000E+00
  1.71026552E+06  5.93263261E+06  7.65876048E-09  7.81928985E+04  1.13883965E+00  0.00000000E+00
  1.71061257E+06  5.93232192E+06  7.65982125E-09  7.81925379E+04  1.13866356E+00  0.00000000E+00
  1.71095962E+06  5.93201119E+06  7.66088219E-09  7.81921773E+04  1.13848750E+00  0.00000000E+00
  1.71130667E+06  5.93170042E+06  7.66194330E-09  7.81918168E+04  1.13831146E+00  0.00000000E+00
  1.71165372E+06  5.93138960E+06  7.66300458E-09  7.81914562E+04  1.13813545E+00  0.00000000E+00
  1.71200077E+06  5.93107873E+06  7.66406603E-09  7.81910956E+04  1.13795945E+00  0.00000000E+00
  1.71234782E+06  5.93076781E+06  7.66512765E-09  7.81907350E+04  1.13778349E+00  0.00000000E+00
  1.71269487E+06  5.93045686E+06  7.66618944E-09  7.81903744E+04  1.13760754E+00  0.00000000E+00
  1.71304192E+06  5.93014585E+06  7.66725140E-09  7.81900138E+04  1.13743162E+00  0.00000000E+00
  1.71338897E+06  5.92983480E+06  7.66831353E-09  7.81896532E+04  1.13725573E+00  0.00000000E+00
  1.71373602E+06  5.92952371E+06  7.66937583E-09  7.81892927E+04  1.13707985E+00  0.00000000E+00
  1.71408307E+06  5.92921256E+06  7.67043830E-09  7.81889321E+04  1.13690401E+00  0.00000000E+00
  1.71443012E+06  5.92890138E+06  7.67150094E-09  7.81885715E+04  1.13672818E+00  0.00000000E+00
  1.71477717E+06  5.92859015E+06  7.67256375E-09  7.81882109E+04  1.13655238E+00  0.00000000E+00
  1.71512422E+06  5.92827887E+06  7.67362673E-09  7.81878503E+04  1.13637660E+00  0.00000000E+00
  1.71547128E+06  5.92796755E+06  7.67468988E-09  7.81874897E+04  1.13620085E+00  0.00000000E+00
  1.71581833E+06  5.92765618E+06  7.67575320E-09  7.81871291E+04  1.13602512E+00  0.00000000E+00
  1.71616538E+06  5.92734477E+06  7.67681669E-09  7.81867686E+04  1.13584941E+00  0.00000000E+00
  1.71651243E+06  5.92703332E+06  7.67788035E-09  7.81864080E+04  1.13567373E+00  0.00000000E+00
  1.71685948E+06  5.92672182E+06  7.67894418E-09  7.81860474E+04  1.13549807E+00  0.00000000E+00
  1.71720653E+06  5.92641027E+06  7.68000818E-09  7.81856868E+04  1.13532243E+00  0.00000000E+00
  1.71755358E+06  5.92609868E+06  7.68107235E-09  7.81853262E+04  1.13514682E+00  0.00000000E+00
  1.71790063E+06  5.92578705E+06  7.68213669E-09  7.81849656E+04  1.13497123E+00  0.00000000E+00
  1.71824768E+06  5.92547537E+06  7.68320119E-09  7.81846050E+04  1.13479567E+00  0.00000000E+00
  1.71859473E+06  5.92516365E+06  7.68426587E-09  7.81842445E+04  1.13462013E+00  0.00000000E+00
  1.71894178E+06  5.92485189E+06  7.68533072E-09  7.81838839E+04  1.13444462E+00  0.00000000E+00
  1.71928883E+06  5.92454008E+06  7.68639573E-09  7.81835233E+04  1.13426912E+00  0.00000000E+00
  1.71963588E+06  5.92422822E+06  7.68746092E-09  7.81831627E+04  1.13409366E+00  0.00000000E+00
  1.71998293E+06  5.92391632E+06  7.68852627E-09  7.81828021E+04  1.13391821E+00  0.00000000E+00
  1.72032998E+06  5.92360438E+06  7.68959179E-09  7.81824415E+04  1.13374279E+00  0.00000000E+00
  1.72067703E+06  5.92329240E+06  7.69065748E-09  7.81820809E+04  1.13356739E+00  0.00000000E+00
  1.72102409E+06  5.92298037E+06  7.69172334E-09  7.81817204E+04  1.13339202E+00  0.00000000E+00
  1.72137114E+06  5.92266830E+06  7.69278937E-09  7.81813598E+04  1.13321667E+00  0.00000000E+00
  1.72171819E+06  5.92235618E+06  7.69385557E-09  7.81809992E+04  1.13304135E+00  0.00000000E+00
  1.72206524E+06  5.92204402E+06  7.69492193E-09  7.81806386E+04  1.13286605E+00  0.00000000E+00
  1.72241229E+06  5.92173182E+06  7.69598847E-09  7.81802780E+04  1.13269077E+00  0.00000000E+00
  1.72275934E+06  5.92141958E+06  7.69705517E-09  7.81799174E+04  1.13251552E+00  0.00000000E+00
  1.72310639E+06  5.92110729E+06  7.69812204E-09  7.81795569E+04  1.13234029E+00  0.00000000E+00
  1.72345344E+06  5.92079496E+06  7.69918908E-09  7.81791963E+04  1.13216508E+00  0.00000000E+00
  1.72380049E+06  5.92048258E+06  7.70025629E-09  7.81788357E+04  1.13198990E+00  0.00000000E+00
  1.72414754E+06  5.92017016E+06  7.70132367E-09  7.81784751E+04  1.13181475E+00  0.00000000E+00
  1.72449459E+06  5.91985770E+06  7.70239121E-09  7.81781145E+04  1.13163961E+00  0.00000000E+00
  1.72484164E+06  5.91954520E+06  7.70345893E-09  7.81777539E+04  1.13146451E+00  0.00000000E+00
  1.72518869E+06  5.91923266E+06  7.70452681E-09  7.81773933E+04  1.13128942E+00  0.00000000E+00
  1.72553574E+06  5.91892007E+06  7.70559486E-09  7.81770328E+04  1.13111436E+00  0.00000000E+00
  1.72588279E+06  5.91860744E+06  7.70666308E-09  7.81766722E+04  1.13093932E+00  0.00000000E+00
  1.72622984E+06  5.91829476E+06  7.70773146E-09  7.81763116E+04  1.13076431E+00  0.00000000E+00
  1.72657690E+06  5.91798205E+06  7.70880002E-09  7.81759510E+04  1.13058932E+00  0.00000000E+00
  1.72692395E+06  5.91766929E+06  7.70986874E-09  7.81755904E+04  1.13041436E+00  0.00000000E+00
  1.72727100E+06  5.91735649E+06  7.71093763E-09  7.81752298E+04  1.13023942E+00  0.00000000E+00
  1.72761805E+06  5.91704365E+06  7.71200669E-09  7.81748692E+04  1.13006450E+00  0.00000000E+00
  1.72796510E+06  5.91673077E+06  7.71307591E-09  7.81745087E+04  1.12988961E+00  0.00000000E+00
  1.72831215E+06  5.91641784E+06  7.71414531E-09  7.81741481E+04  1.12971474E+00  0.00000000E+00
  1.72865920E+06  5.91610488E+06  7.71521487E-09  7.81737875E+04  1.12953990E+00  0.00000000E+00
  1.72900625E+06  5.91579187E+06  7.71628459E-09  7.81734269E+04  1.12936508E+00  0.00000000E+00
  1.72935330E+06  5.91547882E+06  7.71735449E-09  7.81730663E+04  1.12919028E+00  0.00000000E+00
  1.72970035E+06  5.91516573E+06  7.71842455E-09  7.81727057E+04  1.12901551E+00  0.00000000E+00
  1.73004740E+06  5.91485259E+06  7.71949478E-09  7.81723451E+04  1.12884077E+00  0.00000000E+00
  1.73039445E+06  5.91453942E+06  7.72056518E-09  7.81719846E+04  1.12866604E+00  0.00000000E+00
  1.73074150E+06  5.91422620E+06  7.72163575E-09  7.81716240E+04  1.12849134E+00  0.00000000E+00
  1.73108855E+06  5.91391294E+06  7.72270648E-09  7.81712634E+04  1.12831667E+00  0.00000000E+00
  1.73143560E+06  5.91359965E+06  7.72377738E-09  7.81709028E+04  1.12814202E+00  0.00000000E+00
  1.73178266E+06  5.91328631E+06  7.72484845E-09  7.81705422E+04  1.12796739E+00  0.00000000E+00
  1.73212971E+06  5.91297293E+06  7.72591968E-09  7.81701816E+04  1.12779279E+00  0.00000000E+00
  1.73247676E+06  5.91265950E+06  7.72699108E-09  7.81698210E+04  1.12761821E+00  0.00000000E+00
  1.73282381E+06  5.91234604E+06  7.72806265E-09  7.81694605E+04  1.12744366E+00  0.00000000E+00
  1.73317086E+06  5.91203254E+06  7.72913438E-09  7.81690999E+04  1.12726913E+00  0.00000000E+00
  1.73351791E+06  5.91171900E+06  7.73020629E-09  7.81687393E+04  1.12709463E+00  0.00000000E+00
  1.73386496E+06  5.91140541E+06  7.73127836E-09  7.81683787E+04  1.12692015E+00  0.00000000E+00
  1.73421201E+06  5.91109179E+06  7.73235059E-09  7.81680181E+04  1.12674569E+00  0.00000000E+00
  1.73455906E+06  5.91077812E+06  7.73342299E-09  7.81676575E+04  1.12657126E+00  0.00000000E+00
  1.73490611E+06  5.91046442E+06  7.73449556E-09  7.81672969E+04  1.12639685E+00  0.00000000E+00
  1.73525316E+06  5.91015067E+06  7.73556830E-09  7.81669364E+04  1.12622247E+00  0.00000000E+00
  1.73560021E+06  5.90983688E+06  7.73664120E-09  7.81665758E+04  1.12604811E+00  0.00000000E+00
  1.73594726E+06  5.90952306E+06  7.73771427E-09  7.81662152E+04  1.12587377E+00  0.00000000E+00
  1.73629431E+06  5.90920919E+06  7.73878750E-09  7.81658546E+04  1.12569946E+00  0.00000000E+00
  1.73664136E+06  5.90889528E+06  7.73986090E-09  7.81654940E+04  1.12552518E+00  0.00000000E+00
  1.73698841E+06  5.90858134E+06  7.74093447E-09  7.81651334E+04  1.12535092E+00  0.00000000E+00
  1.73733547E+06  5.90826735E+06  7.74200821E-09  7.81647729E+04  1.12517668E+00  0.00000000E+00
  1.73768252E+06  5.90795332E+06  7.74308211E-09  7.81644123E+04  1.12500247E+00  0.00000000E+00
  1.73802957E+06  5.90763926E+06  7.74415617E-09  7.81640517E+04  1.12482828E+00  0.00000000E+00
  1.73837662E+06  5.90732515E+06  7.74523041E-09  7.81636911E+04  1.12465411E+00  0.00000000E+00
  1.73872367E+06  5.90701101E+06  7.74630480E-09  7.81633305E+04  1.12447997E+00  0.00000000E+00
  1.73907072E+06  5.90669682E+06  7.74737937E-09  7.81629699E+04  1.12430586E+00  0.00000000E+00
  1.73941777E+06  5.90638260E+06  7.74845410E-09  7.81626093E+04  1.12413177E+00  0.00000000E+00
  1.73976482E+06  5.90606834E+06  7.74952900E-09  7.81622488E+04  1.12395770E+00  0.00000000E+00
  1.74011187E+06  5.90575404E+06  7.75060406E-09  7.81618882E+04  1.12378366E+00  0.00000000E+00
  1.74045892E+06  5.90543969E+06  7.75167929E-09  7.81615276E+04  1.12360964E+00  0.00000000E+00
  1.74080597E+06  5.90512531E+06  7.75275468E-09  7.81611670E+04  1.12343565E+00  0.00000000E+00
  1.74115302E+06  5.90481089E+06  7.75383024E-09  7.81608064E+04  1.12326168E+00  0.00000000E+00
  1.74150007E+06  5.90449644E+06  7.75490597E-09  7.81604458E+04  1.12308773E+00  0.00000000E+00
  1.74184712E+06  5.90418194E+06  7.75598186E-09  7.81600852E+04  1.12291381E+00  0.00000000E+00
  1.74219417E+06  5.90386740E+06  7.75705792E-09  7.81597247E+04  1.12273992E+00  0.00000000E+00
  1.74254122E+06  5.90355283E+06  7.75813414E-09  7.81593641E+04  1.12256605E+00  0.00000000E+00
  1.74288828E+06  5.90323821E+06  7.75921053E-09  7.81590035E+04  1.12239220E+00  0.00000000E+00
  1.74323533E+06  5.90292356E+06  7.76028708E-09  7.81586429E+04  1.12221838E+00  0.00000000E+00
  1.74358238E+06  5.90260887E+06  7.76136380E-09  7.81582823E+04  1.12204458E+00  0.00000000E+00
  1.74392943E+06  5.90229414E+06  7.76244068E-09  7.81579217E+04  1.12187081E+00  0.00000000E+00
  1.74427648E+06  5.90197937E+06  7.76351773E-09  7.81575611E+04  1.12169706E+00  0.00000000E+00
  1.74462353E+06  5.90166457E+06  7.76459495E-09  7.81572006E+04  1.12152334E+00  0.00000000E+00
  1.74497058E+06  5.90134972E+06  7.76567233E-09  7.81568400E+04  1.12134964E+00  0.00000000E+00
  1.74531763E+06  5.90103484E+06  7.76674987E-09  7.81564794E+04  1.12117596E+00  0.00000000E+00
  1.74566468E+06  5.90071992E+06  7.76782758E-09  7.81561188E+04  1.12100231E+00  0.00000000E+00
  1.74601173E+06  5.90040496E+06  7.76890546E-09  7.81557582E+04  1.12082869E+00  0.00000000E+00
  1.74635878E+06  5.90008997E+06  7.76998350E-09  7.81553976E+04  1.12065509E+00  0.00000000E+00
  1.74670583E+06  5.89977494E+06  7.77106170E-09  7.81550370E+04  1.12048151E+00  0.00000000E+00
  1.74705288E+06  5.89945986E+06  7.77214007E-09  7.81546765E+04  1.12030796E+00  0.00000000E+00
  1.74739993E+06  5.89914475E+06  7.77321861E-09  7.81543159E+04  1.12013443E+00  0.00000000E+00
  1.74774698E+06  5.89882961E+06  7.77429731E-09  7.81539553E+04  1.11996093E+00  0.00000000E+00
  1.74809403E+06  5.89851442E+06  7.77537617E-09  7.81535947E+04  1.11978745E+00  0.00000000E+00
  1.74844109E+06  5.89819920E+06  7.77645520E-09  7.81532341E+04  1.11961400E+00  0.00000000E+00
  1.74878814E+06  5.89788394E+06  7.77753440E-09  7.81528735E+04  1.11944057E+00  0.00000000E+00
  1.74913519E+06  5.89756865E+06  7.77861375E-09  7.81525129E+04  1.11926717E+00  0.00000000E+00
  1.74948224E+06  5.89725331E+06  7.77969328E-09  7.81521524E+04  1.11909379E+00  0.00000000E+00
  1.74982929E+06  5.89693794E+06  7.78077297E-09  7.81517918E+04  1.11892043E+00  0.00000000E+00
  1.75017634E+06  5.89662253E+06  7.78185282E-09  7.81514312E+04  1.11874710E+00  0.00000000E+00
  1.75052339E+06  5.89630709E+06  7.78293283E-09  7.81510706E+04  1.11857380E+00  0.00000000E+00
  1.75087044E+06  5.89599160E+06  7.78401301E-09  7.81507100E+04  1.11840052E+00  0.00000000E+00
  1.75121749E+06  5.89567609E+06  7.78509336E-09  7.81503494E+04  1.11822726E+00  0.00000000E+00
  1.75156454E+06  5.89536053E+06  7.78617387E-09  7.81499889E+04  1.11805403E+00  0.00000000E+00
  1.75191159E+06  5.89504494E+06  7.78725454E-09  7.81496283E+04  1.11788082E+00  0.00000000E+00
  1.75225864E+06  5.89472931E+06  7.78833538E-09  7.81492677E+04  1.11770764E+00  0.00000000E+00
  1.75260569E+06  5.89441364E+06  7.78941638E-09  7.81489071E+04  1.11753448E+00  0.00000000E+00
  1.75295274E+06  5.89409794E+06  7.79049755E-09  7.81485465E+04  1.11736135E+00  0.00000000E+00
  1.75329979E+06  5.89378220E+06  7.79157888E-09  7.81481859E+04  1.11718824E+00  0.00000000E+00
  1.75364684E+06  5.89346642E+06  7.79266037E-09  7.81478253E+04  1.11701516E+00  0.00000000E+00
  1.75399390E+06  5.89315061E+06  7.79374203E-09  7.81474648E+04  1.11684210E+00  0.00000000E+00
  1.75434095E+06  5.89283476E+06  7.79482386E-09  7.81471042E+04  1.11666907E+00  0.00000000E+00
  1.75468800E+06  5.89251888E+06  7.79590584E-09  7.81467436E+04  1.11649606E+00  0.00000000E+00
  1.75503505E+06  5.89220296E+06  7.79698799E-09  7.81463830E+04  1.11632308E+00  0.00000000E+00
  1.75538210E+06  5.89188700E+06  7.79807031E-09  7.81460224E+04  1.11615012E+00  0.00000000E+00
  1.75572915E+06  5.89157101E+06  7.79915278E-09  7.81456618E+04  1.11597718E+00  0.00000000E+00
  1.75607620E+06  5.89125498E+06  7.80023542E-09  7.81453012E+04  1.11580427E+00  0.00000000E+00
  1.75642325E+06  5.89093892E+06  7.80131823E-09  7.81449407E+04  1.11563139E+00  0.00000000E+00
  1.75677030E+06  5.89062282E+06  7.80240120E-09  7.81445801E+04  1.11545853E+00  0.00000000E+00
  1.75711735E+06  5.89030668E+06  7.80348433E-09  7.81442195E+04  1.11528569E+00  0.00000000E+00
  1.75746440E+06  5.88999051E+06  7.80456763E-09  7.81438589E+04  1.11511288E+00  0.00000000E+00
  1.75781145E+06  5.88967430E+06  7.80565108E-09  7.81434983E+04  1.11494009E+00  0.00000000E+00
  1.75815850E+06  5.88935806E+06  7.80673471E-09  7.81431377E+04  1.11476733E+00  0.00000000E+00
  1.75850555E+06  5.88904178E+06  7.80781849E-09  7.81427771E+04  1.11459460E+00  0.00000000E+00
  1.75885260E+06  5.88872547E+06  7.80890244E-09  7.81424166E+04  1.11442189E+00  0.00000000E+00
  1.75919965E+06  5.88840912E+06  7.80998655E-09  7.81420560E+04  1.11424920E+00  0.00000000E+00
  1.75954671E+06  5.88809273E+06  7.81107083E-09  7.81416954E+04  1.11407654E+00  0.00000000E+00
  1.75989376E+06  5.88777632E+06  7.81215527E-09  7.81413348E+04  1.11390390E+00  0.00000000E+00
  1.76024081E+06  5.88745986E+06  7.81323987E-09  7.81409742E+04  1.11373129E+00  0.00000000E+00
  1.76058786E+06  5.88714337E+06  7.81432464E-09  7.81406136E+04  1.11355870E+00  0.00000000E+00
  1.76093491E+06  5.88682685E+06  7.81540957E-09  7.81402530E+04  1.11338614E+00  0.00000000E+00
  1.76128196E+06  5.88651029E+06  7.81649466E-09  7.81398925E+04  1.11321360E+00  0.00000000E+00
  1.76162901E+06  5.88619369E+06  7.81757991E-09  7.81395319E+04  1.11304109E+00  0.00000000E+00
  1.76197606E+06  5.88587706E+06  7.81866533E-09  7.81391713E+04  1.11286860E+00  0.00000000E+00
  1.76232311E+06  5.88556040E+06  7.81975091E-09  7.81388107E+04  1.11269614E+00  0.00000000E+00
  1.76267016E+06  5.88524370E+06  7.82083665E-09  7.81384501E+04  1.11252370E+00  0.00000000E+00
  1.76301721E+06  5.88492697E+06  7.82192256E-09  7.81380895E+04  1.11235129E+00  0.00000000E+00
  1.76336426E+06  5.88461020E+06  7.82300863E-09  7.81377289E+04  1.11217890E+00  0.00000000E+00
  1.76371131E+06  5.88429340E+06  7.82409486E-09  7.81373684E+04  1.11200654E+00  0.00000000E+00
  1.76405836E+06  5.88397656E+06  7.82518125E-09  7.81370078E+04  1.11183420E+00  0.00000000E+00
  1.76440541E+06  5.88365969E+06  7.82626781E-09  7.81366472E+04  1.11166189E+00  0.00000000E+00
  1.76475247E+06  5.88334279E+06  7.82735453E-09  7.81362866E+04  1.11148960E+00  0.00000000E+00
  1.76509952E+06  5.88302585E+06  7.82844141E-09  7.81359260E+04  1.11131734E+00  0.00000000E+00
  1.76544657E+06  5.88270888E+06  7.82952846E-09  7.81355654E+04  1.11114510E+00  0.00000000E+00
  1.76579362E+06  5.88239187E+06  7.83061566E-09  7.81352049E+04  1.11097289E+00  0.00000000E+00
  1.76614067E+06  5.88207483E+06  7.83170303E-09  7.81348443E+04  1.11080070E+00  0.00000000E+00
  1.76648772E+06  5.88175775E+06  7.83279056E-09  7.81344837E+04  1.11062854E+00  0.00000000E+00
  1.76683477E+06  5.88144064E+06  7.83387826E-09  7.81341231E+04  1.11045640E+00  0.00000000E+00
  1.76718182E+06  5.88112350E+06  7.83496612E-09  7.81337625E+04  1.11028429E+00  0.00000000E+00
  1.76752887E+06  5.88080632E+06  7.83605414E-09  7.81334019E+04  1.11011220E+00  0.00000000E+00
  1.76787592E+06  5.88048911E+06  7.83714232E-09  7.81330413E+04  1.10994013E+00  0.00000000E+00
  1.76822297E+06  5.88017187E+06  7.83823066E-09  7.81326808E+04  1.10976810E+00  0.00000000E+00
  1.76857002E+06  5.87985459E+06  7.83931917E-09  7.81323202E+04  1.10959608E+00  0.00000000E+00
  1.76891707E+06  5.87953728E+06  7.84040783E-09  7.81319596E+04  1.10942410E+00  0.00000000E+00
  1.76926412E+06  5.87921994E+06  7.84149666E-09  7.81315990E+04  1.10925213E+00  0.00000000E+00
  1.76961117E+06  5.87890256E+06  7.84258565E-09  7.81312384E+04  1.10908019E+00  0.00000000E+00
  1.76995822E+06  5.87858515E+06  7.84367481E-09  7.81308778E+04  1.10890828E+00  0.00000000E+00
  1.77030528E+06  5.87826770E+06  7.84476412E-09  7.81305172E+04  1.10873639E+00  0.00000000E+00
  1.77065233E+06  5.87795023E+06  7.84585360E-09  7.81301567E+04  1.10856453E+00  0.00000000E+00
  1.77099938E+06  5.87763272E+06  7.84694324E-09  7.81297961E+04  1.10839269E+00  0.00000000E+00
  1.77134643E+06  5.87731517E+06  7.84803304E-09  7.81294355E+04  1.10822088E+00  0.00000000E+00
  1.77169348E+06  5.87699760E+06  7.84912301E-09  7.81290749E+04  1.10804909E+00  0.00000000E+00
  1.77204053E+06  5.87667999E+06  7.85021313E-09  7.81287143E+04  1.10787733E+00  0.00000000E+00
  1.77238758E+06  5.87636234E+06  7.85130342E-09  7.81283537E+04  1.10770559E+00  0.00000000E+00
  1.77273463E+06  5.87604467E+06  7.85239387E-09  7.81279931E+04  1.10753388E+00  0.00000000E+00
  1.77308168E+06  5.87572696E+06  7.85348448E-09  7.81276326E+04  1.10736219E+00  0.00000000E+00
  1.77342873E+06  5.87540922E+06  7.85457525E-09  7.81272720E+04  1.10719053E+00  0.00000000E+00
  1.77377578E+06  5.87509145E+06  7.85566618E-09  7.81269114E+04  1.10701889E+00  0.00000000E+00
  1.77412283E+06  5.87477364E+06  7.85675728E-09  7.81265508E+04  1.10684728E+00  0.00000000E+00
  1.77446988E+06  5.87445580E+06  7.85784853E-09  7.81261902E+04  1.10667569E+00  0.00000000E+00
  1.77481693E+06  5.87413793E+06  7.85893995E-09  7.81258296E+04  1.10650413E+00  0.00000000E+00
  1.77516398E+06  5.87382003E+06  7.86003153E-09  7.81254690E+04  1.10633260E+00  0.00000000E+00
  1.77551103E+06  5.87350210E+06  7.86112327E-09  7.81251085E+04  1.10616108E+00  0.00000000E+00
  1.77585809E+06  5.87318413E+06  7.86221517E-09  7.81247479E+04  1.10598960E+00  0.00000000E+00
  1.77620514E+06  5.87286613E+06  7.86330723E-09  7.81243873E+04  1.10581814E+00  0.00000000E+00
  1.77655219E+06  5.87254810E+06  7.86439946E-09  7.81240267E+04  1.10564670E+00  0.00000000E+00
  1.77689924E+06  5.87223003E+06  7.86549184E-09  7.81236661E+04  1.10547529E+00  0.00000000E+00
  1.77724629E+06  5.87191194E+06  7.86658439E-09  7.81233055E+04  1.10530390E+00  0.00000000E+00
  1.77759334E+06  5.87159381E+06  7.86767710E-09  7.81229449E+04  1.10513254E+00  0.00000000E+00
  1.77794039E+06  5.87127565E+06  7.86876997E-09  7.81225844E+04  1.10496121E+00  0.00000000E+00
  1.77828744E+06  5.87095746E+06  7.86986300E-09  7.81222238E+04  1.10478990E+00  0.00000000E+00
  1.77863449E+06  5.87063924E+06  7.87095619E-09  7.81218632E+04  1.10461861E+00  0.00000000E+00
  1.77898154E+06  5.87032098E+06  7.87204954E-09  7.81215026E+04  1.10444735E+00  0.00000000E+00
  1.77932859E+06  5.87000270E+06  7.87314306E-09  7.81211420E+04  1.10427612E+00  0.00000000E+00
  1.77967564E+06  5.86968438E+06  7.87423673E-09  7.81207814E+04  1.10410491E+00  0.00000000E+00
  1.78002269E+06  5.86936603E+06  7.87533056E-09  7.81204209E+04  1.10393372E+00  0.00000000E+00
  1.78036974E+06  5.86904765E+06  7.87642456E-09  7.81200603E+04  1.10376256E+00  0.00000000E+00
  1.78071679E+06  5.86872924E+06  7.87751872E-09  7.81196997E+04  1.10359143E+00  0.00000000E+00
  1.78106384E+06  5.86841080E+06  7.87861303E-09  7.81193391E+04  1.10342032E+00  0.00000000E+00
  1.78141090E+06  5.86809232E+06  7.87970751E-09  7.81189785E+04  1.10324924E+00  0.00000000E+00
  1.78175795E+06  5.86777382E+06  7.88080215E-09  7.81186179E+04  1.10307818E+00  0.00000000E+00
  1.78210500E+06  5.86745528E+06  7.88189695E-09  7.81182573E+04  1.10290715E+00  0.00000000E+00
  1.78245205E+06  5.86713671E+06  7.88299191E-09  7.81178968E+04  1.10273614E+00  0.00000000E+00
  1.78279910E+06  5.86681811E+06  7.88408703E-09  7.81175362E+04  1.10256516E+00  0.00000000E+00
  1.78314615E+06  5.86649948E+06  7.88518231E-09  7.81171756E+04  1.10239420E+00  0.00000000E+00
  1.78349320E+06  5.86618082E+06  7.88627775E-09  7.81168150E+04  1.10222327E+00  0.00000000E+00
  1.78384025E+06  5.86586213E+06  7.88737336E-09  7.81164544E+04  1.10205236E+00  0.00000000E+00
  1.78418730E+06  5.86554341E+06  7.88846912E-09  7.81160938E+04  1.10188148E+00  0.00000000E+00
  1.78453435E+06  5.86522465E+06  7.88956504E-09  7.81157332E+04  1.10171062E+00  0.00000000E+00
  1.78488140E+06  5.86490587E+06  7.89066112E-09  7.81153727E+04  1.10153979E+00  0.00000000E+00
  1.78522845E+06  5.86458706E+06  7.89175737E-09  7.81150121E+04  1.10136898E+00  0.00000000E+00
  1.78557550E+06  5.86426821E+06  7.89285377E-09  7.81146515E+04  1.10119820E+00  0.00000000E+00
  1.78592255E+06  5.86394934E+06  7.89395034E-09  7.81142909E+04  1.10102745E+00  0.00000000E+00
  1.78626960E+06  5.86363043E+06  7.89504706E-09  7.81139303E+04  1.10085672E+00  0.00000000E+00
  1.78661665E+06  5.86331149E+06  7.89614395E-09  7.81135697E+04  1.10068601E+00  0.00000000E+00
  1.78696371E+06  5.86299253E+06  7.89724099E-09  7.81132091E+04  1.10051534E+00  0.00000000E+00
  1.78731076E+06  5.86267353E+06  7.89833820E-09  7.81128486E+04  1.10034468E+00  0.00000000E+00
  1.78765781E+06  5.86235450E+06  7.89943556E-09  7.81124880E+04  1.10017405E+00  0.00000000E+00
  1.78800486E+06  5.86203545E+06  7.90053309E-09  7.81121274E+04  1.10000345E+00  0.00000000E+00
  1.78835191E+06  5.86171636E+06  7.90163077E-09  7.81117668E+04  1.09983287E+00  0.00000000E+00
  1.78869896E+06  5.86139724E+06  7.90272862E-09  7.81114062E+04  1.09966232E+00  0.00000000E+00
  1.78904601E+06  5.86107809E+06  7.90382662E-09  7.81110456E+04  1.09949179E+00  0.00000000E+00
  1.78939306E+06  5.86075892E+06  7.90492479E-09  7.81106850E+04  1.09932129E+00  0.00000000E+00
  1.78974011E+06  5.86043971E+06  7.90602311E-09  7.81103245E+04  1.09915081E+00  0.00000000E+00
  1.79008716E+06  5.86012047E+06  7.90712160E-09  7.81099639E+04  1.09898036E+00  0.00000000E+00
  1.79043421E+06  5.85980121E+06  7.90822024E-09  7.81096033E+04  1.09880993E+00  0.00000000E+00
  1.79078126E+06  5.85948191E+06  7.90931905E-09  7.81092427E+04  1.09863953E+00  0.00000000E+00
  1.79112831E+06  5.85916259E+06  7.91041801E-09  7.81088821E+04  1.09846916E+00  0.00000000E+00
  1.79147536E+06  5.85884323E+06  7.91151713E-09  7.81085215E+04  1.09829881E+00  0.00000000E+00
  1.79182241E+06  5.85852385E+06  7.91261642E-09  7.81081609E+04  1.09812848E+00  0.00000000E+00
  1.79216947E+06  5.85820443E+06  7.91371586E-09  7.81078004E+04  1.09795819E+00  0.00000000E+00
  1.79251652E+06  5.85788499E+06  7.91481546E-09  7.81074398E+04  1.09778791E+00  0.00000000E+00
  1.79286357E+06  5.85756552E+06  7.91591523E-09  7.81070792E+04  1.09761766E+00  0.00000000E+00
  1.79321062E+06  5.85724601E+06  7.91701515E-09  7.81067186E+04  1.09744744E+00  0.00000000E+00
  1.79355767E+06  5.85692648E+06  7.91811523E-09  7.81063580E+04  1.09727724E+00  0.00000000E+00
  1.79390472E+06  5.85660692E+06  7.91921547E-09  7.81059974E+04  1.09710707E+00  0.00000000E+00
  1.79425177E+06  5.85628733E+06  7.92031587E-09  7.81056369E+04  1.09693692E+00  0.00000000E+00
  1.79459882E+06  5.85596771E+06  7.92141643E-09  7.81052763E+04  1.09676680E+00  0.00000000E+00
  1.79494587E+06  5.85564806E+06  7.92251715E-09  7.81049157E+04  1.09659671E+00  0.00000000E+00
  1.79529292E+06  5.85532839E+06  7.92361803E-09  7.81045551E+04  1.09642663E+00  0.00000000E+00
  1.79563997E+06  5.85500868E+06  7.92471907E-09  7.81041945E+04  1.09625659E+00  0.00000000E+00
  1.79598702E+06  5.85468895E+06  7.92582026E-09  7.81038339E+04  1.09608657E+00  0.00000000E+00
  1.79633407E+06  5.85436918E+06  7.92692162E-09  7.81034733E+04  1.09591657E+00  0.00000000E+00
  1.79668112E+06  5.85404939E+06  7.92802314E-09  7.81031128E+04  1.09574661E+00  0.00000000E+00
  1.79702817E+06  5.85372957E+06  7.92912481E-09  7.81027522E+04  1.09557666E+00  0.00000000E+00
  1.79737522E+06  5.85340972E+06  7.93022664E-09  7.81023916E+04  1.09540674E+00  0.00000000E+00
  1.79772228E+06  5.85308984E+06  7.93132864E-09  7.81020310E+04  1.09523685E+00  0.00000000E+00
  1.79806933E+06  5.85276994E+06  7.93243079E-09  7.81016704E+04  1.09506698E+00  0.00000000E+00
  1.79841638E+06  5.85245000E+06  7.93353310E-09  7.81013098E+04  1.09489714E+00  0.00000000E+00
  1.79876343E+06  5.85213004E+06  7.93463557E-09  7.81009492E+04  1.09472733E+00  0.00000000E+00
  1.79911048E+06  5.85181005E+06  7.93573820E-09  7.81005887E+04  1.09455753E+00  0.00000000E+00
  1.79945753E+06  5.85149003E+06  7.93684099E-09  7.81002281E+04  1.09438777E+00  0.00000000E+00
  1.79980458E+06  5.85116998E+06  7.93794394E-09  7.80998675E+04  1.09421803E+00  0.00000000E+00
  1.80015163E+06  5.85084990E+06  7.93904704E-09  7.80995069E+04  1.09404831E+00  0.00000000E+00
  1.80049868E+06  5.85052980E+06  7.94015031E-09  7.80991463E+04  1.09387862E+00  0.00000000E+00
  1.80084573E+06  5.85020967E+06  7.94125373E-09  7.80987857E+04  1.09370896E+00  0.00000000E+00
  1.80119278E+06  5.84988951E+06  7.94235731E-09  7.80984251E+04  1.09353932E+00  0.00000000E+00
  1.80153983E+06  5.84956932E+06  7.94346106E-09  7.80980646E+04  1.09336971E+00  0.00000000E+00
  1.80188688E+06  5.84924910E+06  7.94456496E-09  7.80977040E+04  1.09320012E+00  0.00000000E+00
  1.80223393E+06  5.84892886E+06  7.94566902E-09  7.80973434E+04  1.09303056E+00  0.00000000E+00
  1.80258098E+06  5.84860858E+06  7.94677323E-09  7.80969828E+04  1.09286102E+00  0.00000000E+00
  1.80292803E+06  5.84828828E+06  7.94787761E-09  7.80966222E+04  1.09269151E+00  0.00000000E+00
  1.80327509E+06  5.84796796E+06  7.94898214E-09  7.80962616E+04  1.09252203E+00  0.00000000E+00
  1.80362214E+06  5.84764760E+06  7.95008684E-09  7.80959010E+04  1.09235257E+00  0.00000000E+00
  1.80396919E+06  5.84732722E+06  7.95119169E-09  7.80955405E+04  1.09218313E+00  0.00000000E+00
  1.80431624E+06  5.84700681E+06  7.95229670E-09  7.80951799E+04  1.09201373E+00  0.00000000E+00
  1.80466329E+06  5.84668637E+06  7.95340187E-09  7.80948193E+04  1.09184434E+00  0.00000000E+00
  1.80501034E+06  5.84636591E+06  7.95450720E-09  7.80944587E+04  1.09167499E+00  0.00000000E+00
  1.80535739E+06  5.84604541E+06  7.95561268E-09  7.80940981E+04  1.09150565E+00  0.00000000E+00
  1.80570444E+06  5.84572489E+06  7.95671833E-09  7.80937375E+04  1.09133635E+00  0.00000000E+00
  1.80605149E+06  5.84540435E+06  7.95782413E-09  7.80933769E+04  1.09116706E+00  0.00000000E+00
  1.80639854E+06  5.84508377E+06  7.95893009E-09  7.80930164E+04  1.09099781E+00  0.00000000E+00
  1.80674559E+06  5.84476317E+06  7.96003621E-09  7.80926558E+04  1.09082858E+00  0.00000000E+00
  1.80709264E+06  5.84444254E+06  7.96114249E-09  7.80922952E+04  1.09065937E+00  0.00000000E+00
  1.80743969E+06  5.84412188E+06  7.96224893E-09  7.80919346E+04  1.09049020E+00  0.00000000E+00
  1.80778674E+06  5.84380120E+06  7.96335552E-09  7.80915740E+04  1.09032104E+00  0.00000000E+00
  1.80813379E+06  5.84348049E+06  7.96446227E-09  7.80912134E+04  1.09015191E+00  0.00000000E+00
  1.80848084E+06  5.84315975E+06  7.96556918E-09  7.80908529E+04  1.08998281E+00  0.00000000E+00
  1.80882790E+06  5.84283899E+06  7.96667625E-09  7.80904923E+04  1.08981373E+00  0.00000000E+00
  1.80917495E+06  5.84251820E+06  7.96778348E-09  7.80901317E+04  1.08964468E+00  0.00000000E+00
  1.80952200E+06  5.84219738E+06  7.96889087E-09  7.80897711E+04  1.08947566E+00  0.00000000E+00
  1.80986905E+06  5.84187654E+06  7.96999841E-09  7.80894105E+04  1.08930666E+00  0.00000000E+00
  1.81021610E+06  5.84155567E+06  7.97110611E-09  7.80890499E+04  1.08913768E+00  0.00000000E+00
  1.81056315E+06  5.84123477E+06  7.97221397E-09  7.80886893E+04  1.08896873E+00  0.00000000E+00
  1.81091020E+06  5.84091385E+06  7.97332199E-09  7.80883288E+04  1.08879981E+00  0.00000000E+00
  1.81125725E+06  5.84059290E+06  7.97443016E-09  7.80879682E+04  1.08863091E+00  0.00000000E+00
  1.81160430E+06  5.84027192E+06  7.97553850E-09  7.80876076E+04  1.08846204E+00  0.00000000E+00
  1.81195135E+06  5.83995092E+06  7.97664699E-09  7.80872470E+04  1.08829319E+00  0.00000000E+00
  1.81229840E+06  5.83962989E+06  7.97775564E-09  7.80868864E+04  1.08812437E+00  0.00000000E+00
  1.81264545E+06  5.83930883E+06  7.97886444E-09  7.80865258E+04  1.08795558E+00  0.00000000E+00
  1.81299250E+06  5.83898775E+06  7.97997341E-09  7.80861652E+04  1.08778681E+00  0.00000000E+00
  1.81333955E+06  5.83866664E+06  7.98108253E-09  7.80858047E+04  1.08761806E+00  0.00000000E+00
  1.81368660E+06  5.83834551E+06  7.98219181E-09  7.80854441E+04  1.08744934E+00  0.00000000E+00
  1.81403365E+06  5.83802435E+06  7.98330125E-09  7.80850835E+04  1.08728065E+00  0.00000000E+00
  1.81438071E+06  5.83770316E+06  7.98441085E-09  7.80847229E+04  1.08711198E+00  0.00000000E+00
  1.81472776E+06  5.83738195E+06  7.98552060E-09  7.80843623E+04  1.08694334E+00  0.00000000E+00
  1.81507481E+06  5.83706071E+06  7.98663051E-09  7.80840017E+04  1.08677472E+00  0.00000000E+00
  1.81542186E+06  5.83673944E+06  7.98774058E-09  7.80836411E+04  1.08660613E+00  0.00000000E+00
  1.81576891E+06  5.83641815E+06  7.98885081E-09  7.80832806E+04  1.08643757E+00  0.00000000E+00
  1.81611596E+06  5.83609684E+06  7.98996119E-09  7.80829200E+04  1.08626903E+00  0.00000000E+00
  1.81646301E+06  5.83577549E+06  7.99107173E-09  7.80825594E+04  1.08610052E+00  0.00000000E+00
  1.81681006E+06  5.83545413E+06  7.99218243E-09  7.80821988E+04  1.08593203E+00  0.00000000E+00
  1.81715711E+06  5.83513273E+06  7.99329329E-09  7.80818382E+04  1.08576356E+00  0.00000000E+00
  1.81750416E+06  5.83481131E+06  7.99440430E-09  7.80814776E+04  1.08559513E+00  0.00000000E+00
  1.81785121E+06  5.83448987E+06  7.99551547E-09  7.80811170E+04  1.08542672E+00  0.00000000E+00
  1.81819826E+06  5.83416840E+06  7.99662680E-09  7.80807565E+04  1.08525833E+00  0.00000000E+00
  1.81854531E+06  5.83384690E+06  7.99773829E-09  7.80803959E+04  1.08508997E+00  0.00000000E+00
  1.81889236E+06  5.83352538E+06  7.99884993E-09  7.80800353E+04  1.08492164E+00  0.00000000E+00
  1.81923941E+06  5.83320384E+06  7.99996173E-09  7.80796747E+04  1.08475333E+00  0.00000000E+00
  1.81958647E+06  5.83288227E+06  8.00107369E-09  7.80793141E+04  1.08458504E+00  0.00000000E+00
  1.81993352E+06  5.83256067E+06  8.00218581E-09  7.80789535E+04  1.08441679E+00  0.00000000E+00
  1.82028057E+06  5.83223905E+06  8.00329808E-09  7.80785929E+04  1.08424855E+00  0.00000000E+00
  1.82062762E+06  5.83191740E+06  8.00441051E-09  7.80782324E+04  1.08408035E+00  0.00000000E+00
  1.82097467E+06  5.83159573E+06  8.00552310E-09  7.80778718E+04  1.08391217E+00  0.00000000E+00
  1.82132172E+06  5.83127403E+06  8.00663584E-09  7.80775112E+04  1.08374401E+00  0.00000000E+00
  1.82166877E+06  5.83095231E+06  8.00774874E-09  7.80771506E+04  1.08357588E+00  0.00000000E+00
  1.82201582E+06  5.83063056E+06  8.00886180E-09  7.80767900E+04  1.08340778E+00  0.00000000E+00
  1.82236287E+06  5.83030879E+06  8.00997502E-09  7.80764294E+04  1.08323970E+00  0.00000000E+00
  1.82270992E+06  5.82998699E+06  8.01108839E-09  7.80760689E+04  1.08307165E+00  0.00000000E+00
  1.82305697E+06  5.82966517E+06  8.01220192E-09  7.80757083E+04  1.08290362E+00  0.00000000E+00
  1.82340402E+06  5.82934332E+06  8.01331561E-09  7.80753477E+04  1.08273562E+00  0.00000000E+00
  1.82375107E+06  5.82902145E+06  8.01442945E-09  7.80749871E+04  1.08256765E+00  0.00000000E+00
  1.82409812E+06  5.82869955E+06  8.01554345E-09  7.80746265E+04  1.08239970E+00  0.00000000E+00
  1.82444517E+06  5.82837763E+06  8.01665761E-09  7.80742659E+04  1.08223177E+00  0.00000000E+00
  1.82479222E+06  5.82805568E+06  8.01777192E-09  7.80739053E+04  1.08206388E+00  0.00000000E+00
  1.82513928E+06  5.82773371E+06  8.01888640E-09  7.80735448E+04  1.08189600E+00  0.00000000E+00
  1.82548633E+06  5.82741172E+06  8.02000103E-09  7.80731842E+04  1.08172816E+00  0.00000000E+00
  1.82583338E+06  5.82708970E+06  8.02111581E-09  7.80728236E+04  1.08156034E+00  0.00000000E+00
  1.82618043E+06  5.82676766E+06  8.02223075E-09  7.80724630E+04  1.08139254E+00  0.00000000E+00
  1.82652748E+06  5.82644559E+06  8.02334585E-09  7.80721024E+04  1.08122477E+00  0.00000000E+00
  1.82687453E+06  5.82612350E+06  8.02446111E-09  7.80717418E+04  1.08105703E+00  0.00000000E+00
  1.82722158E+06  5.82580138E+06  8.02557652E-09  7.80713812E+04  1.08088931E+00  0.00000000E+00
  1.82756863E+06  5.82547924E+06  8.02669209E-09  7.80710207E+04  1.08072162E+00  0.00000000E+00
  1.82791568E+06  5.82515707E+06  8.02780782E-09  7.80706601E+04  1.08055395E+00  0.00000000E+00
  1.82826273E+06  5.82483488E+06  8.02892370E-09  7.80702995E+04  1.08038631E+00  0.00000000E+00
  1.82860978E+06  5.82451267E+06  8.03003974E-09  7.80699389E+04  1.08021869E+00  0.00000000E+00
  1.82895683E+06  5.82419043E+06  8.03115594E-09  7.80695783E+04  1.08005110E+00  0.00000000E+00
  1.82930388E+06  5.82386817E+06  8.03227229E-09  7.80692177E+04  1.07988354E+00  0.00000000E+00
  1.82965093E+06  5.82354589E+06  8.03338880E-09  7.80688571E+04  1.07971600E+00  0.00000000E+00
  1.82999798E+06  5.82322358E+06  8.03450546E-09  7.80684966E+04  1.07954849E+00  0.00000000E+00
  1.83034503E+06  5.82290124E+06  8.03562229E-09  7.80681360E+04  1.07938100E+00  0.00000000E+00
  1.83069209E+06  5.82257889E+06  8.03673927E-09  7.80677754E+04  1.07921354E+00  0.00000000E+00
  1.83103914E+06  5.82225651E+06  8.03785640E-09  7.80674148E+04  1.07904611E+00  0.00000000E+00
  1.83138619E+06  5.82193410E+06  8.03897369E-09  7.80670542E+04  1.07887870E+00  0.00000000E+00
  1.83173324E+06  5.82161167E+06  8.04009114E-09  7.80666936E+04  1.07871131E+00  0.00000000E+00
  1.83208029E+06  5.82128922E+06  8.04120875E-09  7.80663330E+04  1.07854395E+00  0.00000000E+00
  1.83242734E+06  5.82096675E+06  8.04232651E-09  7.80659725E+04  1.07837662E+00  0.00000000E+00
  1.83277439E+06  5.82064425E+06  8.04344443E-09  7.80656119E+04  1.07820931E+00  0.00000000E+00
  1.83312144E+06  5.82032173E+06  8.04456250E-09  7.80652513E+04  1.07804203E+00  0.00000000E+00
  1.83346849E+06  5.81999918E+06  8.04568073E-09  7.80648907E+04  1.07787478E+00  0.00000000E+00
  1.83381554E+06  5.81967661E+06  8.04679912E-09  7.80645301E+04  1.07770755E+00  0.00000000E+00
  1.83416259E+06  5.81935402E+06  8.04791766E-09  7.80641695E+04  1.07754035E+00  0.00000000E+00
  1.83450964E+06  5.81903140E+06  8.04903636E-09  7.80638089E+04  1.07737317E+00  0.00000000E+00
  1.83485669E+06  5.81870876E+06  8.05015522E-09  7.80634484E+04  1.07720601E+00  0.00000000E+00
  1.83520374E+06  5.81838610E+06  8.05127423E-09  7.80630878E+04  1.07703889E+00  0.00000000E+00
  1.83555079E+06  5.81806342E+06  8.05239340E-09  7.80627272E+04  1.07687179E+00  0.00000000E+00
  1.83589784E+06  5.81774071E+06  8.05351272E-09  7.80623666E+04  1.07670471E+00  0.00000000E+00
  1.83624490E+06  5.81741798E+06  8.05463220E-09  7.80620060E+04  1.07653766E+00  0.00000000E+00
  1.83659195E+06  5.81709522E+06  8.05575184E-09  7.80616454E+04  1.07637064E+00  0.00000000E+00
  1.83693900E+06  5.81677244E+06  8.05687163E-09  7.80612849E+04  1.07620364E+00  0.00000000E+00
  1.83728605E+06  5.81644964E+06  8.05799158E-09  7.80609243E+04  1.07603667E+00  0.00000000E+00
  1.83763310E+06  5.81612682E+06  8.05911168E-09  7.80605637E+04  1.07586972E+00  0.00000000E+00
  1.83798015E+06  5.81580397E+06  8.06023195E-09  7.80602031E+04  1.07570280E+00  0.00000000E+00
  1.83832720E+06  5.81548110E+06  8.06135236E-09  7.80598425E+04  1.07553591E+00  0.00000000E+00
  1.83867425E+06  5.81515821E+06  8.06247294E-09  7.80594819E+04  1.07536904E+00  0.00000000E+00
  1.83902130E+06  5.81483529E+06  8.06359366E-09  7.80591213E+04  1.07520220E+00  0.00000000E+00
  1.83936835E+06  5.81451236E+06  8.06471455E-09  7.80587608E+04  1.07503538E+00  0.00000000E+00
  1.83971540E+06  5.81418940E+06  8.06583559E-09  7.80584002E+04  1.07486859E+00  0.00000000E+00
  1.84006245E+06  5.81386641E+06  8.06695679E-09  7.80580396E+04  1.07470182E+00  0.00000000E+00
  1.84040950E+06  5.81354341E+06  8.06807814E-09  7.80576790E+04  1.07453508E+00  0.00000000E+00
  1.84075655E+06  5.81322038E+06  8.06919965E-09  7.80573184E+04  1.07436837E+00  0.00000000E+00
  1.84110360E+06  5.81289733E+06  8.07032131E-09  7.80569578E+04  1.07420168E+00  0.00000000E+00
  1.84145065E+06  5.81257426E+06  8.07144313E-09  7.80565972E+04  1.07403502E+00  0.00000000E+00
  1.84179771E+06  5.81225116E+06  8.07256511E-09  7.80562367E+04  1.07386838E+00  0.00000000E+00
  1.84214476E+06  5.81192804E+06  8.07368724E-09  7.80558761E+04  1.07370177E+00  0.00000000E+00
  1.84249181E+06  5.81160490E+06  8.07480953E-09  7.80555155E+04  1.07353518E+00  0.00000000E+00
  1.84283886E+06  5.81128174E+06  8.07593197E-09  7.80551549E+04  1.07336863E+00  0.00000000E+00
  1.84318591E+06  5.81095855E+06  8.07705457E-09  7.80547943E+04  1.07320209E+00  0.00000000E+00
  1.84353296E+06  5.81063535E+06  8.07817733E-09  7.80544337E+04  1.07303558E+00  0.00000000E+00
  1.84388001E+06  5.81031212E+06  8.07930024E-09  7.80540731E+04  1.07286910E+00  0.00000000E+00
  1.84422706E+06  5.80998887E+06  8.08042331E-09  7.80537126E+04  1.07270265E+00  0.00000000E+00
  1.84457411E+06  5.80966559E+06  8.08154653E-09  7.80533520E+04  1.07253621E+00  0.00000000E+00
  1.84492116E+06  5.80934230E+06  8.08266991E-09  7.80529914E+04  1.07236981E+00  0.00000000E+00
  1.84526821E+06  5.80901898E+06  8.08379344E-09  7.80526308E+04  1.07220343E+00  0.00000000E+00
  1.84561526E+06  5.80869564E+06  8.08491713E-09  7.80522702E+04  1.07203708E+00  0.00000000E+00
  1.84596231E+06  5.80837228E+06  8.08604097E-09  7.80519096E+04  1.07187075E+00  0.00000000E+00
  1.84630936E+06  5.80804890E+06  8.08716497E-09  7.80515490E+04  1.07170445E+00  0.00000000E+00
  1.84665641E+06  5.80772549E+06  8.08828913E-09  7.80511885E+04  1.07153817E+00  0.00000000E+00
  1.84700346E+06  5.80740207E+06  8.08941344E-09  7.80508279E+04  1.07137192E+00  0.00000000E+00
  1.84735052E+06  5.80707862E+06  8.09053791E-09  7.80504673E+04  1.07120570E+00  0.00000000E+00
  1.84769757E+06  5.80675515E+06  8.09166253E-09  7.80501067E+04  1.07103950E+00  0.00000000E+00
  1.84804462E+06  5.80643166E+06  8.09278731E-09  7.80497461E+04  1.07087333E+00  0.00000000E+00
  1.84839167E+06  5.80610814E+06  8.09391224E-09  7.80493855E+04  1.07070718E+00  0.00000000E+00
  1.84873872E+06  5.80578461E+06  8.09503733E-09  7.80490250E+04  1.07054106E+00  0.00000000E+00
  1.84908577E+06  5.80546105E+06  8.09616257E-09  7.80486644E+04  1.07037497E+00  0.00000000E+00
  1.84943282E+06  5.80513748E+06  8.09728797E-09  7.80483038E+04  1.07020890E+00  0.00000000E+00
  1.84977987E+06  5.80481388E+06  8.09841353E-09  7.80479432E+04  1.07004285E+00  0.00000000E+00
  1.85012692E+06  5.80449026E+06  8.09953924E-09  7.80475826E+04  1.06987684E+00  0.00000000E+00
  1.85047397E+06  5.80416661E+06  8.10066510E-09  7.80472220E+04  1.06971085E+00  0.00000000E+00
  1.85082102E+06  5.80384295E+06  8.10179112E-09  7.80468614E+04  1.06954488E+00  0.00000000E+00
  1.85116807E+06  5.80351927E+06  8.10291730E-09  7.80465009E+04  1.06937894E+00  0.00000000E+00
  1.85151512E+06  5.80319556E+06  8.10404363E-09  7.80461403E+04  1.06921303E+00  0.00000000E+00
  1.85186217E+06  5.80287183E+06  8.10517012E-09  7.80457797E+04  1.06904714E+00  0.00000000E+00
  1.85220922E+06  5.80254809E+06  8.10629676E-09  7.80454191E+04  1.06888127E+00  0.00000000E+00
  1.85255628E+06  5.80222432E+06  8.10742356E-09  7.80450585E+04  1.06871544E+00  0.00000000E+00
  1.85290333E+06  5.80190053E+06  8.10855051E-09  7.80446979E+04  1.06854963E+00  0.00000000E+00
  1.85325038E+06  5.80157671E+06  8.10967762E-09  7.80443373E+04  1.06838384E+00  0.00000000E+00
  1.85359743E+06  5.80125288E+06  8.11080488E-09  7.80439768E+04  1.06821808E+00  0.00000000E+00
  1.85394448E+06  5.80092903E+06  8.11193230E-09  7.80436162E+04  1.06805235E+00  0.00000000E+00
  1.85429153E+06  5.80060515E+06  8.11305987E-09  7.80432556E+04  1.06788664E+00  0.00000000E+00
  1.85463858E+06  5.80028126E+06  8.11418760E-09  7.80428950E+04  1.06772096E+00  0.00000000E+00
  1.85498563E+06  5.79995734E+06  8.11531548E-09  7.80425344E+04  1.06755530E+00  0.00000000E+00
  1.85533268E+06  5.79963341E+06  8.11644352E-09  7.80421738E+04  1.06738967E+00  0.00000000E+00
  1.85567973E+06  5.79930945E+06  8.11757171E-09  7.80418132E+04  1.06722407E+00  0.00000000E+00
  1.85602678E+06  5.79898547E+06  8.11870006E-09  7.80414527E+04  1.06705849E+00  0.00000000E+00
  1.85637383E+06  5.79866147E+06  8.11982857E-09  7.80410921E+04  1.06689294E+00  0.00000000E+00
  1.85672088E+06  5.79833745E+06  8.12095723E-09  7.80407315E+04  1.06672741E+00  0.00000000E+00
  1.85706793E+06  5.79801341E+06  8.12208604E-09  7.80403709E+04  1.06656191E+00  0.00000000E+00
  1.85741498E+06  5.79768935E+06  8.12321501E-09  7.80400103E+04  1.06639644E+00  0.00000000E+00
  1.85776203E+06  5.79736527E+06  8.12434413E-09  7.80396497E+04  1.06623099E+00  0.00000000E+00
  1.85810909E+06  5.79704117E+06  8.12547341E-09  7.80392891E+04  1.06606556E+00  0.00000000E+00
  1.85845614E+06  5.79671705E+06  8.12660284E-09  7.80389286E+04  1.06590017E+00  0.00000000E+00
  1.85880319E+06  5.79639291E+06  8.12773243E-09  7.80385680E+04  1.06573480E+00  0.00000000E+00
  1.85915024E+06  5.79606874E+06  8.12886217E-09  7.80382074E+04  1.06556945E+00  0.00000000E+00
  1.85949729E+06  5.79574456E+06  8.12999207E-09  7.80378468E+04  1.06540413E+00  0.00000000E+00
  1.85984434E+06  5.79542036E+06  8.13112213E-09  7.80374862E+04  1.06523884E+00  0.00000000E+00
  1.86019139E+06  5.79509613E+06  8.13225233E-09  7.80371256E+04  1.06507357E+00  0.00000000E+00
  1.86053844E+06  5.79477189E+06  8.13338270E-09  7.80367650E+04  1.06490833E+00  0.00000000E+00
  1.86088549E+06  5.79444762E+06  8.13451321E-09  7.80364045E+04  1.06474311E+00  0.00000000E+00
  1.86123254E+06  5.79412334E+06  8.13564389E-09  7.80360439E+04  1.06457792E+00  0.00000000E+00
  1.86157959E+06  5.79379904E+06  8.13677471E-09  7.80356833E+04  1.06441275E+00  0.00000000E+00
  1.86192664E+06  5.79347471E+06  8.13790569E-09  7.80353227E+04  1.06424761E+00  0.00000000E+00
  1.86227369E+06  5.79315037E+06  8.13903683E-09  7.80349621E+04  1.06408250E+00  0.00000000E+00
  1.86262074E+06  5.79282600E+06  8.14016812E-09  7.80346015E+04  1.06391741E+00  0.00000000E+00
  1.86296779E+06  5.79250162E+06  8.14129957E-09  7.80342410E+04  1.06375235E+00  0.00000000E+00
  1.86331484E+06  5.79217722E+06  8.14243117E-09  7.80338804E+04  1.06358732E+00  0.00000000E+00
  1.86366190E+06  5.79185279E+06  8.14356292E-09  7.80335198E+04  1.06342231E+00  0.00000000E+00
  1.86400895E+06  5.79152835E+06  8.14469483E-09  7.80331592E+04  1.06325732E+00  0.00000000E+00
  1.86435600E+06  5.79120388E+06  8.14582690E-09  7.80327986E+04  1.06309237E+00  0.00000000E+00
  1.86470305E+06  5.79087940E+06  8.14695912E-09  7.80324380E+04  1.06292743E+00  0.00000000E+00
  1.86505010E+06  5.79055490E+06  8.14809149E-09  7.80320774E+04  1.06276253E+00  0.00000000E+00
  1.86539715E+06  5.79023037E+06  8.14922402E-09  7.80317169E+04  1.06259765E+00  0.00000000E+00
  1.86574420E+06  5.78990583E+06  8.15035670E-09  7.80313563E+04  1.06243279E+00  0.00000000E+00
  1.86609125E+06  5.78958127E+06  8.15148954E-09  7.80309957E+04  1.06226796E+00  0.00000000E+00
  1.86643830E+06  5.78925669E+06  8.15262253E-09  7.80306351E+04  1.06210316E+00  0.00000000E+00
  1.86678535E+06  5.78893209E+06  8.15375568E-09  7.80302745E+04  1.06193838E+00  0.00000000E+00
  1.86713240E+06  5.78860747E+06  8.15488898E-09  7.80299139E+04  1.06177363E+00  0.00000000E+00
  1.86747945E+06  5.78828283E+06  8.15602244E-09  7.80295533E+04  1.06160891E+00  0.00000000E+00
  1.86782650E+06  5.78795817E+06  8.15715605E-09  7.80291928E+04  1.06144421E+00  0.00000000E+00
  1.86817355E+06  5.78763349E+06  8.15828981E-09  7.80288322E+04  1.06127954E+00  0.00000000E+00
  1.86852060E+06  5.78730879E+06  8.15942373E-09  7.80284716E+04  1.06111489E+00  0.00000000E+00
  1.86886765E+06  5.78698407E+06  8.16055781E-09  7.80281110E+04  1.06095027E+00  0.00000000E+00
  1.86921471E+06  5.78665934E+06  8.16169204E-09  7.80277504E+04  1.06078567E+00  0.00000000E+00
  1.86956176E+06  5.78633458E+06  8.16282642E-09  7.80273898E+04  1.06062110E+00  0.00000000E+00
  1.86990881E+06  5.78600981E+06  8.16396096E-09  7.80270292E+04  1.06045656E+00  0.00000000E+00
  1.87025586E+06  5.78568501E+06  8.16509565E-09  7.80266687E+04  1.06029204E+00  0.00000000E+00
  1.87060291E+06  5.78536020E+06  8.16623049E-09  7.80263081E+04  1.06012755E+00  0.00000000E+00
  1.87094996E+06  5.78503537E+06  8.16736549E-09  7.80259475E+04  1.05996308E+00  0.00000000E+00
  1.87129701E+06  5.78471051E+06  8.16850065E-09  7.80255869E+04  1.05979864E+00  0.00000000E+00
  1.87164406E+06  5.78438564E+06  8.16963596E-09  7.80252263E+04  1.05963422E+00  0.00000000E+00
  1.87199111E+06  5.78406075E+06  8.17077142E-09  7.80248657E+04  1.05946984E+00  0.00000000E+00
  1.87233816E+06  5.78373585E+06  8.17190704E-09  7.80245051E+04  1.05930547E+00  0.00000000E+00
  1.87268521E+06  5.78341092E+06  8.17304281E-09  7.80241446E+04  1.05914114E+00  0.00000000E+00
  1.87303226E+06  5.78308597E+06  8.17417874E-09  7.80237840E+04  1.05897682E+00  0.00000000E+00
  1.87337931E+06  5.78276101E+06  8.17531482E-09  7.80234234E+04  1.05881254E+00  0.00000000E+00
  1.87372636E+06  5.78243602E+06  8.17645105E-09  7.80230628E+04  1.05864828E+00  0.00000000E+00
  1.87407341E+06  5.78211102E+06  8.17758744E-09  7.80227022E+04  1.05848405E+00  0.00000000E+00
  1.87442046E+06  5.78178600E+06  8.17872398E-09  7.80223416E+04  1.05831984E+00  0.00000000E+00
  1.87476752E+06  5.78146096E+06  8.17986068E-09  7.80219810E+04  1.05815566E+00  0.00000000E+00
  1.87511457E+06  5.78113590E+06  8.18099753E-09  7.80216205E+04  1.05799150E+00  0.00000000E+00
  1.87546162E+06  5.78081083E+06  8.18213454E-09  7.80212599E+04  1.05782737E+00  0.00000000E+00
  1.87580867E+06  5.78048573E+06  8.18327170E-09  7.80208993E+04  1.05766327E+00  0.00000000E+00
  1.87615572E+06  5.78016062E+06  8.18440901E-09  7.80205387E+04  1.05749919E+00  0.00000000E+00
  1.87650277E+06  5.77983548E+06  8.18554648E-09  7.80201781E+04  1.05733513E+00  0.00000000E+00
  1.87684982E+06  5.77951033E+06  8.18668411E-09  7.80198175E+04  1.05717111E+00  0.00000000E+00
  1.87719687E+06  5.77918516E+06  8.18782188E-09  7.80194570E+04  1.05700711E+00  0.00000000E+00
  1.87754392E+06  5.77885997E+06  8.18895981E-09  7.80190964E+04  1.05684313E+00  0.00000000E+00
  1.87789097E+06  5.77853477E+06  8.19009790E-09  7.80187358E+04  1.05667918E+00  0.00000000E+00
  1.87823802E+06  5.77820954E+06  8.19123614E-09  7.80183752E+04  1.05651526E+00  0.00000000E+00
  1.87858507E+06  5.77788430E+06  8.19237453E-09  7.80180146E+04  1.05635136E+00  0.00000000E+00
  1.87893212E+06  5.77755904E+06  8.19351308E-09  7.80176540E+04  1.05618749E+00  0.00000000E+00
  1.87927917E+06  5.77723376E+06  8.19465178E-09  7.80172934E+04  1.05602365E+00  0.00000000E+00
  1.87962622E+06  5.77690846E+06  8.19579063E-09  7.80169329E+04  1.05585983E+00  0.00000000E+00
  1.87997328E+06  5.77658315E+06  8.19692964E-09  7.80165723E+04  1.05569603E+00  0.00000000E+00
  1.88032033E+06  5.77625781E+06  8.19806881E-09  7.80162117E+04  1.05553227E+00  0.00000000E+00
  1.88066738E+06  5.77593246E+06  8.19920812E-09  7.80158511E+04  1.05536852E+00  0.00000000E+00
  1.88101443E+06  5.77560709E+06  8.20034759E-09  7.80154905E+04  1.05520481E+00  0.00000000E+00
  1.88136148E+06  5.77528170E+06  8.20148722E-09  7.80151299E+04  1.05504112E+00  0.00000000E+00
  1.88170853E+06  5.77495629E+06  8.20262700E-09  7.80147693E+04  1.05487745E+00  0.00000000E+00
  1.88205558E+06  5.77463087E+06  8.20376693E-09  7.80144088E+04  1.05471381E+00  0.00000000E+00
  1.88240263E+06  5.77430543E+06  8.20490702E-09  7.80140482E+04  1.05455020E+00  0.00000000E+00
  1.88274968E+06  5.77397997E+06  8.20604726E-09  7.80136876E+04  1.05438661E+00  0.00000000E+00
  1.88309673E+06  5.77365449E+06  8.20718765E-09  7.80133270E+04  1.05422305E+00  0.00000000E+00
  1.88344378E+06  5.77332900E+06  8.20832820E-09  7.80129664E+04  1.05405952E+00  0.00000000E+00
  1.88379083E+06  5.77300348E+06  8.20946891E-09  7.80126058E+04  1.05389601E+00  0.00000000E+00
  1.88413788E+06  5.77267795E+06  8.21060976E-09  7.80122452E+04  1.05373253E+00  0.00000000E+00
  1.88448493E+06  5.77235240E+06  8.21175077E-09  7.80118847E+04  1.05356907E+00  0.00000000E+00
  1.88483198E+06  5.77202684E+06  8.21289194E-09  7.80115241E+04  1.05340564E+00  0.00000000E+00
  1.88517903E+06  5.77170125E+06  8.21403326E-09  7.80111635E+04  1.05324223E+00  0.00000000E+00
  1.88552609E+06  5.77137565E+06  8.21517473E-09  7.80108029E+04  1.05307885E+00  0.00000000E+00
  1.88587314E+06  5.77105003E+06  8.21631635E-09  7.80104423E+04  1.05291550E+00  0.00000000E+00
  1.88622019E+06  5.77072439E+06  8.21745813E-09  7.80100817E+04  1.05275217E+00  0.00000000E+00
  1.88656724E+06  5.77039874E+06  8.21860007E-09  7.80097211E+04  1.05258887E+00  0.00000000E+00
  1.88691429E+06  5.77007307E+06  8.21974215E-09  7.80093606E+04  1.05242559E+00  0.00000000E+00
  1.88726134E+06  5.76974738E+06  8.22088439E-09  7.80090000E+04  1.05226234E+00  0.00000000E+00
  1.88760839E+06  5.76942167E+06  8.22202679E-09  7.80086394E+04  1.05209912E+00  0.00000000E+00
  1.88795544E+06  5.76909595E+06  8.22316934E-09  7.80082788E+04  1.05193592E+00  0.00000000E+00
  1.88830249E+06  5.76877021E+06  8.22431204E-09  7.80079182E+04  1.05177275E+00  0.00000000E+00
  1.88864954E+06  5.76844445E+06  8.22545490E-09  7.80075576E+04  1.05160960E+00  0.00000000E+00
  1.88899659E+06  5.76811867E+06  8.22659791E-09  7.80071970E+04  1.05144648E+00  0.00000000E+00
  1.88934364E+06  5.76779288E+06  8.22774107E-09  7.80068365E+04  1.05128338E+00  0.00000000E+00
  1.88969069E+06  5.76746707E+06  8.22888439E-09  7.80064759E+04  1.05112031E+00  0.00000000E+00
  1.89003774E+06  5.76714124E+06  8.23002786E-09  7.80061153E+04  1.05095727E+00  0.00000000E+00
  1.89038479E+06  5.76681540E+06  8.23117148E-09  7.80057547E+04  1.05079425E+00  0.00000000E+00
  1.89073184E+06  5.76648954E+06  8.23231526E-09  7.80053941E+04  1.05063126E+00  0.00000000E+00
  1.89107890E+06  5.76616366E+06  8.23345919E-09  7.80050335E+04  1.05046830E+00  0.00000000E+00
  1.89142595E+06  5.76583776E+06  8.23460328E-09  7.80046730E+04  1.05030536E+00  0.00000000E+00
  1.89177300E+06  5.76551185E+06  8.23574752E-09  7.80043124E+04  1.05014244E+00  0.00000000E+00
  1.89212005E+06  5.76518592E+06  8.23689191E-09  7.80039518E+04  1.04997955E+00  0.00000000E+00
  1.89246710E+06  5.76485997E+06  8.23803645E-09  7.80035912E+04  1.04981669E+00  0.00000000E+00
  1.89281415E+06  5.76453401E+06  8.23918115E-09  7.80032306E+04  1.04965385E+00  0.00000000E+00
  1.89316120E+06  5.76420803E+06  8.24032601E-09  7.80028700E+04  1.04949104E+00  0.00000000E+00
  1.89350825E+06  5.76388203E+06  8.24147101E-09  7.80025094E+04  1.04932826E+00  0.00000000E+00
  1.89385530E+06  5.76355602E+06  8.24261618E-09  7.80021489E+04  1.04916550E+00  0.00000000E+00
  1.89420235E+06  5.76322999E+06  8.24376149E-09  7.80017883E+04  1.04900277E+00  0.00000000E+00
  1.89454940E+06  5.76290394E+06  8.24490696E-09  7.80014277E+04  1.04884006E+00  0.00000000E+00
  1.89489645E+06  5.76257787E+06  8.24605258E-09  7.80010671E+04  1.04867738E+00  0.00000000E+00
  1.89524350E+06  5.76225179E+06  8.24719835E-09  7.80007065E+04  1.04851472E+00  0.00000000E+00
  1.89559055E+06  5.76192569E+06  8.24834428E-09  7.80003459E+04  1.04835209E+00  0.00000000E+00
  1.89593760E+06  5.76159958E+06  8.24949036E-09  7.79999853E+04  1.04818949E+00  0.00000000E+00
  1.89628465E+06  5.76127345E+06  8.25063660E-09  7.79996248E+04  1.04802691E+00  0.00000000E+00
  1.89663171E+06  5.76094730E+06  8.25178299E-09  7.79992642E+04  1.04786436E+00  0.00000000E+00
  1.89697876E+06  5.76062114E+06  8.25292953E-09  7.79989036E+04  1.04770184E+00  0.00000000E+00
  1.89732581E+06  5.76029496E+06  8.25407623E-09  7.79985430E+04  1.04753934E+00  0.00000000E+00
  1.89767286E+06  5.75996876E+06  8.25522308E-09  7.79981824E+04  1.04737686E+00  0.00000000E+00
  1.89801991E+06  5.75964255E+06  8.25637008E-09  7.79978218E+04  1.04721441E+00  0.00000000E+00
  1.89836696E+06  5.75931632E+06  8.25751724E-09  7.79974612E+04  1.04705199E+00  0.00000000E+00
  1.89871401E+06  5.75899007E+06  8.25866454E-09  7.79971007E+04  1.04688959E+00  0.00000000E+00
  1.89906106E+06  5.75866381E+06  8.25981201E-09  7.79967401E+04  1.04672722E+00  0.00000000E+00
  1.89940811E+06  5.75833753E+06  8.26095962E-09  7.79963795E+04  1.04656488E+00  0.00000000E+00
  1.89975516E+06  5.75801123E+06  8.26210739E-09  7.79960189E+04  1.04640256E+00  0.00000000E+00
  1.90010221E+06  5.75768492E+06  8.26325532E-09  7.79956583E+04  1.04624027E+00  0.00000000E+00
  1.90044926E+06  5.75735859E+06  8.26440339E-09  7.79952977E+04  1.04607800E+00  0.00000000E+00
  1.90079631E+06  5.75703225E+06  8.26555163E-09  7.79949371E+04  1.04591576E+00  0.00000000E+00
  1.90114336E+06  5.75670589E+06  8.26670001E-09  7.79945766E+04  1.04575354E+00  0.00000000E+00
  1.90149041E+06  5.75637951E+06  8.26784855E-09  7.79942160E+04  1.04559135E+00  0.00000000E+00
  1.90183746E+06  5.75605312E+06  8.26899724E-09  7.79938554E+04  1.04542919E+00  0.00000000E+00
  1.90218452E+06  5.75572671E+06  8.27014608E-09  7.79934948E+04  1.04526705E+00  0.00000000E+00
  1.90253157E+06  5.75540029E+06  8.27129508E-09  7.79931342E+04  1.04510494E+00  0.00000000E+00
  1.90287862E+06  5.75507385E+06  8.27244423E-09  7.79927736E+04  1.04494285E+00  0.00000000E+00
  1.90322567E+06  5.75474739E+06  8.27359353E-09  7.79924130E+04  1.04478079E+00  0.00000000E+00
  1.90357272E+06  5.75442092E+06  8.27474299E-09  7.79920525E+04  1.04461876E+00  0.00000000E+00
  1.90391977E+06  5.75409443E+06  8.27589260E-09  7.79916919E+04  1.04445675E+00  0.00000000E+00
  1.90426682E+06  5.75376793E+06  8.27704236E-09  7.79913313E+04  1.04429476E+00  0.00000000E+00
  1.90461387E+06  5.75344141E+06  8.27819228E-09  7.79909707E+04  1.04413281E+00  0.00000000E+00
  1.90496092E+06  5.75311487E+06  8.27934235E-09  7.79906101E+04  1.04397087E+00  0.00000000E+00
  1.90530797E+06  5.75278832E+06  8.28049257E-09  7.79902495E+04  1.04380897E+00  0.00000000E+00
  1.90565502E+06  5.75246175E+06  8.28164295E-09  7.79898890E+04  1.04364709E+00  0.00000000E+00
  1.90600207E+06  5.75213517E+06  8.28279348E-09  7.79895284E+04  1.04348524E+00  0.00000000E+00
  1.90634912E+06  5.75180857E+06  8.28394416E-09  7.79891678E+04  1.04332341E+00  0.00000000E+00
  1.90669617E+06  5.75148196E+06  8.28509500E-09  7.79888072E+04  1.04316161E+00  0.00000000E+00
  1.90704322E+06  5.75115533E+06  8.28624599E-09  7.79884466E+04  1.04299983E+00  0.00000000E+00
  1.90739027E+06  5.75082868E+06  8.28739713E-09  7.79880860E+04  1.04283808E+00  0.00000000E+00
  1.90773733E+06  5.75050202E+06  8.28854843E-09  7.79877254E+04  1.04267635E+00  0.00000000E+00
  1.90808438E+06  5.75017534E+06  8.28969988E-09  7.79873649E+04  1.04251466E+00  0.00000000E+00
  1.90843143E+06  5.74984865E+06  8.29085148E-09  7.79870043E+04  1.04235298E+00  0.00000000E+00
  1.90877848E+06  5.74952194E+06  8.29200324E-09  7.79866437E+04  1.04219134E+00  0.00000000E+00
  1.90912553E+06  5.74919522E+06  8.29315515E-09  7.79862831E+04  1.04202972E+00  0.00000000E+00
  1.90947258E+06  5.74886848E+06  8.29430721E-09  7.79859225E+04  1.04186812E+00  0.00000000E+00
  1.90981963E+06  5.74854173E+06  8.29545942E-09  7.79855619E+04  1.04170655E+00  0.00000000E+00
  1.91016668E+06  5.74821496E+06  8.29661179E-09  7.79852013E+04  1.04154501E+00  0.00000000E+00
  1.91051373E+06  5.74788817E+06  8.29776431E-09  7.79848408E+04  1.04138349E+00  0.00000000E+00
  1.91086078E+06  5.74756137E+06  8.29891699E-09  7.79844802E+04  1.04122200E+00  0.00000000E+00
  1.91120783E+06  5.74723456E+06  8.30006982E-09  7.79841196E+04  1.04106053E+00  0.00000000E+00
  1.91155488E+06  5.74690773E+06  8.30122280E-09  7.79837590E+04  1.04089909E+00  0.00000000E+00
  1.91190193E+06  5.74658088E+06  8.30237593E-09  7.79833984E+04  1.04073768E+00  0.00000000E+00
  1.91224898E+06  5.74625402E+06  8.30352922E-09  7.79830378E+04  1.04057629E+00  0.00000000E+00
  1.91259603E+06  5.74592714E+06  8.30468266E-09  7.79826772E+04  1.04041492E+00  0.00000000E+00
  1.91294309E+06  5.74560025E+06  8.30583626E-09  7.79823167E+04  1.04025359E+00  0.00000000E+00
  1.91329014E+06  5.74527335E+06  8.30699000E-09  7.79819561E+04  1.04009228E+00  0.00000000E+00
  1.91363719E+06  5.74494643E+06  8.30814390E-09  7.79815955E+04  1.03993099E+00  0.00000000E+00
  1.91398424E+06  5.74461949E+06  8.30929796E-09  7.79812349E+04  1.03976973E+00  0.00000000E+00
  1.91433129E+06  5.74429254E+06  8.31045216E-09  7.79808743E+04  1.03960850E+00  0.00000000E+00
  1.91467834E+06  5.74396557E+06  8.31160652E-09  7.79805137E+04  1.03944729E+00  0.00000000E+00
  1.91502539E+06  5.74363859E+06  8.31276103E-09  7.79801531E+04  1.03928611E+00  0.00000000E+00
  1.91537244E+06  5.74331159E+06  8.31391570E-09  7.79797926E+04  1.03912495E+00  0.00000000E+00
  1.91571949E+06  5.74298458E+06  8.31507052E-09  7.79794320E+04  1.03896382E+00  0.00000000E+00
  1.91606654E+06  5.74265756E+06  8.31622549E-09  7.79790714E+04  1.03880272E+00  0.00000000E+00
  1.91641359E+06  5.74233051E+06  8.31738061E-09  7.79787108E+04  1.03864164E+00  0.00000000E+00
  1.91676064E+06  5.74200346E+06  8.31853589E-09  7.79783502E+04  1.03848058E+00  0.00000000E+00
  1.91710769E+06  5.74167639E+06  8.31969132E-09  7.79779896E+04  1.03831956E+00  0.00000000E+00
  1.91745474E+06  5.74134930E+06  8.32084691E-09  7.79776290E+04  1.03815856E+00  0.00000000E+00
  1.91780179E+06  5.74102220E+06  8.32200264E-09  7.79772685E+04  1.03799758E+00  0.00000000E+00
  1.91814884E+06  5.74069509E+06  8.32315853E-09  7.79769079E+04  1.03783663E+00  0.00000000E+00
  1.91849590E+06  5.74036796E+06  8.32431458E-09  7.79765473E+04  1.03767571E+00  0.00000000E+00
  1.91884295E+06  5.74004081E+06  8.32547077E-09  7.79761867E+04  1.03751481E+00  0.00000000E+00
  1.91919000E+06  5.73971365E+06  8.32662712E-09  7.79758261E+04  1.03735394E+00  0.00000000E+00
  1.91953705E+06  5.73938648E+06  8.32778362E-09  7.79754655E+04  1.03719309E+00  0.00000000E+00
  1.91988410E+06  5.73905929E+06  8.32894028E-09  7.79751050E+04  1.03703227E+00  0.00000000E+00
  1.92023115E+06  5.73873209E+06  8.33009709E-09  7.79747444E+04  1.03687148E+00  0.00000000E+00
  1.92057820E+06  5.73840487E+06  8.33125405E-09  7.79743838E+04  1.03671071E+00  0.00000000E+00
  1.92092525E+06  5.73807764E+06  8.33241116E-09  7.79740232E+04  1.03654996E+00  0.00000000E+00
  1.92127230E+06  5.73775040E+06  8.33356843E-09  7.79736626E+04  1.03638925E+00  0.00000000E+00
  1.92161935E+06  5.73742313E+06  8.33472585E-09  7.79733020E+04  1.03622855E+00  0.00000000E+00
  1.92196640E+06  5.73709586E+06  8.33588342E-09  7.79729414E+04  1.03606789E+00  0.00000000E+00
  1.92231345E+06  5.73676857E+06  8.33704115E-09  7.79725809E+04  1.03590725E+00  0.00000000E+00
  1.92266050E+06  5.73644127E+06  8.33819903E-09  7.79722203E+04  1.03574663E+00  0.00000000E+00
  1.92300755E+06  5.73611395E+06  8.33935706E-09  7.79718597E+04  1.03558605E+00  0.00000000E+00
  1.92335460E+06  5.73578662E+06  8.34051524E-09  7.79714991E+04  1.03542548E+00  0.00000000E+00
  1.92370165E+06  5.73545927E+06  8.34167358E-09  7.79711385E+04  1.03526495E+00  0.00000000E+00
  1.92404871E+06  5.73513191E+06  8.34283207E-09  7.79707779E+04  1.03510443E+00  0.00000000E+00
  1.92439576E+06  5.73480454E+06  8.34399072E-09  7.79704173E+04  1.03494395E+00  0.00000000E+00
  1.92474281E+06  5.73447715E+06  8.34514951E-09  7.79700568E+04  1.03478349E+00  0.00000000E+00
  1.92508986E+06  5.73414974E+06  8.34630846E-09  7.79696962E+04  1.03462306E+00  0.00000000E+00
  1.92543691E+06  5.73382233E+06  8.34746756E-09  7.79693356E+04  1.03446265E+00  0.00000000E+00
  1.92578396E+06  5.73349489E+06  8.34862682E-09  7.79689750E+04  1.03430227E+00  0.00000000E+00
  1.92613101E+06  5.73316745E+06  8.34978623E-09  7.79686144E+04  1.03414191E+00  0.00000000E+00
  1.92647806E+06  5.73283999E+06  8.35094579E-09  7.79682538E+04  1.03398158E+00  0.00000000E+00
  1.92682511E+06  5.73251252E+06  8.35210550E-09  7.79678932E+04  1.03382127E+00  0.00000000E+00
  1.92717216E+06  5.73218503E+06  8.35326537E-09  7.79675327E+04  1.03366100E+00  0.00000000E+00
  1.92751921E+06  5.73185753E+06  8.35442539E-09  7.79671721E+04  1.03350074E+00  0.00000000E+00
  1.92786626E+06  5.73153001E+06  8.35558556E-09  7.79668115E+04  1.03334051E+00  0.00000000E+00
  1.92821331E+06  5.73120248E+06  8.35674589E-09  7.79664509E+04  1.03318031E+00  0.00000000E+00
  1.92856036E+06  5.73087494E+06  8.35790637E-09  7.79660903E+04  1.03302014E+00  0.00000000E+00
  1.92890741E+06  5.73054738E+06  8.35906700E-09  7.79657297E+04  1.03285999E+00  0.00000000E+00
  1.92925446E+06  5.73021981E+06  8.36022778E-09  7.79653691E+04  1.03269986E+00  0.00000000E+00
  1.92960152E+06  5.72989222E+06  8.36138872E-09  7.79650086E+04  1.03253976E+00  0.00000000E+00
  1.92994857E+06  5.72956463E+06  8.36254981E-09  7.79646480E+04  1.03237969E+00  0.00000000E+00
  1.93029562E+06  5.72923701E+06  8.36371105E-09  7.79642874E+04  1.03221964E+00  0.00000000E+00
  1.93064267E+06  5.72890939E+06  8.36487245E-09  7.79639268E+04  1.03205962E+00  0.00000000E+00
  1.93098972E+06  5.72858175E+06  8.36603400E-09  7.79635662E+04  1.03189963E+00  0.00000000E+00
  1.93133677E+06  5.72825409E+06  8.36719570E-09  7.79632056E+04  1.03173966E+00  0.00000000E+00
  1.93168382E+06  5.72792643E+06  8.36835755E-09  7.79628450E+04  1.03157971E+00  0.00000000E+00
  1.93203087E+06  5.72759875E+06  8.36951956E-09  7.79624845E+04  1.03141980E+00  0.00000000E+00
  1.93237792E+06  5.72727105E+06  8.37068172E-09  7.79621239E+04  1.03125990E+00  0.00000000E+00
  1.93272497E+06  5.72694334E+06  8.37184403E-09  7.79617633E+04  1.03110004E+00  0.00000000E+00
  1.93307202E+06  5.72661562E+06  8.37300650E-09  7.79614027E+04  1.03094020E+00  0.00000000E+00
  1.93341907E+06  5.72628789E+06  8.37416912E-09  7.79610421E+04  1.03078038E+00  0.00000000E+00
  1.93376612E+06  5.72596014E+06  8.37533189E-09  7.79606815E+04  1.03062059E+00  0.00000000E+00
  1.93411317E+06  5.72563238E+06  8.37649481E-09  7.79603210E+04  1.03046083E+00  0.00000000E+00
  1.93446022E+06  5.72530460E+06  8.37765789E-09  7.79599604E+04  1.03030109E+00  0.00000000E+00
  1.93480727E+06  5.72497681E+06  8.37882112E-09  7.79595998E+04  1.03014138E+00  0.00000000E+00
  1.93515433E+06  5.72464901E+06  8.37998450E-09  7.79592392E+04  1.02998169E+00  0.00000000E+00
  1.93550138E+06  5.72432119E+06  8.38114804E-09  7.79588786E+04  1.02982203E+00  0.00000000E+00
  1.93584843E+06  5.72399337E+06  8.38231172E-09  7.79585180E+04  1.02966239E+00  0.00000000E+00
  1.93619548E+06  5.72366552E+06  8.38347557E-09  7.79581574E+04  1.02950278E+00  0.00000000E+00
  1.93654253E+06  5.72333767E+06  8.38463956E-09  7.79577969E+04  1.02934320E+00  0.00000000E+00
  1.93688958E+06  5.72300980E+06  8.38580371E-09  7.79574363E+04  1.02918364E+00  0.00000000E+00
  1.93723663E+06  5.72268192E+06  8.38696801E-09  7.79570757E+04  1.02902411E+00  0.00000000E+00
  1.93758368E+06  5.72235402E+06  8.38813246E-09  7.79567151E+04  1.02886461E+00  0.00000000E+00
  1.93793073E+06  5.72202611E+06  8.38929706E-09  7.79563545E+04  1.02870512E+00  0.00000000E+00
  1.93827778E+06  5.72169819E+06  8.39046182E-09  7.79559939E+04  1.02854567E+00  0.00000000E+00
  1.93862483E+06  5.72137026E+06  8.39162673E-09  7.79556333E+04  1.02838624E+00  0.00000000E+00
  1.93897188E+06  5.72104231E+06  8.39279179E-09  7.79552728E+04  1.02822684E+00  0.00000000E+00
  1.93931893E+06  5.72071435E+06  8.39395701E-09  7.79549122E+04  1.02806746E+00  0.00000000E+00
  1.93966598E+06  5.72038637E+06  8.39512238E-09  7.79545516E+04  1.02790811E+00  0.00000000E+00
  1.94001303E+06  5.72005839E+06  8.39628790E-09  7.79541910E+04  1.02774878E+00  0.00000000E+00
  1.94036009E+06  5.71973039E+06  8.39745358E-09  7.79538304E+04  1.02758948E+00  0.00000000E+00
  1.94070714E+06  5.71940237E+06  8.39861940E-09  7.79534698E+04  1.02743021E+00  0.00000000E+00
  1.94105419E+06  5.71907435E+06  8.39978538E-09  7.79531092E+04  1.02727096E+00  0.00000000E+00
  1.94140124E+06  5.71874631E+06  8.40095152E-09  7.79527487E+04  1.02711173E+00  0.00000000E+00
  1.94174829E+06  5.71841826E+06  8.40211780E-09  7.79523881E+04  1.02695254E+00  0.00000000E+00
  1.94209534E+06  5.71809019E+06  8.40328424E-09  7.79520275E+04  1.02679336E+00  0.00000000E+00
  1.94244239E+06  5.71776211E+06  8.40445083E-09  7.79516669E+04  1.02663422E+00  0.00000000E+00
  1.94278944E+06  5.71743402E+06  8.40561758E-09  7.79513063E+04  1.02647510E+00  0.00000000E+00
  1.94313649E+06  5.71710592E+06  8.40678447E-09  7.79509457E+04  1.02631600E+00  0.00000000E+00
  1.94348354E+06  5.71677781E+06  8.40795152E-09  7.79505851E+04  1.02615693E+00  0.00000000E+00
  1.94383059E+06  5.71644968E+06  8.40911872E-09  7.79502246E+04  1.02599789E+00  0.00000000E+00
  1.94417764E+06  5.71612153E+06  8.41028608E-09  7.79498640E+04  1.02583887E+00  0.00000000E+00
  1.94452469E+06  5.71579338E+06  8.41145359E-09  7.79495034E+04  1.02567988E+00  0.00000000E+00
  1.94487174E+06  5.71546521E+06  8.41262125E-09  7.79491428E+04  1.02552091E+00  0.00000000E+00
  1.94521879E+06  5.71513703E+06  8.41378906E-09  7.79487822E+04  1.02536197E+00  0.00000000E+00
  1.94556584E+06  5.71480884E+06  8.41495703E-09  7.79484216E+04  1.02520306E+00  0.00000000E+00
  1.94591290E+06  5.71448064E+06  8.41612514E-09  7.79480610E+04  1.02504417E+00  0.00000000E+00
  1.94625995E+06  5.71415242E+06  8.41729342E-09  7.79477005E+04  1.02488530E+00  0.00000000E+00
  1.94660700E+06  5.71382419E+06  8.41846184E-09  7.79473399E+04  1.02472647E+00  0.00000000E+00
  1.94695405E+06  5.71349595E+06  8.41963042E-09  7.79469793E+04  1.02456765E+00  0.00000000E+00
  1.94730110E+06  5.71316769E+06  8.42079915E-09  7.79466187E+04  1.02440887E+00  0.00000000E+00
  1.94764815E+06  5.71283942E+06  8.42196803E-09  7.79462581E+04  1.02425011E+00  0.00000000E+00
  1.94799520E+06  5.71251114E+06  8.42313706E-09  7.79458975E+04  1.02409137E+00  0.00000000E+00
  1.94834225E+06  5.71218285E+06  8.42430625E-09  7.79455370E+04  1.02393266E+00  0.00000000E+00
  1.94868930E+06  5.71185455E+06  8.42547559E-09  7.79451764E+04  1.02377398E+00  0.00000000E+00
  1.94903635E+06  5.71152623E+06  8.42664509E-09  7.79448158E+04  1.02361532E+00  0.00000000E+00
  1.94938340E+06  5.71119790E+06  8.42781473E-09  7.79444552E+04  1.02345669E+00  0.00000000E+00
  1.94973045E+06  5.71086956E+06  8.42898453E-09  7.79440946E+04  1.02329808E+00  0.00000000E+00
  1.95007750E+06  5.71054120E+06  8.43015448E-09  7.79437340E+04  1.02313950E+00  0.00000000E+00
  1.95042455E+06  5.71021283E+06  8.43132459E-09  7.79433734E+04  1.02298094E+00  0.00000000E+00
  1.95077160E+06  5.70988446E+06  8.43249484E-09  7.79430129E+04  1.02282242E+00  0.00000000E+00
  1.95111865E+06  5.70955606E+06  8.43366525E-09  7.79426523E+04  1.02266391E+00  0.00000000E+00
  1.95146571E+06  5.70922766E+06  8.43483581E-09  7.79422917E+04  1.02250543E+00  0.00000000E+00
  1.95181276E+06  5.70889924E+06  8.43600653E-09  7.79419311E+04  1.02234698E+00  0.00000000E+00
  1.95215981E+06  5.70857082E+06  8.43717740E-09  7.79415705E+04  1.02218855E+00  0.00000000E+00
  1.95250686E+06  5.70824238E+06  8.43834842E-09  7.79412099E+04  1.02203015E+00  0.00000000E+00
  1.95285391E+06  5.70791392E+06  8.43951959E-09  7.79408493E+04  1.02187178E+00  0.00000000E+00
  1.95320096E+06  5.70758546E+06  8.44069092E-09  7.79404888E+04  1.02171342E+00  0.00000000E+00
  1.95354801E+06  5.70725698E+06  8.44186240E-09  7.79401282E+04  1.02155510E+00  0.00000000E+00
  1.95389506E+06  5.70692849E+06  8.44303403E-09  7.79397676E+04  1.02139680E+00  0.00000000E+00
  1.95424211E+06  5.70659999E+06  8.44420581E-09  7.79394070E+04  1.02123853E+00  0.00000000E+00
  1.95458916E+06  5.70627148E+06  8.44537775E-09  7.79390464E+04  1.02108028E+00  0.00000000E+00
  1.95493621E+06  5.70594296E+06  8.44654984E-09  7.79386858E+04  1.02092206E+00  0.00000000E+00
  1.95528326E+06  5.70561442E+06  8.44772208E-09  7.79383252E+04  1.02076386E+00  0.00000000E+00
  1.95563031E+06  5.70528587E+06  8.44889448E-09  7.79379647E+04  1.02060569E+00  0.00000000E+00
  1.95597736E+06  5.70495731E+06  8.45006702E-09  7.79376041E+04  1.02044755E+00  0.00000000E+00
  1.95632441E+06  5.70462874E+06  8.45123972E-09  7.79372435E+04  1.02028943E+00  0.00000000E+00
  1.95667146E+06  5.70430015E+06  8.45241258E-09  7.79368829E+04  1.02013133E+00  0.00000000E+00
  1.95701852E+06  5.70397156E+06  8.45358558E-09  7.79365223E+04  1.01997326E+00  0.00000000E+00
  1.95736557E+06  5.70364295E+06  8.45475874E-09  7.79361617E+04  1.01981522E+00  0.00000000E+00
  1.95771262E+06  5.70331433E+06  8.45593205E-09  7.79358011E+04  1.01965721E+00  0.00000000E+00
  1.95805967E+06  5.70298570E+06  8.45710552E-09  7.79354406E+04  1.01949921E+00  0.00000000E+00
  1.95840672E+06  5.70265705E+06  8.45827913E-09  7.79350800E+04  1.01934125E+00  0.00000000E+00
  1.95875377E+06  5.70232840E+06  8.45945290E-09  7.79347194E+04  1.01918331E+00  0.00000000E+00
  1.95910082E+06  5.70199973E+06  8.46062683E-09  7.79343588E+04  1.01902539E+00  0.00000000E+00
  1.95944787E+06  5.70167105E+06  8.46180090E-09  7.79339982E+04  1.01886750E+00  0.00000000E+00
  1.95979492E+06  5.70134236E+06  8.46297513E-09  7.79336376E+04  1.01870964E+00  0.00000000E+00
  1.96014197E+06  5.70101366E+06  8.46414951E-09  7.79332770E+04  1.01855180E+00  0.00000000E+00
  1.96048902E+06  5.70068494E+06  8.46532404E-09  7.79329165E+04  1.01839399E+00  0.00000000E+00
  1.96083607E+06  5.70035622E+06  8.46649873E-09  7.79325559E+04  1.01823621E+00  0.00000000E+00
  1.96118312E+06  5.70002748E+06  8.46767357E-09  7.79321953E+04  1.01807844E+00  0.00000000E+00
  1.96153017E+06  5.69969873E+06  8.46884856E-09  7.79318347E+04  1.01792071E+00  0.00000000E+00
  1.96187722E+06  5.69936997E+06  8.47002370E-09  7.79314741E+04  1.01776300E+00  0.00000000E+00
  1.96222427E+06  5.69904120E+06  8.47119900E-09  7.79311135E+04  1.01760532E+00  0.00000000E+00
  1.96257133E+06  5.69871242E+06  8.47237445E-09  7.79307530E+04  1.01744766E+00  0.00000000E+00
  1.96291838E+06  5.69838362E+06  8.47355005E-09  7.79303924E+04  1.01729002E+00  0.00000000E+00
  1.96326543E+06  5.69805482E+06  8.47472581E-09  7.79300318E+04  1.01713242E+00  0.00000000E+00
  1.96361248E+06  5.69772600E+06  8.47590172E-09  7.79296712E+04  1.01697484E+00  0.00000000E+00
  1.96395953E+06  5.69739717E+06  8.47707778E-09  7.79293106E+04  1.01681728E+00  0.00000000E+00
  1.96430658E+06  5.69706833E+06  8.47825399E-09  7.79289500E+04  1.01665975E+00  0.00000000E+00
  1.96465363E+06  5.69673948E+06  8.47943036E-09  7.79285894E+04  1.01650224E+00  0.00000000E+00
  1.96500068E+06  5.69641061E+06  8.48060687E-09  7.79282289E+04  1.01634476E+00  0.00000000E+00
  1.96534773E+06  5.69608174E+06  8.48178355E-09  7.79278683E+04  1.01618731E+00  0.00000000E+00
  1.96569478E+06  5.69575285E+06  8.48296037E-09  7.79275077E+04  1.01602988E+00  0.00000000E+00
  1.96604183E+06  5.69542396E+06  8.48413735E-09  7.79271471E+04  1.01587248E+00  0.00000000E+00
  1.96638888E+06  5.69509505E+06  8.48531448E-09  7.79267865E+04  1.01571510E+00  0.00000000E+00
  1.96673593E+06  5.69476613E+06  8.48649176E-09  7.79264259E+04  1.01555775E+00  0.00000000E+00
  1.96708298E+06  5.69443720E+06  8.48766919E-09  7.79260653E+04  1.01540043E+00  0.00000000E+00
  1.96743003E+06  5.69410826E+06  8.48884678E-09  7.79257048E+04  1.01524312E+00  0.00000000E+00
  1.96777708E+06  5.69377930E+06  8.49002452E-09  7.79253442E+04  1.01508585E+00  0.00000000E+00
  1.96812414E+06  5.69345034E+06  8.49120242E-09  7.79249836E+04  1.01492860E+00  0.00000000E+00
  1.96847119E+06  5.69312136E+06  8.49238046E-09  7.79246230E+04  1.01477138E+00  0.00000000E+00
  1.96881824E+06  5.69279238E+06  8.49355866E-09  7.79242624E+04  1.01461418E+00  0.00000000E+00
  1.96916529E+06  5.69246338E+06  8.49473701E-09  7.79239018E+04  1.01445701E+00  0.00000000E+00
  1.96951234E+06  5.69213437E+06  8.49591552E-09  7.79235412E+04  1.01429986E+00  0.00000000E+00
  1.96985939E+06  5.69180535E+06  8.49709417E-09  7.79231807E+04  1.01414274E+00  0.00000000E+00
  1.97020644E+06  5.69147632E+06  8.49827298E-09  7.79228201E+04  1.01398564E+00  0.00000000E+00
  1.97055349E+06  5.69114727E+06  8.49945195E-09  7.79224595E+04  1.01382857E+00  0.00000000E+00
  1.97090054E+06  5.69081822E+06  8.50063106E-09  7.79220989E+04  1.01367153E+00  0.00000000E+00
  1.97124759E+06  5.69048916E+06  8.50181033E-09  7.79217383E+04  1.01351451E+00  0.00000000E+00
  1.97159464E+06  5.69016008E+06  8.50298975E-09  7.79213777E+04  1.01335751E+00  0.00000000E+00
  1.97194169E+06  5.68983100E+06  8.50416933E-09  7.79210171E+04  1.01320054E+00  0.00000000E+00
  1.97228874E+06  5.68950190E+06  8.50534905E-09  7.79206566E+04  1.01304360E+00  0.00000000E+00
  1.97263579E+06  5.68917279E+06  8.50652893E-09  7.79202960E+04  1.01288668E+00  0.00000000E+00
  1.97298284E+06  5.68884367E+06  8.50770896E-09  7.79199354E+04  1.01272979E+00  0.00000000E+00
  1.97332990E+06  5.68851454E+06  8.50888915E-09  7.79195748E+04  1.01257293E+00  0.00000000E+00
  1.97367695E+06  5.68818540E+06  8.51006949E-09  7.79192142E+04  1.01241609E+00  0.00000000E+00
  1.97402400E+06  5.68785625E+06  8.51124998E-09  7.79188536E+04  1.01225927E+00  0.00000000E+00
  1.97437105E+06  5.68752709E+06  8.51243062E-09  7.79184930E+04  1.01210248E+00  0.00000000E+00
  1.97471810E+06  5.68719792E+06  8.51361142E-09  7.79181325E+04  1.01194572E+00  0.00000000E+00
  1.97506515E+06  5.68686873E+06  8.51479236E-09  7.79177719E+04  1.01178898E+00  0.00000000E+00
  1.97541220E+06  5.68653954E+06  8.51597347E-09  7.79174113E+04  1.01163226E+00  0.00000000E+00
  1.97575925E+06  5.68621034E+06  8.51715472E-09  7.79170507E+04  1.01147558E+00  0.00000000E+00
  1.97610630E+06  5.68588112E+06  8.51833613E-09  7.79166901E+04  1.01131891E+00  0.00000000E+00
  1.97645335E+06  5.68555189E+06  8.51951769E-09  7.79163295E+04  1.01116228E+00  0.00000000E+00
  1.97680040E+06  5.68522266E+06  8.52069940E-09  7.79159690E+04  1.01100567E+00  0.00000000E+00
  1.97714745E+06  5.68489341E+06  8.52188127E-09  7.79156084E+04  1.01084908E+00  0.00000000E+00
  1.97749450E+06  5.68456415E+06  8.52306328E-09  7.79152478E+04  1.01069252E+00  0.00000000E+00
  1.97784155E+06  5.68423488E+06  8.52424546E-09  7.79148872E+04  1.01053599E+00  0.00000000E+00
  1.97818860E+06  5.68390560E+06  8.52542778E-09  7.79145266E+04  1.01037948E+00  0.00000000E+00
  1.97853565E+06  5.68357631E+06  8.52661026E-09  7.79141660E+04  1.01022299E+00  0.00000000E+00
  1.97888271E+06  5.68324701E+06  8.52779289E-09  7.79138054E+04  1.01006653E+00  0.00000000E+00
  1.97922976E+06  5.68291770E+06  8.52897567E-09  7.79134449E+04  1.00991010E+00  0.00000000E+00
  1.97957681E+06  5.68258838E+06  8.53015860E-09  7.79130843E+04  1.00975369E+00  0.00000000E+00
  1.97992386E+06  5.68225905E+06  8.53134169E-09  7.79127237E+04  1.00959731E+00  0.00000000E+00
  1.98027091E+06  5.68192971E+06  8.53252493E-09  7.79123631E+04  1.00944096E+00  0.00000000E+00
  1.98061796E+06  5.68160035E+06  8.53370833E-09  7.79120025E+04  1.00928463E+00  0.00000000E+00
  1.98096501E+06  5.68127099E+06  8.53489187E-09  7.79116419E+04  1.00912832E+00  0.00000000E+00
  1.98131206E+06  5.68094162E+06  8.53607557E-09  7.79112813E+04  1.00897204E+00  0.00000000E+00
  1.98165911E+06  5.68061223E+06  8.53725943E-09  7.79109208E+04  1.00881579E+00  0.00000000E+00
  1.98200616E+06  5.68028284E+06  8.53844343E-09  7.79105602E+04  1.00865956E+00  0.00000000E+00
  1.98235321E+06  5.67995343E+06  8.53962759E-09  7.79101996E+04  1.00850335E+00  0.00000000E+00
  1.98270026E+06  5.67962402E+06  8.54081190E-09  7.79098390E+04  1.00834718E+00  0.00000000E+00
  1.98304731E+06  5.67929460E+06  8.54199636E-09  7.79094784E+04  1.00819102E+00  0.00000000E+00
  1.98339436E+06  5.67896516E+06  8.54318098E-09  7.79091178E+04  1.00803490E+00  0.00000000E+00
  1.98374141E+06  5.67863571E+06  8.54436575E-09  7.79087572E+04  1.00787879E+00  0.00000000E+00
  1.98408846E+06  5.67830626E+06  8.54555067E-09  7.79083967E+04  1.00772272E+00  0.00000000E+00
  1.98443552E+06  5.67797679E+06  8.54673575E-09  7.79080361E+04  1.00756667E+00  0.00000000E+00
  1.98478257E+06  5.67764732E+06  8.54792097E-09  7.79076755E+04  1.00741064E+00  0.00000000E+00
  1.98512962E+06  5.67731783E+06  8.54910636E-09  7.79073149E+04  1.00725464E+00  0.00000000E+00
  1.98547667E+06  5.67698833E+06  8.55029189E-09  7.79069543E+04  1.00709867E+00  0.00000000E+00
  1.98582372E+06  5.67665883E+06  8.55147758E-09  7.79065937E+04  1.00694272E+00  0.00000000E+00
  1.98617077E+06  5.67632931E+06  8.55266342E-09  7.79062331E+04  1.00678679E+00  0.00000000E+00
  1.98651782E+06  5.67599978E+06  8.55384941E-09  7.79058726E+04  1.00663089E+00  0.00000000E+00
  1.98686487E+06  5.67567025E+06  8.55503555E-09  7.79055120E+04  1.00647502E+00  0.00000000E+00
  1.98721192E+06  5.67534070E+06  8.55622185E-09  7.79051514E+04  1.00631917E+00  0.00000000E+00
  1.98755897E+06  5.67501114E+06  8.55740830E-09  7.79047908E+04  1.00616335E+00  0.00000000E+00
  1.98790602E+06  5.67468158E+06  8.55859491E-09  7.79044302E+04  1.00600756E+00  0.00000000E+00
  1.98825307E+06  5.67435200E+06  8.55978166E-09  7.79040696E+04  1.00585178E+00  0.00000000E+00
  1.98860012E+06  5.67402241E+06  8.56096857E-09  7.79037090E+04  1.00569604E+00  0.00000000E+00
  1.98894717E+06  5.67369281E+06  8.56215564E-09  7.79033485E+04  1.00554032E+00  0.00000000E+00
  1.98929422E+06  5.67336321E+06  8.56334285E-09  7.79029879E+04  1.00538462E+00  0.00000000E+00
  1.98964127E+06  5.67303359E+06  8.56453022E-09  7.79026273E+04  1.00522895E+00  0.00000000E+00
  1.98998833E+06  5.67270396E+06  8.56571774E-09  7.79022667E+04  1.00507331E+00  0.00000000E+00
  1.99033538E+06  5.67237433E+06  8.56690542E-09  7.79019061E+04  1.00491769E+00  0.00000000E+00
  1.99068243E+06  5.67204468E+06  8.56809325E-09  7.79015455E+04  1.00476210E+00  0.00000000E+00
  1.99102948E+06  5.67171502E+06  8.56928123E-09  7.79011850E+04  1.00460653E+00  0.00000000E+00
  1.99137653E+06  5.67138536E+06  8.57046936E-09  7.79008244E+04  1.00445099E+00  0.00000000E+00
  1.99172358E+06  5.67105568E+06  8.57165765E-09  7.79004638E+04  1.00429547E+00  0.00000000E+00
  1.99207063E+06  5.67072600E+06  8.57284608E-09  7.79001032E+04  1.00413998E+00  0.00000000E+00
  1.99241768E+06  5.67039630E+06  8.57403468E-09  7.78997426E+04  1.00398451E+00  0.00000000E+00
  1.99276473E+06  5.67006660E+06  8.57522342E-09  7.78993820E+04  1.00382907E+00  0.00000000E+00
  1.99311178E+06  5.66973688E+06  8.57641232E-09  7.78990214E+04  1.00367365E+00  0.00000000E+00
  1.99345883E+06  5.66940716E+06  8.57760137E-09  7.78986609E+04  1.00351826E+00  0.00000000E+00
  1.99380588E+06  5.66907742E+06  8.57879058E-09  7.78983003E+04  1.00336290E+00  0.00000000E+00
  1.99415293E+06  5.66874768E+06  8.57997993E-09  7.78979397E+04  1.00320756E+00  0.00000000E+00
  1.99449998E+06  5.66841792E+06  8.58116944E-09  7.78975791E+04  1.00305224E+00  0.00000000E+00
  1.99484703E+06  5.66808816E+06  8.58235911E-09  7.78972185E+04  1.00289695E+00  0.00000000E+00
  1.99519408E+06  5.66775839E+06  8.58354892E-09  7.78968579E+04  1.00274169E+00  0.00000000E+00
  1.99554114E+06  5.66742861E+06  8.58473889E-09  7.78964973E+04  1.00258645E+00  0.00000000E+00
  1.99588819E+06  5.66709881E+06  8.58592901E-09  7.78961368E+04  1.00243124E+00  0.00000000E+00
  1.99623524E+06  5.66676901E+06  8.58711929E-09  7.78957762E+04  1.00227605E+00  0.00000000E+00
  1.99658229E+06  5.66643920E+06  8.58830972E-09  7.78954156E+04  1.00212089E+00  0.00000000E+00
  1.99692934E+06  5.66610938E+06  8.58950030E-09  7.78950550E+04  1.00196575E+00  0.00000000E+00
  1.99727639E+06  5.66577955E+06  8.59069103E-09  7.78946944E+04  1.00181064E+00  0.00000000E+00
  1.99762344E+06  5.66544971E+06  8.59188192E-09  7.78943338E+04  1.00165555E+00  0.00000000E+00
  1.99797049E+06  5.66511986E+06  8.59307296E-09  7.78939732E+04  1.00150049E+00  0.00000000E+00
  1.99831754E+06  5.66479000E+06  8.59426415E-09  7.78936127E+04  1.00134546E+00  0.00000000E+00
  1.99866459E+06  5.66446013E+06  8.59545550E-09  7.78932521E+04  1.00119045E+00  0.00000000E+00
  1.99901164E+06  5.66413026E+06  8.59664700E-09  7.78928915E+04  1.00103546E+00  0.00000000E+00
  1.99935869E+06  5.66380037E+06  8.59783865E-09  7.78925309E+04  1.00088050E+00  0.00000000E+00
  1.99970574E+06  5.66347047E+06  8.59903046E-09  7.78921703E+04  1.00072557E+00  0.00000000E+00
  2.00005279E+06  5.66314057E+06  8.60022242E-09  7.78918097E+04  1.00057066E+00  0.00000000E+00
  2.00039984E+06  5.66281065E+06  8.60141453E-09  7.78914491E+04  1.00041578E+00  0.00000000E+00
  2.00074690E+06  5.66248073E+06  8.60260679E-09  7.78910886E+04  1.00026092E+00  0.00000000E+00
  2.00109395E+06  5.66215079E+06  8.60379921E-09  7.78907280E+04  1.00010608E+00  0.00000000E+00
  2.00144100E+06  5.66182085E+06  8.60499178E-09  7.78903674E+04  9.99951277E-01  0.00000000E+00
  2.00178805E+06  5.66149090E+06  8.60618451E-09  7.78900068E+04  9.99796494E-01  0.00000000E+00
  2.00213510E+06  5.66116094E+06  8.60737739E-09  7.78896462E+04  9.99641737E-01  0.00000000E+00
  2.00248215E+06  5.66083097E+06  8.60857042E-09  7.78892856E+04  9.99487005E-01  0.00000000E+00
  2.00282920E+06  5.66050099E+06  8.60976360E-09  7.78889250E+04  9.99332298E-01  0.00000000E+00
  2.00317625E+06  5.66017100E+06  8.61095694E-09  7.78885645E+04  9.99177617E-01  0.00000000E+00
  2.00352330E+06  5.65984100E+06  8.61215043E-09  7.78882039E+04  9.99022961E-01  0.00000000E+00
  2.00387035E+06  5.65951099E+06  8.61334407E-09  7.78878433E+04  9.98868330E-01  0.00000000E+00
  2.00421740E+06  5.65918097E+06  8.61453787E-09  7.78874827E+04  9.98713725E-01  0.00000000E+00
  2.00456445E+06  5.65885095E+06  8.61573181E-09  7.78871221E+04  9.98559145E-01  0.00000000E+00
  2.00491150E+06  5.65852091E+06  8.61692592E-09  7.78867615E+04  9.98404590E-01  0.00000000E+00
  2.00525855E+06  5.65819087E+06  8.61812017E-09  7.78864010E+04  9.98250060E-01  0.00000000E+00
  2.00560560E+06  5.65786082E+06  8.61931458E-09  7.78860404E+04  9.98095556E-01  0.00000000E+00
  2.00595265E+06  5.65753075E+06  8.62050914E-09  7.78856798E+04  9.97941077E-01  0.00000000E+00
  2.00629971E+06  5.65720068E+06  8.62170386E-09  7.78853192E+04  9.97786623E-01  0.00000000E+00
  2.00664676E+06  5.65687060E+06  8.62289873E-09  7.78849586E+04  9.97632194E-01  0.00000000E+00
  2.00699381E+06  5.65654051E+06  8.62409375E-09  7.78845980E+04  9.97477791E-01  0.00000000E+00
  2.00734086E+06  5.65621041E+06  8.62528892E-09  7.78842374E+04  9.97323413E-01  0.00000000E+00
  2.00768791E+06  5.65588031E+06  8.62648425E-09  7.78838769E+04  9.97169060E-01  0.00000000E+00
  2.00803496E+06  5.65555019E+06  8.62767973E-09  7.78835163E+04  9.97014733E-01  0.00000000E+00
  2.00838201E+06  5.65522007E+06  8.62887537E-09  7.78831557E+04  9.96860430E-01  0.00000000E+00
  2.00872906E+06  5.65488993E+06  8.63007115E-09  7.78827951E+04  9.96706153E-01  0.00000000E+00
  2.00907611E+06  5.65455979E+06  8.63126709E-09  7.78824345E+04  9.96551901E-01  0.00000000E+00
  2.00942316E+06  5.65422964E+06  8.63246319E-09  7.78820739E+04  9.96397675E-01  0.00000000E+00
  2.00977021E+06  5.65389948E+06  8.63365944E-09  7.78817133E+04  9.96243473E-01  0.00000000E+00
  2.01011726E+06  5.65356931E+06  8.63485584E-09  7.78813528E+04  9.96089297E-01  0.00000000E+00
  2.01046431E+06  5.65323913E+06  8.63605239E-09  7.78809922E+04  9.95935146E-01  0.00000000E+00
  2.01081136E+06  5.65290894E+06  8.63724910E-09  7.78806316E+04  9.95781020E-01  0.00000000E+00
  2.01115841E+06  5.65257874E+06  8.63844596E-09  7.78802710E+04  9.95626920E-01  0.00000000E+00
  2.01150546E+06  5.65224854E+06  8.63964297E-09  7.78799104E+04  9.95472845E-01  0.00000000E+00
  2.01185252E+06  5.65191833E+06  8.64084014E-09  7.78795498E+04  9.95318795E-01  0.00000000E+00
  2.01219957E+06  5.65158810E+06  8.64203746E-09  7.78791892E+04  9.95164770E-01  0.00000000E+00
  2.01254662E+06  5.65125787E+06  8.64323493E-09  7.78788287E+04  9.95010770E-01  0.00000000E+00
  2.01289367E+06  5.65092763E+06  8.64443256E-09  7.78784681E+04  9.94856796E-01  0.00000000E+00
  2.01324072E+06  5.65059738E+06  8.64563034E-09  7.78781075E+04  9.94702846E-01  0.00000000E+00
  2.01358777E+06  5.65026713E+06  8.64682827E-09  7.78777469E+04  9.94548922E-01  0.00000000E+00
  2.01393482E+06  5.64993686E+06  8.64802636E-09  7.78773863E+04  9.94395023E-01  0.00000000E+00
  2.01428187E+06  5.64960659E+06  8.64922460E-09  7.78770257E+04  9.94241150E-01  0.00000000E+00
  2.01462892E+06  5.64927630E+06  8.65042299E-09  7.78766651E+04  9.94087301E-01  0.00000000E+00
  2.01497597E+06  5.64894601E+06  8.65162154E-09  7.78763046E+04  9.93933478E-01  0.00000000E+00
  2.01532302E+06  5.64861571E+06  8.65282024E-09  7.78759440E+04  9.93779680E-01  0.00000000E+00
  2.01567007E+06  5.64828540E+06  8.65401909E-09  7.78755834E+04  9.93625907E-01  0.00000000E+00
  2.01601712E+06  5.64795508E+06  8.65521810E-09  7.78752228E+04  9.93472159E-01  0.00000000E+00
  2.01636417E+06  5.64762476E+06  8.65641726E-09  7.78748622E+04  9.93318437E-01  0.00000000E+00
  2.01671122E+06  5.64729442E+06  8.65761657E-09  7.78745016E+04  9.93164739E-01  0.00000000E+00
  2.01705827E+06  5.64696408E+06  8.65881604E-09  7.78741410E+04  9.93011067E-01  0.00000000E+00
  2.01740533E+06  5.64663373E+06  8.66001566E-09  7.78737805E+04  9.92857420E-01  0.00000000E+00
  2.01775238E+06  5.64630337E+06  8.66121543E-09  7.78734199E+04  9.92703798E-01  0.00000000E+00
  2.01809943E+06  5.64597300E+06  8.66241536E-09  7.78730593E+04  9.92550201E-01  0.00000000E+00
  2.01844648E+06  5.64564262E+06  8.66361544E-09  7.78726987E+04  9.92396630E-01  0.00000000E+00
  2.01879353E+06  5.64531223E+06  8.66481568E-09  7.78723381E+04  9.92243083E-01  0.00000000E+00
  2.01914058E+06  5.64498184E+06  8.66601606E-09  7.78719775E+04  9.92089562E-01  0.00000000E+00
  2.01948763E+06  5.64465144E+06  8.66721660E-09  7.78716170E+04  9.91936066E-01  0.00000000E+00
  2.01983468E+06  5.64432103E+06  8.66841730E-09  7.78712564E+04  9.91782595E-01  0.00000000E+00
  2.02018173E+06  5.64399061E+06  8.66961815E-09  7.78708958E+04  9.91629149E-01  0.00000000E+00
  2.02052878E+06  5.64366018E+06  8.67081915E-09  7.78705352E+04  9.91475728E-01  0.00000000E+00
  2.02087583E+06  5.64332974E+06  8.67202030E-09  7.78701746E+04  9.91322332E-01  0.00000000E+00
  2.02122288E+06  5.64299930E+06  8.67322161E-09  7.78698140E+04  9.91168962E-01  0.00000000E+00
  2.02156993E+06  5.64266885E+06  8.67442307E-09  7.78694534E+04  9.91015617E-01  0.00000000E+00
  2.02191698E+06  5.64233838E+06  8.67562469E-09  7.78690929E+04  9.90862296E-01  0.00000000E+00
  2.02226403E+06  5.64200792E+06  8.67682646E-09  7.78687323E+04  9.90709001E-01  0.00000000E+00
  2.02261108E+06  5.64167744E+06  8.67802838E-09  7.78683717E+04  9.90555731E-01  0.00000000E+00
  2.02295814E+06  5.64134695E+06  8.67923045E-09  7.78680111E+04  9.90402486E-01  0.00000000E+00
  2.02330519E+06  5.64101646E+06  8.68043268E-09  7.78676505E+04  9.90249266E-01  0.00000000E+00
  2.02365224E+06  5.64068596E+06  8.68163507E-09  7.78672899E+04  9.90096072E-01  0.00000000E+00
  2.02399929E+06  5.64035545E+06  8.68283760E-09  7.78669293E+04  9.89942902E-01  0.00000000E+00
  2.02434634E+06  5.64002493E+06  8.68404029E-09  7.78665688E+04  9.89789758E-01  0.00000000E+00
  2.02469339E+06  5.63969440E+06  8.68524314E-09  7.78662082E+04  9.89636638E-01  0.00000000E+00
  2.02504044E+06  5.63936386E+06  8.68644613E-09  7.78658476E+04  9.89483544E-01  0.00000000E+00
  2.02538749E+06  5.63903332E+06  8.68764928E-09  7.78654870E+04  9.89330475E-01  0.00000000E+00
  2.02573454E+06  5.63870277E+06  8.68885259E-09  7.78651264E+04  9.89177431E-01  0.00000000E+00
  2.02608159E+06  5.63837221E+06  8.69005605E-09  7.78647658E+04  9.89024412E-01  0.00000000E+00
  2.02642864E+06  5.63804164E+06  8.69125966E-09  7.78644052E+04  9.88871418E-01  0.00000000E+00
  2.02677569E+06  5.63771107E+06  8.69246342E-09  7.78640447E+04  9.88718449E-01  0.00000000E+00
  2.02712274E+06  5.63738048E+06  8.69366734E-09  7.78636841E+04  9.88565505E-01  0.00000000E+00
  2.02746979E+06  5.63704989E+06  8.69487141E-09  7.78633235E+04  9.88412586E-01  0.00000000E+00
  2.02781684E+06  5.63671929E+06  8.69607564E-09  7.78629629E+04  9.88259693E-01  0.00000000E+00
  2.02816390E+06  5.63638868E+06  8.69728002E-09  7.78626023E+04  9.88106824E-01  0.00000000E+00
  2.02851095E+06  5.63605807E+06  8.69848455E-09  7.78622417E+04  9.87953981E-01  0.00000000E+00
  2.02885800E+06  5.63572744E+06  8.69968924E-09  7.78618811E+04  9.87801162E-01  0.00000000E+00
  2.02920505E+06  5.63539681E+06  8.70089408E-09  7.78615206E+04  9.87648369E-01  0.00000000E+00
  2.02955210E+06  5.63506617E+06  8.70209907E-09  7.78611600E+04  9.87495600E-01  0.00000000E+00
  2.02989915E+06  5.63473553E+06  8.70330422E-09  7.78607994E+04  9.87342857E-01  0.00000000E+00
  2.03024620E+06  5.63440487E+06  8.70450952E-09  7.78604388E+04  9.87190139E-01  0.00000000E+00
  2.03059325E+06  5.63407421E+06  8.70571498E-09  7.78600732E+04  9.87037225E-01  0.00000000E+00
  2.03094030E+06  5.63374353E+06  8.70692059E-09  7.78596787E+04  9.86883050E-01  0.00000000E+00
  2.03128735E+06  5.63341286E+06  8.70812635E-09  7.78592519E+04  9.86727468E-01  0.00000000E+00
  2.03163440E+06  5.63308217E+06  8.70933227E-09  7.78587926E+04  9.86570473E-01  0.00000000E+00
  2.03198145E+06  5.63275147E+06  8.71053834E-09  7.78583007E+04  9.86412059E-01  0.00000000E+00
  2.03232850E+06  5.63242077E+06  8.71174456E-09  7.78577761E+04  9.86252219E-01  0.00000000E+00
  2.03267555E+06  5.63209006E+06  8.71295094E-09  7.78572185E+04  9.86090948E-01  0.00000000E+00
  2.03302260E+06  5.63175934E+06  8.71415747E-09  7.78566279E+04  9.85928239E-01  0.00000000E+00
  2.03336965E+06  5.63142862E+06  8.71536416E-09  7.78560041E+04  9.85764086E-01  0.00000000E+00
  2.03371671E+06  5.63109788E+06  8.71657099E-09  7.78553469E+04  9.85598483E-01  0.00000000E+00
  2.03406376E+06  5.63076714E+06  8.71777799E-09  7.78546562E+04  9.85431423E-01  0.00000000E+00
  2.03441081E+06  5.63043639E+06  8.71898513E-09  7.78539318E+04  9.85262902E-01  0.00000000E+00
  2.03475786E+06  5.63010563E+06  8.72019243E-09  7.78531736E+04  9.85092912E-01  0.00000000E+00
  2.03510491E+06  5.62977487E+06  8.72139989E-09  7.78523814E+04  9.84921447E-01  0.00000000E+00
  2.03545196E+06  5.62944409E+06  8.72260750E-09  7.78515551E+04  9.84748501E-01  0.00000000E+00
  2.03579901E+06  5.62911331E+06  8.72381526E-09  7.78506944E+04  9.84574069E-01  0.00000000E+00
  2.03614606E+06  5.62878253E+06  8.72502317E-09  7.78497993E+04  9.84398144E-01  0.00000000E+00
  2.03649311E+06  5.62845173E+06  8.72623124E-09  7.78488696E+04  9.84220721E-01  0.00000000E+00
  2.03684016E+06  5.62812093E+06  8.72743947E-09  7.78479052E+04  9.84041792E-01  0.00000000E+00
  2.03718721E+06  5.62779012E+06  8.72864784E-09  7.78469058E+04  9.83861352E-01  0.00000000E+00
  2.03753426E+06  5.62745930E+06  8.72985638E-09  7.78458714E+04  9.83679395E-01  0.00000000E+00
  2.03788131E+06  5.62712847E+06  8.73106506E-09  7.78448017E+04  9.83495915E-01  0.00000000E+00
  2.03822836E+06  5.62679764E+06  8.73227390E-09  7.78436967E+04  9.83310905E-01  0.00000000E+00
  2.03857541E+06  5.62646680E+06  8.73348289E-09  7.78425561E+04  9.83124361E-01  0.00000000E+00
  2.03892246E+06  5.62613595E+06  8.73469204E-09  7.78413799E+04  9.82936275E-01  0.00000000E+00
  2.03926952E+06  5.62580509E+06  8.73590134E-09  7.78401678E+04  9.82746643E-01  0.00000000E+00
  2.03961657E+06  5.62547423E+06  8.73711080E-09  7.78389197E+04  9.82555457E-01  0.00000000E+00
  2.03996362E+06  5.62514335E+06  8.73832040E-09  7.78376355E+04  9.82362712E-01  0.00000000E+00
  2.04031067E+06  5.62481248E+06  8.73953017E-09  7.78363149E+04  9.82168401E-01  0.00000000E+00
  2.04065772E+06  5.62448159E+06  8.74074008E-09  7.78349580E+04  9.81972520E-01  0.00000000E+00
  2.04100477E+06  5.62415069E+06  8.74195015E-09  7.78335644E+04  9.81775062E-01  0.00000000E+00
  2.04135182E+06  5.62381979E+06  8.74316038E-09  7.78321340E+04  9.81576021E-01  0.00000000E+00
  2.04169887E+06  5.62348888E+06  8.74437076E-09  7.78306667E+04  9.81375391E-01  0.00000000E+00
  2.04204592E+06  5.62315797E+06  8.74558129E-09  7.78291624E+04  9.81173166E-01  0.00000000E+00
  2.04239297E+06  5.62282704E+06  8.74679198E-09  7.78276208E+04  9.80969340E-01  0.00000000E+00
  2.04274002E+06  5.62249611E+06  8.74800282E-09  7.78260418E+04  9.80763908E-01  0.00000000E+00
  2.04308707E+06  5.62216517E+06  8.74921381E-09  7.78244253E+04  9.80556864E-01  0.00000000E+00
  2.04343412E+06  5.62183423E+06  8.75042496E-09  7.78227711E+04  9.80348201E-01  0.00000000E+00
  2.04378117E+06  5.62150327E+06  8.75163626E-09  7.78210791E+04  9.80137913E-01  0.00000000E+00
  2.04412822E+06  5.62117231E+06  8.75284772E-09  7.78193491E+04  9.79925996E-01  0.00000000E+00
  2.04447527E+06  5.62084135E+06  8.75405933E-09  7.78175809E+04  9.79712443E-01  0.00000000E+00
  2.04482233E+06  5.62051037E+06  8.75527110E-09  7.78157744E+04  9.79497248E-01  0.00000000E+00
  2.04516938E+06  5.62017939E+06  8.75648302E-09  7.78139294E+04  9.79280405E-01  0.00000000E+00
  2.04551643E+06  5.61984840E+06  8.75769509E-09  7.78120458E+04  9.79061910E-01  0.00000000E+00
  2.04586348E+06  5.61951740E+06  8.75890732E-09  7.78101235E+04  9.78841754E-01  0.00000000E+00
  2.04621053E+06  5.61918640E+06  8.76011970E-09  7.78081622E+04  9.78619934E-01  0.00000000E+00
  2.04655758E+06  5.61885538E+06  8.76133224E-09  7.78061619E+04  9.78396444E-01  0.00000000E+00
  2.04690463E+06  5.61852437E+06  8.76254492E-09  7.78041223E+04  9.78171276E-01  0.00000000E+00
  2.04725168E+06  5.61819334E+06  8.76375777E-09  7.78020433E+04  9.77944427E-01  0.00000000E+00
  2.04759873E+06  5.61786231E+06  8.76497077E-09  7.77999248E+04  9.77715889E-01  0.00000000E+00
  2.04794578E+06  5.61753127E+06  8.76618392E-09  7.77977666E+04  9.77485658E-01  0.00000000E+00
  2.04829283E+06  5.61720022E+06  8.76739723E-09  7.77955685E+04  9.77253727E-01  0.00000000E+00
  2.04863988E+06  5.61686916E+06  8.76861069E-09  7.77933304E+04  9.77020091E-01  0.00000000E+00
  2.04898693E+06  5.61653810E+06  8.76982430E-09  7.77910522E+04  9.76784744E-01  0.00000000E+00
  2.04933398E+06  5.61620703E+06  8.77103807E-09  7.77887337E+04  9.76547681E-01  0.00000000E+00
  2.04968103E+06  5.61587596E+06  8.77225199E-09  7.77863746E+04  9.76308895E-01  0.00000000E+00
  2.05002808E+06  5.61554487E+06  8.77346607E-09  7.77839750E+04  9.76068382E-01  0.00000000E+00
  2.05037514E+06  5.61521378E+06  8.77468030E-09  7.77815346E+04  9.75826135E-01  0.00000000E+00
  2.05072219E+06  5.61488268E+06  8.77589469E-09  7.77790532E+04  9.75582149E-01  0.00000000E+00
  2.05106924E+06  5.61455158E+06  8.77710923E-09  7.77765308E+04  9.75336418E-01  0.00000000E+00
  2.05141629E+06  5.61422047E+06  8.77832393E-09  7.77739671E+04  9.75088936E-01  0.00000000E+00
  2.05176334E+06  5.61388935E+06  8.77953878E-09  7.77713621E+04  9.74839699E-01  0.00000000E+00
  2.05211039E+06  5.61355822E+06  8.78075378E-09  7.77687155E+04  9.74588700E-01  0.00000000E+00
  2.05245744E+06  5.61322709E+06  8.78196894E-09  7.77660271E+04  9.74335934E-01  0.00000000E+00
  2.05280449E+06  5.61289595E+06  8.78318425E-09  7.77632970E+04  9.74081395E-01  0.00000000E+00
  2.05315154E+06  5.61256480E+06  8.78439972E-09  7.77605248E+04  9.73825078E-01  0.00000000E+00
  2.05349859E+06  5.61223365E+06  8.78561534E-09  7.77577104E+04  9.73566977E-01  0.00000000E+00
  2.05384564E+06  5.61190249E+06  8.78683111E-09  7.77548537E+04  9.73307087E-01  0.00000000E+00
  2.05419269E+06  5.61157132E+06  8.78804704E-09  7.77519546E+04  9.73045402E-01  0.00000000E+00
  2.05453974E+06  5.61124015E+06  8.78926312E-09  7.77490128E+04  9.72781917E-01  0.00000000E+00
  2.05488679E+06  5.61090896E+06  8.79047936E-09  7.77460283E+04  9.72516626E-01  0.00000000E+00
  2.05523384E+06  5.61057778E+06  8.79169576E-09  7.77430008E+04  9.72249523E-01  0.00000000E+00
  2.05558089E+06  5.61024658E+06  8.79291230E-09  7.77399302E+04  9.71980604E-01  0.00000000E+00
  2.05592795E+06  5.60991538E+06  8.79412900E-09  7.77368163E+04  9.71709863E-01  0.00000000E+00
  2.05627500E+06  5.60958417E+06  8.79534586E-09  7.77336591E+04  9.71437294E-01  0.00000000E+00
  2.05662205E+06  5.60925295E+06  8.79656287E-09  7.77304583E+04  9.71162892E-01  0.00000000E+00
  2.05696910E+06  5.60892173E+06  8.79778004E-09  7.77272138E+04  9.70886651E-01  0.00000000E+00
  2.05731615E+06  5.60859050E+06  8.79899736E-09  7.77239254E+04  9.70608567E-01  0.00000000E+00
  2.05766320E+06  5.60825926E+06  8.80021483E-09  7.77205930E+04  9.70328634E-01  0.00000000E+00
  2.05801025E+06  5.60792802E+06  8.80143246E-09  7.77172165E+04  9.70046845E-01  0.00000000E+00
  2.05835730E+06  5.60759677E+06  8.80265024E-09  7.77137956E+04  9.69763198E-01  0.00000000E+00
  2.05870435E+06  5.60726551E+06  8.80386818E-09  7.77103302E+04  9.69477684E-01  0.00000000E+00
  2.05905140E+06  5.60693425E+06  8.80508627E-09  7.77068202E+04  9.69190301E-01  0.00000000E+00
  2.05939845E+06  5.60660298E+06  8.80630452E-09  7.77032654E+04  9.68901041E-01  0.00000000E+00
  2.05974550E+06  5.60627170E+06  8.80752292E-09  7.76996657E+04  9.68609900E-01  0.00000000E+00
  2.06009255E+06  5.60594042E+06  8.80874147E-09  7.76960209E+04  9.68316873E-01  0.00000000E+00
  2.06043960E+06  5.60560913E+06  8.80996018E-09  7.76923308E+04  9.68021954E-01  0.00000000E+00
  2.06078665E+06  5.60527783E+06  8.81117905E-09  7.76885953E+04  9.67725138E-01  0.00000000E+00
  2.06113371E+06  5.60494653E+06  8.81239807E-09  7.76848142E+04  9.67426420E-01  0.00000000E+00
  2.06148076E+06  5.60461522E+06  8.81361724E-09  7.76809875E+04  9.67125794E-01  0.00000000E+00
  2.06182781E+06  5.60428390E+06  8.81483657E-09  7.76771148E+04  9.66823256E-01  0.00000000E+00
  2.06217486E+06  5.60395258E+06  8.81605606E-09  7.76731962E+04  9.66518800E-01  0.00000000E+00
  2.06252191E+06  5.60362125E+06  8.81727569E-09  7.76692313E+04  9.66212421E-01  0.00000000E+00
  2.06286896E+06  5.60328991E+06  8.81849549E-09  7.76652201E+04  9.65904114E-01  0.00000000E+00
  2.06321601E+06  5.60295856E+06  8.81971543E-09  7.76611625E+04  9.65593874E-01  0.00000000E+00
  2.06356306E+06  5.60262721E+06  8.82093554E-09  7.76570582E+04  9.65281695E-01  0.00000000E+00
  2.06391011E+06  5.60229586E+06  8.82215579E-09  7.76529071E+04  9.64967573E-01  0.00000000E+00
  2.06425716E+06  5.60196449E+06  8.82337620E-09  7.76487090E+04  9.64651502E-01  0.00000000E+00
  2.06460421E+06  5.60163312E+06  8.82459677E-09  7.76444639E+04  9.64333477E-01  0.00000000E+00
  2.06495126E+06  5.60130175E+06  8.82581749E-09  7.76401714E+04  9.64013494E-01  0.00000000E+00
  2.06529831E+06  5.60097036E+06  8.82703837E-09  7.76358316E+04  9.63691546E-01  0.00000000E+00
  2.06564536E+06  5.60063897E+06  8.82825940E-09  7.76314442E+04  9.63367630E-01  0.00000000E+00
  2.06599241E+06  5.60030758E+06  8.82948058E-09  7.76270091E+04  9.63041740E-01  0.00000000E+00
  2.06633946E+06  5.59997618E+06  8.83070192E-09  7.76225261E+04  9.62713871E-01  0.00000000E+00
  2.06668652E+06  5.59964477E+06  8.83192342E-09  7.76179951E+04  9.62384019E-01  0.00000000E+00
  2.06703357E+06  5.59931335E+06  8.83314507E-09  7.76134159E+04  9.62052177E-01  0.00000000E+00
  2.06738062E+06  5.59898193E+06  8.83436687E-09  7.76087883E+04  9.61718342E-01  0.00000000E+00
  2.06772767E+06  5.59865050E+06  8.83558883E-09  7.76041123E+04  9.61382507E-01  0.00000000E+00
  2.06807472E+06  5.59831906E+06  8.83681094E-09  7.75993876E+04  9.61044669E-01  0.00000000E+00
  2.06842177E+06  5.59798762E+06  8.83803321E-09  7.75946141E+04  9.60704823E-01  0.00000000E+00
  2.06876882E+06  5.59765617E+06  8.83925564E-09  7.75897917E+04  9.60362963E-01  0.00000000E+00
  2.06911587E+06  5.59732472E+06  8.84047822E-09  7.75849201E+04  9.60019085E-01  0.00000000E+00
  2.06946292E+06  5.59699326E+06  8.84170095E-09  7.75799993E+04  9.59673183E-01  0.00000000E+00
  2.06980997E+06  5.59666179E+06  8.84292384E-09  7.75750290E+04  9.59325254E-01  0.00000000E+00
  2.07015702E+06  5.59633032E+06  8.84414688E-09  7.75700092E+04  9.58975291E-01  0.00000000E+00
  2.07050407E+06  5.59599884E+06  8.84537008E-09  7.75649397E+04  9.58623291E-01  0.00000000E+00
  2.07085112E+06  5.59566735E+06  8.84659343E-09  7.75598202E+04  9.58269248E-01  0.00000000E+00
  2.07119817E+06  5.59533586E+06  8.84781694E-09  7.75546508E+04  9.57913159E-01  0.00000000E+00
  2.07154522E+06  5.59500436E+06  8.84904060E-09  7.75494311E+04  9.57555017E-01  0.00000000E+00
  2.07189227E+06  5.59467286E+06  8.85026442E-09  7.75441611E+04  9.57194818E-01  0.00000000E+00
  2.07223933E+06  5.59434135E+06  8.85148840E-09  7.75388406E+04  9.56832558E-01  0.00000000E+00
  2.07258638E+06  5.59400983E+06  8.85271252E-09  7.75334694E+04  9.56468232E-01  0.00000000E+00
  2.07293343E+06  5.59367830E+06  8.85393681E-09  7.75280475E+04  9.56101834E-01  0.00000000E+00
  2.07328048E+06  5.59334677E+06  8.85516125E-09  7.75225746E+04  9.55733362E-01  0.00000000E+00
  2.07362753E+06  5.59301524E+06  8.85638584E-09  7.75170505E+04  9.55362809E-01  0.00000000E+00
  2.07397458E+06  5.59268370E+06  8.85761059E-09  7.75114752E+04  9.54990171E-01  0.00000000E+00
  2.07432163E+06  5.59235215E+06  8.85883549E-09  7.75058485E+04  9.54615444E-01  0.00000000E+00
  2.07466868E+06  5.59202059E+06  8.86006055E-09  7.75001701E+04  9.54238623E-01  0.00000000E+00
  2.07501573E+06  5.59168903E+06  8.86128576E-09  7.74944401E+04  9.53859703E-01  0.00000000E+00
  2.07536278E+06  5.59135746E+06  8.86251113E-09  7.74886581E+04  9.53478680E-01  0.00000000E+00
  2.07570983E+06  5.59102589E+06  8.86373666E-09  7.74828241E+04  9.53095549E-01  0.00000000E+00
  2.07605688E+06  5.59069431E+06  8.86496233E-09  7.74769380E+04  9.52710306E-01  0.00000000E+00
  2.07640393E+06  5.59036272E+06  8.86618817E-09  7.74709994E+04  9.52322946E-01  0.00000000E+00
  2.07675098E+06  5.59003113E+06  8.86741416E-09  7.74650084E+04  9.51933465E-01  0.00000000E+00
  2.07709803E+06  5.58969953E+06  8.86864030E-09  7.74589647E+04  9.51541859E-01  0.00000000E+00
  2.07744508E+06  5.58936793E+06  8.86986660E-09  7.74528682E+04  9.51148122E-01  0.00000000E+00
  2.07779214E+06  5.58903632E+06  8.87109306E-09  7.74467187E+04  9.50752250E-01  0.00000000E+00
  2.07813919E+06  5.58870470E+06  8.87231967E-09  7.74405161E+04  9.50354240E-01  0.00000000E+00
  2.07848624E+06  5.58837308E+06  8.87354643E-09  7.74342602E+04  9.49954086E-01  0.00000000E+00
  2.07883329E+06  5.58804145E+06  8.87477335E-09  7.74279509E+04  9.49551784E-01  0.00000000E+00
  2.07918034E+06  5.58770982E+06  8.87600043E-09  7.74215880E+04  9.49147330E-01  0.00000000E+00
  2.07952739E+06  5.58737818E+06  8.87722766E-09  7.74151713E+04  9.48740720E-01  0.00000000E+00
  2.07987444E+06  5.58704653E+06  8.87845505E-09  7.74087008E+04  9.48331948E-01  0.00000000E+00
  2.08022149E+06  5.58671488E+06  8.87968259E-09  7.74021762E+04  9.47921012E-01  0.00000000E+00
  2.08056854E+06  5.58638322E+06  8.88091028E-09  7.73955974E+04  9.47507906E-01  0.00000000E+00
  2.08091559E+06  5.58605155E+06  8.88213814E-09  7.73889642E+04  9.47092627E-01  0.00000000E+00
  2.08126264E+06  5.58571988E+06  8.88336614E-09  7.73822766E+04  9.46675170E-01  0.00000000E+00
  2.08160969E+06  5.58538820E+06  8.88459431E-09  7.73755342E+04  9.46255531E-01  0.00000000E+00
  2.08195674E+06  5.58505652E+06  8.88582263E-09  7.73687371E+04  9.45833705E-01  0.00000000E+00
  2.08230379E+06  5.58472483E+06  8.88705110E-09  7.73618850E+04  9.45409689E-01  0.00000000E+00
  2.08265084E+06  5.58439314E+06  8.88827973E-09  7.73549777E+04  9.44983478E-01  0.00000000E+00
  2.08299789E+06  5.58406144E+06  8.88950851E-09  7.73480152E+04  9.44555068E-01  0.00000000E+00
  2.08334495E+06  5.58372973E+06  8.89073745E-09  7.73409972E+04  9.44124456E-01  0.00000000E+00
  2.08369200E+06  5.58339802E+06  8.89196655E-09  7.73339236E+04  9.43691636E-01  0.00000000E+00
  2.08403905E+06  5.58306630E+06  8.89319580E-09  7.73267943E+04  9.43256606E-01  0.00000000E+00
  2.08438610E+06  5.58273458E+06  8.89442520E-09  7.73196091E+04  9.42819360E-01  0.00000000E+00
  2.08473315E+06  5.58240285E+06  8.89565477E-09  7.73123678E+04  9.42379895E-01  0.00000000E+00
  2.08508020E+06  5.58207111E+06  8.89688448E-09  7.73050703E+04  9.41938207E-01  0.00000000E+00
  2.08542725E+06  5.58173937E+06  8.89811436E-09  7.72977165E+04  9.41494291E-01  0.00000000E+00
  2.08577430E+06  5.58140762E+06  8.89934438E-09  7.72903061E+04  9.41048145E-01  0.00000000E+00
  2.08612135E+06  5.58107587E+06  8.90057457E-09  7.72828391E+04  9.40599763E-01  0.00000000E+00
  2.08646840E+06  5.58074411E+06  8.90180491E-09  7.72753152E+04  9.40149142E-01  0.00000000E+00
  2.08681545E+06  5.58041234E+06  8.90303540E-09  7.72677344E+04  9.39696279E-01  0.00000000E+00
  2.08716250E+06  5.58008057E+06  8.90426605E-09  7.72600964E+04  9.39241168E-01  0.00000000E+00
  2.08750955E+06  5.57974880E+06  8.90549686E-09  7.72524011E+04  9.38783807E-01  0.00000000E+00
  2.08785660E+06  5.57941701E+06  8.90672782E-09  7.72446484E+04  9.38324191E-01  0.00000000E+00
  2.08820365E+06  5.57908523E+06  8.90795894E-09  7.72368381E+04  9.37862316E-01  0.00000000E+00
  2.08855071E+06  5.57875343E+06  8.90919021E-09  7.72289700E+04  9.37398179E-01  0.00000000E+00
  2.08889776E+06  5.57842163E+06  8.91042164E-09  7.72210440E+04  9.36931777E-01  0.00000000E+00
  2.08924481E+06  5.57808983E+06  8.91165322E-09  7.72130600E+04  9.36463104E-01  0.00000000E+00
  2.08959186E+06  5.57775802E+06  8.91288496E-09  7.72050177E+04  9.35992158E-01  0.00000000E+00
  2.08993891E+06  5.57742620E+06  8.91411686E-09  7.71969171E+04  9.35518935E-01  0.00000000E+00
  2.09028596E+06  5.57709438E+06  8.91534891E-09  7.71887580E+04  9.35043431E-01  0.00000000E+00
  2.09063301E+06  5.57676255E+06  8.91658111E-09  7.71805401E+04  9.34565642E-01  0.00000000E+00
  2.09098006E+06  5.57643072E+06  8.91781348E-09  7.71722635E+04  9.34085565E-01  0.00000000E+00
  2.09132711E+06  5.57609888E+06  8.91904600E-09  7.71639278E+04  9.33603196E-01  0.00000000E+00
  2.09167416E+06  5.57576703E+06  8.92027867E-09  7.71555330E+04  9.33118532E-01  0.00000000E+00
  2.09202121E+06  5.57543518E+06  8.92151150E-09  7.71470789E+04  9.32631568E-01  0.00000000E+00
  2.09236826E+06  5.57510332E+06  8.92274448E-09  7.71385654E+04  9.32142302E-01  0.00000000E+00
  2.09271531E+06  5.57477146E+06  8.92397763E-09  7.71299923E+04  9.31650730E-01  0.00000000E+00
  2.09306236E+06  5.57443959E+06  8.92521092E-09  7.71213594E+04  9.31156848E-01  0.00000000E+00
  2.09340941E+06  5.57410772E+06  8.92644438E-09  7.71126665E+04  9.30660653E-01  0.00000000E+00
  2.09375646E+06  5.57377584E+06  8.92767798E-09  7.71039137E+04  9.30162141E-01  0.00000000E+00
  2.09410352E+06  5.57344396E+06  8.92891175E-09  7.70951005E+04  9.29661309E-01  0.00000000E+00
  2.09445057E+06  5.57311207E+06  8.93014567E-09  7.70862271E+04  9.29158153E-01  0.00000000E+00
  2.09479762E+06  5.57278017E+06  8.93137975E-09  7.70772930E+04  9.28652671E-01  0.00000000E+00
  2.09514467E+06  5.57244827E+06  8.93261398E-09  7.70682983E+04  9.28144858E-01  0.00000000E+00
  2.09549172E+06  5.57211636E+06  8.93384837E-09  7.70592428E+04  9.27634711E-01  0.00000000E+00
  2.09583877E+06  5.57178445E+06  8.93508291E-09  7.70501263E+04  9.27122228E-01  0.00000000E+00
  2.09618582E+06  5.57145253E+06  8.93631761E-09  7.70409486E+04  9.26607404E-01  0.00000000E+00
  2.09653287E+06  5.57112061E+06  8.93755247E-09  7.70317096E+04  9.26090237E-01  0.00000000E+00
  2.09687992E+06  5.57078868E+06  8.93878748E-09  7.70224092E+04  9.25570723E-01  0.00000000E+00
  2.09722697E+06  5.57045675E+06  8.94002265E-09  7.70130471E+04  9.25048858E-01  0.00000000E+00
  2.09757402E+06  5.57012481E+06  8.94125797E-09  7.70036233E+04  9.24524641E-01  0.00000000E+00
  2.09792107E+06  5.56979286E+06  8.94249345E-09  7.69941376E+04  9.23998067E-01  0.00000000E+00
  2.09826812E+06  5.56946091E+06  8.94372909E-09  7.69845898E+04  9.23469133E-01  0.00000000E+00
  2.09861517E+06  5.56912896E+06  8.94496488E-09  7.69749797E+04  9.22937837E-01  0.00000000E+00
  2.09896222E+06  5.56879700E+06  8.94620083E-09  7.69653073E+04  9.22404174E-01  0.00000000E+00
  2.09930927E+06  5.56846503E+06  8.94743693E-09  7.69555723E+04  9.21868143E-01  0.00000000E+00
  2.09965633E+06  5.56813306E+06  8.94867319E-09  7.69457747E+04  9.21329740E-01  0.00000000E+00
  2.10000338E+06  5.56780108E+06  8.94990961E-09  7.69359142E+04  9.20788961E-01  0.00000000E+00
  2.10035043E+06  5.56746910E+06  8.95114618E-09  7.69259907E+04  9.20245805E-01  0.00000000E+00
  2.10069748E+06  5.56713711E+06  8.95238291E-09  7.69160040E+04  9.19700267E-01  0.00000000E+00
  2.10104453E+06  5.56680511E+06  8.95361979E-09  7.69059541E+04  9.19152345E-01  0.00000000E+00
  2.10139158E+06  5.56647312E+06  8.95485683E-09  7.68958407E+04  9.18602036E-01  0.00000000E+00
  2.10173863E+06  5.56614111E+06  8.95609403E-09  7.68856636E+04  9.18049338E-01  0.00000000E+00
  2.10208568E+06  5.56580910E+06  8.95733138E-09  7.68754228E+04  9.17494246E-01  0.00000000E+00
  2.10243273E+06  5.56547709E+06  8.95856889E-09  7.68651181E+04  9.16936759E-01  0.00000000E+00
  2.10277978E+06  5.56514507E+06  8.95980656E-09  7.68547492E+04  9.16376874E-01  0.00000000E+00
  2.10312683E+06  5.56481304E+06  8.96104438E-09  7.68443162E+04  9.15814587E-01  0.00000000E+00
  2.10347388E+06  5.56448101E+06  8.96228236E-09  7.68338187E+04  9.15249896E-01  0.00000000E+00
  2.10382093E+06  5.56414897E+06  8.96352049E-09  7.68232568E+04  9.14682798E-01  0.00000000E+00
  2.10416798E+06  5.56381693E+06  8.96475878E-09  7.68126301E+04  9.14113291E-01  0.00000000E+00
  2.10451503E+06  5.56348488E+06  8.96599723E-09  7.68019385E+04  9.13541371E-01  0.00000000E+00
  2.10486208E+06  5.56315283E+06  8.96723583E-09  7.67911820E+04  9.12967036E-01  0.00000000E+00
  2.10520914E+06  5.56282078E+06  8.96847459E-09  7.67803603E+04  9.12390284E-01  0.00000000E+00
  2.10555619E+06  5.56248871E+06  8.96971351E-09  7.67694733E+04  9.11811111E-01  0.00000000E+00
  2.10590324E+06  5.56215664E+06  8.97095258E-09  7.67585208E+04  9.11229516E-01  0.00000000E+00
  2.10625029E+06  5.56182457E+06  8.97219181E-09  7.67475027E+04  9.10645495E-01  0.00000000E+00
  2.10659734E+06  5.56149249E+06  8.97343119E-09  7.67364188E+04  9.10059046E-01  0.00000000E+00
  2.10694439E+06  5.56116041E+06  8.97467074E-09  7.67252690E+04  9.09470166E-01  0.00000000E+00
  2.10729144E+06  5.56082832E+06  8.97591043E-09  7.67140531E+04  9.08878854E-01  0.00000000E+00
  2.10763849E+06  5.56049623E+06  8.97715029E-09  7.67027709E+04  9.08285106E-01  0.00000000E+00
  2.10798554E+06  5.56016413E+06  8.97839030E-09  7.66914224E+04  9.07688920E-01  0.00000000E+00
  2.10833259E+06  5.55983202E+06  8.97963047E-09  7.66800073E+04  9.07090294E-01  0.00000000E+00
  2.10867964E+06  5.55949992E+06  8.98087079E-09  7.66685255E+04  9.06489224E-01  0.00000000E+00
  2.10902669E+06  5.55916780E+06  8.98211127E-09  7.66569768E+04  9.05885710E-01  0.00000000E+00
  2.10937374E+06  5.55883568E+06  8.98335191E-09  7.66453612E+04  9.05279749E-01  0.00000000E+00
  2.10972079E+06  5.55850356E+06  8.98459270E-09  7.66336783E+04  9.04671337E-01  0.00000000E+00
  2.11006784E+06  5.55817143E+06  8.98583365E-09  7.66219282E+04  9.04060474E-01  0.00000000E+00
  2.11041489E+06  5.55783929E+06  8.98707476E-09  7.66101105E+04  9.03447156E-01  0.00000000E+00
  2.11076195E+06  5.55750715E+06  8.98831602E-09  7.65982253E+04  9.02831382E-01  0.00000000E+00
  2.11110900E+06  5.55717501E+06  8.98955744E-09  7.65862722E+04  9.02213149E-01  0.00000000E+00
  2.11145605E+06  5.55684286E+06  8.99079901E-09  7.65742512E+04  9.01592455E-01  0.00000000E+00
  2.11180310E+06  5.55651070E+06  8.99204075E-09  7.65621622E+04  9.00969298E-01  0.00000000E+00
  2.11215015E+06  5.55617854E+06  8.99328264E-09  7.65500048E+04  9.00343676E-01  0.00000000E+00
  2.11249720E+06  5.55584638E+06  8.99452468E-09  7.65377791E+04  8.99715587E-01  0.00000000E+00
  2.11284425E+06  5.55551421E+06  8.99576688E-09  7.65254848E+04  8.99085029E-01  0.00000000E+00
  2.11319130E+06  5.55518203E+06  8.99700924E-09  7.65131218E+04  8.98451999E-01  0.00000000E+00
  2.11353835E+06  5.55484985E+06  8.99825176E-09  7.65006900E+04  8.97816496E-01  0.00000000E+00
  2.11388540E+06  5.55451767E+06  8.99949443E-09  7.64881891E+04  8.97178518E-01  0.00000000E+00
  2.11423245E+06  5.55418548E+06  9.00073726E-09  7.64756191E+04  8.96538062E-01  0.00000000E+00
  2.11457950E+06  5.55385328E+06  9.00198025E-09  7.64629797E+04  8.95895128E-01  0.00000000E+00
  2.11492655E+06  5.55352108E+06  9.00322339E-09  7.64502708E+04  8.95249712E-01  0.00000000E+00
  2.11527360E+06  5.55318887E+06  9.00446669E-09  7.64374923E+04  8.94601813E-01  0.00000000E+00
  2.11562065E+06  5.55285666E+06  9.00571015E-09  7.64246440E+04  8.93951430E-01  0.00000000E+00
  2.11596770E+06  5.55252445E+06  9.00695376E-09  7.64117258E+04  8.93298560E-01  0.00000000E+00
  2.11631476E+06  5.55219223E+06  9.00819753E-09  7.63987375E+04  8.92643202E-01  0.00000000E+00
  2.11666181E+06  5.55186000E+06  9.00944146E-09  7.63856789E+04  8.91985354E-01  0.00000000E+00
  2.11700886E+06  5.55152777E+06  9.01068554E-09  7.63725499E+04  8.91325014E-01  0.00000000E+00
  2.11735591E+06  5.55119554E+06  9.01192978E-09  7.63593504E+04  8.90662181E-01  0.00000000E+00
  2.11770296E+06  5.55086330E+06  9.01317418E-09  7.63460801E+04  8.89996853E-01  0.00000000E+00
  2.11805001E+06  5.55053106E+06  9.01441874E-09  7.63327390E+04  8.89329028E-01  0.00000000E+00
  2.11839706E+06  5.55019881E+06  9.01566345E-09  7.63193268E+04  8.88658705E-01  0.00000000E+00
  2.11874411E+06  5.54986655E+06  9.01690832E-09  7.63058434E+04  8.87985882E-01  0.00000000E+00
  2.11909116E+06  5.54953429E+06  9.01815334E-09  7.62922888E+04  8.87310558E-01  0.00000000E+00
  2.11943821E+06  5.54920203E+06  9.01939852E-09  7.62786626E+04  8.86632731E-01  0.00000000E+00
  2.11978526E+06  5.54886976E+06  9.02064386E-09  7.62649648E+04  8.85952399E-01  0.00000000E+00
  2.12013231E+06  5.54853749E+06  9.02188936E-09  7.62511952E+04  8.85269562E-01  0.00000000E+00
  2.12047936E+06  5.54820521E+06  9.02313501E-09  7.62373536E+04  8.84584218E-01  0.00000000E+00
  2.12082641E+06  5.54787292E+06  9.02438082E-09  7.62234400E+04  8.83896365E-01  0.00000000E+00
  2.12117346E+06  5.54754064E+06  9.02562679E-09  7.62094541E+04  8.83206002E-01  0.00000000E+00
  2.12152052E+06  5.54720834E+06  9.02687291E-09  7.61953957E+04  8.82513128E-01  0.00000000E+00
  2.12186757E+06  5.54687605E+06  9.02811920E-09  7.61812648E+04  8.81817741E-01  0.00000000E+00
  2.12221462E+06  5.54654374E+06  9.02936564E-09  7.61670612E+04  8.81119840E-01  0.00000000E+00
  2.12256167E+06  5.54621144E+06  9.03061223E-09  7.61527847E+04  8.80419425E-01  0.00000000E+00
  2.12290872E+06  5.54587912E+06  9.03185898E-09  7.61384352E+04  8.79716493E-01  0.00000000E+00
  2.12325577E+06  5.54554681E+06  9.03310589E-09  7.61240124E+04  8.79011044E-01  0.00000000E+00
  2.12360282E+06  5.54521449E+06  9.03435296E-09  7.61095164E+04  8.78303077E-01  0.00000000E+00
  2.12394987E+06  5.54488216E+06  9.03560019E-09  7.60949468E+04  8.77592590E-01  0.00000000E+00
  2.12429692E+06  5.54454983E+06  9.03684757E-09  7.60803036E+04  8.76879582E-01  0.00000000E+00
  2.12464397E+06  5.54421749E+06  9.03809511E-09  7.60655866E+04  8.76164053E-01  0.00000000E+00
  2.12499102E+06  5.54388515E+06  9.03934280E-09  7.60507957E+04  8.75446000E-01  0.00000000E+00
  2.12533807E+06  5.54355281E+06  9.04059066E-09  7.60359306E+04  8.74725424E-01  0.00000000E+00
  2.12568512E+06  5.54322046E+06  9.04183867E-09  7.60209913E+04  8.74002324E-01  0.00000000E+00
  2.12603217E+06  5.54288810E+06  9.04308684E-09  7.60059775E+04  8.73276698E-01  0.00000000E+00
  2.12637922E+06  5.54255574E+06  9.04433516E-09  7.59908892E+04  8.72548545E-01  0.00000000E+00
  2.12672627E+06  5.54222338E+06  9.04558364E-09  7.59757261E+04  8.71817866E-01  0.00000000E+00
  2.12707333E+06  5.54189101E+06  9.04683228E-09  7.59604882E+04  8.71084658E-01  0.00000000E+00
  2.12742038E+06  5.54155864E+06  9.04808108E-09  7.59451752E+04  8.70348921E-01  0.00000000E+00
  2.12776743E+06  5.54122626E+06  9.04933004E-09  7.59297870E+04  8.69610654E-01  0.00000000E+00
  2.12811448E+06  5.54089388E+06  9.05057915E-09  7.59143235E+04  8.68869858E-01  0.00000000E+00
  2.12846153E+06  5.54056149E+06  9.05182842E-09  7.58987845E+04  8.68126530E-01  0.00000000E+00
  2.12880858E+06  5.54022910E+06  9.05307784E-09  7.58831698E+04  8.67380670E-01  0.00000000E+00
  2.12915563E+06  5.53989670E+06  9.05432743E-09  7.58674793E+04  8.66632278E-01  0.00000000E+00
  2.12950268E+06  5.53956430E+06  9.05557717E-09  7.58517129E+04  8.65881354E-01  0.00000000E+00
  2.12984973E+06  5.53923190E+06  9.05682707E-09  7.58358703E+04  8.65127895E-01  0.00000000E+00
  2.13019678E+06  5.53889949E+06  9.05807713E-09  7.58199514E+04  8.64371903E-01  0.00000000E+00
  2.13054383E+06  5.53856707E+06  9.05932734E-09  7.58039562E+04  8.63613376E-01  0.00000000E+00
  2.13089088E+06  5.53823465E+06  9.06057771E-09  7.57878843E+04  8.62852315E-01  0.00000000E+00
  2.13123793E+06  5.53790223E+06  9.06182824E-09  7.57717358E+04  8.62088718E-01  0.00000000E+00
  2.13158498E+06  5.53756980E+06  9.06307893E-09  7.57555103E+04  8.61322585E-01  0.00000000E+00
  2.13193203E+06  5.53723737E+06  9.06432978E-09  7.57392078E+04  8.60553916E-01  0.00000000E+00
  2.13227908E+06  5.53690493E+06  9.06558078E-09  7.57228281E+04  8.59782710E-01  0.00000000E+00
  2.13262614E+06  5.53657249E+06  9.06683194E-09  7.57063710E+04  8.59008968E-01  0.00000000E+00
  2.13297319E+06  5.53624005E+06  9.06808325E-09  7.56898364E+04  8.58232689E-01  0.00000000E+00
  2.13332024E+06  5.53590759E+06  9.06933473E-09  7.56732242E+04  8.57453873E-01  0.00000000E+00
  2.13366729E+06  5.53557514E+06  9.07058636E-09  7.56565341E+04  8.56672519E-01  0.00000000E+00
  2.13401434E+06  5.53524268E+06  9.07183815E-09  7.56397661E+04  8.55888628E-01  0.00000000E+00
  2.13436139E+06  5.53491022E+06  9.07309010E-09  7.56229200E+04  8.55102198E-01  0.00000000E+00
  2.13470844E+06  5.53457775E+06  9.07434221E-09  7.56059956E+04  8.54313232E-01  0.00000000E+00
  2.13505549E+06  5.53424527E+06  9.07559447E-09  7.55889927E+04  8.53521727E-01  0.00000000E+00
  2.13540254E+06  5.53391280E+06  9.07684689E-09  7.55719113E+04  8.52727684E-01  0.00000000E+00
  2.13574959E+06  5.53358032E+06  9.07809947E-09  7.55547511E+04  8.51931104E-01  0.00000000E+00
  2.13609664E+06  5.53324783E+06  9.07935221E-09  7.55375120E+04  8.51131986E-01  0.00000000E+00
  2.13644369E+06  5.53291534E+06  9.08060510E-09  7.55201939E+04  8.50330330E-01  0.00000000E+00
  2.13679074E+06  5.53258284E+06  9.08185816E-09  7.55027966E+04  8.49526137E-01  0.00000000E+00
  2.13713779E+06  5.53225034E+06  9.08311137E-09  7.54853199E+04  8.48719406E-01  0.00000000E+00
  2.13748484E+06  5.53191784E+06  9.08436473E-09  7.54677637E+04  8.47910138E-01  0.00000000E+00
  2.13783189E+06  5.53158533E+06  9.08561826E-09  7.54501278E+04  8.47098332E-01  0.00000000E+00
  2.13817895E+06  5.53125282E+06  9.08687194E-09  7.54324121E+04  8.46283990E-01  0.00000000E+00
  2.13852600E+06  5.53092030E+06  9.08812579E-09  7.54146164E+04  8.45467112E-01  0.00000000E+00
  2.13887305E+06  5.53058778E+06  9.08937979E-09  7.53967406E+04  8.44647697E-01  0.00000000E+00
  2.13922010E+06  5.53025526E+06  9.09063394E-09  7.53787846E+04  8.43825747E-01  0.00000000E+00
  2.13956715E+06  5.52992273E+06  9.09188826E-09  7.53607480E+04  8.43001261E-01  0.00000000E+00
  2.13991420E+06  5.52959019E+06  9.09314273E-09  7.53426309E+04  8.42174240E-01  0.00000000E+00
  2.14026125E+06  5.52925765E+06  9.09439737E-09  7.53244331E+04  8.41344685E-01  0.00000000E+00
  2.14060830E+06  5.52892511E+06  9.09565216E-09  7.53061543E+04  8.40512596E-01  0.00000000E+00
  2.14095535E+06  5.52859256E+06  9.09690710E-09  7.52877945E+04  8.39677973E-01  0.00000000E+00
  2.14130240E+06  5.52826001E+06  9.09816221E-09  7.52693535E+04  8.38840817E-01  0.00000000E+00
  2.14164945E+06  5.52792745E+06  9.09941747E-09  7.52508311E+04  8.38001129E-01  0.00000000E+00
  2.14199650E+06  5.52759489E+06  9.10067290E-09  7.52322272E+04  8.37158910E-01  0.00000000E+00
  2.14234355E+06  5.52726233E+06  9.10192848E-09  7.52135416E+04  8.36314159E-01  0.00000000E+00
  2.14269060E+06  5.52692976E+06  9.10318421E-09  7.51947742E+04  8.35466878E-01  0.00000000E+00
  2.14303765E+06  5.52659719E+06  9.10444011E-09  7.51759248E+04  8.34617068E-01  0.00000000E+00
  2.14338470E+06  5.52626461E+06  9.10569617E-09  7.51569932E+04  8.33764729E-01  0.00000000E+00
  2.14373176E+06  5.52593203E+06  9.10695238E-09  7.51379794E+04  8.32909862E-01  0.00000000E+00
  2.14407881E+06  5.52559944E+06  9.10820875E-09  7.51188831E+04  8.32052468E-01  0.00000000E+00
  2.14442586E+06  5.52526685E+06  9.10946528E-09  7.50997043E+04  8.31192548E-01  0.00000000E+00
  2.14477291E+06  5.52493426E+06  9.11072197E-09  7.50804426E+04  8.30330103E-01  0.00000000E+00
  2.14511996E+06  5.52460166E+06  9.11197881E-09  7.50610981E+04  8.29465134E-01  0.00000000E+00
  2.14546701E+06  5.52426906E+06  9.11323582E-09  7.50416705E+04  8.28597641E-01  0.00000000E+00
  2.14581406E+06  5.52393645E+06  9.11449298E-09  7.50221597E+04  8.27727627E-01  0.00000000E+00
  2.14616111E+06  5.52360384E+06  9.11575030E-09  7.50025655E+04  8.26855091E-01  0.00000000E+00
  2.14650816E+06  5.52327123E+06  9.11700778E-09  7.49828878E+04  8.25980035E-01  0.00000000E+00
  2.14685521E+06  5.52293861E+06  9.11826542E-09  7.49631264E+04  8.25102461E-01  0.00000000E+00
  2.14720226E+06  5.52260598E+06  9.11952321E-09  7.49432812E+04  8.24222368E-01  0.00000000E+00
  2.14754931E+06  5.52227336E+06  9.12078116E-09  7.49233520E+04  8.23339760E-01  0.00000000E+00
  2.14789636E+06  5.52194072E+06  9.12203928E-09  7.49033386E+04  8.22454636E-01  0.00000000E+00
  2.14824341E+06  5.52160809E+06  9.12329755E-09  7.48832410E+04  8.21566999E-01  0.00000000E+00
  2.14859046E+06  5.52127545E+06  9.12455598E-09  7.48630589E+04  8.20676849E-01  0.00000000E+00
  2.14893752E+06  5.52094280E+06  9.12581457E-09  7.48427922E+04  8.19784188E-01  0.00000000E+00
  2.14928457E+06  5.52061015E+06  9.12707331E-09  7.48224407E+04  8.18889017E-01  0.00000000E+00
  2.14963162E+06  5.52027750E+06  9.12833222E-09  7.48020044E+04  8.17991339E-01  0.00000000E+00
  2.14997867E+06  5.51994485E+06  9.12959128E-09  7.47814829E+04  8.17091153E-01  0.00000000E+00
  2.15032572E+06  5.51961219E+06  9.13085050E-09  7.47608762E+04  8.16188462E-01  0.00000000E+00
  2.15067277E+06  5.51927952E+06  9.13210988E-09  7.47401842E+04  8.15283268E-01  0.00000000E+00
  2.15101982E+06  5.51894685E+06  9.13336942E-09  7.47194066E+04  8.14375571E-01  0.00000000E+00
  2.15136687E+06  5.51861418E+06  9.13462912E-09  7.46985433E+04  8.13465374E-01  0.00000000E+00
  2.15171392E+06  5.51828150E+06  9.13588897E-09  7.46775942E+04  8.12552679E-01  0.00000000E+00
  2.15206097E+06  5.51794882E+06  9.13714899E-09  7.46565591E+04  8.11637486E-01  0.00000000E+00
  2.15240802E+06  5.51761614E+06  9.13840916E-09  7.46354379E+04  8.10719798E-01  0.00000000E+00
  2.15275507E+06  5.51728345E+06  9.13966949E-09  7.46142303E+04  8.09799617E-01  0.00000000E+00
  2.15310212E+06  5.51695075E+06  9.14092998E-09  7.45929363E+04  8.08876944E-01  0.00000000E+00
  2.15344917E+06  5.51661806E+06  9.14219063E-09  7.45715557E+04  8.07951781E-01  0.00000000E+00
  2.15379622E+06  5.51628536E+06  9.14345144E-09  7.45500883E+04  8.07024131E-01  0.00000000E+00
  2.15414327E+06  5.51595265E+06  9.14471241E-09  7.45285340E+04  8.06093995E-01  0.00000000E+00
  2.15449033E+06  5.51561994E+06  9.14597353E-09  7.45068926E+04  8.05161374E-01  0.00000000E+00
  2.15483738E+06  5.51528723E+06  9.14723482E-09  7.44851640E+04  8.04226272E-01  0.00000000E+00
  2.15518443E+06  5.51495451E+06  9.14849626E-09  7.44633480E+04  8.03288690E-01  0.00000000E+00
  2.15553148E+06  5.51462179E+06  9.14975786E-09  7.44414445E+04  8.02348631E-01  0.00000000E+00
  2.15587853E+06  5.51428907E+06  9.15101963E-09  7.44194532E+04  8.01406095E-01  0.00000000E+00
  2.15622558E+06  5.51395634E+06  9.15228154E-09  7.43973742E+04  8.00461087E-01  0.00000000E+00
  2.15657263E+06  5.51362360E+06  9.15354362E-09  7.43752071E+04  7.99513607E-01  0.00000000E+00
  2.15691968E+06  5.51329087E+06  9.15480586E-09  7.43529519E+04  7.98563658E-01  0.00000000E+00
  2.15726673E+06  5.51295813E+06  9.15606826E-09  7.43306083E+04  7.97611243E-01  0.00000000E+00
  2.15761378E+06  5.51262538E+06  9.15733081E-09  7.43081763E+04  7.96656363E-01  0.00000000E+00
  2.15796083E+06  5.51229263E+06  9.15859353E-09  7.42856557E+04  7.95699022E-01  0.00000000E+00
  2.15830788E+06  5.51195988E+06  9.15985640E-09  7.42630463E+04  7.94739221E-01  0.00000000E+00
  2.15865493E+06  5.51162712E+06  9.16111943E-09  7.42403480E+04  7.93776963E-01  0.00000000E+00
  2.15900198E+06  5.51129436E+06  9.16238262E-09  7.42175606E+04  7.92812250E-01  0.00000000E+00
  2.15934903E+06  5.51096160E+06  9.16364597E-09  7.41946839E+04  7.91845085E-01  0.00000000E+00
  2.15969608E+06  5.51062883E+06  9.16490948E-09  7.41717179E+04  7.90875471E-01  0.00000000E+00
  2.16004314E+06  5.51029606E+06  9.16617315E-09  7.41486624E+04  7.89903410E-01  0.00000000E+00
  2.16039019E+06  5.50996328E+06  9.16743698E-09  7.41255171E+04  7.88928905E-01  0.00000000E+00
  2.16073724E+06  5.50963050E+06  9.16870096E-09  7.41022820E+04  7.87951959E-01  0.00000000E+00
  2.16108429E+06  5.50929772E+06  9.16996511E-09  7.40789568E+04  7.86972573E-01  0.00000000E+00
  2.16143134E+06  5.50896493E+06  9.17122941E-09  7.40555415E+04  7.85990752E-01  0.00000000E+00
  2.16177839E+06  5.50863214E+06  9.17249388E-09  7.40320359E+04  7.85006497E-01  0.00000000E+00
  2.16212544E+06  5.50829935E+06  9.17375850E-09  7.40084399E+04  7.84019813E-01  0.00000000E+00
  2.16247249E+06  5.50796655E+06  9.17502328E-09  7.39847532E+04  7.83030700E-01  0.00000000E+00
  2.16281954E+06  5.50763375E+06  9.17628822E-09  7.39609757E+04  7.82039164E-01  0.00000000E+00
  2.16316659E+06  5.50730094E+06  9.17755333E-09  7.39371073E+04  7.81045205E-01  0.00000000E+00
  2.16351364E+06  5.50696813E+06  9.17881859E-09  7.39131478E+04  7.80048828E-01  0.00000000E+00
  2.16386069E+06  5.50663531E+06  9.18008400E-09  7.38890970E+04  7.79050036E-01  0.00000000E+00
  2.16420774E+06  5.50630250E+06  9.18134958E-09  7.38649549E+04  7.78048831E-01  0.00000000E+00
  2.16455479E+06  5.50596967E+06  9.18261532E-09  7.38407212E+04  7.77045218E-01  0.00000000E+00
  2.16490184E+06  5.50563685E+06  9.18388122E-09  7.38163958E+04  7.76039198E-01  0.00000000E+00
  2.16524889E+06  5.50530402E+06  9.18514727E-09  7.37919786E+04  7.75030775E-01  0.00000000E+00
  2.16559595E+06  5.50497119E+06  9.18641349E-09  7.37674693E+04  7.74019952E-01  0.00000000E+00
  2.16594300E+06  5.50463835E+06  9.18767986E-09  7.37428679E+04  7.73006733E-01  0.00000000E+00
  2.16629005E+06  5.50430551E+06  9.18894640E-09  7.37181741E+04  7.71991122E-01  0.00000000E+00
  2.16663710E+06  5.50397266E+06  9.19021309E-09  7.36933879E+04  7.70973120E-01  0.00000000E+00
  2.16698415E+06  5.50363982E+06  9.19147995E-09  7.36685090E+04  7.69952733E-01  0.00000000E+00
  2.16733120E+06  5.50330697E+06  9.19274696E-09  7.36435374E+04  7.68929963E-01  0.00000000E+00
  2.16767825E+06  5.50297411E+06  9.19401413E-09  7.36184728E+04  7.67904813E-01  0.00000000E+00
  2.16802530E+06  5.50264125E+06  9.19528146E-09  7.35933151E+04  7.66877288E-01  0.00000000E+00
  2.16837235E+06  5.50230839E+06  9.19654896E-09  7.35680642E+04  7.65847391E-01  0.00000000E+00
  2.16871940E+06  5.50197552E+06  9.19781661E-09  7.35427199E+04  7.64815125E-01  0.00000000E+00
  2.16906645E+06  5.50164265E+06  9.19908442E-09  7.35172820E+04  7.63780494E-01  0.00000000E+00
  2.16941350E+06  5.50130978E+06  9.20035239E-09  7.34917504E+04  7.62743502E-01  0.00000000E+00
  2.16976055E+06  5.50097690E+06  9.20162052E-09  7.34661249E+04  7.61704153E-01  0.00000000E+00
  2.17010760E+06  5.50064402E+06  9.20288881E-09  7.34404054E+04  7.60662451E-01  0.00000000E+00
  2.17045465E+06  5.50031113E+06  9.20415725E-09  7.34145918E+04  7.59618398E-01  0.00000000E+00
  2.17080170E+06  5.49997824E+06  9.20542586E-09  7.33886838E+04  7.58572000E-01  0.00000000E+00
  2.17114876E+06  5.49964535E+06  9.20669463E-09  7.33626813E+04  7.57523260E-01  0.00000000E+00
  2.17149581E+06  5.49931246E+06  9.20796356E-09  7.33365842E+04  7.56472181E-01  0.00000000E+00
  2.17184286E+06  5.49897956E+06  9.20923265E-09  7.33103923E+04  7.55418769E-01  0.00000000E+00
  2.17218991E+06  5.49864665E+06  9.21050190E-09  7.32841055E+04  7.54363026E-01  0.00000000E+00
  2.17253696E+06  5.49831375E+06  9.21177130E-09  7.32577236E+04  7.53304958E-01  0.00000000E+00
  2.17288401E+06  5.49798084E+06  9.21304087E-09  7.32312464E+04  7.52244568E-01  0.00000000E+00
  2.17323106E+06  5.49764792E+06  9.21431060E-09  7.32046738E+04  7.51181860E-01  0.00000000E+00
  2.17357811E+06  5.49731500E+06  9.21558048E-09  7.31780056E+04  7.50116839E-01  0.00000000E+00
  2.17392516E+06  5.49698208E+06  9.21685053E-09  7.31512417E+04  7.49049509E-01  0.00000000E+00
  2.17427221E+06  5.49664916E+06  9.21812074E-09  7.31243820E+04  7.47979873E-01  0.00000000E+00
  2.17461926E+06  5.49631623E+06  9.21939110E-09  7.30974262E+04  7.46907937E-01  0.00000000E+00
  2.17496631E+06  5.49598330E+06  9.22066163E-09  7.30703742E+04  7.45833705E-01  0.00000000E+00
  2.17531336E+06  5.49565036E+06  9.22193231E-09  7.30432259E+04  7.44757181E-01  0.00000000E+00
  2.17566041E+06  5.49531742E+06  9.22320316E-09  7.30159812E+04  7.43678370E-01  0.00000000E+00
  2.17600746E+06  5.49498448E+06  9.22447417E-09  7.29886397E+04  7.42597276E-01  0.00000000E+00
  2.17635451E+06  5.49465154E+06  9.22574533E-09  7.29612015E+04  7.41513903E-01  0.00000000E+00
  2.17670157E+06  5.49431859E+06  9.22701666E-09  7.29336663E+04  7.40428257E-01  0.00000000E+00
  2.17704862E+06  5.49398563E+06  9.22828814E-09  7.29060341E+04  7.39340342E-01  0.00000000E+00
  2.17739567E+06  5.49365268E+06  9.22955979E-09  7.28783045E+04  7.38250162E-01  0.00000000E+00
  2.17774272E+06  5.49331972E+06  9.23083160E-09  7.28504776E+04  7.37157722E-01  0.00000000E+00
  2.17808977E+06  5.49298675E+06  9.23210356E-09  7.28225530E+04  7.36063028E-01  0.00000000E+00
  2.17843682E+06  5.49265378E+06  9.23337569E-09  7.27945308E+04  7.34966083E-01  0.00000000E+00
  2.17878387E+06  5.49232081E+06  9.23464797E-09  7.27664107E+04  7.33866893E-01  0.00000000E+00
  2.17913092E+06  5.49198784E+06  9.23592042E-09  7.27381925E+04  7.32765462E-01  0.00000000E+00
  2.17947797E+06  5.49165486E+06  9.23719303E-09  7.27098762E+04  7.31661796E-01  0.00000000E+00
  2.17982502E+06  5.49132188E+06  9.23846579E-09  7.26814615E+04  7.30555899E-01  0.00000000E+00
  2.18017207E+06  5.49098890E+06  9.23973872E-09  7.26529483E+04  7.29447777E-01  0.00000000E+00
  2.18051912E+06  5.49065591E+06  9.24101181E-09  7.26243365E+04  7.28337434E-01  0.00000000E+00
  2.18086617E+06  5.49032292E+06  9.24228506E-09  7.25956259E+04  7.27224875E-01  0.00000000E+00
  2.18121322E+06  5.48998992E+06  9.24355846E-09  7.25668163E+04  7.26110107E-01  0.00000000E+00
  2.18156027E+06  5.48965692E+06  9.24483203E-09  7.25379076E+04  7.24993132E-01  0.00000000E+00
  2.18190733E+06  5.48932392E+06  9.24610576E-09  7.25088996E+04  7.23873958E-01  0.00000000E+00
  2.18225438E+06  5.48899092E+06  9.24737965E-09  7.24797922E+04  7.22752590E-01  0.00000000E+00
  2.18260143E+06  5.48865791E+06  9.24865370E-09  7.24505852E+04  7.21629032E-01  0.00000000E+00
  2.18294848E+06  5.48832489E+06  9.24992791E-09  7.24212786E+04  7.20503289E-01  0.00000000E+00
  2.18329553E+06  5.48799188E+06  9.25120228E-09  7.23918720E+04  7.19375369E-01  0.00000000E+00
  2.18364258E+06  5.48765886E+06  9.25247681E-09  7.23623654E+04  7.18245275E-01  0.00000000E+00
  2.18398963E+06  5.48732584E+06  9.25375150E-09  7.23327586E+04  7.17113013E-01  0.00000000E+00
  2.18433668E+06  5.48699281E+06  9.25502635E-09  7.23030514E+04  7.15978589E-01  0.00000000E+00
  2.18468373E+06  5.48665978E+06  9.25630136E-09  7.22732437E+04  7.14842008E-01  0.00000000E+00
  2.18503078E+06  5.48632675E+06  9.25757653E-09  7.22433354E+04  7.13703276E-01  0.00000000E+00
  2.18537783E+06  5.48599371E+06  9.25885187E-09  7.22133263E+04  7.12562399E-01  0.00000000E+00
  2.18572488E+06  5.48566067E+06  9.26012736E-09  7.21832162E+04  7.11419381E-01  0.00000000E+00
  2.18607193E+06  5.48532763E+06  9.26140301E-09  7.21530050E+04  7.10274230E-01  0.00000000E+00
  2.18641898E+06  5.48499459E+06  9.26267883E-09  7.21226925E+04  7.09126951E-01  0.00000000E+00
  2.18676603E+06  5.48466154E+06  9.26395480E-09  7.20922786E+04  7.07977549E-01  0.00000000E+00
  2.18711308E+06  5.48432848E+06  9.26523094E-09  7.20617632E+04  7.06826031E-01  0.00000000E+00
  2.18746014E+06  5.48399543E+06  9.26650723E-09  7.20311459E+04  7.05672402E-01  0.00000000E+00
  2.18780719E+06  5.48366237E+06  9.26778369E-09  7.20004268E+04  7.04516668E-01  0.00000000E+00
  2.18815424E+06  5.48332931E+06  9.26906031E-09  7.19696057E+04  7.03358835E-01  0.00000000E+00
  2.18850129E+06  5.48299624E+06  9.27033709E-09  7.19386823E+04  7.02198910E-01  0.00000000E+00
  2.18884834E+06  5.48266317E+06  9.27161403E-09  7.19076566E+04  7.01036898E-01  0.00000000E+00
  2.18919539E+06  5.48233010E+06  9.27289112E-09  7.18765284E+04  6.99872806E-01  0.00000000E+00
  2.18954244E+06  5.48199702E+06  9.27416839E-09  7.18452975E+04  6.98706639E-01  0.00000000E+00
  2.18988949E+06  5.48166394E+06  9.27544581E-09  7.18139638E+04  6.97538404E-01  0.00000000E+00
  2.19023654E+06  5.48133086E+06  9.27672339E-09  7.17825272E+04  6.96368107E-01  0.00000000E+00
  2.19058359E+06  5.48099777E+06  9.27800113E-09  7.17509874E+04  6.95195755E-01  0.00000000E+00
  2.19093064E+06  5.48066468E+06  9.27927903E-09  7.17193443E+04  6.94021353E-01  0.00000000E+00
  2.19127769E+06  5.48033159E+06  9.28055710E-09  7.16875978E+04  6.92844908E-01  0.00000000E+00
  2.19162474E+06  5.47999850E+06  9.28183532E-09  7.16557477E+04  6.91666427E-01  0.00000000E+00
  2.19197179E+06  5.47966540E+06  9.28311371E-09  7.16237939E+04  6.90485916E-01  0.00000000E+00
  2.19231884E+06  5.47933230E+06  9.28439226E-09  7.15917361E+04  6.89303381E-01  0.00000000E+00
  2.19266589E+06  5.47899919E+06  9.28567097E-09  7.15595744E+04  6.88118830E-01  0.00000000E+00
  2.19301295E+06  5.47866608E+06  9.28694984E-09  7.15273084E+04  6.86932268E-01  0.00000000E+00
  2.19336000E+06  5.47833297E+06  9.28822887E-09  7.14949380E+04  6.85743702E-01  0.00000000E+00
  2.19370705E+06  5.47799986E+06  9.28950806E-09  7.14624632E+04  6.84553140E-01  0.00000000E+00
  2.19405410E+06  5.47766674E+06  9.29078741E-09  7.14298837E+04  6.83360587E-01  0.00000000E+00
  2.19440115E+06  5.47733362E+06  9.29206692E-09  7.13971993E+04  6.82166050E-01  0.00000000E+00
  2.19474820E+06  5.47700049E+06  9.29334660E-09  7.13644100E+04  6.80969537E-01  0.00000000E+00
  2.19509525E+06  5.47666736E+06  9.29462643E-09  7.13315155E+04  6.79771054E-01  0.00000000E+00
  2.19544230E+06  5.47633423E+06  9.29590643E-09  7.12985158E+04  6.78570608E-01  0.00000000E+00
  2.19578935E+06  5.47600110E+06  9.29718659E-09  7.12654106E+04  6.77368205E-01  0.00000000E+00
  2.19613640E+06  5.47566796E+06  9.29846691E-09  7.12321999E+04  6.76163854E-01  0.00000000E+00
  2.19648345E+06  5.47533482E+06  9.29974739E-09  7.11988833E+04  6.74957561E-01  0.00000000E+00
  2.19683050E+06  5.47500168E+06  9.30102803E-09  7.11654609E+04  6.73749333E-01  0.00000000E+00
  2.19717755E+06  5.47466853E+06  9.30230883E-09  7.11319324E+04  6.72539177E-01  0.00000000E+00
  2.19752460E+06  5.47433538E+06  9.30358979E-09  7.10982977E+04  6.71327100E-01  0.00000000E+00
  2.19787165E+06  5.47400223E+06  9.30487092E-09  7.10645567E+04  6.70113110E-01  0.00000000E+00
  2.19821870E+06  5.47366907E+06  9.30615220E-09  7.10307091E+04  6.68897213E-01  0.00000000E+00
  2.19856576E+06  5.47333591E+06  9.30743365E-09  7.09967549E+04  6.67679418E-01  0.00000000E+00
  2.19891281E+06  5.47300275E+06  9.30871526E-09  7.09626938E+04  6.66459731E-01  0.00000000E+00
  2.19925986E+06  5.47266958E+06  9.30999703E-09  7.09285257E+04  6.65238159E-01  0.00000000E+00
  2.19960691E+06  5.47233641E+06  9.31127896E-09  7.08942505E+04  6.64014711E-01  0.00000000E+00
  2.19995396E+06  5.47200324E+06  9.31256106E-09  7.08598680E+04  6.62789394E-01  0.00000000E+00
  2.20030101E+06  5.47167007E+06  9.31384331E-09  7.08253781E+04  6.61562214E-01  0.00000000E+00
  2.20064806E+06  5.47133689E+06  9.31512573E-09  7.07907806E+04  6.60333181E-01  0.00000000E+00
  2.20099511E+06  5.47100371E+06  9.31640830E-09  7.07560753E+04  6.59102300E-01  0.00000000E+00
  2.20134216E+06  5.47067052E+06  9.31769104E-09  7.07212621E+04  6.57869581E-01  0.00000000E+00
  2.20168921E+06  5.47033734E+06  9.31897394E-09  7.06863408E+04  6.56635030E-01  0.00000000E+00
  2.20203626E+06  5.47000415E+06  9.32025700E-09  7.06513113E+04  6.55398656E-01  0.00000000E+00
  2.20238331E+06  5.46967095E+06  9.32154023E-09  7.06161735E+04  6.54160465E-01  0.00000000E+00
  2.20273036E+06  5.46933776E+06  9.32282361E-09  7.05809271E+04  6.52920467E-01  0.00000000E+00
  2.20307741E+06  5.46900456E+06  9.32410716E-09  7.05455720E+04  6.51678668E-01  0.00000000E+00
  2.20342446E+06  5.46867135E+06  9.32539087E-09  7.05101081E+04  6.50435077E-01  0.00000000E+00
  2.20377151E+06  5.46833815E+06  9.32667474E-09  7.04745353E+04  6.49189701E-01  0.00000000E+00
  2.20411857E+06  5.46800494E+06  9.32795877E-09  7.04388532E+04  6.47942549E-01  0.00000000E+00
  2.20446562E+06  5.46767173E+06  9.32924296E-09  7.04030619E+04  6.46693629E-01  0.00000000E+00
  2.20481267E+06  5.46733851E+06  9.33052732E-09  7.03671611E+04  6.45442948E-01  0.00000000E+00
  2.20515972E+06  5.46700529E+06  9.33181183E-09  7.03311507E+04  6.44190515E-01  0.00000000E+00
  2.20550677E+06  5.46667207E+06  9.33309651E-09  7.02950306E+04  6.42936338E-01  0.00000000E+00
  2.20585382E+06  5.46633885E+06  9.33438135E-09  7.02588005E+04  6.41680425E-01  0.00000000E+00
  2.20620087E+06  5.46600562E+06  9.33566635E-09  7.02224604E+04  6.40422784E-01  0.00000000E+00
  2.20654792E+06  5.46567239E+06  9.33695152E-09  7.01860101E+04  6.39163424E-01  0.00000000E+00
  2.20689497E+06  5.46533916E+06  9.33823684E-09  7.01494493E+04  6.37902353E-01  0.00000000E+00
  2.20724202E+06  5.46500592E+06  9.33952233E-09  7.01127781E+04  6.36639579E-01  0.00000000E+00
  2.20758907E+06  5.46467268E+06  9.34080798E-09  7.00759961E+04  6.35375111E-01  0.00000000E+00
  2.20793612E+06  5.46433944E+06  9.34209379E-09  7.00391033E+04  6.34108957E-01  0.00000000E+00
  2.20828317E+06  5.46400620E+06  9.34337977E-09  7.00020996E+04  6.32841126E-01  0.00000000E+00
  2.20863022E+06  5.46367295E+06  9.34466590E-09  6.99649846E+04  6.31571627E-01  0.00000000E+00
  2.20897727E+06  5.46333970E+06  9.34595220E-09  6.99277584E+04  6.30300467E-01  0.00000000E+00
  2.20932433E+06  5.46300645E+06  9.34723866E-09  6.98904207E+04  6.29027655E-01  0.00000000E+00
  2.20967138E+06  5.46267319E+06  9.34852528E-09  6.98529714E+04  6.27753200E-01  0.00000000E+00
  2.21001843E+06  5.46233993E+06  9.34981206E-09  6.98154103E+04  6.26477112E-01  0.00000000E+00
  2.21036548E+06  5.46200667E+06  9.35109901E-09  6.97777373E+04  6.25199398E-01  0.00000000E+00
  2.21071253E+06  5.46167340E+06  9.35238611E-09  6.97399522E+04  6.23920067E-01  0.00000000E+00
  2.21105958E+06  5.46134013E+06  9.35367338E-09  6.97020549E+04  6.22639129E-01  0.00000000E+00
  2.21140663E+06  5.46100686E+06  9.35496081E-09  6.96640452E+04  6.21356591E-01  0.00000000E+00
  2.21175368E+06  5.46067359E+06  9.35624841E-09  6.96259230E+04  6.20072464E-01  0.00000000E+00
  2.21210073E+06  5.46034031E+06  9.35753616E-09  6.95876881E+04  6.18786756E-01  0.00000000E+00
  2.21244778E+06  5.46000703E+06  9.35882408E-09  6.95493403E+04  6.17499476E-01  0.00000000E+00
  2.21279483E+06  5.45967375E+06  9.36011216E-09  6.95108796E+04  6.16210632E-01  0.00000000E+00
  2.21314188E+06  5.45934046E+06  9.36140040E-09  6.94723056E+04  6.14920235E-01  0.00000000E+00
  2.21348893E+06  5.45900717E+06  9.36268881E-09  6.94336184E+04  6.13628294E-01  0.00000000E+00
  2.21383598E+06  5.45867388E+06  9.36397738E-09  6.93948177E+04  6.12334816E-01  0.00000000E+00
  2.21418303E+06  5.45834059E+06  9.36526611E-09  6.93559034E+04  6.11039813E-01  0.00000000E+00
  2.21453008E+06  5.45800729E+06  9.36655500E-09  6.93168753E+04  6.09743292E-01  0.00000000E+00
  2.21487714E+06  5.45767399E+06  9.36784405E-09  6.92777333E+04  6.08445264E-01  0.00000000E+00
  2.21522419E+06  5.45734069E+06  9.36913327E-09  6.92384772E+04  6.07145737E-01  0.00000000E+00
  2.21557124E+06  5.45700738E+06  9.37042265E-09  6.91991069E+04  6.05844721E-01  0.00000000E+00
  2.21591829E+06  5.45667407E+06  9.37171219E-09  6.91596221E+04  6.04542226E-01  0.00000000E+00
  2.21626534E+06  5.45634076E+06  9.37300189E-09  6.91200229E+04  6.03238261E-01  0.00000000E+00
  2.21661239E+06  5.45600744E+06  9.37429176E-09  6.90803089E+04  6.01932835E-01  0.00000000E+00
  2.21695944E+06  5.45567413E+06  9.37558178E-09  6.90404801E+04  6.00625958E-01  0.00000000E+00
  2.21730649E+06  5.45534081E+06  9.37687198E-09  6.90005362E+04  5.99317640E-01  0.00000000E+00
  2.21765354E+06  5.45500748E+06  9.37816233E-09  6.89604772E+04  5.98007890E-01  0.00000000E+00
  2.21800059E+06  5.45467416E+06  9.37945285E-09  6.89203029E+04  5.96696718E-01  0.00000000E+00
  2.21834764E+06  5.45434083E+06  9.38074352E-09  6.88800132E+04  5.95384134E-01  0.00000000E+00
  2.21869469E+06  5.45400750E+06  9.38203437E-09  6.88396078E+04  5.94070147E-01  0.00000000E+00
  2.21904174E+06  5.45367416E+06  9.38332537E-09  6.87990866E+04  5.92754767E-01  0.00000000E+00
  2.21938879E+06  5.45334083E+06  9.38461654E-09  6.87584494E+04  5.91438005E-01  0.00000000E+00
  2.21973584E+06  5.45300749E+06  9.38590786E-09  6.87176962E+04  5.90119869E-01  0.00000000E+00
  2.22008289E+06  5.45267414E+06  9.38719936E-09  6.86768268E+04  5.88800370E-01  0.00000000E+00
  2.22042995E+06  5.45234080E+06  9.38849101E-09  6.86358409E+04  5.87479519E-01  0.00000000E+00
  2.22077700E+06  5.45200745E+06  9.38978283E-09  6.85947386E+04  5.86157324E-01  0.00000000E+00
  2.22112405E+06  5.45167410E+06  9.39107481E-09  6.85535195E+04  5.84833796E-01  0.00000000E+00
  2.22147110E+06  5.45134075E+06  9.39236695E-09  6.85121835E+04  5.83508945E-01  0.00000000E+00
  2.22181815E+06  5.45100739E+06  9.39365926E-09  6.84707305E+04  5.82182782E-01  0.00000000E+00
  2.22216520E+06  5.45067403E+06  9.39495172E-09  6.84291604E+04  5.80855316E-01  0.00000000E+00
  2.22251225E+06  5.45034067E+06  9.39624436E-09  6.83874729E+04  5.79526557E-01  0.00000000E+00
  2.22285930E+06  5.45000730E+06  9.39753715E-09  6.83456680E+04  5.78196517E-01  0.00000000E+00
  2.22320635E+06  5.44967394E+06  9.39883011E-09  6.83037454E+04  5.76865204E-01  0.00000000E+00
  2.22355340E+06  5.44934057E+06  9.40012323E-09  6.82617050E+04  5.75532630E-01  0.00000000E+00
  2.22390045E+06  5.44900719E+06  9.40141651E-09  6.82195467E+04  5.74198805E-01  0.00000000E+00
  2.22424750E+06  5.44867382E+06  9.40270995E-09  6.81772703E+04  5.72863740E-01  0.00000000E+00
  2.22459455E+06  5.44834044E+06  9.40400356E-09  6.81348757E+04  5.71527444E-01  0.00000000E+00
  2.22494160E+06  5.44800706E+06  9.40529734E-09  6.80923626E+04  5.70189929E-01  0.00000000E+00
  2.22528865E+06  5.44767367E+06  9.40659127E-09  6.80497310E+04  5.68851204E-01  0.00000000E+00
  2.22563570E+06  5.44734029E+06  9.40788537E-09  6.80069807E+04  5.67511281E-01  0.00000000E+00
  2.22598276E+06  5.44700690E+06  9.40917963E-09  6.79641115E+04  5.66170170E-01  0.00000000E+00
  2.22632981E+06  5.44667351E+06  9.41047405E-09  6.79211233E+04  5.64827882E-01  0.00000000E+00
  2.22667686E+06  5.44634011E+06  9.41176864E-09  6.78780160E+04  5.63484427E-01  0.00000000E+00
  2.22702391E+06  5.44600672E+06  9.41306339E-09  6.78347893E+04  5.62139817E-01  0.00000000E+00
  2.22737096E+06  5.44567332E+06  9.41435830E-09  6.77914431E+04  5.60794061E-01  0.00000000E+00
  2.22771801E+06  5.44533991E+06  9.41565338E-09  6.77479772E+04  5.59447172E-01  0.00000000E+00
  2.22806506E+06  5.44500651E+06  9.41694862E-09  6.77043916E+04  5.58099159E-01  0.00000000E+00
  2.22841211E+06  5.44467310E+06  9.41824402E-09  6.76606861E+04  5.56750034E-01  0.00000000E+00
  2.22875916E+06  5.44433969E+06  9.41953959E-09  6.76168604E+04  5.55399807E-01  0.00000000E+00
  2.22910621E+06  5.44400628E+06  9.42083532E-09  6.75729145E+04  5.54048490E-01  0.00000000E+00
  2.22945326E+06  5.44367286E+06  9.42213121E-09  6.75288482E+04  5.52696093E-01  0.00000000E+00
  2.22980031E+06  5.44333944E+06  9.42342727E-09  6.74846613E+04  5.51342629E-01  0.00000000E+00
  2.23014736E+06  5.44300602E+06  9.42472349E-09  6.74403537E+04  5.49988106E-01  0.00000000E+00
  2.23049441E+06  5.44267260E+06  9.42601987E-09  6.73959252E+04  5.48632538E-01  0.00000000E+00
  2.23084146E+06  5.44233917E+06  9.42731642E-09  6.73513757E+04  5.47275935E-01  0.00000000E+00
  2.23118851E+06  5.44200574E+06  9.42861313E-09  6.73067050E+04  5.45918308E-01  0.00000000E+00
  2.23153557E+06  5.44167231E+06  9.42991000E-09  6.72619130E+04  5.44559669E-01  0.00000000E+00
  2.23188262E+06  5.44133888E+06  9.43120703E-09  6.72169994E+04  5.43200029E-01  0.00000000E+00
  2.23222967E+06  5.44100544E+06  9.43250423E-09  6.71719643E+04  5.41839399E-01  0.00000000E+00
  2.23257672E+06  5.44067200E+06  9.43380160E-09  6.71268073E+04  5.40477790E-01  0.00000000E+00
  2.23292377E+06  5.44033856E+06  9.43509913E-09  6.70815284E+04  5.39115215E-01  0.00000000E+00
  2.23327082E+06  5.44000511E+06  9.43639682E-09  6.70361274E+04  5.37751684E-01  0.00000000E+00
  2.23361787E+06  5.43967167E+06  9.43769467E-09  6.69906041E+04  5.36387209E-01  0.00000000E+00
  2.23396492E+06  5.43933822E+06  9.43899269E-09  6.69449584E+04  5.35021801E-01  0.00000000E+00
  2.23431197E+06  5.43900476E+06  9.44029087E-09  6.68991902E+04  5.33655473E-01  0.00000000E+00
  2.23465902E+06  5.43867131E+06  9.44158921E-09  6.68532992E+04  5.32288235E-01  0.00000000E+00
  2.23500607E+06  5.43833785E+06  9.44288772E-09  6.68072853E+04  5.30920099E-01  0.00000000E+00
  2.23535312E+06  5.43800439E+06  9.44418640E-09  6.67611484E+04  5.29551077E-01  0.00000000E+00
  2.23570017E+06  5.43767093E+06  9.44548523E-09  6.67148884E+04  5.28181182E-01  0.00000000E+00
  2.23604722E+06  5.43733746E+06  9.44678423E-09  6.66685049E+04  5.26810423E-01  0.00000000E+00
  2.23639427E+06  5.43700400E+06  9.44808340E-09  6.66219980E+04  5.25438814E-01  0.00000000E+00
  2.23674133E+06  5.43667053E+06  9.44938272E-09  6.65753674E+04  5.24066366E-01  0.00000000E+00
  2.23708838E+06  5.43633705E+06  9.45068221E-09  6.65286131E+04  5.22693091E-01  0.00000000E+00
  2.23743543E+06  5.43600358E+06  9.45198187E-09  6.64817347E+04  5.21319000E-01  0.00000000E+00
  2.23778248E+06  5.43567010E+06  9.45328169E-09  6.64347323E+04  5.19944107E-01  0.00000000E+00
  2.23812953E+06  5.43533662E+06  9.45458167E-09  6.63876056E+04  5.18568422E-01  0.00000000E+00
  2.23847658E+06  5.43500314E+06  9.45588182E-09  6.63403544E+04  5.17191958E-01  0.00000000E+00
  2.23882363E+06  5.43466965E+06  9.45718213E-09  6.62929787E+04  5.15814727E-01  0.00000000E+00
  2.23917068E+06  5.43433616E+06  9.45848260E-09  6.62454783E+04  5.14436741E-01  0.00000000E+00
  2.23951773E+06  5.43400267E+06  9.45978324E-09  6.61978530E+04  5.13058012E-01  0.00000000E+00
  2.23986478E+06  5.43366918E+06  9.46108404E-09  6.61501026E+04  5.11678552E-01  0.00000000E+00
  2.24021183E+06  5.43333568E+06  9.46238501E-09  6.61022270E+04  5.10298374E-01  0.00000000E+00
  2.24055888E+06  5.43300219E+06  9.46368614E-09  6.60542261E+04  5.08917489E-01  0.00000000E+00
  2.24090593E+06  5.43266869E+06  9.46498744E-09  6.60060997E+04  5.07535910E-01  0.00000000E+00
  2.24125298E+06  5.43233518E+06  9.46628890E-09  6.59578477E+04  5.06153650E-01  0.00000000E+00
  2.24160003E+06  5.43200168E+06  9.46759052E-09  6.59094698E+04  5.04770720E-01  0.00000000E+00
  2.24194708E+06  5.43166817E+06  9.46889231E-09  6.58609660E+04  5.03387133E-01  0.00000000E+00
  2.24229414E+06  5.43133466E+06  9.47019426E-09  6.58123360E+04  5.02002901E-01  0.00000000E+00
  2.24264119E+06  5.43100115E+06  9.47149637E-09  6.57635798E+04  5.00618037E-01  0.00000000E+00
  2.24298824E+06  5.43066763E+06  9.47279865E-09  6.57146971E+04  4.99232553E-01  0.00000000E+00
  2.24333529E+06  5.43033412E+06  9.47410110E-09  6.56656879E+04  4.97846462E-01  0.00000000E+00
  2.24368234E+06  5.43000060E+06  9.47540370E-09  6.56165519E+04  4.96459777E-01  0.00000000E+00
  2.24402939E+06  5.42966707E+06  9.47670648E-09  6.55672890E+04  4.95072509E-01  0.00000000E+00
  2.24437644E+06  5.42933355E+06  9.47800941E-09  6.55178991E+04  4.93684672E-01  0.00000000E+00
  2.24472349E+06  5.42900002E+06  9.47931251E-09  6.54683820E+04  4.92296278E-01  0.00000000E+00
  2.24507054E+06  5.42866649E+06  9.48061578E-09  6.54187375E+04  4.90907340E-01  0.00000000E+00
  2.24541759E+06  5.42833296E+06  9.48191921E-09  6.53689656E+04  4.89517871E-01  0.00000000E+00
  2.24576464E+06  5.42799942E+06  9.48322280E-09  6.53190659E+04  4.88127883E-01  0.00000000E+00
  2.24611169E+06  5.42766589E+06  9.48452656E-09  6.52690385E+04  4.86737389E-01  0.00000000E+00
  2.24645874E+06  5.42733235E+06  9.48583049E-09  6.52188830E+04  4.85346402E-01  0.00000000E+00
  2.24680579E+06  5.42699881E+06  9.48713457E-09  6.51685995E+04  4.83954935E-01  0.00000000E+00
  2.24715284E+06  5.42666526E+06  9.48843883E-09  6.51181877E+04  4.82563000E-01  0.00000000E+00
  2.24749989E+06  5.42633171E+06  9.48974324E-09  6.50676474E+04  4.81170612E-01  0.00000000E+00
  2.24784695E+06  5.42599817E+06  9.49104782E-09  6.50169785E+04  4.79777781E-01  0.00000000E+00
  2.24819400E+06  5.42566461E+06  9.49235257E-09  6.49661809E+04  4.78384523E-01  0.00000000E+00
  2.24854105E+06  5.42533106E+06  9.49365748E-09  6.49152545E+04  4.76990849E-01  0.00000000E+00
  2.24888810E+06  5.42499750E+06  9.49496255E-09  6.48641989E+04  4.75596772E-01  0.00000000E+00
  2.24923515E+06  5.42466395E+06  9.49626779E-09  6.48130142E+04  4.74202306E-01  0.00000000E+00
  2.24958220E+06  5.42433038E+06  9.49757320E-09  6.47617001E+04  4.72807465E-01  0.00000000E+00
  2.24992925E+06  5.42399682E+06  9.49887877E-09  6.47102564E+04  4.71412260E-01  0.00000000E+00
  2.25027630E+06  5.42366326E+06  9.50018450E-09  6.46586831E+04  4.70016705E-01  0.00000000E+00
  2.25062335E+06  5.42332969E+06  9.50149040E-09  6.46069800E+04  4.68620814E-01  0.00000000E+00
  2.25097040E+06  5.42299612E+06  9.50279646E-09  6.45551469E+04  4.67224599E-01  0.00000000E+00
  2.25131745E+06  5.42266255E+06  9.50410269E-09  6.45031837E+04  4.65828074E-01  0.00000000E+00
  2.25166450E+06  5.42232897E+06  9.50540908E-09  6.44510902E+04  4.64431252E-01  0.00000000E+00
  2.25201155E+06  5.42199539E+06  9.50671564E-09  6.43988662E+04  4.63034147E-01  0.00000000E+00
  2.25235860E+06  5.42166181E+06  9.50802236E-09  6.43465117E+04  4.61636772E-01  0.00000000E+00
  2.25270565E+06  5.42132823E+06  9.50932925E-09  6.42940264E+04  4.60239140E-01  0.00000000E+00
  2.25305270E+06  5.42099465E+06  9.51063630E-09  6.42414102E+04  4.58841265E-01  0.00000000E+00
  2.25339976E+06  5.42066106E+06  9.51194352E-09  6.41886629E+04  4.57443160E-01  0.00000000E+00
  2.25374681E+06  5.42032747E+06  9.51325090E-09  6.41357845E+04  4.56044838E-01  0.00000000E+00
  2.25409386E+06  5.41999388E+06  9.51455845E-09  6.40827746E+04  4.54646314E-01  0.00000000E+00
  2.25444091E+06  5.41966029E+06  9.51586616E-09  6.40296333E+04  4.53247600E-01  0.00000000E+00
  2.25478796E+06  5.41932669E+06  9.51717404E-09  6.39763603E+04  4.51848711E-01  0.00000000E+00
  2.25513501E+06  5.41899309E+06  9.51848208E-09  6.39229554E+04  4.50449660E-01  0.00000000E+00
  2.25548206E+06  5.41865949E+06  9.51979029E-09  6.38694186E+04  4.49050460E-01  0.00000000E+00
  2.25582911E+06  5.41832589E+06  9.52109866E-09  6.38157496E+04  4.47651125E-01  0.00000000E+00
  2.25617616E+06  5.41799228E+06  9.52240720E-09  6.37619483E+04  4.46251670E-01  0.00000000E+00
  2.25652321E+06  5.41765868E+06  9.52371590E-09  6.37080146E+04  4.44852107E-01  0.00000000E+00
  2.25687026E+06  5.41732507E+06  9.52502477E-09  6.36539483E+04  4.43452450E-01  0.00000000E+00
  2.25721731E+06  5.41699146E+06  9.52633381E-09  6.35997492E+04  4.42052713E-01  0.00000000E+00
  2.25756436E+06  5.41665784E+06  9.52764300E-09  6.35454172E+04  4.40652911E-01  0.00000000E+00
  2.25791141E+06  5.41632422E+06  9.52895237E-09  6.34909522E+04  4.39253056E-01  0.00000000E+00
  2.25825846E+06  5.41599061E+06  9.53026190E-09  6.34363539E+04  4.37853162E-01  0.00000000E+00
  2.25860551E+06  5.41565699E+06  9.53157159E-09  6.33816222E+04  4.36453245E-01  0.00000000E+00
  2.25895257E+06  5.41532336E+06  9.53288145E-09  6.33267571E+04  4.35053316E-01  0.00000000E+00
  2.25929962E+06  5.41498974E+06  9.53419148E-09  6.32717582E+04  4.33653391E-01  0.00000000E+00
  2.25964667E+06  5.41465611E+06  9.53550167E-09  6.32166256E+04  4.32253484E-01  0.00000000E+00
  2.25999372E+06  5.41432248E+06  9.53681202E-09  6.31613589E+04  4.30853608E-01  0.00000000E+00
  2.26034077E+06  5.41398885E+06  9.53812254E-09  6.31059581E+04  4.29453777E-01  0.00000000E+00
  2.26068782E+06  5.41365521E+06  9.53943323E-09  6.30504229E+04  4.28054005E-01  0.00000000E+00
  2.26103487E+06  5.41332158E+06  9.54074408E-09  6.29947534E+04  4.26654307E-01  0.00000000E+00
  2.26138192E+06  5.41298794E+06  9.54205510E-09  6.29389492E+04  4.25254697E-01  0.00000000E+00
  2.26172897E+06  5.41265430E+06  9.54336628E-09  6.28830103E+04  4.23855188E-01  0.00000000E+00
  2.26207602E+06  5.41232065E+06  9.54467763E-09  6.28269364E+04  4.22455795E-01  0.00000000E+00
  2.26242307E+06  5.41198701E+06  9.54598915E-09  6.27707275E+04  4.21056532E-01  0.00000000E+00
  2.26277012E+06  5.41165336E+06  9.54730083E-09  6.27143833E+04  4.19657414E-01  0.00000000E+00
  2.26311717E+06  5.41131971E+06  9.54861267E-09  6.26579038E+04  4.18258453E-01  0.00000000E+00
  2.26346422E+06  5.41098606E+06  9.54992468E-09  6.26012888E+04  4.16859666E-01  0.00000000E+00
  2.26381127E+06  5.41065240E+06  9.55123686E-09  6.25445380E+04  4.15461065E-01  0.00000000E+00
  2.26415832E+06  5.41031875E+06  9.55254920E-09  6.24876514E+04  4.14062666E-01  0.00000000E+00
  2.26450538E+06  5.40998509E+06  9.55386171E-09  6.24306288E+04  4.12664482E-01  0.00000000E+00
  2.26485243E+06  5.40965143E+06  9.55517438E-09  6.23734701E+04  4.11266529E-01  0.00000000E+00
  2.26519948E+06  5.40931777E+06  9.55648722E-09  6.23161751E+04  4.09868819E-01  0.00000000E+00
  2.26554653E+06  5.40898410E+06  9.55780023E-09  6.22587436E+04  4.08471368E-01  0.00000000E+00
  2.26589358E+06  5.40865043E+06  9.55911340E-09  6.22011755E+04  4.07074191E-01  0.00000000E+00
  2.26624063E+06  5.40831676E+06  9.56042674E-09  6.21434706E+04  4.05677301E-01  0.00000000E+00
  2.26658768E+06  5.40798309E+06  9.56174024E-09  6.20856288E+04  4.04280713E-01  0.00000000E+00
  2.26693473E+06  5.40764942E+06  9.56305391E-09  6.20276499E+04  4.02884441E-01  0.00000000E+00
  2.26728178E+06  5.40731574E+06  9.56436775E-09  6.19695338E+04  4.01488500E-01  0.00000000E+00
  2.26762883E+06  5.40698207E+06  9.56568175E-09  6.19112803E+04  4.00092905E-01  0.00000000E+00
  2.26797588E+06  5.40664839E+06  9.56699591E-09  6.18528893E+04  3.98697670E-01  0.00000000E+00
  2.26832293E+06  5.40631470E+06  9.56831025E-09  6.17943606E+04  3.97302809E-01  0.00000000E+00
  2.26866998E+06  5.40598102E+06  9.56962475E-09  6.17356940E+04  3.95908338E-01  0.00000000E+00
  2.26901703E+06  5.40564733E+06  9.57093941E-09  6.16768894E+04  3.94514270E-01  0.00000000E+00
  2.26936408E+06  5.40531364E+06  9.57225424E-09  6.16179467E+04  3.93120621E-01  0.00000000E+00
  2.26971114E+06  5.40497995E+06  9.57356924E-09  6.15588656E+04  3.91727405E-01  0.00000000E+00
  2.27005819E+06  5.40464626E+06  9.57488440E-09  6.14996461E+04  3.90334637E-01  0.00000000E+00
  2.27040524E+06  5.40431257E+06  9.57619973E-09  6.14402880E+04  3.88942331E-01  0.00000000E+00
  2.27075229E+06  5.40397887E+06  9.57751523E-09  6.13807911E+04  3.87550503E-01  0.00000000E+00
  2.27109934E+06  5.40364517E+06  9.57883089E-09  6.13211553E+04  3.86159166E-01  0.00000000E+00
  2.27144639E+06  5.40331147E+06  9.58014672E-09  6.12613804E+04  3.84768336E-01  0.00000000E+00
  2.27179344E+06  5.40297776E+06  9.58146271E-09  6.12014662E+04  3.83378027E-01  0.00000000E+00
  2.27214049E+06  5.40264406E+06  9.58277887E-09  6.11414127E+04  3.81988255E-01  0.00000000E+00
  2.27248754E+06  5.40231035E+06  9.58409520E-09  6.10812196E+04  3.80599033E-01  0.00000000E+00
  2.27283459E+06  5.40197664E+06  9.58541169E-09  6.10208868E+04  3.79210378E-01  0.00000000E+00
  2.27318164E+06  5.40164293E+06  9.58672835E-09  6.09604142E+04  3.77822302E-01  0.00000000E+00
  2.27352869E+06  5.40130922E+06  9.58804518E-09  6.08998015E+04  3.76434823E-01  0.00000000E+00
  2.27387574E+06  5.40097550E+06  9.58936217E-09  6.08390487E+04  3.75047954E-01  0.00000000E+00
  2.27422279E+06  5.40064178E+06  9.59067933E-09  6.07781556E+04  3.73661710E-01  0.00000000E+00
  2.27456984E+06  5.40030806E+06  9.59199665E-09  6.07171220E+04  3.72276106E-01  0.00000000E+00
  2.27491689E+06  5.39997434E+06  9.59331415E-09  6.06559477E+04  3.70891158E-01  0.00000000E+00
  2.27526395E+06  5.39964062E+06  9.59463180E-09  6.05946327E+04  3.69506879E-01  0.00000000E+00
  2.27561100E+06  5.39930689E+06  9.59594963E-09  6.05331768E+04  3.68123286E-01  0.00000000E+00
  2.27595805E+06  5.39897316E+06  9.59726762E-09  6.04715798E+04  3.66740392E-01  0.00000000E+00
  2.27630510E+06  5.39863943E+06  9.59858578E-09  6.04098415E+04  3.65358214E-01  0.00000000E+00
  2.27665215E+06  5.39830570E+06  9.59990410E-09  6.03479618E+04  3.63976765E-01  0.00000000E+00
  2.27699920E+06  5.39797197E+06  9.60122259E-09  6.02859406E+04  3.62596061E-01  0.00000000E+00
  2.27734625E+06  5.39763823E+06  9.60254125E-09  6.02237777E+04  3.61216118E-01  0.00000000E+00
  2.27769330E+06  5.39730449E+06  9.60386008E-09  6.01614729E+04  3.59836949E-01  0.00000000E+00
  2.27804035E+06  5.39697075E+06  9.60517907E-09  6.00990261E+04  3.58458571E-01  0.00000000E+00
  2.27838740E+06  5.39663701E+06  9.60649822E-09  6.00364371E+04  3.57080998E-01  0.00000000E+00
  2.27873445E+06  5.39630326E+06  9.60781755E-09  5.99737058E+04  3.55704245E-01  0.00000000E+00
  2.27908150E+06  5.39596952E+06  9.60913704E-09  5.99108321E+04  3.54328328E-01  0.00000000E+00
  2.27942855E+06  5.39563577E+06  9.61045670E-09  5.98478156E+04  3.52953261E-01  0.00000000E+00
  2.27977560E+06  5.39530202E+06  9.61177652E-09  5.97846565E+04  3.51579060E-01  0.00000000E+00
  2.28012265E+06  5.39496827E+06  9.61309652E-09  5.97213543E+04  3.50205739E-01  0.00000000E+00
  2.28046970E+06  5.39463451E+06  9.61441667E-09  5.96579091E+04  3.48833315E-01  0.00000000E+00
  2.28081676E+06  5.39430075E+06  9.61573700E-09  5.95943206E+04  3.47461802E-01  0.00000000E+00
  2.28116381E+06  5.39396700E+06  9.61705749E-09  5.95305887E+04  3.46091215E-01  0.00000000E+00
  2.28151086E+06  5.39363324E+06  9.61837815E-09  5.94667133E+04  3.44721569E-01  0.00000000E+00
  2.28185791E+06  5.39329947E+06  9.61969898E-09  5.94026942E+04  3.43352880E-01  0.00000000E+00
  2.28220496E+06  5.39296571E+06  9.62101997E-09  5.93385311E+04  3.41985163E-01  0.00000000E+00
  2.28255201E+06  5.39263194E+06  9.62234113E-09  5.92742241E+04  3.40618434E-01  0.00000000E+00
  2.28289906E+06  5.39229817E+06  9.62366246E-09  5.92097729E+04  3.39252706E-01  0.00000000E+00
  2.28324611E+06  5.39196440E+06  9.62498396E-09  5.91451774E+04  3.37887997E-01  0.00000000E+00
  2.28359316E+06  5.39163063E+06  9.62630562E-09  5.90804373E+04  3.36524320E-01  0.00000000E+00
  2.28394021E+06  5.39129686E+06  9.62762745E-09  5.90155527E+04  3.35161691E-01  0.00000000E+00
  2.28428726E+06  5.39096308E+06  9.62894944E-09  5.89505232E+04  3.33800126E-01  0.00000000E+00
  2.28463431E+06  5.39062930E+06  9.63027161E-09  5.88853488E+04  3.32439639E-01  0.00000000E+00
  2.28498136E+06  5.39029552E+06  9.63159394E-09  5.88200293E+04  3.31080246E-01  0.00000000E+00
  2.28532841E+06  5.38996174E+06  9.63291644E-09  5.87545645E+04  3.29721963E-01  0.00000000E+00
  2.28567546E+06  5.38962796E+06  9.63423910E-09  5.86889544E+04  3.28364804E-01  0.00000000E+00
  2.28602251E+06  5.38929417E+06  9.63556193E-09  5.86231986E+04  3.27008785E-01  0.00000000E+00
  2.28636957E+06  5.38896038E+06  9.63688493E-09  5.85572972E+04  3.25653922E-01  0.00000000E+00
  2.28671662E+06  5.38862659E+06  9.63820810E-09  5.84912499E+04  3.24300229E-01  0.00000000E+00
  2.28706367E+06  5.38829280E+06  9.63953144E-09  5.84250565E+04  3.22947722E-01  0.00000000E+00
  2.28741072E+06  5.38795901E+06  9.64085494E-09  5.83587170E+04  3.21596416E-01  0.00000000E+00
  2.28775777E+06  5.38762521E+06  9.64217861E-09  5.82922311E+04  3.20246326E-01  0.00000000E+00
  2.28810482E+06  5.38729142E+06  9.64350244E-09  5.82255987E+04  3.18897469E-01  0.00000000E+00
  2.28845187E+06  5.38695762E+06  9.64482645E-09  5.81588197E+04  3.17549859E-01  0.00000000E+00
  2.28879892E+06  5.38662382E+06  9.64615062E-09  5.80918939E+04  3.16203512E-01  0.00000000E+00
  2.28914597E+06  5.38629001E+06  9.64747496E-09  5.80248212E+04  3.14858443E-01  0.00000000E+00
  2.28949302E+06  5.38595621E+06  9.64879947E-09  5.79576013E+04  3.13514667E-01  0.00000000E+00
  2.28984007E+06  5.38562240E+06  9.65012414E-09  5.79086109E+04  3.12526291E-01  0.00000000E+00
  2.29018712E+06  5.38528859E+06  9.65144898E-09  5.78678330E+04  3.11698160E-01  0.00000000E+00
  2.29053417E+06  5.38495478E+06  9.65277399E-09  5.78271095E+04  3.10872688E-01  0.00000000E+00
  2.29088122E+06  5.38462097E+06  9.65409917E-09  5.77864406E+04  3.10049864E-01  0.00000000E+00
  2.29122827E+06  5.38428715E+06  9.65542452E-09  5.77458261E+04  3.09229680E-01  0.00000000E+00
  2.29157532E+06  5.38395334E+06  9.65675003E-09  5.77052660E+04  3.08412126E-01  0.00000000E+00
  2.29192238E+06  5.38361952E+06  9.65807571E-09  5.76647601E+04  3.07597192E-01  0.00000000E+00
  2.29226943E+06  5.38328570E+06  9.65940156E-09  5.76243084E+04  3.06784871E-01  0.00000000E+00
  2.29261648E+06  5.38295188E+06  9.66072757E-09  5.75839108E+04  3.05975152E-01  0.00000000E+00
  2.29296353E+06  5.38261805E+06  9.66205376E-09  5.75435673E+04  3.05168026E-01  0.00000000E+00
  2.29331058E+06  5.38228423E+06  9.66338011E-09  5.75032778E+04  3.04363485E-01  0.00000000E+00
  2.29365763E+06  5.38195040E+06  9.66470663E-09  5.74630421E+04  3.03561518E-01  0.00000000E+00
  2.29400468E+06  5.38161657E+06  9.66603332E-09  5.74228604E+04  3.02762118E-01  0.00000000E+00
  2.29435173E+06  5.38128274E+06  9.66736017E-09  5.73827323E+04  3.01965275E-01  0.00000000E+00
  2.29469878E+06  5.38094891E+06  9.66868720E-09  5.73426580E+04  3.01170981E-01  0.00000000E+00
  2.29504583E+06  5.38061507E+06  9.67001439E-09  5.73026373E+04  3.00379225E-01  0.00000000E+00
  2.29539288E+06  5.38028123E+06  9.67134175E-09  5.72626701E+04  2.99590000E-01  0.00000000E+00
  2.29573993E+06  5.37994740E+06  9.67266928E-09  5.72227565E+04  2.98803296E-01  0.00000000E+00
  2.29608698E+06  5.37961355E+06  9.67399697E-09  5.71828962E+04  2.98019105E-01  0.00000000E+00
  2.29643403E+06  5.37927971E+06  9.67532483E-09  5.71430892E+04  2.97237417E-01  0.00000000E+00
  2.29678108E+06  5.37894587E+06  9.67665287E-09  5.71033356E+04  2.96458225E-01  0.00000000E+00
  2.29712814E+06  5.37861202E+06  9.67798107E-09  5.70636351E+04  2.95681519E-01  0.00000000E+00
  2.29747519E+06  5.37827817E+06  9.67930943E-09  5.70239877E+04  2.94907291E-01  0.00000000E+00
  2.29782224E+06  5.37794433E+06  9.68063797E-09  5.69843934E+04  2.94135531E-01  0.00000000E+00
  2.29816929E+06  5.37761047E+06  9.68196668E-09  5.69448520E+04  2.93366232E-01  0.00000000E+00
  2.29851634E+06  5.37727662E+06  9.68329555E-09  5.69053636E+04  2.92599385E-01  0.00000000E+00
  2.29886339E+06  5.37694277E+06  9.68462459E-09  5.68659280E+04  2.91834981E-01  0.00000000E+00
  2.29921044E+06  5.37660891E+06  9.68595380E-09  5.68265452E+04  2.91073011E-01  0.00000000E+00
  2.29955749E+06  5.37627505E+06  9.68728318E-09  5.67872151E+04  2.90313467E-01  0.00000000E+00
  2.29990454E+06  5.37594119E+06  9.68861272E-09  5.67479376E+04  2.89556341E-01  0.00000000E+00
  2.30025159E+06  5.37560733E+06  9.68994244E-09  5.67087126E+04  2.88801624E-01  0.00000000E+00
  2.30059864E+06  5.37527346E+06  9.69127232E-09  5.66695401E+04  2.88049308E-01  0.00000000E+00
  2.30094569E+06  5.37493960E+06  9.69260237E-09  5.66304201E+04  2.87299384E-01  0.00000000E+00
  2.30129274E+06  5.37460573E+06  9.69393259E-09  5.65913524E+04  2.86551844E-01  0.00000000E+00
  2.30163979E+06  5.37427186E+06  9.69526298E-09  5.65523369E+04  2.85806680E-01  0.00000000E+00
  2.30198684E+06  5.37393799E+06  9.69659353E-09  5.65133737E+04  2.85063884E-01  0.00000000E+00
  2.30233389E+06  5.37360412E+06  9.69792426E-09  5.64744626E+04  2.84323446E-01  0.00000000E+00
  2.30268095E+06  5.37327024E+06  9.69925515E-09  5.64356036E+04  2.83585359E-01  0.00000000E+00
  2.30302800E+06  5.37293637E+06  9.70058622E-09  5.63967965E+04  2.82849615E-01  0.00000000E+00
  2.30337505E+06  5.37260249E+06  9.70191745E-09  5.63580414E+04  2.82116206E-01  0.00000000E+00
  2.30372210E+06  5.37226861E+06  9.70324885E-09  5.63193382E+04  2.81385123E-01  0.00000000E+00
  2.30406915E+06  5.37193473E+06  9.70458041E-09  5.62806867E+04  2.80656358E-01  0.00000000E+00
  2.30441620E+06  5.37160084E+06  9.70591215E-09  5.62420869E+04  2.79929904E-01  0.00000000E+00
  2.30476325E+06  5.37126696E+06  9.70724406E-09  5.62035388E+04  2.79205752E-01  0.00000000E+00
  2.30511030E+06  5.37093307E+06  9.70857613E-09  5.61650423E+04  2.78483894E-01  0.00000000E+00
  2.30545735E+06  5.37059918E+06  9.70990837E-09  5.61265973E+04  2.77764322E-01  0.00000000E+00
  2.30580440E+06  5.37026529E+06  9.71124079E-09  5.60882037E+04  2.77047028E-01  0.00000000E+00
  2.30615145E+06  5.36993140E+06  9.71257337E-09  5.60498615E+04  2.76332005E-01  0.00000000E+00
  2.30649850E+06  5.36959751E+06  9.71390612E-09  5.60115706E+04  2.75619245E-01  0.00000000E+00
  2.30684555E+06  5.36926361E+06  9.71523903E-09  5.59733309E+04  2.74908738E-01  0.00000000E+00
  2.30719260E+06  5.36892971E+06  9.71657212E-09  5.59351424E+04  2.74200479E-01  0.00000000E+00
  2.30753965E+06  5.36859581E+06  9.71790538E-09  5.58970050E+04  2.73494459E-01  0.00000000E+00
  2.30788670E+06  5.36826191E+06  9.71923880E-09  5.58589186E+04  2.72790669E-01  0.00000000E+00
  2.30823376E+06  5.36792801E+06  9.72057240E-09  5.58208832E+04  2.72089103E-01  0.00000000E+00
  2.30858081E+06  5.36759411E+06  9.72190616E-09  5.57828987E+04  2.71389753E-01  0.00000000E+00
  2.30892786E+06  5.36726020E+06  9.72324009E-09  5.57449650E+04  2.70692611E-01  0.00000000E+00
  2.30927491E+06  5.36692629E+06  9.72457420E-09  5.57070821E+04  2.69997669E-01  0.00000000E+00
  2.30962196E+06  5.36659238E+06  9.72590847E-09  5.56692498E+04  2.69304920E-01  0.00000000E+00
  2.30996901E+06  5.36625847E+06  9.72724291E-09  5.56314682E+04  2.68614356E-01  0.00000000E+00
  2.31031606E+06  5.36592456E+06  9.72857751E-09  5.55937371E+04  2.67925970E-01  0.00000000E+00
  2.31066311E+06  5.36559065E+06  9.72991229E-09  5.55560565E+04  2.67239754E-01  0.00000000E+00
  2.31101016E+06  5.36525673E+06  9.73124724E-09  5.55184263E+04  2.66555700E-01  0.00000000E+00
  2.31135721E+06  5.36492281E+06  9.73258236E-09  5.54808465E+04  2.65873801E-01  0.00000000E+00
  2.31170426E+06  5.36458889E+06  9.73391764E-09  5.54433170E+04  2.65194050E-01  0.00000000E+00
  2.31205131E+06  5.36425497E+06  9.73525310E-09  5.54058377E+04  2.64516439E-01  0.00000000E+00
  2.31239836E+06  5.36392105E+06  9.73658872E-09  5.53684085E+04  2.63840960E-01  0.00000000E+00
  2.31274541E+06  5.36358713E+06  9.73792451E-09  5.53310294E+04  2.63167607E-01  0.00000000E+00
  2.31309246E+06  5.36325320E+06  9.73926048E-09  5.52937003E+04  2.62496372E-01  0.00000000E+00
  2.31343951E+06  5.36291927E+06  9.74059661E-09  5.52564212E+04  2.61827248E-01  0.00000000E+00
  2.31378657E+06  5.36258534E+06  9.74193291E-09  5.52191919E+04  2.61160227E-01  0.00000000E+00
  2.31413362E+06  5.36225141E+06  9.74326938E-09  5.51820125E+04  2.60495302E-01  0.00000000E+00
  2.31448067E+06  5.36191748E+06  9.74460602E-09  5.51448828E+04  2.59832466E-01  0.00000000E+00
  2.31482772E+06  5.36158354E+06  9.74594283E-09  5.51078028E+04  2.59171711E-01  0.00000000E+00
  2.31517477E+06  5.36124961E+06  9.74727981E-09  5.50707724E+04  2.58513032E-01  0.00000000E+00
  2.31552182E+06  5.36091567E+06  9.74861696E-09  5.50337915E+04  2.57856419E-01  0.00000000E+00
  2.31586887E+06  5.36058173E+06  9.74995428E-09  5.49968602E+04  2.57201867E-01  0.00000000E+00
  2.31621592E+06  5.36024779E+06  9.75129177E-09  5.49599782E+04  2.56549367E-01  0.00000000E+00
  2.31656297E+06  5.35991385E+06  9.75262943E-09  5.49231456E+04  2.55898914E-01  0.00000000E+00
  2.31691002E+06  5.35957990E+06  9.75396726E-09  5.48863623E+04  2.55250500E-01  0.00000000E+00
  2.31725707E+06  5.35924596E+06  9.75530525E-09  5.48496282E+04  2.54604117E-01  0.00000000E+00
  2.31760412E+06  5.35891201E+06  9.75664342E-09  5.48129432E+04  2.53959760E-01  0.00000000E+00
  2.31795117E+06  5.35857806E+06  9.75798176E-09  5.47763074E+04  2.53317420E-01  0.00000000E+00
  2.31829822E+06  5.35824411E+06  9.75932026E-09  5.47397205E+04  2.52677091E-01  0.00000000E+00
  2.31864527E+06  5.35791016E+06  9.76065894E-09  5.47031826E+04  2.52038767E-01  0.00000000E+00
  2.31899232E+06  5.35757620E+06  9.76199779E-09  5.46666936E+04  2.51402440E-01  0.00000000E+00
  2.31933938E+06  5.35724225E+06  9.76333680E-09  5.46302535E+04  2.50768103E-01  0.00000000E+00
  2.31968643E+06  5.35690829E+06  9.76467599E-09  5.45938620E+04  2.50135749E-01  0.00000000E+00
  2.32003348E+06  5.35657433E+06  9.76601535E-09  5.45575193E+04  2.49505372E-01  0.00000000E+00
  2.32038053E+06  5.35624037E+06  9.76735487E-09  5.45212252E+04  2.48876965E-01  0.00000000E+00
  2.32072758E+06  5.35590641E+06  9.76869457E-09  5.44849797E+04  2.48250521E-01  0.00000000E+00
  2.32107463E+06  5.35557245E+06  9.77003443E-09  5.44487826E+04  2.47626034E-01  0.00000000E+00
  2.32142168E+06  5.35523848E+06  9.77137447E-09  5.44126340E+04  2.47003496E-01  0.00000000E+00
  2.32176873E+06  5.35490451E+06  9.77271468E-09  5.43765338E+04  2.46382901E-01  0.00000000E+00
  2.32211578E+06  5.35457055E+06  9.77405505E-09  5.43404819E+04  2.45764242E-01  0.00000000E+00
  2.32246283E+06  5.35423658E+06  9.77539560E-09  5.43044782E+04  2.45147513E-01  0.00000000E+00
  2.32280988E+06  5.35390260E+06  9.77673631E-09  5.42685227E+04  2.44532707E-01  0.00000000E+00
  2.32315693E+06  5.35356863E+06  9.77807720E-09  5.42326152E+04  2.43919818E-01  0.00000000E+00
  2.32350398E+06  5.35323466E+06  9.77941826E-09  5.41967559E+04  2.43308838E-01  0.00000000E+00
  2.32385103E+06  5.35290068E+06  9.78075948E-09  5.41609445E+04  2.42699762E-01  0.00000000E+00
  2.32419808E+06  5.35256670E+06  9.78210088E-09  5.41251810E+04  2.42092582E-01  0.00000000E+00
  2.32454513E+06  5.35223272E+06  9.78344245E-09  5.40894654E+04  2.41487293E-01  0.00000000E+00
  2.32489219E+06  5.35189874E+06  9.78478419E-09  5.40537976E+04  2.40883888E-01  0.00000000E+00
  2.32523924E+06  5.35156476E+06  9.78612609E-09  5.40181775E+04  2.40282360E-01  0.00000000E+00
  2.32558629E+06  5.35123078E+06  9.78746817E-09  5.39826050E+04  2.39682702E-01  0.00000000E+00
  2.32593334E+06  5.35089679E+06  9.78881042E-09  5.39470802E+04  2.39084910E-01  0.00000000E+00
  2.32628039E+06  5.35056280E+06  9.79015284E-09  5.39116029E+04  2.38488976E-01  0.00000000E+00
  2.32662744E+06  5.35022881E+06  9.79149543E-09  5.38761730E+04  2.37894893E-01  0.00000000E+00
  2.32697449E+06  5.34989482E+06  9.79283819E-09  5.38407906E+04  2.37302656E-01  0.00000000E+00
  2.32732154E+06  5.34956083E+06  9.79418112E-09  5.38054555E+04  2.36712259E-01  0.00000000E+00
  2.32766859E+06  5.34922684E+06  9.79552422E-09  5.37701677E+04  2.36123694E-01  0.00000000E+00
  2.32801564E+06  5.34889284E+06  9.79686749E-09  5.37349271E+04  2.35536956E-01  0.00000000E+00
  2.32836269E+06  5.34855885E+06  9.79821093E-09  5.36997337E+04  2.34952038E-01  0.00000000E+00
  2.32870974E+06  5.34822485E+06  9.79955455E-09  5.36645873E+04  2.34368935E-01  0.00000000E+00
  2.32905679E+06  5.34789085E+06  9.80089833E-09  5.36294880E+04  2.33787639E-01  0.00000000E+00
  2.32940384E+06  5.34755685E+06  9.80224228E-09  5.35944356E+04  2.33208146E-01  0.00000000E+00
  2.32975089E+06  5.34722285E+06  9.80358641E-09  5.35594302E+04  2.32630448E-01  0.00000000E+00
  2.33009795E+06  5.34688884E+06  9.80493070E-09  5.35244716E+04  2.32054540E-01  0.00000000E+00
  2.33044500E+06  5.34655484E+06  9.80627517E-09  5.34895597E+04  2.31480416E-01  0.00000000E+00
  2.33079205E+06  5.34622083E+06  9.80761981E-09  5.34546946E+04  2.30908069E-01  0.00000000E+00
  2.33113910E+06  5.34588682E+06  9.80896462E-09  5.34198761E+04  2.30337493E-01  0.00000000E+00
  2.33148615E+06  5.34555281E+06  9.81030959E-09  5.33851042E+04  2.29768683E-01  0.00000000E+00
  2.33183320E+06  5.34521880E+06  9.81165474E-09  5.33503788E+04  2.29201632E-01  0.00000000E+00
  2.33218025E+06  5.34488479E+06  9.81300006E-09  5.33156999E+04  2.28636334E-01  0.00000000E+00
  2.33252730E+06  5.34455077E+06  9.81434556E-09  5.32810674E+04  2.28072784E-01  0.00000000E+00
  2.33287435E+06  5.34421676E+06  9.81569122E-09  5.32464813E+04  2.27510976E-01  0.00000000E+00
  2.33322140E+06  5.34388274E+06  9.81703705E-09  5.32119414E+04  2.26950903E-01  0.00000000E+00
  2.33356845E+06  5.34354872E+06  9.81838305E-09  5.31774477E+04  2.26392560E-01  0.00000000E+00
  2.33391550E+06  5.34321470E+06  9.81972923E-09  5.31430002E+04  2.25835940E-01  0.00000000E+00
  2.33426255E+06  5.34288068E+06  9.82107558E-09  5.31085988E+04  2.25281039E-01  0.00000000E+00
  2.33460960E+06  5.34254665E+06  9.82242209E-09  5.30742434E+04  2.24727850E-01  0.00000000E+00
  2.33495665E+06  5.34221263E+06  9.82376878E-09  5.30399340E+04  2.24176367E-01  0.00000000E+00
  2.33530370E+06  5.34187860E+06  9.82511564E-09  5.30056704E+04  2.23626584E-01  0.00000000E+00
  2.33565076E+06  5.34154457E+06  9.82646267E-09  5.29714528E+04  2.23078497E-01  0.00000000E+00
  2.33599781E+06  5.34121055E+06  9.82780987E-09  5.29372809E+04  2.22532098E-01  0.00000000E+00
  2.33634486E+06  5.34087651E+06  9.82915725E-09  5.29031547E+04  2.21987383E-01  0.00000000E+00
  2.33669191E+06  5.34054248E+06  9.83050479E-09  5.28690742E+04  2.21444346E-01  0.00000000E+00
  2.33703896E+06  5.34020845E+06  9.83185251E-09  5.28350393E+04  2.20902980E-01  0.00000000E+00
  2.33738601E+06  5.33987441E+06  9.83320039E-09  5.28010500E+04  2.20363281E-01  0.00000000E+00
  2.33773306E+06  5.33954038E+06  9.83454845E-09  5.27671061E+04  2.19825242E-01  0.00000000E+00
  2.33808011E+06  5.33920634E+06  9.83589668E-09  5.27332076E+04  2.19288859E-01  0.00000000E+00
  2.33842716E+06  5.33887230E+06  9.83724508E-09  5.26993545E+04  2.18754125E-01  0.00000000E+00
  2.33877421E+06  5.33853826E+06  9.83859365E-09  5.26655467E+04  2.18221035E-01  0.00000000E+00
  2.33912126E+06  5.33820421E+06  9.83994240E-09  5.26317841E+04  2.17689583E-01  0.00000000E+00
  2.33946831E+06  5.33787017E+06  9.84129131E-09  5.25980667E+04  2.17159764E-01  0.00000000E+00
  2.33981536E+06  5.33753613E+06  9.84264040E-09  5.25643944E+04  2.16631572E-01  0.00000000E+00
  2.34016241E+06  5.33720208E+06  9.84398966E-09  5.25307672E+04  2.16105002E-01  0.00000000E+00
  2.34050946E+06  5.33686803E+06  9.84533909E-09  5.24971850E+04  2.15580049E-01  0.00000000E+00
  2.34085651E+06  5.33653398E+06  9.84668869E-09  5.24636477E+04  2.15056706E-01  0.00000000E+00
  2.34120357E+06  5.33619993E+06  9.84803846E-09  5.24301552E+04  2.14534969E-01  0.00000000E+00
  2.34155062E+06  5.33586588E+06  9.84938841E-09  5.23967076E+04  2.14014832E-01  0.00000000E+00
  2.34189767E+06  5.33553182E+06  9.85073852E-09  5.23633048E+04  2.13496289E-01  0.00000000E+00
  2.34224472E+06  5.33519777E+06  9.85208881E-09  5.23299466E+04  2.12979336E-01  0.00000000E+00
  2.34259177E+06  5.33486371E+06  9.85343927E-09  5.22966331E+04  2.12463967E-01  0.00000000E+00
  2.34293882E+06  5.33452965E+06  9.85478990E-09  5.22633641E+04  2.11950176E-01  0.00000000E+00
  2.34328587E+06  5.33419559E+06  9.85614070E-09  5.22301397E+04  2.11437959E-01  0.00000000E+00
  2.34363292E+06  5.33386153E+06  9.85749168E-09  5.21969597E+04  2.10927310E-01  0.00000000E+00
  2.34397997E+06  5.33352747E+06  9.85884283E-09  5.21638241E+04  2.10418223E-01  0.00000000E+00
  2.34432702E+06  5.33319341E+06  9.86019414E-09  5.21307328E+04  2.09910694E-01  0.00000000E+00
  2.34467407E+06  5.33285934E+06  9.86154563E-09  5.20976859E+04  2.09404717E-01  0.00000000E+00
  2.34502112E+06  5.33252527E+06  9.86289730E-09  5.20646831E+04  2.08900287E-01  0.00000000E+00
  2.34536817E+06  5.33219121E+06  9.86424913E-09  5.20317245E+04  2.08397400E-01  0.00000000E+00
  2.34571522E+06  5.33185714E+06  9.86560114E-09  5.19988100E+04  2.07896048E-01  0.00000000E+00
  2.34606227E+06  5.33152307E+06  9.86695332E-09  5.19659396E+04  2.07396229E-01  0.00000000E+00
  2.34640932E+06  5.33118899E+06  9.86830567E-09  5.19331131E+04  2.06897936E-01  0.00000000E+00
  2.34675638E+06  5.33085492E+06  9.86965819E-09  5.19003305E+04  2.06401164E-01  0.00000000E+00
  2.34710343E+06  5.33052084E+06  9.87101088E-09  5.18675918E+04  2.05905908E-01  0.00000000E+00
  2.34745048E+06  5.33018677E+06  9.87236375E-09  5.18348970E+04  2.05412163E-01  0.00000000E+00
  2.34779753E+06  5.32985269E+06  9.87371679E-09  5.18022458E+04  2.04919925E-01  0.00000000E+00
  2.34814458E+06  5.32951861E+06  9.87507000E-09  5.17696384E+04  2.04429187E-01  0.00000000E+00
  2.34849163E+06  5.32918453E+06  9.87642338E-09  5.17370745E+04  2.03939946E-01  0.00000000E+00
  2.34883868E+06  5.32885045E+06  9.87777694E-09  5.17045543E+04  2.03452195E-01  0.00000000E+00
  2.34918573E+06  5.32851637E+06  9.87913067E-09  5.16720776E+04  2.02965931E-01  0.00000000E+00
  2.34953278E+06  5.32818228E+06  9.88048457E-09  5.16396443E+04  2.02481147E-01  0.00000000E+00
  2.34987983E+06  5.32784820E+06  9.88183864E-09  5.16072544E+04  2.01997842E-01  0.00000000E+00
  2.35022688E+06  5.32751411E+06  9.88319288E-09  5.15749079E+04  2.01516005E-01  0.00000000E+00
  2.35057393E+06  5.32718002E+06  9.88454730E-09  5.15426046E+04  2.01035636E-01  0.00000000E+00
  2.35092098E+06  5.32684593E+06  9.88590189E-09  5.15103446E+04  2.00556727E-01  0.00000000E+00
  2.35126803E+06  5.32651184E+06  9.88725665E-09  5.14781277E+04  2.00079275E-01  0.00000000E+00
  2.35161508E+06  5.32617774E+06  9.88861159E-09  5.14459539E+04  1.99603275E-01  0.00000000E+00
  2.35196213E+06  5.32584365E+06  9.88996669E-09  5.14138232E+04  1.99128721E-01  0.00000000E+00
  2.35230919E+06  5.32550956E+06  9.89132197E-09  5.13817355E+04  1.98655610E-01  0.00000000E+00
  2.35265624E+06  5.32517546E+06  9.89267743E-09  5.13496907E+04  1.98183935E-01  0.00000000E+00
  2.35300329E+06  5.32484136E+06  9.89403305E-09  5.13176888E+04  1.97713693E-01  0.00000000E+00
  2.35335034E+06  5.32450726E+06  9.89538885E-09  5.12857297E+04  1.97244879E-01  0.00000000E+00
  2.35369739E+06  5.32417316E+06  9.89674482E-09  5.12538133E+04  1.96777488E-01  0.00000000E+00
  2.35404444E+06  5.32383906E+06  9.89810096E-09  5.12219397E+04  1.96311514E-01  0.00000000E+00
  2.35439149E+06  5.32350495E+06  9.89945728E-09  5.11901087E+04  1.95846955E-01  0.00000000E+00
  2.35473854E+06  5.32317085E+06  9.90081376E-09  5.11583203E+04  1.95383804E-01  0.00000000E+00
  2.35508559E+06  5.32283674E+06  9.90217042E-09  5.11265745E+04  1.94922057E-01  0.00000000E+00
  2.35543264E+06  5.32250264E+06  9.90352726E-09  5.10948711E+04  1.94461709E-01  0.00000000E+00
  2.35577969E+06  5.32216853E+06  9.90488426E-09  5.10632102E+04  1.94002756E-01  0.00000000E+00
  2.35612674E+06  5.32183442E+06  9.90624144E-09  5.10315916E+04  1.93545194E-01  0.00000000E+00
  2.35647379E+06  5.32150031E+06  9.90759879E-09  5.10000153E+04  1.93089017E-01  0.00000000E+00
  2.35682084E+06  5.32116619E+06  9.90895632E-09  5.09684812E+04  1.92634221E-01  0.00000000E+00
  2.35716789E+06  5.32083208E+06  9.91031402E-09  5.09369894E+04  1.92180801E-01  0.00000000E+00
  2.35751495E+06  5.32049796E+06  9.91167189E-09  5.09055397E+04  1.91728753E-01  0.00000000E+00
  2.35786200E+06  5.32016385E+06  9.91302993E-09  5.08741321E+04  1.91278072E-01  0.00000000E+00
  2.35820905E+06  5.31982973E+06  9.91438815E-09  5.08427665E+04  1.90828754E-01  0.00000000E+00
  2.35855610E+06  5.31949561E+06  9.91574654E-09  5.08114428E+04  1.90380795E-01  0.00000000E+00
  2.35890315E+06  5.31916149E+06  9.91710510E-09  5.07801611E+04  1.89934189E-01  0.00000000E+00
  2.35925020E+06  5.31882737E+06  9.91846384E-09  5.07489212E+04  1.89488932E-01  0.00000000E+00
  2.35959725E+06  5.31849325E+06  9.91982275E-09  5.07177232E+04  1.89045020E-01  0.00000000E+00
  2.35994430E+06  5.31815912E+06  9.92118183E-09  5.06865669E+04  1.88602449E-01  0.00000000E+00
  2.36029135E+06  5.31782500E+06  9.92254108E-09  5.06554522E+04  1.88161214E-01  0.00000000E+00
  2.36063840E+06  5.31749087E+06  9.92390051E-09  5.06243792E+04  1.87721310E-01  0.00000000E+00
  2.36098545E+06  5.31715674E+06  9.92526011E-09  5.05933478E+04  1.87282733E-01  0.00000000E+00
  2.36133250E+06  5.31682261E+06  9.92661989E-09  5.05623579E+04  1.86845479E-01  0.00000000E+00
  2.36167955E+06  5.31648848E+06  9.92797984E-09  5.05314095E+04  1.86409544E-01  0.00000000E+00
  2.36202660E+06  5.31615435E+06  9.92933996E-09  5.05005024E+04  1.85974922E-01  0.00000000E+00
  2.36237365E+06  5.31582021E+06  9.93070025E-09  5.04696368E+04  1.85541611E-01  0.00000000E+00
  2.36272070E+06  5.31548608E+06  9.93206072E-09  5.04388124E+04  1.85109604E-01  0.00000000E+00
  2.36306776E+06  5.31515194E+06  9.93342136E-09  5.04080293E+04  1.84678899E-01  0.00000000E+00
  2.36341481E+06  5.31481781E+06  9.93478218E-09  5.03772873E+04  1.84249491E-01  0.00000000E+00
  2.36376186E+06  5.31448367E+06  9.93614317E-09  5.03465865E+04  1.83821376E-01  0.00000000E+00
  2.36410891E+06  5.31414953E+06  9.93750433E-09  5.03159268E+04  1.83394548E-01  0.00000000E+00
  2.36445596E+06  5.31381539E+06  9.93886567E-09  5.02853081E+04  1.82969005E-01  0.00000000E+00
  2.36480301E+06  5.31348125E+06  9.94022718E-09  5.02547303E+04  1.82544742E-01  0.00000000E+00
  2.36515006E+06  5.31314710E+06  9.94158886E-09  5.02241935E+04  1.82121755E-01  0.00000000E+00
  2.36549711E+06  5.31281296E+06  9.94295071E-09  5.01936976E+04  1.81700039E-01  0.00000000E+00
  2.36584416E+06  5.31247881E+06  9.94431275E-09  5.01632424E+04  1.81279590E-01  0.00000000E+00
  2.36619121E+06  5.31214466E+06  9.94567495E-09  5.01328280E+04  1.80860405E-01  0.00000000E+00
  2.36653826E+06  5.31181052E+06  9.94703733E-09  5.01024543E+04  1.80442479E-01  0.00000000E+00
  2.36688531E+06  5.31147637E+06  9.94839988E-09  5.00721212E+04  1.80025808E-01  0.00000000E+00
  2.36723236E+06  5.31114222E+06  9.94976260E-09  5.00418287E+04  1.79610387E-01  0.00000000E+00
  2.36757941E+06  5.31080806E+06  9.95112550E-09  5.00115768E+04  1.79196214E-01  0.00000000E+00
  2.36792646E+06  5.31047391E+06  9.95248858E-09  4.99813653E+04  1.78783283E-01  0.00000000E+00
  2.36827351E+06  5.31013976E+06  9.95385182E-09  4.99511943E+04  1.78371590E-01  0.00000000E+00
  2.36862057E+06  5.30980560E+06  9.95521524E-09  4.99210636E+04  1.77961133E-01  0.00000000E+00
  2.36896762E+06  5.30947144E+06  9.95657884E-09  4.98909732E+04  1.77551905E-01  0.00000000E+00
  2.36931467E+06  5.30913729E+06  9.95794261E-09  4.98609231E+04  1.77143905E-01  0.00000000E+00
  2.36966172E+06  5.30880313E+06  9.95930655E-09  4.98309132E+04  1.76737127E-01  0.00000000E+00
  2.37000877E+06  5.30846896E+06  9.96067066E-09  4.98009435E+04  1.76331567E-01  0.00000000E+00
  2.37035582E+06  5.30813480E+06  9.96203495E-09  4.97710139E+04  1.75927222E-01  0.00000000E+00
  2.37070287E+06  5.30780064E+06  9.96339942E-09  4.97411243E+04  1.75524087E-01  0.00000000E+00
  2.37104992E+06  5.30746648E+06  9.96476406E-09  4.97112747E+04  1.75122160E-01  0.00000000E+00
  2.37139697E+06  5.30713231E+06  9.96612887E-09  4.96814650E+04  1.74721435E-01  0.00000000E+00
  2.37174402E+06  5.30679814E+06  9.96749386E-09  4.96516952E+04  1.74321908E-01  0.00000000E+00
  2.37209107E+06  5.30646398E+06  9.96885902E-09  4.96219653E+04  1.73923577E-01  0.00000000E+00
  2.37243812E+06  5.30612981E+06  9.97022435E-09  4.95922751E+04  1.73526437E-01  0.00000000E+00
  2.37278517E+06  5.30579564E+06  9.97158986E-09  4.95626247E+04  1.73130484E-01  0.00000000E+00
  2.37313222E+06  5.30546146E+06  9.97295555E-09  4.95330139E+04  1.72735714E-01  0.00000000E+00
  2.37347927E+06  5.30512729E+06  9.97432140E-09  4.95034428E+04  1.72342124E-01  0.00000000E+00
  2.37382632E+06  5.30479312E+06  9.97568744E-09  4.94739112E+04  1.71949709E-01  0.00000000E+00
  2.37417338E+06  5.30445894E+06  9.97705364E-09  4.94444192E+04  1.71558466E-01  0.00000000E+00
  2.37452043E+06  5.30412477E+06  9.97842002E-09  4.94149666E+04  1.71168391E-01  0.00000000E+00
  2.37486748E+06  5.30379059E+06  9.97978658E-09  4.93855534E+04  1.70779481E-01  0.00000000E+00
  2.37521453E+06  5.30345641E+06  9.98115331E-09  4.93561796E+04  1.70391731E-01  0.00000000E+00
  2.37556158E+06  5.30312223E+06  9.98252021E-09  4.93268450E+04  1.70005137E-01  0.00000000E+00
  2.37590863E+06  5.30278805E+06  9.98388729E-09  4.92975497E+04  1.69619697E-01  0.00000000E+00
  2.37625568E+06  5.30245387E+06  9.98525455E-09  4.92682937E+04  1.69235406E-01  0.00000000E+00
  2.37660273E+06  5.30211968E+06  9.98662197E-09  4.92390767E+04  1.68852260E-01  0.00000000E+00
  2.37694978E+06  5.30178550E+06  9.98798958E-09  4.92098989E+04  1.68470257E-01  0.00000000E+00
  2.37729683E+06  5.30145131E+06  9.98935735E-09  4.91807601E+04  1.68089391E-01  0.00000000E+00
  2.37764388E+06  5.30111713E+06  9.99072531E-09  4.91516603E+04  1.67709660E-01  0.00000000E+00
  2.37799093E+06  5.30078294E+06  9.99209343E-09  4.91225994E+04  1.67331060E-01  0.00000000E+00
  2.37833798E+06  5.30044875E+06  9.99346173E-09  4.90935774E+04  1.66953587E-01  0.00000000E+00
  2.37868503E+06  5.30011456E+06  9.99483021E-09  4.90645942E+04  1.66577237E-01  0.00000000E+00
  2.37903208E+06  5.29978037E+06  9.99619886E-09  4.90356499E+04  1.66202007E-01  0.00000000E+00
  2.37937913E+06  5.29944617E+06  9.99756769E-09  4.90067442E+04  1.65827894E-01  0.00000000E+00
  2.37972619E+06  5.29911198E+06  9.99893669E-09  4.89778772E+04  1.65454894E-01  0.00000000E+00
  2.38007324E+06  5.29877779E+06  1.00003059E-08  4.89490489E+04  1.65083002E-01  0.00000000E+00
  2.38042029E+06  5.29844359E+06  1.00016752E-08  4.89202591E+04  1.64712216E-01  0.00000000E+00
  2.38076734E+06  5.29810939E+06  1.00030447E-08  4.88915079E+04  1.64342532E-01  0.00000000E+00
  2.38111439E+06  5.29777519E+06  1.00044144E-08  4.88627951E+04  1.63973947E-01  0.00000000E+00
  2.38146144E+06  5.29744099E+06  1.00057843E-08  4.88341207E+04  1.63606456E-01  0.00000000E+00
  2.38180849E+06  5.29710679E+06  1.00071544E-08  4.88054847E+04  1.63240057E-01  0.00000000E+00
  2.38215554E+06  5.29677259E+06  1.00085246E-08  4.87768870E+04  1.62874746E-01  0.00000000E+00
  2.38250259E+06  5.29643839E+06  1.00098950E-08  4.87483276E+04  1.62510519E-01  0.00000000E+00
  2.38284964E+06  5.29610418E+06  1.00112656E-08  4.87198064E+04  1.62147374E-01  0.00000000E+00
  2.38319669E+06  5.29576998E+06  1.00126363E-08  4.86913234E+04  1.61785306E-01  0.00000000E+00
  2.38354374E+06  5.29543577E+06  1.00140072E-08  4.86628785E+04  1.61424312E-01  0.00000000E+00
  2.38389079E+06  5.29510156E+06  1.00153783E-08  4.86344716E+04  1.61064388E-01  0.00000000E+00
  2.38423784E+06  5.29476736E+06  1.00167496E-08  4.86061027E+04  1.60705532E-01  0.00000000E+00
  2.38458489E+06  5.29443315E+06  1.00181211E-08  4.85777718E+04  1.60347739E-01  0.00000000E+00
  2.38493194E+06  5.29409894E+06  1.00194927E-08  4.85494788E+04  1.59991007E-01  0.00000000E+00
  2.38527900E+06  5.29376472E+06  1.00208645E-08  4.85212237E+04  1.59635332E-01  0.00000000E+00
  2.38562605E+06  5.29343051E+06  1.00222365E-08  4.84930064E+04  1.59280711E-01  0.00000000E+00
  2.38597310E+06  5.29309630E+06  1.00236086E-08  4.84648268E+04  1.58927139E-01  0.00000000E+00
  2.38632015E+06  5.29276208E+06  1.00249810E-08  4.84366849E+04  1.58574615E-01  0.00000000E+00
  2.38666720E+06  5.29242786E+06  1.00263535E-08  4.84085807E+04  1.58223134E-01  0.00000000E+00
  2.38701425E+06  5.29209365E+06  1.00277261E-08  4.83805141E+04  1.57872694E-01  0.00000000E+00
  2.38736130E+06  5.29175943E+06  1.00290990E-08  4.83524851E+04  1.57523291E-01  0.00000000E+00
  2.38770835E+06  5.29142521E+06  1.00304720E-08  4.83244935E+04  1.57174921E-01  0.00000000E+00
  2.38805540E+06  5.29109099E+06  1.00318452E-08  4.82965394E+04  1.56827581E-01  0.00000000E+00
  2.38840245E+06  5.29075676E+06  1.00332186E-08  4.82686227E+04  1.56481269E-01  0.00000000E+00
  2.38874950E+06  5.29042254E+06  1.00345922E-08  4.82407434E+04  1.56135981E-01  0.00000000E+00
  2.38909655E+06  5.29008832E+06  1.00359659E-08  4.82129013E+04  1.55791713E-01  0.00000000E+00
  2.38944360E+06  5.28975409E+06  1.00373398E-08  4.81850965E+04  1.55448462E-01  0.00000000E+00
  2.38979065E+06  5.28941987E+06  1.00387139E-08  4.81573290E+04  1.55106226E-01  0.00000000E+00
  2.39013770E+06  5.28908564E+06  1.00400881E-08  4.81295985E+04  1.54765000E-01  0.00000000E+00
  2.39048476E+06  5.28875141E+06  1.00414626E-08  4.81019052E+04  1.54424782E-01  0.00000000E+00
  2.39083181E+06  5.28841718E+06  1.00428372E-08  4.80742489E+04  1.54085569E-01  0.00000000E+00
  2.39117886E+06  5.28808295E+06  1.00442120E-08  4.80466297E+04  1.53747357E-01  0.00000000E+00
  2.39152591E+06  5.28774872E+06  1.00455869E-08  4.80190474E+04  1.53410143E-01  0.00000000E+00
  2.39187296E+06  5.28741448E+06  1.00469621E-08  4.79915020E+04  1.53073924E-01  0.00000000E+00
  2.39222001E+06  5.28708025E+06  1.00483374E-08  4.79639934E+04  1.52738697E-01  0.00000000E+00
  2.39256706E+06  5.28674601E+06  1.00497129E-08  4.79365217E+04  1.52404459E-01  0.00000000E+00
  2.39291411E+06  5.28641178E+06  1.00510886E-08  4.79090867E+04  1.52071206E-01  0.00000000E+00
  2.39326116E+06  5.28607754E+06  1.00524644E-08  4.78816884E+04  1.51738936E-01  0.00000000E+00
  2.39360821E+06  5.28574330E+06  1.00538404E-08  4.78543268E+04  1.51407645E-01  0.00000000E+00
  2.39395526E+06  5.28540906E+06  1.00552166E-08  4.78270018E+04  1.51077331E-01  0.00000000E+00
  2.39430231E+06  5.28507482E+06  1.00565930E-08  4.77997134E+04  1.50747989E-01  0.00000000E+00
  2.39464936E+06  5.28474058E+06  1.00579695E-08  4.77724615E+04  1.50419618E-01  0.00000000E+00
  2.39499641E+06  5.28440634E+06  1.00593462E-08  4.77452460E+04  1.50092214E-01  0.00000000E+00
  2.39534346E+06  5.28407210E+06  1.00607231E-08  4.77180670E+04  1.49765775E-01  0.00000000E+00
  2.39569051E+06  5.28373785E+06  1.00621002E-08  4.76909243E+04  1.49440296E-01  0.00000000E+00
  2.39603757E+06  5.28340360E+06  1.00634775E-08  4.76638179E+04  1.49115775E-01  0.00000000E+00
  2.39638462E+06  5.28306936E+06  1.00648549E-08  4.76367478E+04  1.48792209E-01  0.00000000E+00
  2.39673167E+06  5.28273511E+06  1.00662325E-08  4.76097140E+04  1.48469596E-01  0.00000000E+00
  2.39707872E+06  5.28240086E+06  1.00676103E-08  4.75827163E+04  1.48147931E-01  0.00000000E+00
  2.39742577E+06  5.28206661E+06  1.00689882E-08  4.75557547E+04  1.47827212E-01  0.00000000E+00
  2.39777282E+06  5.28173236E+06  1.00703664E-08  4.75288292E+04  1.47507437E-01  0.00000000E+00
  2.39811987E+06  5.28139811E+06  1.00717447E-08  4.75019397E+04  1.47188602E-01  0.00000000E+00
  2.39846692E+06  5.28106386E+06  1.00731232E-08  4.74750862E+04  1.46870704E-01  0.00000000E+00
  2.39881397E+06  5.28072960E+06  1.00745018E-08  4.74482687E+04  1.46553740E-01  0.00000000E+00
  2.39916102E+06  5.28039535E+06  1.00758807E-08  4.74214870E+04  1.46237707E-01  0.00000000E+00
  2.39950807E+06  5.28006109E+06  1.00772597E-08  4.73947411E+04  1.45922603E-01  0.00000000E+00
  2.39985512E+06  5.27972683E+06  1.00786389E-08  4.73680311E+04  1.45608425E-01  0.00000000E+00
  2.40020217E+06  5.27939257E+06  1.00800182E-08  4.73413568E+04  1.45295169E-01  0.00000000E+00
  2.40054922E+06  5.27905831E+06  1.00813978E-08  4.73147181E+04  1.44982833E-01  0.00000000E+00
  2.40089627E+06  5.27872405E+06  1.00827775E-08  4.72881152E+04  1.44671414E-01  0.00000000E+00
  2.40124332E+06  5.27838979E+06  1.00841574E-08  4.72615478E+04  1.44360909E-01  0.00000000E+00
  2.40159038E+06  5.27805553E+06  1.00855375E-08  4.72350159E+04  1.44051316E-01  0.00000000E+00
  2.40193743E+06  5.27772127E+06  1.00869177E-08  4.72085196E+04  1.43742630E-01  0.00000000E+00
  2.40228448E+06  5.27738700E+06  1.00882982E-08  4.71820587E+04  1.43434851E-01  0.00000000E+00
  2.40263153E+06  5.27705274E+06  1.00896788E-08  4.71556332E+04  1.43127974E-01  0.00000000E+00
  2.40297858E+06  5.27671847E+06  1.00910596E-08  4.71292431E+04  1.42821996E-01  0.00000000E+00
  2.40332563E+06  5.27638420E+06  1.00924405E-08  4.71028883E+04  1.42516917E-01  0.00000000E+00
  2.40367268E+06  5.27604994E+06  1.00938217E-08  4.70765687E+04  1.42212731E-01  0.00000000E+00
  2.40401973E+06  5.27571567E+06  1.00952030E-08  4.70502844E+04  1.41909437E-01  0.00000000E+00
  2.40436678E+06  5.27538140E+06  1.00965845E-08  4.70240352E+04  1.41607032E-01  0.00000000E+00
  2.40471383E+06  5.27504712E+06  1.00979661E-08  4.69978212E+04  1.41305513E-01  0.00000000E+00
  2.40506088E+06  5.27471285E+06  1.00993480E-08  4.69716422E+04  1.41004877E-01  0.00000000E+00
  2.40540793E+06  5.27437858E+06  1.01007300E-08  4.69454983E+04  1.40705122E-01  0.00000000E+00
  2.40575498E+06  5.27404430E+06  1.01021122E-08  4.69193893E+04  1.40406245E-01  0.00000000E+00
  2.40610203E+06  5.27371003E+06  1.01034946E-08  4.68933153E+04  1.40108243E-01  0.00000000E+00
  2.40644908E+06  5.27337575E+06  1.01048771E-08  4.68672762E+04  1.39811114E-01  0.00000000E+00
  2.40679613E+06  5.27304147E+06  1.01062599E-08  4.68412719E+04  1.39514854E-01  0.00000000E+00
  2.40714319E+06  5.27270719E+06  1.01076428E-08  4.68153024E+04  1.39219461E-01  0.00000000E+00
  2.40749024E+06  5.27237292E+06  1.01090258E-08  4.67893676E+04  1.38924933E-01  0.00000000E+00
  2.40783729E+06  5.27203863E+06  1.01104091E-08  4.67634676E+04  1.38631267E-01  0.00000000E+00
  2.40818434E+06  5.27170435E+06  1.01117925E-08  4.67376022E+04  1.38338459E-01  0.00000000E+00
  2.40853139E+06  5.27137007E+06  1.01131762E-08  4.67117714E+04  1.38046508E-01  0.00000000E+00
  2.40887844E+06  5.27103579E+06  1.01145600E-08  4.66859752E+04  1.37755411E-01  0.00000000E+00
  2.40922549E+06  5.27070150E+06  1.01159439E-08  4.66602135E+04  1.37465166E-01  0.00000000E+00
  2.40957254E+06  5.27036722E+06  1.01173281E-08  4.66344863E+04  1.37175768E-01  0.00000000E+00
  2.40991959E+06  5.27003293E+06  1.01187124E-08  4.66087934E+04  1.36887217E-01  0.00000000E+00
  2.41026664E+06  5.26969864E+06  1.01200969E-08  4.65831350E+04  1.36599509E-01  0.00000000E+00
  2.41061369E+06  5.26936436E+06  1.01214816E-08  4.65575109E+04  1.36312642E-01  0.00000000E+00
  2.41096074E+06  5.26903007E+06  1.01228664E-08  4.65319211E+04  1.36026613E-01  0.00000000E+00
  2.41130779E+06  5.26869578E+06  1.01242515E-08  4.65063655E+04  1.35741420E-01  0.00000000E+00
  2.41165484E+06  5.26836148E+06  1.01256367E-08  4.64808441E+04  1.35457060E-01  0.00000000E+00
  2.41200189E+06  5.26802719E+06  1.01270221E-08  4.64553569E+04  1.35173530E-01  0.00000000E+00
  2.41234894E+06  5.26769290E+06  1.01284077E-08  4.64299038E+04  1.34890829E-01  0.00000000E+00
  2.41269600E+06  5.26735861E+06  1.01297934E-08  4.64044847E+04  1.34608953E-01  0.00000000E+00
  2.41304305E+06  5.26702431E+06  1.01311793E-08  4.63790996E+04  1.34327900E-01  0.00000000E+00
  2.41339010E+06  5.26669001E+06  1.01325654E-08  4.63537485E+04  1.34047667E-01  0.00000000E+00
  2.41373715E+06  5.26635572E+06  1.01339517E-08  4.63284314E+04  1.33768253E-01  0.00000000E+00
  2.41408420E+06  5.26602142E+06  1.01353382E-08  4.63031481E+04  1.33489653E-01  0.00000000E+00
  2.41443125E+06  5.26568712E+06  1.01367248E-08  4.62778986E+04  1.33211867E-01  0.00000000E+00
  2.41477830E+06  5.26535282E+06  1.01381116E-08  4.62526829E+04  1.32934892E-01  0.00000000E+00
  2.41512535E+06  5.26501852E+06  1.01394986E-08  4.62275010E+04  1.32658724E-01  0.00000000E+00
  2.41547240E+06  5.26468422E+06  1.01408858E-08  4.62023527E+04  1.32383362E-01  0.00000000E+00
  2.41581945E+06  5.26434991E+06  1.01422731E-08  4.61772381E+04  1.32108803E-01  0.00000000E+00
  2.41616650E+06  5.26401561E+06  1.01436607E-08  4.61521571E+04  1.31835044E-01  0.00000000E+00
  2.41651355E+06  5.26368131E+06  1.01450484E-08  4.61271097E+04  1.31562084E-01  0.00000000E+00
  2.41686060E+06  5.26334700E+06  1.01464362E-08  4.61020958E+04  1.31289920E-01  0.00000000E+00
  2.41720765E+06  5.26301269E+06  1.01478243E-08  4.60771153E+04  1.31018549E-01  0.00000000E+00
  2.41755470E+06  5.26267839E+06  1.01492125E-08  4.60521683E+04  1.30747970E-01  0.00000000E+00
  2.41790176E+06  5.26234408E+06  1.01506010E-08  4.60272546E+04  1.30478178E-01  0.00000000E+00
  2.41824881E+06  5.26200977E+06  1.01519896E-08  4.60023743E+04  1.30209173E-01  0.00000000E+00
  2.41859586E+06  5.26167546E+06  1.01533783E-08  4.59775273E+04  1.29940952E-01  0.00000000E+00
  2.41894291E+06  5.26134115E+06  1.01547673E-08  4.59527135E+04  1.29673513E-01  0.00000000E+00
  2.41928996E+06  5.26100684E+06  1.01561564E-08  4.59279329E+04  1.29406852E-01  0.00000000E+00
  2.41963701E+06  5.26067252E+06  1.01575457E-08  4.59031855E+04  1.29140969E-01  0.00000000E+00
  2.41998406E+06  5.26033821E+06  1.01589352E-08  4.58784712E+04  1.28875859E-01  0.00000000E+00
  2.42033111E+06  5.26000389E+06  1.01603249E-08  4.58537900E+04  1.28611522E-01  0.00000000E+00
  2.42067816E+06  5.25966958E+06  1.01617147E-08  4.58291418E+04  1.28347955E-01  0.00000000E+00
  2.42102521E+06  5.25933526E+06  1.01631047E-08  4.58045265E+04  1.28085155E-01  0.00000000E+00
  2.42137226E+06  5.25900094E+06  1.01644949E-08  4.57799442E+04  1.27823120E-01  0.00000000E+00
  2.42171931E+06  5.25866663E+06  1.01658853E-08  4.57553948E+04  1.27561848E-01  0.00000000E+00
  2.42206636E+06  5.25833231E+06  1.01672759E-08  4.57308783E+04  1.27301336E-01  0.00000000E+00
  2.42241341E+06  5.25799799E+06  1.01686666E-08  4.57063945E+04  1.27041583E-01  0.00000000E+00
  2.42276046E+06  5.25766366E+06  1.01700575E-08  4.56819435E+04  1.26782586E-01  0.00000000E+00
  2.42310751E+06  5.25732934E+06  1.01714486E-08  4.56575252E+04  1.26524342E-01  0.00000000E+00
  2.42345457E+06  5.25699502E+06  1.01728399E-08  4.56331396E+04  1.26266850E-01  0.00000000E+00
  2.42380162E+06  5.25666069E+06  1.01742313E-08  4.56087867E+04  1.26010107E-01  0.00000000E+00
  2.42414867E+06  5.25632637E+06  1.01756230E-08  4.55844663E+04  1.25754111E-01  0.00000000E+00
  2.42449572E+06  5.25599204E+06  1.01770148E-08  4.55601784E+04  1.25498859E-01  0.00000000E+00
  2.42484277E+06  5.25565772E+06  1.01784068E-08  4.55359231E+04  1.25244350E-01  0.00000000E+00
  2.42518982E+06  5.25532339E+06  1.01797989E-08  4.55117002E+04  1.24990582E-01  0.00000000E+00
  2.42553687E+06  5.25498906E+06  1.01811913E-08  4.54875097E+04  1.24737551E-01  0.00000000E+00
  2.42588392E+06  5.25465473E+06  1.01825838E-08  4.54633516E+04  1.24485256E-01  0.00000000E+00
  2.42623097E+06  5.25432040E+06  1.01839765E-08  4.54392258E+04  1.24233695E-01  0.00000000E+00
  2.42657802E+06  5.25398607E+06  1.01853694E-08  4.54151323E+04  1.23982865E-01  0.00000000E+00
  2.42692507E+06  5.25365174E+06  1.01867625E-08  4.53910710E+04  1.23732765E-01  0.00000000E+00
  2.42727212E+06  5.25331740E+06  1.01881557E-08  4.53670419E+04  1.23483391E-01  0.00000000E+00
  2.42761917E+06  5.25298307E+06  1.01895491E-08  4.53430450E+04  1.23234743E-01  0.00000000E+00
  2.42796622E+06  5.25264874E+06  1.01909427E-08  4.53190802E+04  1.22986817E-01  0.00000000E+00
  2.42831327E+06  5.25231440E+06  1.01923365E-08  4.52951474E+04  1.22739612E-01  0.00000000E+00
  2.42866032E+06  5.25198006E+06  1.01937304E-08  4.52712467E+04  1.22493125E-01  0.00000000E+00
  2.42900738E+06  5.25164573E+06  1.01951246E-08  4.52473779E+04  1.22247355E-01  0.00000000E+00
  2.42935443E+06  5.25131139E+06  1.01965189E-08  4.52235411E+04  1.22002299E-01  0.00000000E+00
  2.42970148E+06  5.25097705E+06  1.01979134E-08  4.51997362E+04  1.21757955E-01  0.00000000E+00
  2.43004853E+06  5.25064271E+06  1.01993081E-08  4.51759631E+04  1.21514321E-01  0.00000000E+00
  2.43039558E+06  5.25030837E+06  1.02007029E-08  4.51522219E+04  1.21271394E-01  0.00000000E+00
  2.43074263E+06  5.24997403E+06  1.02020979E-08  4.51285124E+04  1.21029174E-01  0.00000000E+00
  2.43108968E+06  5.24963968E+06  1.02034932E-08  4.51048346E+04  1.20787657E-01  0.00000000E+00
  2.43143673E+06  5.24930534E+06  1.02048885E-08  4.50811885E+04  1.20546841E-01  0.00000000E+00
  2.43178378E+06  5.24897100E+06  1.02062841E-08  4.50575741E+04  1.20306725E-01  0.00000000E+00
  2.43213083E+06  5.24863665E+06  1.02076799E-08  4.50339912E+04  1.20067307E-01  0.00000000E+00
  2.43247788E+06  5.24830230E+06  1.02090758E-08  4.50104399E+04  1.19828584E-01  0.00000000E+00
  2.43282493E+06  5.24796796E+06  1.02104719E-08  4.49869202E+04  1.19590554E-01  0.00000000E+00
  2.43317198E+06  5.24763361E+06  1.02118682E-08  4.49634319E+04  1.19353216E-01  0.00000000E+00
  2.43351903E+06  5.24729926E+06  1.02132647E-08  4.49399750E+04  1.19116566E-01  0.00000000E+00
  2.43386608E+06  5.24696491E+06  1.02146613E-08  4.49165495E+04  1.18880604E-01  0.00000000E+00
  2.43421313E+06  5.24663056E+06  1.02160581E-08  4.48931553E+04  1.18645327E-01  0.00000000E+00
  2.43456019E+06  5.24629621E+06  1.02174551E-08  4.48697925E+04  1.18410733E-01  0.00000000E+00
  2.43490724E+06  5.24596186E+06  1.02188523E-08  4.48464609E+04  1.18176820E-01  0.00000000E+00
  2.43525429E+06  5.24562750E+06  1.02202497E-08  4.48231605E+04  1.17943587E-01  0.00000000E+00
  2.43560134E+06  5.24529315E+06  1.02216472E-08  4.47998913E+04  1.17711030E-01  0.00000000E+00
  2.43594839E+06  5.24495880E+06  1.02230450E-08  4.47766532E+04  1.17479148E-01  0.00000000E+00
  2.43629544E+06  5.24462444E+06  1.02244429E-08  4.47534463E+04  1.17247940E-01  0.00000000E+00
  2.43664249E+06  5.24429008E+06  1.02258410E-08  4.47302704E+04  1.17017403E-01  0.00000000E+00
  2.43698954E+06  5.24395573E+06  1.02272392E-08  4.47071255E+04  1.16787535E-01  0.00000000E+00
  2.43733659E+06  5.24362137E+06  1.02286377E-08  4.46840115E+04  1.16558334E-01  0.00000000E+00
  2.43768364E+06  5.24328701E+06  1.02300363E-08  4.46609285E+04  1.16329798E-01  0.00000000E+00
  2.43803069E+06  5.24295265E+06  1.02314351E-08  4.46378764E+04  1.16101926E-01  0.00000000E+00
  2.43837774E+06  5.24261829E+06  1.02328341E-08  4.46148551E+04  1.15874715E-01  0.00000000E+00
  2.43872479E+06  5.24228393E+06  1.02342333E-08  4.45918646E+04  1.15648163E-01  0.00000000E+00
  2.43907184E+06  5.24194957E+06  1.02356326E-08  4.45689049E+04  1.15422269E-01  0.00000000E+00
  2.43941889E+06  5.24161520E+06  1.02370321E-08  4.45459759E+04  1.15197030E-01  0.00000000E+00
  2.43976594E+06  5.24128084E+06  1.02384318E-08  4.45230776E+04  1.14972445E-01  0.00000000E+00
  2.44011300E+06  5.24094647E+06  1.02398317E-08  4.45002099E+04  1.14748512E-01  0.00000000E+00
  2.44046005E+06  5.24061211E+06  1.02412318E-08  4.44773729E+04  1.14525229E-01  0.00000000E+00
  2.44080710E+06  5.24027774E+06  1.02426320E-08  4.44545663E+04  1.14302593E-01  0.00000000E+00
  2.44115415E+06  5.23994338E+06  1.02440325E-08  4.44317903E+04  1.14080604E-01  0.00000000E+00
  2.44150120E+06  5.23960901E+06  1.02454331E-08  4.44090448E+04  1.13859258E-01  0.00000000E+00
  2.44184825E+06  5.23927464E+06  1.02468339E-08  4.43863297E+04  1.13638555E-01  0.00000000E+00
  2.44219530E+06  5.23894027E+06  1.02482348E-08  4.43636450E+04  1.13418492E-01  0.00000000E+00
  2.44254235E+06  5.23860590E+06  1.02496360E-08  4.43409907E+04  1.13199067E-01  0.00000000E+00
  2.44288940E+06  5.23827153E+06  1.02510373E-08  4.43183666E+04  1.12980280E-01  0.00000000E+00
  2.44323645E+06  5.23793715E+06  1.02524388E-08  4.42957729E+04  1.12762127E-01  0.00000000E+00
  2.44358350E+06  5.23760278E+06  1.02538405E-08  4.42732093E+04  1.12544607E-01  0.00000000E+00
  2.44393055E+06  5.23726841E+06  1.02552424E-08  4.42506760E+04  1.12327718E-01  0.00000000E+00
  2.44427760E+06  5.23693403E+06  1.02566444E-08  4.42281728E+04  1.12111458E-01  0.00000000E+00
  2.44462465E+06  5.23659966E+06  1.02580467E-08  4.42056997E+04  1.11895825E-01  0.00000000E+00
  2.44497170E+06  5.23626528E+06  1.02594491E-08  4.41832567E+04  1.11680818E-01  0.00000000E+00
  2.44531876E+06  5.23593091E+06  1.02608517E-08  4.41608437E+04  1.11466435E-01  0.00000000E+00
  2.44566581E+06  5.23559653E+06  1.02622544E-08  4.41384607E+04  1.11252674E-01  0.00000000E+00
  2.44601286E+06  5.23526215E+06  1.02636574E-08  4.41161077E+04  1.11039533E-01  0.00000000E+00
  2.44635991E+06  5.23492777E+06  1.02650605E-08  4.40937845E+04  1.10827010E-01  0.00000000E+00
  2.44670696E+06  5.23459339E+06  1.02664639E-08  4.40714913E+04  1.10615104E-01  0.00000000E+00
  2.44705401E+06  5.23425901E+06  1.02678674E-08  4.40492278E+04  1.10403813E-01  0.00000000E+00
  2.44740106E+06  5.23392463E+06  1.02692710E-08  4.40269942E+04  1.10193134E-01  0.00000000E+00
  2.44774811E+06  5.23359024E+06  1.02706749E-08  4.40047903E+04  1.09983067E-01  0.00000000E+00
  2.44809516E+06  5.23325586E+06  1.02720789E-08  4.39826161E+04  1.09773609E-01  0.00000000E+00
  2.44844221E+06  5.23292148E+06  1.02734832E-08  4.39604716E+04  1.09564758E-01  0.00000000E+00
  2.44878926E+06  5.23258709E+06  1.02748876E-08  4.39383567E+04  1.09356514E-01  0.00000000E+00
  2.44913631E+06  5.23225271E+06  1.02762921E-08  4.39162714E+04  1.09148874E-01  0.00000000E+00
  2.44948336E+06  5.23191832E+06  1.02776969E-08  4.38942157E+04  1.08941835E-01  0.00000000E+00
  2.44983041E+06  5.23158393E+06  1.02791019E-08  4.38721894E+04  1.08735398E-01  0.00000000E+00
  2.45017746E+06  5.23124954E+06  1.02805070E-08  4.38501927E+04  1.08529559E-01  0.00000000E+00
  2.45052451E+06  5.23091516E+06  1.02819123E-08  4.38282253E+04  1.08324318E-01  0.00000000E+00
  2.45087157E+06  5.23058077E+06  1.02833178E-08  4.38062874E+04  1.08119672E-01  0.00000000E+00
  2.45121862E+06  5.23024638E+06  1.02847234E-08  4.37843788E+04  1.07915619E-01  0.00000000E+00
  2.45156567E+06  5.22991198E+06  1.02861293E-08  4.37624995E+04  1.07712159E-01  0.00000000E+00
  2.45191272E+06  5.22957759E+06  1.02875353E-08  4.37406495E+04  1.07509289E-01  0.00000000E+00
  2.45225977E+06  5.22924320E+06  1.02889415E-08  4.37188288E+04  1.07307007E-01  0.00000000E+00
  2.45260682E+06  5.22890881E+06  1.02903479E-08  4.36970372E+04  1.07105312E-01  0.00000000E+00
  2.45295387E+06  5.22857441E+06  1.02917545E-08  4.36752748E+04  1.06904202E-01  0.00000000E+00
  2.45330092E+06  5.22824002E+06  1.02931613E-08  4.36535415E+04  1.06703676E-01  0.00000000E+00
  2.45364797E+06  5.22790562E+06  1.02945682E-08  4.36318373E+04  1.06503731E-01  0.00000000E+00
  2.45399502E+06  5.22757122E+06  1.02959753E-08  4.36101621E+04  1.06304367E-01  0.00000000E+00
  2.45434207E+06  5.22723683E+06  1.02973826E-08  4.35885160E+04  1.06105580E-01  0.00000000E+00
  2.45468912E+06  5.22690243E+06  1.02987901E-08  4.35668988E+04  1.05907371E-01  0.00000000E+00
  2.45503617E+06  5.22656803E+06  1.03001978E-08  4.35453105E+04  1.05709736E-01  0.00000000E+00
  2.45538322E+06  5.22623363E+06  1.03016056E-08  4.35237511E+04  1.05512675E-01  0.00000000E+00
  2.45573027E+06  5.22589923E+06  1.03030137E-08  4.35022206E+04  1.05316186E-01  0.00000000E+00
  2.45607732E+06  5.22556483E+06  1.03044219E-08  4.34807188E+04  1.05120267E-01  0.00000000E+00
  2.45642438E+06  5.22523043E+06  1.03058303E-08  4.34592459E+04  1.04924916E-01  0.00000000E+00
  2.45677143E+06  5.22489602E+06  1.03072389E-08  4.34378017E+04  1.04730132E-01  0.00000000E+00
  2.45711848E+06  5.22456162E+06  1.03086476E-08  4.34163861E+04  1.04535913E-01  0.00000000E+00
  2.45746553E+06  5.22422722E+06  1.03100565E-08  4.33949992E+04  1.04342257E-01  0.00000000E+00
  2.45781258E+06  5.22389281E+06  1.03114657E-08  4.33736410E+04  1.04149164E-01  0.00000000E+00
  2.45815963E+06  5.22355841E+06  1.03128750E-08  4.33523113E+04  1.03956630E-01  0.00000000E+00
  2.45850668E+06  5.22322400E+06  1.03142845E-08  4.33310101E+04  1.03764656E-01  0.00000000E+00
  2.45885373E+06  5.22288959E+06  1.03156941E-08  4.33097375E+04  1.03573238E-01  0.00000000E+00
  2.45920078E+06  5.22255518E+06  1.03171040E-08  4.32884933E+04  1.03382376E-01  0.00000000E+00
  2.45954783E+06  5.22222078E+06  1.03185140E-08  4.32672775E+04  1.03192067E-01  0.00000000E+00
  2.45989488E+06  5.22188637E+06  1.03199242E-08  4.32460902E+04  1.03002311E-01  0.00000000E+00
  2.46024193E+06  5.22155196E+06  1.03213346E-08  4.32249311E+04  1.02813106E-01  0.00000000E+00
  2.46058898E+06  5.22121754E+06  1.03227452E-08  4.32038004E+04  1.02624449E-01  0.00000000E+00
  2.46093603E+06  5.22088313E+06  1.03241559E-08  4.31826980E+04  1.02436340E-01  0.00000000E+00
  2.46128308E+06  5.22054872E+06  1.03255669E-08  4.31616238E+04  1.02248777E-01  0.00000000E+00
  2.46163013E+06  5.22021431E+06  1.03269780E-08  4.31405778E+04  1.02061758E-01  0.00000000E+00
  2.46197719E+06  5.21987989E+06  1.03283893E-08  4.31195599E+04  1.01875281E-01  0.00000000E+00
  2.46232424E+06  5.21954548E+06  1.03298008E-08  4.30985702E+04  1.01689346E-01  0.00000000E+00
  2.46267129E+06  5.21921106E+06  1.03312125E-08  4.30776086E+04  1.01503951E-01  0.00000000E+00
  2.46301834E+06  5.21887665E+06  1.03326243E-08  4.30566750E+04  1.01319093E-01  0.00000000E+00
  2.46336539E+06  5.21854223E+06  1.03340364E-08  4.30357694E+04  1.01134772E-01  0.00000000E+00
  2.46371244E+06  5.21820781E+06  1.03354486E-08  4.30148918E+04  1.00950986E-01  0.00000000E+00
  2.46405949E+06  5.21787340E+06  1.03368610E-08  4.29940421E+04  1.00767733E-01  0.00000000E+00
  2.46440654E+06  5.21753898E+06  1.03382736E-08  4.29732204E+04  1.00585012E-01  0.00000000E+00
  2.46475359E+06  5.21720456E+06  1.03396863E-08  4.29524265E+04  1.00402821E-01  0.00000000E+00
  2.46510064E+06  5.21687014E+06  1.03410993E-08  4.29316604E+04  1.00221159E-01  0.00000000E+00
  2.46544769E+06  5.21653572E+06  1.03425124E-08  4.29109221E+04  1.00040024E-01  0.00000000E+00
  2.46579474E+06  5.21620129E+06  1.03439257E-08  4.28902115E+04  9.98594151E-02  0.00000000E+00
  2.46614179E+06  5.21586687E+06  1.03453392E-08  4.28695287E+04  9.96793302E-02  0.00000000E+00
  2.46648884E+06  5.21553245E+06  1.03467529E-08  4.28488735E+04  9.94997680E-02  0.00000000E+00
  2.46683589E+06  5.21519802E+06  1.03481667E-08  4.28282460E+04  9.93207269E-02  0.00000000E+00
  2.46718294E+06  5.21486360E+06  1.03495808E-08  4.28076460E+04  9.91422054E-02  0.00000000E+00
  2.46753000E+06  5.21452917E+06  1.03509950E-08  4.27870737E+04  9.89642021E-02  0.00000000E+00
  2.46787705E+06  5.21419475E+06  1.03524094E-08  4.27665288E+04  9.87867153E-02  0.00000000E+00
  2.46822410E+06  5.21386032E+06  1.03538240E-08  4.27460115E+04  9.86097438E-02  0.00000000E+00
  2.46857115E+06  5.21352589E+06  1.03552388E-08  4.27255216E+04  9.84332858E-02  0.00000000E+00
  2.46891820E+06  5.21319147E+06  1.03566537E-08  4.27050591E+04  9.82573400E-02  0.00000000E+00
  2.46926525E+06  5.21285704E+06  1.03580689E-08  4.26846240E+04  9.80819049E-02  0.00000000E+00
  2.46961230E+06  5.21252261E+06  1.03594842E-08  4.26642162E+04  9.79069789E-02  0.00000000E+00
  2.46995935E+06  5.21218818E+06  1.03608997E-08  4.26438358E+04  9.77325607E-02  0.00000000E+00
  2.47030640E+06  5.21185375E+06  1.03623154E-08  4.26234826E+04  9.75586487E-02  0.00000000E+00
  2.47065345E+06  5.21151931E+06  1.03637313E-08  4.26031566E+04  9.73852414E-02  0.00000000E+00
  2.47100050E+06  5.21118488E+06  1.03651473E-08  4.25828579E+04  9.72123375E-02  0.00000000E+00
  2.47134755E+06  5.21085045E+06  1.03665636E-08  4.25625863E+04  9.70399354E-02  0.00000000E+00
  2.47169460E+06  5.21051601E+06  1.03679800E-08  4.25423418E+04  9.68680336E-02  0.00000000E+00
  2.47204165E+06  5.21018158E+06  1.03693966E-08  4.25221244E+04  9.66966308E-02  0.00000000E+00
  2.47238870E+06  5.20984714E+06  1.03708134E-08  4.25019341E+04  9.65257254E-02  0.00000000E+00
  2.47273575E+06  5.20951271E+06  1.03722304E-08  4.24817708E+04  9.63553161E-02  0.00000000E+00
  2.47308281E+06  5.20917827E+06  1.03736475E-08  4.24616344E+04  9.61854013E-02  0.00000000E+00
  2.47342986E+06  5.20884383E+06  1.03750649E-08  4.24415250E+04  9.60159797E-02  0.00000000E+00
  2.47377691E+06  5.20850940E+06  1.03764824E-08  4.24214426E+04  9.58470497E-02  0.00000000E+00
  2.47412396E+06  5.20817496E+06  1.03779001E-08  4.24013869E+04  9.56786100E-02  0.00000000E+00
  2.47447101E+06  5.20784052E+06  1.03793180E-08  4.23813582E+04  9.55106592E-02  0.00000000E+00
  2.47481806E+06  5.20750608E+06  1.03807360E-08  4.23613562E+04  9.53431957E-02  0.00000000E+00
  2.47516511E+06  5.20717164E+06  1.03821543E-08  4.23413810E+04  9.51762183E-02  0.00000000E+00
  2.47551216E+06  5.20683720E+06  1.03835727E-08  4.23214325E+04  9.50097254E-02  0.00000000E+00
  2.47585921E+06  5.20650275E+06  1.03849914E-08  4.23015107E+04  9.48437156E-02  0.00000000E+00
  2.47620626E+06  5.20616831E+06  1.03864102E-08  4.22816155E+04  9.46781876E-02  0.00000000E+00
  2.47655331E+06  5.20583387E+06  1.03878292E-08  4.22617470E+04  9.45131399E-02  0.00000000E+00
  2.47690036E+06  5.20549942E+06  1.03892483E-08  4.22419051E+04  9.43485711E-02  0.00000000E+00
  2.47724741E+06  5.20516498E+06  1.03906677E-08  4.22220897E+04  9.41844799E-02  0.00000000E+00
  2.47759446E+06  5.20483053E+06  1.03920872E-08  4.22023008E+04  9.40208647E-02  0.00000000E+00
  2.47794151E+06  5.20449609E+06  1.03935070E-08  4.21825384E+04  9.38577243E-02  0.00000000E+00
  2.47828857E+06  5.20416164E+06  1.03949269E-08  4.21628025E+04  9.36950572E-02  0.00000000E+00
  2.47863562E+06  5.20382719E+06  1.03963470E-08  4.21430929E+04  9.35328620E-02  0.00000000E+00
  2.47898267E+06  5.20349274E+06  1.03977672E-08  4.21234097E+04  9.33711374E-02  0.00000000E+00
  2.47932972E+06  5.20315830E+06  1.03991877E-08  4.21037529E+04  9.32098819E-02  0.00000000E+00
  2.47967677E+06  5.20282385E+06  1.04006083E-08  4.20841224E+04  9.30490942E-02  0.00000000E+00
  2.48002382E+06  5.20248940E+06  1.04020292E-08  4.20645181E+04  9.28887729E-02  0.00000000E+00
  2.48037087E+06  5.20215495E+06  1.04034502E-08  4.20449400E+04  9.27289167E-02  0.00000000E+00
  2.48071792E+06  5.20182049E+06  1.04048714E-08  4.20253882E+04  9.25695241E-02  0.00000000E+00
  2.48106497E+06  5.20148604E+06  1.04062928E-08  4.20058625E+04  9.24105938E-02  0.00000000E+00
  2.48141202E+06  5.20115159E+06  1.04077143E-08  4.19863630E+04  9.22521244E-02  0.00000000E+00
  2.48175907E+06  5.20081714E+06  1.04091361E-08  4.19668895E+04  9.20941146E-02  0.00000000E+00
  2.48210612E+06  5.20048268E+06  1.04105580E-08  4.19474421E+04  9.19365630E-02  0.00000000E+00
  2.48245317E+06  5.20014823E+06  1.04119801E-08  4.19280207E+04  9.17794682E-02  0.00000000E+00
  2.48280022E+06  5.19981377E+06  1.04134024E-08  4.19086253E+04  9.16228290E-02  0.00000000E+00
  2.48314727E+06  5.19947932E+06  1.04148249E-08  4.18892559E+04  9.14666438E-02  0.00000000E+00
  2.48349432E+06  5.19914486E+06  1.04162476E-08  4.18699123E+04  9.13109115E-02  0.00000000E+00
  2.48384138E+06  5.19881040E+06  1.04176704E-08  4.18505947E+04  9.11556306E-02  0.00000000E+00
  2.48418843E+06  5.19847594E+06  1.04190935E-08  4.18313029E+04  9.10007999E-02  0.00000000E+00
  2.48453548E+06  5.19814148E+06  1.04205167E-08  4.18120369E+04  9.08464179E-02  0.00000000E+00
  2.48488253E+06  5.19780703E+06  1.04219401E-08  4.17927967E+04  9.06924833E-02  0.00000000E+00
  2.48522958E+06  5.19747257E+06  1.04233637E-08  4.17735822E+04  9.05389949E-02  0.00000000E+00
  2.48557663E+06  5.19713810E+06  1.04247875E-08  4.17543935E+04  9.03859512E-02  0.00000000E+00
  2.48592368E+06  5.19680364E+06  1.04262114E-08  4.17352304E+04  9.02333509E-02  0.00000000E+00
  2.48627073E+06  5.19646918E+06  1.04276356E-08  4.17160929E+04  9.00811928E-02  0.00000000E+00
  2.48661778E+06  5.19613472E+06  1.04290599E-08  4.16969811E+04  8.99294755E-02  0.00000000E+00
  2.48696483E+06  5.19580026E+06  1.04304844E-08  4.16778948E+04  8.97781976E-02  0.00000000E+00
  2.48731188E+06  5.19546579E+06  1.04319091E-08  4.16588341E+04  8.96273579E-02  0.00000000E+00
  2.48765893E+06  5.19513133E+06  1.04333340E-08  4.16397989E+04  8.94769551E-02  0.00000000E+00
  2.48800598E+06  5.19479686E+06  1.04347591E-08  4.16207891E+04  8.93269878E-02  0.00000000E+00
  2.48835303E+06  5.19446240E+06  1.04361843E-08  4.16018048E+04  8.91774547E-02  0.00000000E+00
  2.48870008E+06  5.19412793E+06  1.04376098E-08  4.15828459E+04  8.90283545E-02  0.00000000E+00
  2.48904713E+06  5.19379346E+06  1.04390354E-08  4.15639124E+04  8.88796860E-02  0.00000000E+00
  2.48939419E+06  5.19345900E+06  1.04404612E-08  4.15450042E+04  8.87314478E-02  0.00000000E+00
  2.48974124E+06  5.19312453E+06  1.04418872E-08  4.15261213E+04  8.85836386E-02  0.00000000E+00
  2.49008829E+06  5.19279006E+06  1.04433134E-08  4.15072636E+04  8.84362571E-02  0.00000000E+00
  2.49043534E+06  5.19245559E+06  1.04447398E-08  4.14884312E+04  8.82893020E-02  0.00000000E+00
  2.49078239E+06  5.19212112E+06  1.04461663E-08  4.14696240E+04  8.81427721E-02  0.00000000E+00
  2.49112944E+06  5.19178665E+06  1.04475930E-08  4.14508419E+04  8.79966660E-02  0.00000000E+00
  2.49147649E+06  5.19145218E+06  1.04490200E-08  4.14320850E+04  8.78509825E-02  0.00000000E+00
  2.49182354E+06  5.19111770E+06  1.04504471E-08  4.14133532E+04  8.77057203E-02  0.00000000E+00
  2.49217059E+06  5.19078323E+06  1.04518743E-08  4.13946464E+04  8.75608781E-02  0.00000000E+00
  2.49251764E+06  5.19044876E+06  1.04533018E-08  4.13759647E+04  8.74164546E-02  0.00000000E+00
  2.49286469E+06  5.19011428E+06  1.04547295E-08  4.13573080E+04  8.72724486E-02  0.00000000E+00
  2.49321174E+06  5.18977981E+06  1.04561573E-08  4.13386762E+04  8.71288587E-02  0.00000000E+00
  2.49355879E+06  5.18944534E+06  1.04575854E-08  4.13200694E+04  8.69856837E-02  0.00000000E+00
  2.49390584E+06  5.18911086E+06  1.04590136E-08  4.13014874E+04  8.68429224E-02  0.00000000E+00
  2.49425289E+06  5.18877638E+06  1.04604420E-08  4.12829303E+04  8.67005734E-02  0.00000000E+00
  2.49459994E+06  5.18844191E+06  1.04618706E-08  4.12643981E+04  8.65586355E-02  0.00000000E+00
  2.49494700E+06  5.18810743E+06  1.04632993E-08  4.12458906E+04  8.64171075E-02  0.00000000E+00
  2.49529405E+06  5.18777295E+06  1.04647283E-08  4.12274080E+04  8.62759881E-02  0.00000000E+00
  2.49564110E+06  5.18743847E+06  1.04661574E-08  4.12089500E+04  8.61352760E-02  0.00000000E+00
  2.49598815E+06  5.18710399E+06  1.04675868E-08  4.11905167E+04  8.59949699E-02  0.00000000E+00
  2.49633520E+06  5.18676951E+06  1.04690163E-08  4.11721082E+04  8.58550687E-02  0.00000000E+00
  2.49668225E+06  5.18643503E+06  1.04704460E-08  4.11537242E+04  8.57155711E-02  0.00000000E+00
  2.49702930E+06  5.18610055E+06  1.04718759E-08  4.11353648E+04  8.55764758E-02  0.00000000E+00
  2.49737635E+06  5.18576607E+06  1.04733059E-08  4.11170300E+04  8.54377815E-02  0.00000000E+00
  2.49772340E+06  5.18543159E+06  1.04747362E-08  4.10987198E+04  8.52994871E-02  0.00000000E+00
  2.49807045E+06  5.18509710E+06  1.04761666E-08  4.10804340E+04  8.51615913E-02  0.00000000E+00
  2.49841750E+06  5.18476262E+06  1.04775973E-08  4.10621727E+04  8.50240929E-02  0.00000000E+00
  2.49876455E+06  5.18442814E+06  1.04790281E-08  4.10439358E+04  8.48869906E-02  0.00000000E+00
  2.49911160E+06  5.18409365E+06  1.04804591E-08  4.10257234E+04  8.47502831E-02  0.00000000E+00
  2.49945865E+06  5.18375917E+06  1.04818903E-08  4.10075353E+04  8.46139693E-02  0.00000000E+00
  2.49980570E+06  5.18342468E+06  1.04833216E-08  4.09893715E+04  8.44780480E-02  0.00000000E+00
  2.50015275E+06  5.18309019E+06  1.04847532E-08  4.09712320E+04  8.43425178E-02  0.00000000E+00
  2.50049981E+06  5.18275571E+06  1.04861849E-08  4.09531169E+04  8.42073776E-02  0.00000000E+00
  2.50084686E+06  5.18242122E+06  1.04876169E-08  4.09350259E+04  8.40726262E-02  0.00000000E+00
  2.50119391E+06  5.18208673E+06  1.04890490E-08  4.09169592E+04  8.39382623E-02  0.00000000E+00
  2.50154096E+06  5.18175224E+06  1.04904813E-08  4.08989166E+04  8.38042847E-02  0.00000000E+00
  2.50188801E+06  5.18141775E+06  1.04919138E-08  4.08808982E+04  8.36706922E-02  0.00000000E+00
  2.50223506E+06  5.18108326E+06  1.04933464E-08  4.08629039E+04  8.35374836E-02  0.00000000E+00
  2.50258211E+06  5.18074877E+06  1.04947793E-08  4.08449336E+04  8.34046577E-02  0.00000000E+00
  2.50292916E+06  5.18041428E+06  1.04962123E-08  4.08269874E+04  8.32722132E-02  0.00000000E+00
  2.50327621E+06  5.18007979E+06  1.04976456E-08  4.08090653E+04  8.31401490E-02  0.00000000E+00
  2.50362326E+06  5.17974529E+06  1.04990790E-08  4.07911671E+04  8.30084638E-02  0.00000000E+00
  2.50397031E+06  5.17941080E+06  1.05005126E-08  4.07732928E+04  8.28771564E-02  0.00000000E+00
  2.50431736E+06  5.17907631E+06  1.05019464E-08  4.07554425E+04  8.27462257E-02  0.00000000E+00
  2.50466441E+06  5.17874181E+06  1.05033804E-08  4.07376160E+04  8.26156705E-02  0.00000000E+00
  2.50501146E+06  5.17840732E+06  1.05048145E-08  4.07198134E+04  8.24854895E-02  0.00000000E+00
  2.50535851E+06  5.17807282E+06  1.05062489E-08  4.07020346E+04  8.23556815E-02  0.00000000E+00
  2.50570557E+06  5.17773833E+06  1.05076834E-08  4.06842797E+04  8.22262454E-02  0.00000000E+00
  2.50605262E+06  5.17740383E+06  1.05091181E-08  4.06665484E+04  8.20971799E-02  0.00000000E+00
  2.50639967E+06  5.17706933E+06  1.05105531E-08  4.06488409E+04  8.19684840E-02  0.00000000E+00
  2.50674672E+06  5.17673484E+06  1.05119882E-08  4.06311571E+04  8.18401563E-02  0.00000000E+00
  2.50709377E+06  5.17640034E+06  1.05134234E-08  4.06134969E+04  8.17121957E-02  0.00000000E+00
  2.50744082E+06  5.17606584E+06  1.05148589E-08  4.05958604E+04  8.15846010E-02  0.00000000E+00
  2.50778787E+06  5.17573134E+06  1.05162946E-08  4.05782475E+04  8.14573711E-02  0.00000000E+00
  2.50813492E+06  5.17539684E+06  1.05177304E-08  4.05606581E+04  8.13305047E-02  0.00000000E+00
  2.50848197E+06  5.17506234E+06  1.05191664E-08  4.05430923E+04  8.12040008E-02  0.00000000E+00
  2.50882902E+06  5.17472784E+06  1.05206027E-08  4.05255500E+04  8.10778580E-02  0.00000000E+00
  2.50917607E+06  5.17439334E+06  1.05220391E-08  4.05080311E+04  8.09520753E-02  0.00000000E+00
  2.50952312E+06  5.17405883E+06  1.05234756E-08  4.04905357E+04  8.08266514E-02  0.00000000E+00
  2.50987017E+06  5.17372433E+06  1.05249124E-08  4.04730637E+04  8.07015852E-02  0.00000000E+00
  2.51021722E+06  5.17338983E+06  1.05263494E-08  4.04556151E+04  8.05768756E-02  0.00000000E+00
  2.51056427E+06  5.17305532E+06  1.05277865E-08  4.04381899E+04  8.04525213E-02  0.00000000E+00
  2.51091132E+06  5.17272082E+06  1.05292239E-08  4.04207879E+04  8.03285212E-02  0.00000000E+00
  2.51125838E+06  5.17238631E+06  1.05306614E-08  4.04034092E+04  8.02048742E-02  0.00000000E+00
  2.51160543E+06  5.17205181E+06  1.05320991E-08  4.03860538E+04  8.00815791E-02  0.00000000E+00
  2.51195248E+06  5.17171730E+06  1.05335370E-08  4.03687216E+04  7.99586346E-02  0.00000000E+00
  2.51229953E+06  5.17138280E+06  1.05349751E-08  4.03514126E+04  7.98360398E-02  0.00000000E+00
  2.51264658E+06  5.17104829E+06  1.05364134E-08  4.03341268E+04  7.97137934E-02  0.00000000E+00
  2.51299363E+06  5.17071378E+06  1.05378518E-08  4.03168640E+04  7.95918942E-02  0.00000000E+00
  2.51334068E+06  5.17037927E+06  1.05392905E-08  4.02996244E+04  7.94703412E-02  0.00000000E+00
  2.51368773E+06  5.17004476E+06  1.05407293E-08  4.02824079E+04  7.93491331E-02  0.00000000E+00
  2.51403478E+06  5.16971025E+06  1.05421684E-08  4.02652144E+04  7.92282689E-02  0.00000000E+00
  2.51438183E+06  5.16937574E+06  1.05436076E-08  4.02480439E+04  7.91077473E-02  0.00000000E+00
  2.51472888E+06  5.16904123E+06  1.05450470E-08  4.02308963E+04  7.89875673E-02  0.00000000E+00
  2.51507593E+06  5.16870672E+06  1.05464865E-08  4.02137717E+04  7.88677277E-02  0.00000000E+00
  2.51542298E+06  5.16837221E+06  1.05479263E-08  4.01966701E+04  7.87482274E-02  0.00000000E+00
  2.51577003E+06  5.16803770E+06  1.05493663E-08  4.01795913E+04  7.86290652E-02  0.00000000E+00
  2.51611708E+06  5.16770318E+06  1.05508064E-08  4.01625353E+04  7.85102400E-02  0.00000000E+00
  2.51646413E+06  5.16736867E+06  1.05522468E-08  4.01455022E+04  7.83917507E-02  0.00000000E+00
  2.51681119E+06  5.16703416E+06  1.05536873E-08  4.01284919E+04  7.82735962E-02  0.00000000E+00
  2.51715824E+06  5.16669964E+06  1.05551280E-08  4.01115043E+04  7.81557752E-02  0.00000000E+00
  2.51750529E+06  5.16636513E+06  1.05565689E-08  4.00945395E+04  7.80382868E-02  0.00000000E+00
  2.51785234E+06  5.16603061E+06  1.05580100E-08  4.00775973E+04  7.79211297E-02  0.00000000E+00
  2.51819939E+06  5.16569610E+06  1.05594513E-08  4.00606778E+04  7.78043029E-02  0.00000000E+00
  2.51854644E+06  5.16536158E+06  1.05608927E-08  4.00437810E+04  7.76878052E-02  0.00000000E+00
  2.51889349E+06  5.16502706E+06  1.05623344E-08  4.00269068E+04  7.75716355E-02  0.00000000E+00
  2.51924054E+06  5.16469255E+06  1.05637762E-08  4.00100551E+04  7.74557928E-02  0.00000000E+00
  2.51958759E+06  5.16435803E+06  1.05652182E-08  3.99932260E+04  7.73402758E-02  0.00000000E+00
  2.51993464E+06  5.16402351E+06  1.05666604E-08  3.99764195E+04  7.72250835E-02  0.00000000E+00
  2.52028169E+06  5.16368899E+06  1.05681029E-08  3.99596354E+04  7.71102147E-02  0.00000000E+00
  2.52062874E+06  5.16335447E+06  1.05695454E-08  3.99428737E+04  7.69956685E-02  0.00000000E+00
  2.52097579E+06  5.16301995E+06  1.05709882E-08  3.99261345E+04  7.68814435E-02  0.00000000E+00
  2.52132284E+06  5.16268543E+06  1.05724312E-08  3.99094177E+04  7.67675389E-02  0.00000000E+00
  2.52166989E+06  5.16235091E+06  1.05738743E-08  3.98927233E+04  7.66539534E-02  0.00000000E+00
  2.52201694E+06  5.16201638E+06  1.05753177E-08  3.98760512E+04  7.65406860E-02  0.00000000E+00
  2.52236400E+06  5.16168186E+06  1.05767612E-08  3.98594014E+04  7.64277355E-02  0.00000000E+00
  2.52271105E+06  5.16134734E+06  1.05782049E-08  3.98427739E+04  7.63151009E-02  0.00000000E+00
  2.52305810E+06  5.16101282E+06  1.05796488E-08  3.98261686E+04  7.62027810E-02  0.00000000E+00
  2.52340515E+06  5.16067829E+06  1.05810929E-08  3.98095855E+04  7.60907749E-02  0.00000000E+00
  2.52375220E+06  5.16034377E+06  1.05825372E-08  3.97930247E+04  7.59790813E-02  0.00000000E+00
  2.52409925E+06  5.16000924E+06  1.05839817E-08  3.97764860E+04  7.58676993E-02  0.00000000E+00
  2.52444630E+06  5.15967472E+06  1.05854263E-08  3.97599694E+04  7.57566277E-02  0.00000000E+00
  2.52479335E+06  5.15934019E+06  1.05868712E-08  3.97434749E+04  7.56458654E-02  0.00000000E+00
  2.52514040E+06  5.15900566E+06  1.05883162E-08  3.97270025E+04  7.55354114E-02  0.00000000E+00
  2.52548745E+06  5.15867114E+06  1.05897614E-08  3.97105522E+04  7.54252646E-02  0.00000000E+00
  2.52583450E+06  5.15833661E+06  1.05912069E-08  3.96941238E+04  7.53154239E-02  0.00000000E+00
  2.52618155E+06  5.15800208E+06  1.05926525E-08  3.96777174E+04  7.52058883E-02  0.00000000E+00
  2.52652860E+06  5.15766755E+06  1.05940983E-08  3.96613330E+04  7.50966566E-02  0.00000000E+00
  2.52687565E+06  5.15733302E+06  1.05955442E-08  3.96449705E+04  7.49877278E-02  0.00000000E+00
  2.52722270E+06  5.15699849E+06  1.05969904E-08  3.96286299E+04  7.48791009E-02  0.00000000E+00
  2.52756975E+06  5.15666396E+06  1.05984368E-08  3.96123112E+04  7.47707747E-02  0.00000000E+00
  2.52791681E+06  5.15632943E+06  1.05998833E-08  3.95960143E+04  7.46627482E-02  0.00000000E+00
  2.52826386E+06  5.15599490E+06  1.06013300E-08  3.95797392E+04  7.45550204E-02  0.00000000E+00
  2.52861091E+06  5.15566037E+06  1.06027770E-08  3.95634859E+04  7.44475901E-02  0.00000000E+00
  2.52895796E+06  5.15532584E+06  1.06042241E-08  3.95472543E+04  7.43404564E-02  0.00000000E+00
  2.52930501E+06  5.15499131E+06  1.06056714E-08  3.95310444E+04  7.42336181E-02  0.00000000E+00
  2.52965206E+06  5.15465677E+06  1.06071189E-08  3.95148563E+04  7.41270743E-02  0.00000000E+00
  2.52999911E+06  5.15432224E+06  1.06085665E-08  3.94986898E+04  7.40208239E-02  0.00000000E+00
  2.53034616E+06  5.15398770E+06  1.06100144E-08  3.94825449E+04  7.39148657E-02  0.00000000E+00
  2.53069321E+06  5.15365317E+06  1.06114625E-08  3.94664216E+04  7.38091989E-02  0.00000000E+00
  2.53104026E+06  5.15331863E+06  1.06129107E-08  3.94503199E+04  7.37038222E-02  0.00000000E+00
  2.53138731E+06  5.15298410E+06  1.06143591E-08  3.94342398E+04  7.35987348E-02  0.00000000E+00
  2.53173436E+06  5.15264956E+06  1.06158078E-08  3.94181811E+04  7.34939355E-02  0.00000000E+00
  2.53208141E+06  5.15231503E+06  1.06172566E-08  3.94021440E+04  7.33894234E-02  0.00000000E+00
  2.53242846E+06  5.15198049E+06  1.06187056E-08  3.93861283E+04  7.32851973E-02  0.00000000E+00
  2.53277551E+06  5.15164595E+06  1.06201548E-08  3.93701340E+04  7.31812563E-02  0.00000000E+00
  2.53312256E+06  5.15131141E+06  1.06216042E-08  3.93541612E+04  7.30775993E-02  0.00000000E+00
  2.53346962E+06  5.15097687E+06  1.06230537E-08  3.93382097E+04  7.29742252E-02  0.00000000E+00
  2.53381667E+06  5.15064233E+06  1.06245035E-08  3.93222795E+04  7.28711332E-02  0.00000000E+00
  2.53416372E+06  5.15030779E+06  1.06259534E-08  3.93063707E+04  7.27683221E-02  0.00000000E+00
  2.53451077E+06  5.14997325E+06  1.06274036E-08  3.92904832E+04  7.26657909E-02  0.00000000E+00
  2.53485782E+06  5.14963871E+06  1.06288539E-08  3.92746169E+04  7.25635386E-02  0.00000000E+00
  2.53520487E+06  5.14930417E+06  1.06303044E-08  3.92587718E+04  7.24615642E-02  0.00000000E+00
  2.53555192E+06  5.14896963E+06  1.06317551E-08  3.92429480E+04  7.23598666E-02  0.00000000E+00
  2.53589897E+06  5.14863509E+06  1.06332060E-08  3.92271453E+04  7.22584449E-02  0.00000000E+00
  2.53624602E+06  5.14830055E+06  1.06346571E-08  3.92113637E+04  7.21572981E-02  0.00000000E+00
  2.53659307E+06  5.14796600E+06  1.06361084E-08  3.91956033E+04  7.20564251E-02  0.00000000E+00
  2.53694012E+06  5.14763146E+06  1.06375598E-08  3.91798640E+04  7.19558249E-02  0.00000000E+00
  2.53728717E+06  5.14729691E+06  1.06390115E-08  3.91641457E+04  7.18554966E-02  0.00000000E+00
  2.53763422E+06  5.14696237E+06  1.06404633E-08  3.91484485E+04  7.17554390E-02  0.00000000E+00
  2.53798127E+06  5.14662783E+06  1.06419154E-08  3.91327722E+04  7.16556513E-02  0.00000000E+00
  2.53832832E+06  5.14629328E+06  1.06433676E-08  3.91171170E+04  7.15561325E-02  0.00000000E+00
  2.53867538E+06  5.14595873E+06  1.06448200E-08  3.91014827E+04  7.14568815E-02  0.00000000E+00
  2.53902243E+06  5.14562419E+06  1.06462726E-08  3.90858693E+04  7.13578973E-02  0.00000000E+00
  2.53936948E+06  5.14528964E+06  1.06477254E-08  3.90702768E+04  7.12591790E-02  0.00000000E+00
  2.53971653E+06  5.14495509E+06  1.06491784E-08  3.90547051E+04  7.11607256E-02  0.00000000E+00
  2.54006358E+06  5.14462054E+06  1.06506316E-08  3.90391543E+04  7.10625360E-02  0.00000000E+00
  2.54041063E+06  5.14428600E+06  1.06520849E-08  3.90236243E+04  7.09646094E-02  0.00000000E+00
  2.54075768E+06  5.14395145E+06  1.06535385E-08  3.90081151E+04  7.08669446E-02  0.00000000E+00
  2.54110473E+06  5.14361690E+06  1.06549922E-08  3.89926266E+04  7.07695409E-02  0.00000000E+00
  2.54145178E+06  5.14328235E+06  1.06564461E-08  3.89771589E+04  7.06723971E-02  0.00000000E+00
  2.54179883E+06  5.14294780E+06  1.06579003E-08  3.89617118E+04  7.05755123E-02  0.00000000E+00
  2.54214588E+06  5.14261325E+06  1.06593546E-08  3.89462855E+04  7.04788855E-02  0.00000000E+00
  2.54249293E+06  5.14227870E+06  1.06608091E-08  3.89308797E+04  7.03825158E-02  0.00000000E+00
  2.54283998E+06  5.14194414E+06  1.06622638E-08  3.89154946E+04  7.02864022E-02  0.00000000E+00
  2.54318703E+06  5.14160959E+06  1.06637187E-08  3.89001301E+04  7.01905437E-02  0.00000000E+00
  2.54353408E+06  5.14127504E+06  1.06651737E-08  3.88847861E+04  7.00949394E-02  0.00000000E+00
  2.54388113E+06  5.14094049E+06  1.06666290E-08  3.88694626E+04  6.99995883E-02  0.00000000E+00
  2.54422819E+06  5.14060593E+06  1.06680845E-08  3.88541597E+04  6.99044895E-02  0.00000000E+00
  2.54457524E+06  5.14027138E+06  1.06695401E-08  3.88388772E+04  6.98096420E-02  0.00000000E+00
  2.54492229E+06  5.13993682E+06  1.06709959E-08  3.88236152E+04  6.97150448E-02  0.00000000E+00
  2.54526934E+06  5.13960227E+06  1.06724520E-08  3.88083736E+04  6.96206970E-02  0.00000000E+00
  2.54561639E+06  5.13926771E+06  1.06739082E-08  3.87931524E+04  6.95265977E-02  0.00000000E+00
  2.54596344E+06  5.13893316E+06  1.06753646E-08  3.87779515E+04  6.94327460E-02  0.00000000E+00
  2.54631049E+06  5.13859860E+06  1.06768212E-08  3.87627710E+04  6.93391408E-02  0.00000000E+00
  2.54665754E+06  5.13826404E+06  1.06782780E-08  3.87476109E+04  6.92457812E-02  0.00000000E+00
  2.54700459E+06  5.13792949E+06  1.06797350E-08  3.87324709E+04  6.91526664E-02  0.00000000E+00
  2.54735164E+06  5.13759493E+06  1.06811921E-08  3.87173513E+04  6.90597953E-02  0.00000000E+00
  2.54769869E+06  5.13726037E+06  1.06826495E-08  3.87022519E+04  6.89671671E-02  0.00000000E+00
  2.54804574E+06  5.13692581E+06  1.06841070E-08  3.86871727E+04  6.88747808E-02  0.00000000E+00
  2.54839279E+06  5.13659125E+06  1.06855648E-08  3.86721136E+04  6.87826354E-02  0.00000000E+00
  2.54873984E+06  5.13625669E+06  1.06870227E-08  3.86570748E+04  6.86907302E-02  0.00000000E+00
  2.54908689E+06  5.13592213E+06  1.06884808E-08  3.86420560E+04  6.85990640E-02  0.00000000E+00
  2.54943394E+06  5.13558757E+06  1.06899391E-08  3.86270573E+04  6.85076362E-02  0.00000000E+00
  2.54978100E+06  5.13525301E+06  1.06913977E-08  3.86120787E+04  6.84164456E-02  0.00000000E+00
  2.55012805E+06  5.13491845E+06  1.06928564E-08  3.85971202E+04  6.83254914E-02  0.00000000E+00
  2.55047510E+06  5.13458389E+06  1.06943152E-08  3.85821816E+04  6.82347727E-02  0.00000000E+00
  2.55082215E+06  5.13424933E+06  1.06957743E-08  3.85672631E+04  6.81442886E-02  0.00000000E+00
  2.55116920E+06  5.13391476E+06  1.06972336E-08  3.85523645E+04  6.80540382E-02  0.00000000E+00
  2.55151625E+06  5.13358020E+06  1.06986930E-08  3.85374858E+04  6.79640206E-02  0.00000000E+00
  2.55186330E+06  5.13324564E+06  1.07001527E-08  3.85226271E+04  6.78742348E-02  0.00000000E+00
  2.55221035E+06  5.13291107E+06  1.07016125E-08  3.85077882E+04  6.77846800E-02  0.00000000E+00
  2.55255740E+06  5.13257651E+06  1.07030726E-08  3.84929692E+04  6.76953553E-02  0.00000000E+00
  2.55290445E+06  5.13224194E+06  1.07045328E-08  3.84781700E+04  6.76062598E-02  0.00000000E+00
  2.55325150E+06  5.13190738E+06  1.07059932E-08  3.84633906E+04  6.75173926E-02  0.00000000E+00
  2.55359855E+06  5.13157281E+06  1.07074538E-08  3.84486310E+04  6.74287529E-02  0.00000000E+00
  2.55394560E+06  5.13123824E+06  1.07089146E-08  3.84338911E+04  6.73403396E-02  0.00000000E+00
  2.55429265E+06  5.13090368E+06  1.07103756E-08  3.84191710E+04  6.72521520E-02  0.00000000E+00
  2.55463970E+06  5.13056911E+06  1.07118368E-08  3.84044706E+04  6.71641892E-02  0.00000000E+00
  2.55498675E+06  5.13023454E+06  1.07132982E-08  3.83897898E+04  6.70764503E-02  0.00000000E+00
  2.55533381E+06  5.12989997E+06  1.07147597E-08  3.83751287E+04  6.69889345E-02  0.00000000E+00
  2.55568086E+06  5.12956541E+06  1.07162215E-08  3.83604872E+04  6.69016408E-02  0.00000000E+00
  2.55602791E+06  5.12923084E+06  1.07176835E-08  3.83458652E+04  6.68145684E-02  0.00000000E+00
  2.55637496E+06  5.12889627E+06  1.07191456E-08  3.83312629E+04  6.67277164E-02  0.00000000E+00
  2.55672201E+06  5.12856170E+06  1.07206079E-08  3.83166801E+04  6.66410839E-02  0.00000000E+00
  2.55706906E+06  5.12822713E+06  1.07220705E-08  3.83021168E+04  6.65546702E-02  0.00000000E+00
  2.55741611E+06  5.12789256E+06  1.07235332E-08  3.82875729E+04  6.64684744E-02  0.00000000E+00
  2.55776316E+06  5.12755799E+06  1.07249961E-08  3.82730486E+04  6.63824955E-02  0.00000000E+00
  2.55811021E+06  5.12722341E+06  1.07264592E-08  3.82585437E+04  6.62967328E-02  0.00000000E+00
  2.55845726E+06  5.12688884E+06  1.07279225E-08  3.82440582E+04  6.62111854E-02  0.00000000E+00
  2.55880431E+06  5.12655427E+06  1.07293860E-08  3.82295920E+04  6.61258524E-02  0.00000000E+00
  2.55915136E+06  5.12621970E+06  1.07308496E-08  3.82151452E+04  6.60407330E-02  0.00000000E+00
  2.55949841E+06  5.12588512E+06  1.07323135E-08  3.82007178E+04  6.59558264E-02  0.00000000E+00
  2.55984546E+06  5.12555055E+06  1.07337776E-08  3.81863097E+04  6.58711318E-02  0.00000000E+00
  2.56019251E+06  5.12521598E+06  1.07352418E-08  3.81719208E+04  6.57866482E-02  0.00000000E+00
  2.56053956E+06  5.12488140E+06  1.07367063E-08  3.81575512E+04  6.57023749E-02  0.00000000E+00
  2.56088662E+06  5.12454683E+06  1.07381709E-08  3.81432008E+04  6.56183111E-02  0.00000000E+00
  2.56123367E+06  5.12421225E+06  1.07396357E-08  3.81288696E+04  6.55344558E-02  0.00000000E+00
  2.56158072E+06  5.12387767E+06  1.07411007E-08  3.81145576E+04  6.54508084E-02  0.00000000E+00
  2.56192777E+06  5.12354310E+06  1.07425659E-08  3.81002647E+04  6.53673679E-02  0.00000000E+00
  2.56227482E+06  5.12320852E+06  1.07440314E-08  3.80859910E+04  6.52841336E-02  0.00000000E+00
  2.56262187E+06  5.12287394E+06  1.07454969E-08  3.80717364E+04  6.52011046E-02  0.00000000E+00
  2.56296892E+06  5.12253937E+06  1.07469627E-08  3.80575008E+04  6.51182801E-02  0.00000000E+00
  2.56331597E+06  5.12220479E+06  1.07484287E-08  3.80432843E+04  6.50356593E-02  0.00000000E+00
  2.56366302E+06  5.12187021E+06  1.07498949E-08  3.80290868E+04  6.49532415E-02  0.00000000E+00
  2.56401007E+06  5.12153563E+06  1.07513613E-08  3.80149083E+04  6.48710257E-02  0.00000000E+00
  2.56435712E+06  5.12120105E+06  1.07528278E-08  3.80007488E+04  6.47890113E-02  0.00000000E+00
  2.56470417E+06  5.12086647E+06  1.07542946E-08  3.79866082E+04  6.47071974E-02  0.00000000E+00
  2.56505122E+06  5.12053189E+06  1.07557615E-08  3.79724866E+04  6.46255831E-02  0.00000000E+00
  2.56539827E+06  5.12019731E+06  1.07572287E-08  3.79583838E+04  6.45441678E-02  0.00000000E+00
  2.56574532E+06  5.11986273E+06  1.07586960E-08  3.79442999E+04  6.44629506E-02  0.00000000E+00
  2.56609238E+06  5.11952815E+06  1.07601635E-08  3.79302349E+04  6.43819308E-02  0.00000000E+00
  2.56643943E+06  5.11919357E+06  1.07616312E-08  3.79161886E+04  6.43011075E-02  0.00000000E+00
  2.56678648E+06  5.11885899E+06  1.07630991E-08  3.79021612E+04  6.42204800E-02  0.00000000E+00
  2.56713353E+06  5.11852440E+06  1.07645672E-08  3.78881525E+04  6.41400475E-02  0.00000000E+00
  2.56748058E+06  5.11818982E+06  1.07660355E-08  3.78741626E+04  6.40598093E-02  0.00000000E+00
  2.56782763E+06  5.11785524E+06  1.07675040E-08  3.78601914E+04  6.39797644E-02  0.00000000E+00
  2.56817468E+06  5.11752065E+06  1.07689727E-08  3.78462389E+04  6.38999123E-02  0.00000000E+00
  2.56852173E+06  5.11718607E+06  1.07704416E-08  3.78323051E+04  6.38202521E-02  0.00000000E+00
  2.56886878E+06  5.11685149E+06  1.07719106E-08  3.78183899E+04  6.37407830E-02  0.00000000E+00
  2.56921583E+06  5.11651690E+06  1.07733799E-08  3.78044933E+04  6.36615043E-02  0.00000000E+00
  2.56956288E+06  5.11618231E+06  1.07748493E-08  3.77906153E+04  6.35824153E-02  0.00000000E+00
  2.56990993E+06  5.11584773E+06  1.07763190E-08  3.77767559E+04  6.35035151E-02  0.00000000E+00
  2.57025698E+06  5.11551314E+06  1.07777888E-08  3.77629150E+04  6.34248031E-02  0.00000000E+00
  2.57060403E+06  5.11517856E+06  1.07792588E-08  3.77490927E+04  6.33462784E-02  0.00000000E+00
  2.57095108E+06  5.11484397E+06  1.07807291E-08  3.77352888E+04  6.32679404E-02  0.00000000E+00
  2.57129813E+06  5.11450938E+06  1.07821995E-08  3.77215035E+04  6.31897882E-02  0.00000000E+00
  2.57164519E+06  5.11417479E+06  1.07836701E-08  3.77077365E+04  6.31118213E-02  0.00000000E+00
  2.57199224E+06  5.11384021E+06  1.07851409E-08  3.76939880E+04  6.30340387E-02  0.00000000E+00
  2.57233929E+06  5.11350562E+06  1.07866119E-08  3.76802579E+04  6.29564398E-02  0.00000000E+00
  2.57268634E+06  5.11317103E+06  1.07880831E-08  3.76665461E+04  6.28790238E-02  0.00000000E+00
  2.57303339E+06  5.11283644E+06  1.07895545E-08  3.76528527E+04  6.28017900E-02  0.00000000E+00
  2.57338044E+06  5.11250185E+06  1.07910260E-08  3.76391776E+04  6.27247378E-02  0.00000000E+00
  2.57372749E+06  5.11216726E+06  1.07924978E-08  3.76255209E+04  6.26478663E-02  0.00000000E+00
  2.57407454E+06  5.11183267E+06  1.07939698E-08  3.76118824E+04  6.25711748E-02  0.00000000E+00
  2.57442159E+06  5.11149808E+06  1.07954419E-08  3.75982621E+04  6.24946626E-02  0.00000000E+00
  2.57476864E+06  5.11116349E+06  1.07969143E-08  3.75846601E+04  6.24183291E-02  0.00000000E+00
  2.57511569E+06  5.11082889E+06  1.07983868E-08  3.75710762E+04  6.23421735E-02  0.00000000E+00
  2.57546274E+06  5.11049430E+06  1.07998596E-08  3.75575106E+04  6.22661950E-02  0.00000000E+00
  2.57580979E+06  5.11015971E+06  1.08013325E-08  3.75439631E+04  6.21903931E-02  0.00000000E+00
  2.57615684E+06  5.10982512E+06  1.08028056E-08  3.75304337E+04  6.21147669E-02  0.00000000E+00
  2.57650389E+06  5.10949052E+06  1.08042789E-08  3.75169224E+04  6.20393158E-02  0.00000000E+00
  2.57685094E+06  5.10915593E+06  1.08057524E-08  3.75034292E+04  6.19640391E-02  0.00000000E+00
  2.57719800E+06  5.10882133E+06  1.08072261E-08  3.74899540E+04  6.18889361E-02  0.00000000E+00
  2.57754505E+06  5.10848674E+06  1.08087000E-08  3.74764969E+04  6.18140060E-02  0.00000000E+00
  2.57789210E+06  5.10815215E+06  1.08101741E-08  3.74630578E+04  6.17392483E-02  0.00000000E+00
  2.57823915E+06  5.10781755E+06  1.08116484E-08  3.74496367E+04  6.16646622E-02  0.00000000E+00
  2.57858620E+06  5.10748295E+06  1.08131229E-08  3.74362335E+04  6.15902470E-02  0.00000000E+00
  2.57893325E+06  5.10714836E+06  1.08145976E-08  3.74228483E+04  6.15160021E-02  0.00000000E+00
  2.57928030E+06  5.10681376E+06  1.08160725E-08  3.74094810E+04  6.14419268E-02  0.00000000E+00
  2.57962735E+06  5.10647917E+06  1.08175475E-08  3.73961315E+04  6.13680204E-02  0.00000000E+00
  2.57997440E+06  5.10614457E+06  1.08190228E-08  3.73827999E+04  6.12942822E-02  0.00000000E+00
  2.58032145E+06  5.10580997E+06  1.08204982E-08  3.73694862E+04  6.12207116E-02  0.00000000E+00
  2.58066850E+06  5.10547537E+06  1.08219739E-08  3.73561903E+04  6.11473079E-02  0.00000000E+00
  2.58101555E+06  5.10514077E+06  1.08234497E-08  3.73429121E+04  6.10740704E-02  0.00000000E+00
  2.58136260E+06  5.10480618E+06  1.08249258E-08  3.73296518E+04  6.10009985E-02  0.00000000E+00
  2.58170965E+06  5.10447158E+06  1.08264020E-08  3.73164091E+04  6.09280915E-02  0.00000000E+00
  2.58205670E+06  5.10413698E+06  1.08278784E-08  3.73031842E+04  6.08553488E-02  0.00000000E+00
  2.58240375E+06  5.10380238E+06  1.08293550E-08  3.72899770E+04  6.07827697E-02  0.00000000E+00
  2.58275081E+06  5.10346778E+06  1.08308318E-08  3.72767875E+04  6.07103536E-02  0.00000000E+00
  2.58309786E+06  5.10313318E+06  1.08323088E-08  3.72636156E+04  6.06380998E-02  0.00000000E+00
  2.58344491E+06  5.10279857E+06  1.08337860E-08  3.72504613E+04  6.05660077E-02  0.00000000E+00
  2.58379196E+06  5.10246397E+06  1.08352634E-08  3.72373246E+04  6.04940766E-02  0.00000000E+00
  2.58413901E+06  5.10212937E+06  1.08367410E-08  3.72242056E+04  6.04223059E-02  0.00000000E+00
  2.58448606E+06  5.10179477E+06  1.08382188E-08  3.72111040E+04  6.03506950E-02  0.00000000E+00
  2.58483311E+06  5.10146017E+06  1.08396968E-08  3.71980200E+04  6.02792432E-02  0.00000000E+00
  2.58518016E+06  5.10112556E+06  1.08411750E-08  3.71849535E+04  6.02079499E-02  0.00000000E+00
  2.58552721E+06  5.10079096E+06  1.08426533E-08  3.71719045E+04  6.01368146E-02  0.00000000E+00
  2.58587426E+06  5.10045636E+06  1.08441319E-08  3.71588729E+04  6.00658364E-02  0.00000000E+00
  2.58622131E+06  5.10012175E+06  1.08456107E-08  3.71458588E+04  5.99950149E-02  0.00000000E+00
  2.58656836E+06  5.09978715E+06  1.08470896E-08  3.71328621E+04  5.99243495E-02  0.00000000E+00
  2.58691541E+06  5.09945254E+06  1.08485688E-08  3.71198828E+04  5.98538394E-02  0.00000000E+00
  2.58726246E+06  5.09911794E+06  1.08500481E-08  3.71069209E+04  5.97834841E-02  0.00000000E+00
  2.58760951E+06  5.09878333E+06  1.08515276E-08  3.70939762E+04  5.97132831E-02  0.00000000E+00
  2.58795656E+06  5.09844873E+06  1.08530074E-08  3.70810490E+04  5.96432356E-02  0.00000000E+00
  2.58830362E+06  5.09811412E+06  1.08544873E-08  3.70681390E+04  5.95733410E-02  0.00000000E+00
  2.58865067E+06  5.09777952E+06  1.08559674E-08  3.70552463E+04  5.95035989E-02  0.00000000E+00
  2.58899772E+06  5.09744491E+06  1.08574478E-08  3.70423708E+04  5.94340085E-02  0.00000000E+00
  2.58934477E+06  5.09711030E+06  1.08589283E-08  3.70295126E+04  5.93645694E-02  0.00000000E+00
  2.58969182E+06  5.09677569E+06  1.08604090E-08  3.70166715E+04  5.92952808E-02  0.00000000E+00
  2.59003887E+06  5.09644109E+06  1.08618899E-08  3.70038477E+04  5.92261422E-02  0.00000000E+00
  2.59038592E+06  5.09610648E+06  1.08633710E-08  3.69910410E+04  5.91571530E-02  0.00000000E+00
  2.59073297E+06  5.09577187E+06  1.08648523E-08  3.69782514E+04  5.90883127E-02  0.00000000E+00
  2.59108002E+06  5.09543726E+06  1.08663338E-08  3.69654790E+04  5.90196206E-02  0.00000000E+00
  2.59142707E+06  5.09510265E+06  1.08678154E-08  3.69527236E+04  5.89510762E-02  0.00000000E+00
  2.59177412E+06  5.09476804E+06  1.08692973E-08  3.69399854E+04  5.88826789E-02  0.00000000E+00
  2.59212117E+06  5.09443343E+06  1.08707794E-08  3.69272641E+04  5.88144282E-02  0.00000000E+00
  2.59246822E+06  5.09409882E+06  1.08722617E-08  3.69145599E+04  5.87463234E-02  0.00000000E+00
  2.59281527E+06  5.09376421E+06  1.08737441E-08  3.69018727E+04  5.86783640E-02  0.00000000E+00
  2.59316232E+06  5.09342960E+06  1.08752268E-08  3.68892024E+04  5.86105494E-02  0.00000000E+00
  2.59350937E+06  5.09309499E+06  1.08767097E-08  3.68765492E+04  5.85428790E-02  0.00000000E+00
  2.59385643E+06  5.09276037E+06  1.08781927E-08  3.68639128E+04  5.84753524E-02  0.00000000E+00
  2.59420348E+06  5.09242576E+06  1.08796760E-08  3.68512933E+04  5.84079690E-02  0.00000000E+00
  2.59455053E+06  5.09209115E+06  1.08811594E-08  3.68386908E+04  5.83407281E-02  0.00000000E+00
  2.59489758E+06  5.09175654E+06  1.08826431E-08  3.68261051E+04  5.82736293E-02  0.00000000E+00
  2.59524463E+06  5.09142192E+06  1.08841269E-08  3.68135362E+04  5.82066720E-02  0.00000000E+00
  2.59559168E+06  5.09108731E+06  1.08856109E-08  3.68009842E+04  5.81398556E-02  0.00000000E+00
  2.59593873E+06  5.09075269E+06  1.08870952E-08  3.67884489E+04  5.80731796E-02  0.00000000E+00
  2.59628578E+06  5.09041808E+06  1.08885796E-08  3.67759304E+04  5.80066436E-02  0.00000000E+00
  2.59663283E+06  5.09008347E+06  1.08900642E-08  3.67634287E+04  5.79402468E-02  0.00000000E+00
  2.59697988E+06  5.08974885E+06  1.08915490E-08  3.67509437E+04  5.78739889E-02  0.00000000E+00
  2.59732693E+06  5.08941423E+06  1.08930340E-08  3.67384754E+04  5.78078692E-02  0.00000000E+00
  2.59767398E+06  5.08907962E+06  1.08945192E-08  3.67260238E+04  5.77418873E-02  0.00000000E+00
  2.59802103E+06  5.08874500E+06  1.08960046E-08  3.67135888E+04  5.76760425E-02  0.00000000E+00
  2.59836808E+06  5.08841039E+06  1.08974902E-08  3.67011705E+04  5.76103345E-02  0.00000000E+00
  2.59871513E+06  5.08807577E+06  1.08989760E-08  3.66887688E+04  5.75447626E-02  0.00000000E+00
  2.59906219E+06  5.08774115E+06  1.09004620E-08  3.66763837E+04  5.74793264E-02  0.00000000E+00
  2.59940924E+06  5.08740653E+06  1.09019482E-08  3.66640152E+04  5.74140253E-02  0.00000000E+00
  2.59975629E+06  5.08707192E+06  1.09034346E-08  3.66516632E+04  5.73488589E-02  0.00000000E+00
  2.60010334E+06  5.08673730E+06  1.09049212E-08  3.66393278E+04  5.72838265E-02  0.00000000E+00
  2.60045039E+06  5.08640268E+06  1.09064080E-08  3.66270088E+04  5.72189278E-02  0.00000000E+00
  2.60079744E+06  5.08606806E+06  1.09078949E-08  3.66147063E+04  5.71541621E-02  0.00000000E+00
  2.60114449E+06  5.08573344E+06  1.09093821E-08  3.66024203E+04  5.70895291E-02  0.00000000E+00
  2.60149154E+06  5.08539882E+06  1.09108695E-08  3.65901508E+04  5.70250281E-02  0.00000000E+00
  2.60183859E+06  5.08506420E+06  1.09123570E-08  3.65778976E+04  5.69606587E-02  0.00000000E+00
  2.60218564E+06  5.08472958E+06  1.09138448E-08  3.65656609E+04  5.68964205E-02  0.00000000E+00
  2.60253269E+06  5.08439496E+06  1.09153328E-08  3.65534405E+04  5.68323128E-02  0.00000000E+00
  2.60287974E+06  5.08406034E+06  1.09168209E-08  3.65412365E+04  5.67683353E-02  0.00000000E+00
  2.60322679E+06  5.08372572E+06  1.09183093E-08  3.65290488E+04  5.67044874E-02  0.00000000E+00
  2.60357384E+06  5.08339110E+06  1.09197978E-08  3.65168774E+04  5.66407686E-02  0.00000000E+00
  2.60392089E+06  5.08305648E+06  1.09212865E-08  3.65047223E+04  5.65771786E-02  0.00000000E+00
  2.60426794E+06  5.08272185E+06  1.09227755E-08  3.64925834E+04  5.65137167E-02  0.00000000E+00
  2.60461500E+06  5.08238723E+06  1.09242646E-08  3.64804608E+04  5.64503825E-02  0.00000000E+00
  2.60496205E+06  5.08205261E+06  1.09257540E-08  3.64683544E+04  5.63871755E-02  0.00000000E+00
  2.60530910E+06  5.08171798E+06  1.09272435E-08  3.64562642E+04  5.63240953E-02  0.00000000E+00
  2.60565615E+06  5.08138336E+06  1.09287332E-08  3.64441902E+04  5.62611414E-02  0.00000000E+00
  2.60600320E+06  5.08104874E+06  1.09302231E-08  3.64321324E+04  5.61983133E-02  0.00000000E+00
  2.60635025E+06  5.08071411E+06  1.09317133E-08  3.64200907E+04  5.61356106E-02  0.00000000E+00
  2.60669730E+06  5.08037949E+06  1.09332036E-08  3.64080651E+04  5.60730328E-02  0.00000000E+00
  2.60704435E+06  5.08004486E+06  1.09346941E-08  3.63960556E+04  5.60105794E-02  0.00000000E+00
  2.60739140E+06  5.07971024E+06  1.09361848E-08  3.63840621E+04  5.59482500E-02  0.00000000E+00
  2.60773845E+06  5.07937561E+06  1.09376757E-08  3.63720847E+04  5.58860441E-02  0.00000000E+00
  2.60808550E+06  5.07904099E+06  1.09391668E-08  3.63601234E+04  5.58239613E-02  0.00000000E+00
  2.60843255E+06  5.07870636E+06  1.09406581E-08  3.63481780E+04  5.57620011E-02  0.00000000E+00
  2.60877960E+06  5.07837173E+06  1.09421496E-08  3.63362486E+04  5.57001631E-02  0.00000000E+00
  2.60912665E+06  5.07803711E+06  1.09436413E-08  3.63243352E+04  5.56384468E-02  0.00000000E+00
  2.60947370E+06  5.07770248E+06  1.09451332E-08  3.63124377E+04  5.55768519E-02  0.00000000E+00
  2.60982075E+06  5.07736785E+06  1.09466253E-08  3.63005561E+04  5.55153777E-02  0.00000000E+00
  2.61016781E+06  5.07703322E+06  1.09481176E-08  3.62886905E+04  5.54540240E-02  0.00000000E+00
  2.61051486E+06  5.07669860E+06  1.09496101E-08  3.62768407E+04  5.53927902E-02  0.00000000E+00
  2.61086191E+06  5.07636397E+06  1.09511028E-08  3.62650068E+04  5.53316760E-02  0.00000000E+00
  2.61120896E+06  5.07602934E+06  1.09525957E-08  3.62531887E+04  5.52706810E-02  0.00000000E+00
  2.61155601E+06  5.07569471E+06  1.09540887E-08  3.62413864E+04  5.52098045E-02  0.00000000E+00
  2.61190306E+06  5.07536008E+06  1.09555820E-08  3.62295999E+04  5.51490464E-02  0.00000000E+00
  2.61225011E+06  5.07502545E+06  1.09570755E-08  3.62178292E+04  5.50884061E-02  0.00000000E+00
  2.61259716E+06  5.07469082E+06  1.09585692E-08  3.62060742E+04  5.50278832E-02  0.00000000E+00
  2.61294421E+06  5.07435619E+06  1.09600630E-08  3.61943350E+04  5.49674773E-02  0.00000000E+00
  2.61329126E+06  5.07402156E+06  1.09615571E-08  3.61826114E+04  5.49071879E-02  0.00000000E+00
  2.61363831E+06  5.07368693E+06  1.09630514E-08  3.61709036E+04  5.48470148E-02  0.00000000E+00
  2.61398536E+06  5.07335230E+06  1.09645458E-08  3.61592114E+04  5.47869573E-02  0.00000000E+00
  2.61433241E+06  5.07301766E+06  1.09660405E-08  3.61475349E+04  5.47270153E-02  0.00000000E+00
  2.61467946E+06  5.07268303E+06  1.09675354E-08  3.61358740E+04  5.46671881E-02  0.00000000E+00
  2.61502651E+06  5.07234840E+06  1.09690304E-08  3.61242286E+04  5.46074755E-02  0.00000000E+00
  2.61537356E+06  5.07201377E+06  1.09705257E-08  3.61125989E+04  5.45478770E-02  0.00000000E+00
  2.61572062E+06  5.07167913E+06  1.09720211E-08  3.61009847E+04  5.44883922E-02  0.00000000E+00
  2.61606767E+06  5.07134450E+06  1.09735168E-08  3.60893861E+04  5.44290208E-02  0.00000000E+00
  2.61641472E+06  5.07100987E+06  1.09750126E-08  3.60778030E+04  5.43697623E-02  0.00000000E+00
  2.61676177E+06  5.07067523E+06  1.09765087E-08  3.60662354E+04  5.43106163E-02  0.00000000E+00
  2.61710882E+06  5.07034060E+06  1.09780049E-08  3.60546833E+04  5.42515825E-02  0.00000000E+00
  2.61745587E+06  5.07000596E+06  1.09795014E-08  3.60431466E+04  5.41926604E-02  0.00000000E+00
  2.61780292E+06  5.06967133E+06  1.09809980E-08  3.60316253E+04  5.41338497E-02  0.00000000E+00
  2.61814997E+06  5.06933669E+06  1.09824948E-08  3.60201195E+04  5.40751499E-02  0.00000000E+00
  2.61849702E+06  5.06900206E+06  1.09839919E-08  3.60086291E+04  5.40165608E-02  0.00000000E+00
  2.61884407E+06  5.06866742E+06  1.09854891E-08  3.59971540E+04  5.39580819E-02  0.00000000E+00
  2.61919112E+06  5.06833279E+06  1.09869866E-08  3.59856943E+04  5.38997128E-02  0.00000000E+00
  2.61953817E+06  5.06799815E+06  1.09884842E-08  3.59742500E+04  5.38414532E-02  0.00000000E+00
  2.61988522E+06  5.06766351E+06  1.09899820E-08  3.59628209E+04  5.37833027E-02  0.00000000E+00
  2.62023227E+06  5.06732888E+06  1.09914800E-08  3.59514072E+04  5.37252609E-02  0.00000000E+00
  2.62057932E+06  5.06699424E+06  1.09929783E-08  3.59400087E+04  5.36673274E-02  0.00000000E+00
  2.62092637E+06  5.06665960E+06  1.09944767E-08  3.59286254E+04  5.36095019E-02  0.00000000E+00
  2.62127343E+06  5.06632496E+06  1.09959753E-08  3.59172574E+04  5.35517841E-02  0.00000000E+00
  2.62162048E+06  5.06599032E+06  1.09974742E-08  3.59059046E+04  5.34941735E-02  0.00000000E+00
  2.62196753E+06  5.06565569E+06  1.09989732E-08  3.58945670E+04  5.34366697E-02  0.00000000E+00
  2.62231458E+06  5.06532105E+06  1.10004724E-08  3.58832446E+04  5.33792725E-02  0.00000000E+00
  2.62266163E+06  5.06498641E+06  1.10019718E-08  3.58719373E+04  5.33219815E-02  0.00000000E+00
  2.62300868E+06  5.06465177E+06  1.10034714E-08  3.58606452E+04  5.32647963E-02  0.00000000E+00
  2.62335573E+06  5.06431713E+06  1.10049713E-08  3.58493681E+04  5.32077165E-02  0.00000000E+00
  2.62370278E+06  5.06398249E+06  1.10064713E-08  3.58381062E+04  5.31507418E-02  0.00000000E+00
  2.62404983E+06  5.06364785E+06  1.10079715E-08  3.58268593E+04  5.30938719E-02  0.00000000E+00
  2.62439688E+06  5.06331321E+06  1.10094719E-08  3.58156274E+04  5.30371065E-02  0.00000000E+00
  2.62474393E+06  5.06297857E+06  1.10109725E-08  3.58044106E+04  5.29804451E-02  0.00000000E+00
  2.62509098E+06  5.06264393E+06  1.10124733E-08  3.57932088E+04  5.29238874E-02  0.00000000E+00
  2.62543803E+06  5.06230928E+06  1.10139744E-08  3.57820220E+04  5.28674331E-02  0.00000000E+00
  2.62578508E+06  5.06197464E+06  1.10154756E-08  3.57708502E+04  5.28110818E-02  0.00000000E+00
  2.62613213E+06  5.06164000E+06  1.10169770E-08  3.57596933E+04  5.27548332E-02  0.00000000E+00
  2.62647919E+06  5.06130536E+06  1.10184786E-08  3.57485513E+04  5.26986871E-02  0.00000000E+00
  2.62682624E+06  5.06097071E+06  1.10199804E-08  3.57374242E+04  5.26426429E-02  0.00000000E+00
  2.62717329E+06  5.06063607E+06  1.10214824E-08  3.57263121E+04  5.25867005E-02  0.00000000E+00
  2.62752034E+06  5.06030143E+06  1.10229846E-08  3.57152147E+04  5.25308594E-02  0.00000000E+00
  2.62786739E+06  5.05996678E+06  1.10244870E-08  3.57041323E+04  5.24751194E-02  0.00000000E+00
  2.62821444E+06  5.05963214E+06  1.10259896E-08  3.56930647E+04  5.24194801E-02  0.00000000E+00
  2.62856149E+06  5.05929750E+06  1.10274924E-08  3.56820118E+04  5.23639412E-02  0.00000000E+00
  2.62890854E+06  5.05896285E+06  1.10289954E-08  3.56709738E+04  5.23085024E-02  0.00000000E+00
  2.62925559E+06  5.05862821E+06  1.10304987E-08  3.56599506E+04  5.22531633E-02  0.00000000E+00
  2.62960264E+06  5.05829356E+06  1.10320021E-08  3.56489421E+04  5.21979237E-02  0.00000000E+00
  2.62994969E+06  5.05795892E+06  1.10335057E-08  3.56379483E+04  5.21427832E-02  0.00000000E+00
  2.63029674E+06  5.05762427E+06  1.10350095E-08  3.56269692E+04  5.20877415E-02  0.00000000E+00
  2.63064379E+06  5.05728962E+06  1.10365135E-08  3.56160048E+04  5.20327983E-02  0.00000000E+00
  2.63099084E+06  5.05695498E+06  1.10380177E-08  3.56050551E+04  5.19779532E-02  0.00000000E+00
  2.63133789E+06  5.05662033E+06  1.10395221E-08  3.55941201E+04  5.19232061E-02  0.00000000E+00
  2.63168494E+06  5.05628569E+06  1.10410267E-08  3.55831996E+04  5.18685565E-02  0.00000000E+00
  2.63203200E+06  5.05595104E+06  1.10425315E-08  3.55722938E+04  5.18140042E-02  0.00000000E+00
  2.63237905E+06  5.05561639E+06  1.10440365E-08  3.55614026E+04  5.17595489E-02  0.00000000E+00
  2.63272610E+06  5.05528174E+06  1.10455417E-08  3.55505259E+04  5.17051902E-02  0.00000000E+00
  2.63307315E+06  5.05494709E+06  1.10470471E-08  3.55396638E+04  5.16509278E-02  0.00000000E+00
  2.63342020E+06  5.05461245E+06  1.10485527E-08  3.55288163E+04  5.15967616E-02  0.00000000E+00
  2.63376725E+06  5.05427780E+06  1.10500585E-08  3.55179832E+04  5.15426910E-02  0.00000000E+00
  2.63411430E+06  5.05394315E+06  1.10515645E-08  3.55071647E+04  5.14887160E-02  0.00000000E+00
  2.63446135E+06  5.05360850E+06  1.10530707E-08  3.54963606E+04  5.14348361E-02  0.00000000E+00
  2.63480840E+06  5.05327385E+06  1.10545771E-08  3.54855710E+04  5.13810511E-02  0.00000000E+00
  2.63515545E+06  5.05293920E+06  1.10560837E-08  3.54747958E+04  5.13273607E-02  0.00000000E+00
  2.63550250E+06  5.05260455E+06  1.10575905E-08  3.54640350E+04  5.12737647E-02  0.00000000E+00
  2.63584955E+06  5.05226990E+06  1.10590975E-08  3.54532887E+04  5.12202626E-02  0.00000000E+00
  2.63619660E+06  5.05193525E+06  1.10606047E-08  3.54425567E+04  5.11668543E-02  0.00000000E+00
  2.63654365E+06  5.05160060E+06  1.10621121E-08  3.54318390E+04  5.11135394E-02  0.00000000E+00
  2.63689070E+06  5.05126595E+06  1.10636197E-08  3.54211358E+04  5.10603177E-02  0.00000000E+00
  2.63723775E+06  5.05093130E+06  1.10651275E-08  3.54104468E+04  5.10071889E-02  0.00000000E+00
  2.63758481E+06  5.05059665E+06  1.10666355E-08  3.53997721E+04  5.09541527E-02  0.00000000E+00
  2.63793186E+06  5.05026199E+06  1.10681437E-08  3.53891117E+04  5.09012089E-02  0.00000000E+00
  2.63827891E+06  5.04992734E+06  1.10696521E-08  3.53784656E+04  5.08483571E-02  0.00000000E+00
  2.63862596E+06  5.04959269E+06  1.10711607E-08  3.53678338E+04  5.07955971E-02  0.00000000E+00
  2.63897301E+06  5.04925804E+06  1.10726696E-08  3.53572161E+04  5.07429286E-02  0.00000000E+00
  2.63932006E+06  5.04892338E+06  1.10741786E-08  3.53466127E+04  5.06903514E-02  0.00000000E+00
  2.63966711E+06  5.04858873E+06  1.10756878E-08  3.53360234E+04  5.06378652E-02  0.00000000E+00
  2.64001416E+06  5.04825408E+06  1.10771972E-08  3.53254483E+04  5.05854697E-02  0.00000000E+00
  2.64036121E+06  5.04791942E+06  1.10787068E-08  3.53148874E+04  5.05331646E-02  0.00000000E+00
  2.64070826E+06  5.04758477E+06  1.10802166E-08  3.53043406E+04  5.04809497E-02  0.00000000E+00
  2.64105531E+06  5.04725011E+06  1.10817266E-08  3.52938079E+04  5.04288248E-02  0.00000000E+00
  2.64140236E+06  5.04691546E+06  1.10832368E-08  3.52832893E+04  5.03767895E-02  0.00000000E+00
  2.64174941E+06  5.04658080E+06  1.10847472E-08  3.52727848E+04  5.03248437E-02  0.00000000E+00
  2.64209646E+06  5.04624615E+06  1.10862578E-08  3.52622943E+04  5.02729870E-02  0.00000000E+00
  2.64244351E+06  5.04591149E+06  1.10877687E-08  3.52518179E+04  5.02212192E-02  0.00000000E+00
  2.64279056E+06  5.04557684E+06  1.10892797E-08  3.52413555E+04  5.01695400E-02  0.00000000E+00
  2.64313762E+06  5.04524218E+06  1.10907909E-08  3.52309070E+04  5.01179493E-02  0.00000000E+00
  2.64348467E+06  5.04490752E+06  1.10923023E-08  3.52204726E+04  5.00664466E-02  0.00000000E+00
  2.64383172E+06  5.04457287E+06  1.10938139E-08  3.52100521E+04  5.00150319E-02  0.00000000E+00
  2.64417877E+06  5.04423821E+06  1.10953258E-08  3.51996456E+04  4.99637048E-02  0.00000000E+00
  2.64452582E+06  5.04390355E+06  1.10968378E-08  3.51892530E+04  4.99124651E-02  0.00000000E+00
  2.64487287E+06  5.04356890E+06  1.10983500E-08  3.51788743E+04  4.98613126E-02  0.00000000E+00
  2.64521992E+06  5.04323424E+06  1.10998624E-08  3.51685095E+04  4.98102469E-02  0.00000000E+00
  2.64556697E+06  5.04289958E+06  1.11013750E-08  3.51581585E+04  4.97592680E-02  0.00000000E+00
  2.64591402E+06  5.04256492E+06  1.11028879E-08  3.51478214E+04  4.97083754E-02  0.00000000E+00
  2.64626107E+06  5.04223026E+06  1.11044009E-08  3.51374982E+04  4.96575691E-02  0.00000000E+00
  2.64660812E+06  5.04189561E+06  1.11059141E-08  3.51271887E+04  4.96068487E-02  0.00000000E+00
  2.64695517E+06  5.04156095E+06  1.11074276E-08  3.51168931E+04  4.95562140E-02  0.00000000E+00
  2.64730222E+06  5.04122629E+06  1.11089412E-08  3.51066112E+04  4.95056648E-02  0.00000000E+00
  2.64764927E+06  5.04089163E+06  1.11104550E-08  3.50963431E+04  4.94552009E-02  0.00000000E+00
  2.64799632E+06  5.04055697E+06  1.11119691E-08  3.50860887E+04  4.94048219E-02  0.00000000E+00
  2.64834337E+06  5.04022231E+06  1.11134833E-08  3.50758480E+04  4.93545278E-02  0.00000000E+00
  2.64869043E+06  5.03988765E+06  1.11149977E-08  3.50656211E+04  4.93043181E-02  0.00000000E+00
  2.64903748E+06  5.03955299E+06  1.11165124E-08  3.50554078E+04  4.92541929E-02  0.00000000E+00
  2.64938453E+06  5.03921833E+06  1.11180272E-08  3.50452082E+04  4.92041517E-02  0.00000000E+00
  2.64973158E+06  5.03888367E+06  1.11195423E-08  3.50350222E+04  4.91541944E-02  0.00000000E+00
  2.65007863E+06  5.03854900E+06  1.11210575E-08  3.50248499E+04  4.91043207E-02  0.00000000E+00
  2.65042568E+06  5.03821434E+06  1.11225730E-08  3.50146912E+04  4.90545305E-02  0.00000000E+00
  2.65077273E+06  5.03787968E+06  1.11240886E-08  3.50045460E+04  4.90048234E-02  0.00000000E+00
  2.65111978E+06  5.03754502E+06  1.11256045E-08  3.49944145E+04  4.89551994E-02  0.00000000E+00
  2.65146683E+06  5.03721036E+06  1.11271205E-08  3.49842965E+04  4.89056581E-02  0.00000000E+00
  2.65181388E+06  5.03687569E+06  1.11286368E-08  3.49741920E+04  4.88561994E-02  0.00000000E+00
  2.65216093E+06  5.03654103E+06  1.11301532E-08  3.49641011E+04  4.88068230E-02  0.00000000E+00
  2.65250798E+06  5.03620637E+06  1.11316699E-08  3.49540236E+04  4.87575287E-02  0.00000000E+00
  2.65285503E+06  5.03587170E+06  1.11331868E-08  3.49439597E+04  4.87083163E-02  0.00000000E+00
  2.65320208E+06  5.03553704E+06  1.11347038E-08  3.49339092E+04  4.86591856E-02  0.00000000E+00
  2.65354913E+06  5.03520238E+06  1.11362211E-08  3.49238721E+04  4.86101364E-02  0.00000000E+00
  2.65389619E+06  5.03486771E+06  1.11377386E-08  3.49138485E+04  4.85611685E-02  0.00000000E+00
  2.65424324E+06  5.03453305E+06  1.11392562E-08  3.49038383E+04  4.85122816E-02  0.00000000E+00
  2.65459029E+06  5.03419838E+06  1.11407741E-08  3.48938415E+04  4.84634756E-02  0.00000000E+00
  2.65493734E+06  5.03386372E+06  1.11422922E-08  3.48838581E+04  4.84147502E-02  0.00000000E+00
  2.65528439E+06  5.03352905E+06  1.11438105E-08  3.48738880E+04  4.83661053E-02  0.00000000E+00
  2.65563144E+06  5.03319439E+06  1.11453289E-08  3.48639313E+04  4.83175406E-02  0.00000000E+00
  2.65597849E+06  5.03285972E+06  1.11468476E-08  3.48539879E+04  4.82690560E-02  0.00000000E+00
  2.65632554E+06  5.03252506E+06  1.11483665E-08  3.48440578E+04  4.82206512E-02  0.00000000E+00
  2.65667259E+06  5.03219039E+06  1.11498856E-08  3.48341410E+04  4.81723260E-02  0.00000000E+00
  2.65701964E+06  5.03185572E+06  1.11514049E-08  3.48242374E+04  4.81240803E-02  0.00000000E+00
  2.65736669E+06  5.03152106E+06  1.11529244E-08  3.48143471E+04  4.80759138E-02  0.00000000E+00
  2.65771374E+06  5.03118639E+06  1.11544441E-08  3.48044700E+04  4.80278263E-02  0.00000000E+00
  2.65806079E+06  5.03085172E+06  1.11559640E-08  3.47946062E+04  4.79798177E-02  0.00000000E+00
  2.65840784E+06  5.03051705E+06  1.11574841E-08  3.47847555E+04  4.79318877E-02  0.00000000E+00
  2.65875489E+06  5.03018239E+06  1.11590044E-08  3.47749181E+04  4.78840362E-02  0.00000000E+00
  2.65910194E+06  5.02984772E+06  1.11605249E-08  3.47650938E+04  4.78362630E-02  0.00000000E+00
  2.65944900E+06  5.02951305E+06  1.11620456E-08  3.47552826E+04  4.77885678E-02  0.00000000E+00
  2.65979605E+06  5.02917838E+06  1.11635665E-08  3.47454846E+04  4.77409506E-02  0.00000000E+00
  2.66014310E+06  5.02884371E+06  1.11650876E-08  3.47356997E+04  4.76934110E-02  0.00000000E+00
  2.66049015E+06  5.02850904E+06  1.11666089E-08  3.47259278E+04  4.76459489E-02  0.00000000E+00
  2.66083720E+06  5.02817438E+06  1.11681305E-08  3.47161691E+04  4.75985642E-02  0.00000000E+00
  2.66118425E+06  5.02783971E+06  1.11696522E-08  3.47064234E+04  4.75512565E-02  0.00000000E+00
  2.66153130E+06  5.02750504E+06  1.11711741E-08  3.46966907E+04  4.75040259E-02  0.00000000E+00
  2.66187835E+06  5.02717037E+06  1.11726963E-08  3.46869711E+04  4.74568720E-02  0.00000000E+00
  2.66222540E+06  5.02683570E+06  1.11742186E-08  3.46772644E+04  4.74097947E-02  0.00000000E+00
  2.66257245E+06  5.02650103E+06  1.11757411E-08  3.46675708E+04  4.73627938E-02  0.00000000E+00
  2.66291950E+06  5.02616635E+06  1.11772639E-08  3.46578901E+04  4.73158691E-02  0.00000000E+00
  2.66326655E+06  5.02583168E+06  1.11787868E-08  3.46482224E+04  4.72690204E-02  0.00000000E+00
  2.66361360E+06  5.02549701E+06  1.11803100E-08  3.46385676E+04  4.72222477E-02  0.00000000E+00
  2.66396065E+06  5.02516234E+06  1.11818333E-08  3.46289258E+04  4.71755506E-02  0.00000000E+00
  2.66430770E+06  5.02482767E+06  1.11833569E-08  3.46192968E+04  4.71289290E-02  0.00000000E+00
  2.66465475E+06  5.02449300E+06  1.11848806E-08  3.46096807E+04  4.70823828E-02  0.00000000E+00
  2.66500181E+06  5.02415833E+06  1.11864046E-08  3.46000775E+04  4.70359117E-02  0.00000000E+00
  2.66534886E+06  5.02382365E+06  1.11879288E-08  3.45904871E+04  4.69895156E-02  0.00000000E+00
  2.66569591E+06  5.02348898E+06  1.11894531E-08  3.45809096E+04  4.69431943E-02  0.00000000E+00
  2.66604296E+06  5.02315431E+06  1.11909777E-08  3.45713449E+04  4.68969477E-02  0.00000000E+00
  2.66639001E+06  5.02281964E+06  1.11925025E-08  3.45617930E+04  4.68507756E-02  0.00000000E+00
  2.66673706E+06  5.02248496E+06  1.11940275E-08  3.45522538E+04  4.68046777E-02  0.00000000E+00
  2.66708411E+06  5.02215029E+06  1.11955526E-08  3.45427275E+04  4.67586540E-02  0.00000000E+00
  2.66743116E+06  5.02181561E+06  1.11970780E-08  3.45332138E+04  4.67127043E-02  0.00000000E+00
  2.66777821E+06  5.02148094E+06  1.11986036E-08  3.45237129E+04  4.66668283E-02  0.00000000E+00
  2.66812526E+06  5.02114627E+06  1.12001294E-08  3.45142248E+04  4.66210260E-02  0.00000000E+00
  2.66847231E+06  5.02081159E+06  1.12016554E-08  3.45047493E+04  4.65752972E-02  0.00000000E+00
  2.66881936E+06  5.02047692E+06  1.12031816E-08  3.44952864E+04  4.65296416E-02  0.00000000E+00
  2.66916641E+06  5.02014224E+06  1.12047080E-08  3.44858363E+04  4.64840593E-02  0.00000000E+00
  2.66951346E+06  5.01980757E+06  1.12062346E-08  3.44763988E+04  4.64385499E-02  0.00000000E+00
  2.66986051E+06  5.01947289E+06  1.12077615E-08  3.44669739E+04  4.63931133E-02  0.00000000E+00
  2.67020756E+06  5.01913822E+06  1.12092885E-08  3.44575617E+04  4.63477494E-02  0.00000000E+00
  2.67055462E+06  5.01880354E+06  1.12108157E-08  3.44481620E+04  4.63024579E-02  0.00000000E+00
  2.67090167E+06  5.01846886E+06  1.12123431E-08  3.44387749E+04  4.62572389E-02  0.00000000E+00
  2.67124872E+06  5.01813419E+06  1.12138708E-08  3.44294003E+04  4.62120920E-02  0.00000000E+00
  2.67159577E+06  5.01779951E+06  1.12153986E-08  3.44200384E+04  4.61670171E-02  0.00000000E+00
  2.67194282E+06  5.01746483E+06  1.12169266E-08  3.44106889E+04  4.61220141E-02  0.00000000E+00
  2.67228987E+06  5.01713016E+06  1.12184549E-08  3.44013519E+04  4.60770828E-02  0.00000000E+00
  2.67263692E+06  5.01679548E+06  1.12199833E-08  3.43920275E+04  4.60322231E-02  0.00000000E+00
  2.67298397E+06  5.01646080E+06  1.12215120E-08  3.43827155E+04  4.59874348E-02  0.00000000E+00
  2.67333102E+06  5.01612612E+06  1.12230409E-08  3.43734160E+04  4.59427177E-02  0.00000000E+00
  2.67367807E+06  5.01579145E+06  1.12245699E-08  3.43641289E+04  4.58980718E-02  0.00000000E+00
  2.67402512E+06  5.01545677E+06  1.12260992E-08  3.43548542E+04  4.58534968E-02  0.00000000E+00
  2.67437217E+06  5.01512209E+06  1.12276287E-08  3.43455920E+04  4.58089926E-02  0.00000000E+00
  2.67471922E+06  5.01478741E+06  1.12291583E-08  3.43363421E+04  4.57645590E-02  0.00000000E+00
  2.67506627E+06  5.01445273E+06  1.12306882E-08  3.43271046E+04  4.57201960E-02  0.00000000E+00
  2.67541332E+06  5.01411805E+06  1.12322183E-08  3.43178795E+04  4.56759033E-02  0.00000000E+00
  2.67576037E+06  5.01378337E+06  1.12337486E-08  3.43086668E+04  4.56316808E-02  0.00000000E+00
  2.67610743E+06  5.01344869E+06  1.12352791E-08  3.42994663E+04  4.55875284E-02  0.00000000E+00
  2.67645448E+06  5.01311402E+06  1.12368098E-08  3.42902782E+04  4.55434459E-02  0.00000000E+00
  2.67680153E+06  5.01277934E+06  1.12383407E-08  3.42811023E+04  4.54994332E-02  0.00000000E+00
  2.67714858E+06  5.01244466E+06  1.12398718E-08  3.42719388E+04  4.54554901E-02  0.00000000E+00
  2.67749563E+06  5.01210997E+06  1.12414031E-08  3.42627875E+04  4.54116165E-02  0.00000000E+00
  2.67784268E+06  5.01177529E+06  1.12429347E-08  3.42536484E+04  4.53678122E-02  0.00000000E+00
  2.67818973E+06  5.01144061E+06  1.12444664E-08  3.42445216E+04  4.53240772E-02  0.00000000E+00
  2.67853678E+06  5.01110593E+06  1.12459983E-08  3.42354070E+04  4.52804111E-02  0.00000000E+00
  2.67888383E+06  5.01077125E+06  1.12475304E-08  3.42263045E+04  4.52368140E-02  0.00000000E+00
  2.67923088E+06  5.01043657E+06  1.12490628E-08  3.42172143E+04  4.51932857E-02  0.00000000E+00
  2.67957793E+06  5.01010189E+06  1.12505953E-08  3.42081362E+04  4.51498261E-02  0.00000000E+00
  2.67992498E+06  5.00976721E+06  1.12521281E-08  3.41990703E+04  4.51064349E-02  0.00000000E+00
  2.68027203E+06  5.00943252E+06  1.12536610E-08  3.41900165E+04  4.50631121E-02  0.00000000E+00
  2.68061908E+06  5.00909784E+06  1.12551942E-08  3.41809748E+04  4.50198575E-02  0.00000000E+00
  2.68096613E+06  5.00876316E+06  1.12567276E-08  3.41719452E+04  4.49766710E-02  0.00000000E+00
  2.68131318E+06  5.00842848E+06  1.12582612E-08  3.41629277E+04  4.49335525E-02  0.00000000E+00
  2.68166024E+06  5.00809379E+06  1.12597949E-08  3.41539222E+04  4.48905018E-02  0.00000000E+00
  2.68200729E+06  5.00775911E+06  1.12613289E-08  3.41449289E+04  4.48475187E-02  0.00000000E+00
  2.68235434E+06  5.00742443E+06  1.12628631E-08  3.41359475E+04  4.48046033E-02  0.00000000E+00
  2.68270139E+06  5.00708974E+06  1.12643975E-08  3.41269782E+04  4.47617552E-02  0.00000000E+00
  2.68304844E+06  5.00675506E+06  1.12659321E-08  3.41180208E+04  4.47189744E-02  0.00000000E+00
  2.68339549E+06  5.00642037E+06  1.12674669E-08  3.41090755E+04  4.46762608E-02  0.00000000E+00
  2.68374254E+06  5.00608569E+06  1.12690019E-08  3.41001421E+04  4.46336143E-02  0.00000000E+00
  2.68408959E+06  5.00575100E+06  1.12705371E-08  3.40912206E+04  4.45910346E-02  0.00000000E+00
  2.68443664E+06  5.00541632E+06  1.12720726E-08  3.40823111E+04  4.45485217E-02  0.00000000E+00
  2.68478369E+06  5.00508163E+06  1.12736082E-08  3.40734136E+04  4.45060754E-02  0.00000000E+00
  2.68513074E+06  5.00474695E+06  1.12751440E-08  3.40645279E+04  4.44636956E-02  0.00000000E+00
  2.68547779E+06  5.00441226E+06  1.12766801E-08  3.40556541E+04  4.44213822E-02  0.00000000E+00
  2.68582484E+06  5.00407758E+06  1.12782163E-08  3.40467922E+04  4.43791351E-02  0.00000000E+00
  2.68617189E+06  5.00374289E+06  1.12797528E-08  3.40379422E+04  4.43369541E-02  0.00000000E+00
  2.68651894E+06  5.00340821E+06  1.12812894E-08  3.40291040E+04  4.42948390E-02  0.00000000E+00
  2.68686600E+06  5.00307352E+06  1.12828263E-08  3.40202776E+04  4.42527899E-02  0.00000000E+00
  2.68721305E+06  5.00273883E+06  1.12843634E-08  3.40114630E+04  4.42108065E-02  0.00000000E+00
  2.68756010E+06  5.00240415E+06  1.12859007E-08  3.40026602E+04  4.41688888E-02  0.00000000E+00
  2.68790715E+06  5.00206946E+06  1.12874381E-08  3.39938692E+04  4.41270365E-02  0.00000000E+00
  2.68825420E+06  5.00173477E+06  1.12889758E-08  3.39850900E+04  4.40852497E-02  0.00000000E+00
  2.68860125E+06  5.00140009E+06  1.12905137E-08  3.39763225E+04  4.40435280E-02  0.00000000E+00
  2.68894830E+06  5.00106540E+06  1.12920518E-08  3.39675667E+04  4.40018716E-02  0.00000000E+00
  2.68929535E+06  5.00073071E+06  1.12935901E-08  3.39588227E+04  4.39602801E-02  0.00000000E+00
  2.68964240E+06  5.00039602E+06  1.12951287E-08  3.39500904E+04  4.39187535E-02  0.00000000E+00
  2.68998945E+06  5.00006133E+06  1.12966674E-08  3.39413697E+04  4.38772918E-02  0.00000000E+00
  2.69033650E+06  4.99972665E+06  1.12982063E-08  3.39326607E+04  4.38358946E-02  0.00000000E+00
  2.69068355E+06  4.99939196E+06  1.12997454E-08  3.39239634E+04  4.37945620E-02  0.00000000E+00
  2.69103060E+06  4.99905727E+06  1.13012848E-08  3.39152777E+04  4.37532938E-02  0.00000000E+00
  2.69137765E+06  4.99872258E+06  1.13028243E-08  3.39066036E+04  4.37120900E-02  0.00000000E+00
  2.69172470E+06  4.99838789E+06  1.13043641E-08  3.38979411E+04  4.36709503E-02  0.00000000E+00
  2.69207175E+06  4.99805320E+06  1.13059041E-08  3.38892902E+04  4.36298746E-02  0.00000000E+00
  2.69241881E+06  4.99771851E+06  1.13074442E-08  3.38806509E+04  4.35888629E-02  0.00000000E+00
  2.69276586E+06  4.99738382E+06  1.13089846E-08  3.38720232E+04  4.35479151E-02  0.00000000E+00
  2.69311291E+06  4.99704913E+06  1.13105252E-08  3.38634070E+04  4.35070309E-02  0.00000000E+00
  2.69345996E+06  4.99671444E+06  1.13120660E-08  3.38548023E+04  4.34662104E-02  0.00000000E+00
  2.69380701E+06  4.99637975E+06  1.13136070E-08  3.38462091E+04  4.34254533E-02  0.00000000E+00
  2.69415406E+06  4.99604506E+06  1.13151482E-08  3.38376275E+04  4.33847597E-02  0.00000000E+00
  2.69450111E+06  4.99571037E+06  1.13166896E-08  3.38290573E+04  4.33441293E-02  0.00000000E+00
  2.69484816E+06  4.99537568E+06  1.13182312E-08  3.38204986E+04  4.33035620E-02  0.00000000E+00
  2.69519521E+06  4.99504099E+06  1.13197730E-08  3.38119513E+04  4.32630578E-02  0.00000000E+00
  2.69554226E+06  4.99470629E+06  1.13213151E-08  3.38034155E+04  4.32226165E-02  0.00000000E+00
  2.69588931E+06  4.99437160E+06  1.13228573E-08  3.37948911E+04  4.31822380E-02  0.00000000E+00
  2.69623636E+06  4.99403691E+06  1.13243997E-08  3.37863781E+04  4.31419222E-02  0.00000000E+00
  2.69658341E+06  4.99370222E+06  1.13259424E-08  3.37778765E+04  4.31016689E-02  0.00000000E+00
  2.69693046E+06  4.99336753E+06  1.13274852E-08  3.37693863E+04  4.30614782E-02  0.00000000E+00
  2.69727751E+06  4.99303283E+06  1.13290283E-08  3.37609074E+04  4.30213499E-02  0.00000000E+00
  2.69762456E+06  4.99269814E+06  1.13305716E-08  3.37524399E+04  4.29812838E-02  0.00000000E+00
  2.69797162E+06  4.99236345E+06  1.13321151E-08  3.37439837E+04  4.29412798E-02  0.00000000E+00
  2.69831867E+06  4.99202875E+06  1.13336588E-08  3.37355388E+04  4.29013379E-02  0.00000000E+00
  2.69866572E+06  4.99169406E+06  1.13352027E-08  3.37271052E+04  4.28614580E-02  0.00000000E+00
  2.69901277E+06  4.99135937E+06  1.13367468E-08  3.37186829E+04  4.28216398E-02  0.00000000E+00
  2.69935982E+06  4.99102467E+06  1.13382911E-08  3.37102719E+04  4.27818834E-02  0.00000000E+00
  2.69970687E+06  4.99068998E+06  1.13398356E-08  3.37018721E+04  4.27421886E-02  0.00000000E+00
  2.70005392E+06  4.99035529E+06  1.13413803E-08  3.36934836E+04  4.27025553E-02  0.00000000E+00
  2.70040097E+06  4.99002059E+06  1.13429253E-08  3.36851063E+04  4.26629834E-02  0.00000000E+00
  2.70074802E+06  4.98968590E+06  1.13444704E-08  3.36767402E+04  4.26234728E-02  0.00000000E+00
  2.70109507E+06  4.98935120E+06  1.13460157E-08  3.36683853E+04  4.25840234E-02  0.00000000E+00
  2.70144212E+06  4.98901651E+06  1.13475613E-08  3.36600415E+04  4.25446351E-02  0.00000000E+00
  2.70178917E+06  4.98868181E+06  1.13491071E-08  3.36517090E+04  4.25053078E-02  0.00000000E+00
  2.70213622E+06  4.98834712E+06  1.13506530E-08  3.36433876E+04  4.24660414E-02  0.00000000E+00
  2.70248327E+06  4.98801242E+06  1.13521992E-08  3.36350773E+04  4.24268357E-02  0.00000000E+00
  2.70283032E+06  4.98767773E+06  1.13537456E-08  3.36267781E+04  4.23876907E-02  0.00000000E+00
  2.70317737E+06  4.98734303E+06  1.13552922E-08  3.36184901E+04  4.23486063E-02  0.00000000E+00
  2.70352443E+06  4.98700833E+06  1.13568390E-08  3.36102131E+04  4.23095823E-02  0.00000000E+00
  2.70387148E+06  4.98667364E+06  1.13583860E-08  3.36019472E+04  4.22706187E-02  0.00000000E+00
  2.70421853E+06  4.98633894E+06  1.13599333E-08  3.35936924E+04  4.22317154E-02  0.00000000E+00
  2.70456558E+06  4.98600424E+06  1.13614807E-08  3.35854486E+04  4.21928723E-02  0.00000000E+00
  2.70491263E+06  4.98566955E+06  1.13630283E-08  3.35772158E+04  4.21540892E-02  0.00000000E+00
  2.70525968E+06  4.98533485E+06  1.13645762E-08  3.35689941E+04  4.21153660E-02  0.00000000E+00
  2.70560673E+06  4.98500015E+06  1.13661242E-08  3.35607833E+04  4.20767028E-02  0.00000000E+00
  2.70595378E+06  4.98466546E+06  1.13676725E-08  3.35525836E+04  4.20380993E-02  0.00000000E+00
  2.70630083E+06  4.98433076E+06  1.13692210E-08  3.35443948E+04  4.19995555E-02  0.00000000E+00
  2.70664788E+06  4.98399606E+06  1.13707696E-08  3.35362170E+04  4.19610712E-02  0.00000000E+00
  2.70699493E+06  4.98366136E+06  1.13723185E-08  3.35280501E+04  4.19226464E-02  0.00000000E+00
  2.70734198E+06  4.98332666E+06  1.13738676E-08  3.35198942E+04  4.18842810E-02  0.00000000E+00
  2.70768903E+06  4.98299197E+06  1.13754169E-08  3.35117491E+04  4.18459748E-02  0.00000000E+00
  2.70803608E+06  4.98265727E+06  1.13769664E-08  3.35036150E+04  4.18077278E-02  0.00000000E+00
  2.70838313E+06  4.98232257E+06  1.13785162E-08  3.34954917E+04  4.17695399E-02  0.00000000E+00
  2.70873018E+06  4.98198787E+06  1.13800661E-08  3.34873793E+04  4.17314110E-02  0.00000000E+00
  2.70907724E+06  4.98165317E+06  1.13816162E-08  3.34792778E+04  4.16933410E-02  0.00000000E+00
  2.70942429E+06  4.98131847E+06  1.13831666E-08  3.34711871E+04  4.16553297E-02  0.00000000E+00
  2.70977134E+06  4.98098377E+06  1.13847171E-08  3.34631072E+04  4.16173772E-02  0.00000000E+00
  2.71011839E+06  4.98064907E+06  1.13862679E-08  3.34550382E+04  4.15794832E-02  0.00000000E+00
  2.71046544E+06  4.98031437E+06  1.13878189E-08  3.34469799E+04  4.15416478E-02  0.00000000E+00
  2.71081249E+06  4.97997967E+06  1.13893701E-08  3.34389324E+04  4.15038707E-02  0.00000000E+00
  2.71115954E+06  4.97964497E+06  1.13909215E-08  3.34308957E+04  4.14661520E-02  0.00000000E+00
  2.71150659E+06  4.97931027E+06  1.13924731E-08  3.34228697E+04  4.14284915E-02  0.00000000E+00
  2.71185364E+06  4.97897557E+06  1.13940249E-08  3.34148545E+04  4.13908891E-02  0.00000000E+00
  2.71220069E+06  4.97864087E+06  1.13955769E-08  3.34068500E+04  4.13533447E-02  0.00000000E+00
  2.71254774E+06  4.97830617E+06  1.13971291E-08  3.33988562E+04  4.13158583E-02  0.00000000E+00
  2.71289479E+06  4.97797147E+06  1.13986816E-08  3.33908732E+04  4.12784297E-02  0.00000000E+00
  2.71324184E+06  4.97763677E+06  1.14002342E-08  3.33829007E+04  4.12410589E-02  0.00000000E+00
  2.71358889E+06  4.97730207E+06  1.14017871E-08  3.33749390E+04  4.12037457E-02  0.00000000E+00
  2.71393594E+06  4.97696736E+06  1.14033401E-08  3.33669879E+04  4.11664901E-02  0.00000000E+00
  2.71428300E+06  4.97663266E+06  1.14048934E-08  3.33590475E+04  4.11292920E-02  0.00000000E+00
  2.71463005E+06  4.97629796E+06  1.14064469E-08  3.33511177E+04  4.10921513E-02  0.00000000E+00
  2.71497710E+06  4.97596326E+06  1.14080006E-08  3.33431984E+04  4.10550678E-02  0.00000000E+00
  2.71532415E+06  4.97562856E+06  1.14095545E-08  3.33352898E+04  4.10180415E-02  0.00000000E+00
  2.71567120E+06  4.97529385E+06  1.14111086E-08  3.33273918E+04  4.09810724E-02  0.00000000E+00
  2.71601825E+06  4.97495915E+06  1.14126629E-08  3.33195043E+04  4.09441603E-02  0.00000000E+00
  2.71636530E+06  4.97462445E+06  1.14142175E-08  3.33116274E+04  4.09073051E-02  0.00000000E+00
  2.71671235E+06  4.97428974E+06  1.14157722E-08  3.33037610E+04  4.08705067E-02  0.00000000E+00
  2.71705940E+06  4.97395504E+06  1.14173271E-08  3.32959052E+04  4.08337651E-02  0.00000000E+00
  2.71740645E+06  4.97362034E+06  1.14188823E-08  3.32880598E+04  4.07970802E-02  0.00000000E+00
  2.71775350E+06  4.97328563E+06  1.14204377E-08  3.32802250E+04  4.07604518E-02  0.00000000E+00
  2.71810055E+06  4.97295093E+06  1.14219933E-08  3.32724007E+04  4.07238799E-02  0.00000000E+00
  2.71844760E+06  4.97261623E+06  1.14235490E-08  3.32645868E+04  4.06873644E-02  0.00000000E+00
  2.71879465E+06  4.97228152E+06  1.14251050E-08  3.32567833E+04  4.06509052E-02  0.00000000E+00
  2.71914170E+06  4.97194682E+06  1.14266613E-08  3.32489903E+04  4.06145023E-02  0.00000000E+00
  2.71948875E+06  4.97161211E+06  1.14282177E-08  3.32412078E+04  4.05781554E-02  0.00000000E+00
  2.71983581E+06  4.97127741E+06  1.14297743E-08  3.32334356E+04  4.05418646E-02  0.00000000E+00
  2.72018286E+06  4.97094270E+06  1.14313311E-08  3.32256739E+04  4.05056298E-02  0.00000000E+00
  2.72052991E+06  4.97060800E+06  1.14328882E-08  3.32179225E+04  4.04694508E-02  0.00000000E+00
  2.72087696E+06  4.97027329E+06  1.14344455E-08  3.32101815E+04  4.04333276E-02  0.00000000E+00
  2.72122401E+06  4.96993859E+06  1.14360029E-08  3.32024509E+04  4.03972601E-02  0.00000000E+00
  2.72157106E+06  4.96960388E+06  1.14375606E-08  3.31947306E+04  4.03612481E-02  0.00000000E+00
  2.72191811E+06  4.96926918E+06  1.14391185E-08  3.31870206E+04  4.03252918E-02  0.00000000E+00
  2.72226516E+06  4.96893447E+06  1.14406766E-08  3.31793210E+04  4.02893908E-02  0.00000000E+00
  2.72261221E+06  4.96859976E+06  1.14422349E-08  3.31716316E+04  4.02535452E-02  0.00000000E+00
  2.72295926E+06  4.96826506E+06  1.14437934E-08  3.31639526E+04  4.02177549E-02  0.00000000E+00
  2.72330631E+06  4.96793035E+06  1.14453522E-08  3.31562838E+04  4.01820197E-02  0.00000000E+00
  2.72365336E+06  4.96759564E+06  1.14469111E-08  3.31486253E+04  4.01463396E-02  0.00000000E+00
  2.72400041E+06  4.96726094E+06  1.14484703E-08  3.31409770E+04  4.01107145E-02  0.00000000E+00
  2.72434746E+06  4.96692623E+06  1.14500296E-08  3.31333390E+04  4.00751444E-02  0.00000000E+00
  2.72469451E+06  4.96659152E+06  1.14515892E-08  3.31257112E+04  4.00396291E-02  0.00000000E+00
  2.72504156E+06  4.96625681E+06  1.14531490E-08  3.31180935E+04  4.00041685E-02  0.00000000E+00
  2.72538862E+06  4.96592211E+06  1.14547090E-08  3.31104861E+04  3.99687626E-02  0.00000000E+00
  2.72573567E+06  4.96558740E+06  1.14562692E-08  3.31028889E+04  3.99334113E-02  0.00000000E+00
  2.72608272E+06  4.96525269E+06  1.14578296E-08  3.30953018E+04  3.98981145E-02  0.00000000E+00
  2.72642977E+06  4.96491798E+06  1.14593902E-08  3.30877249E+04  3.98628721E-02  0.00000000E+00
  2.72677682E+06  4.96458328E+06  1.14609511E-08  3.30801581E+04  3.98276841E-02  0.00000000E+00
  2.72712387E+06  4.96424857E+06  1.14625121E-08  3.30726014E+04  3.97925503E-02  0.00000000E+00
  2.72747092E+06  4.96391386E+06  1.14640734E-08  3.30650549E+04  3.97574707E-02  0.00000000E+00
  2.72781797E+06  4.96357915E+06  1.14656349E-08  3.30575184E+04  3.97224451E-02  0.00000000E+00
  2.72816502E+06  4.96324444E+06  1.14671965E-08  3.30499921E+04  3.96874736E-02  0.00000000E+00
  2.72851207E+06  4.96290973E+06  1.14687584E-08  3.30424758E+04  3.96525560E-02  0.00000000E+00
  2.72885912E+06  4.96257502E+06  1.14703205E-08  3.30349695E+04  3.96176922E-02  0.00000000E+00
  2.72920617E+06  4.96224031E+06  1.14718828E-08  3.30274733E+04  3.95828821E-02  0.00000000E+00
  2.72955322E+06  4.96190560E+06  1.14734454E-08  3.30199872E+04  3.95481258E-02  0.00000000E+00
  2.72990027E+06  4.96157089E+06  1.14750081E-08  3.30125110E+04  3.95134230E-02  0.00000000E+00
  2.73024732E+06  4.96123618E+06  1.14765711E-08  3.30050449E+04  3.94787738E-02  0.00000000E+00
  2.73059437E+06  4.96090147E+06  1.14781342E-08  3.29975887E+04  3.94441780E-02  0.00000000E+00
  2.73094143E+06  4.96056676E+06  1.14796976E-08  3.29901426E+04  3.94096355E-02  0.00000000E+00
  2.73128848E+06  4.96023205E+06  1.14812612E-08  3.29827063E+04  3.93751463E-02  0.00000000E+00
  2.73163553E+06  4.95989734E+06  1.14828250E-08  3.29752801E+04  3.93407103E-02  0.00000000E+00
  2.73198258E+06  4.95956263E+06  1.14843890E-08  3.29678637E+04  3.93063274E-02  0.00000000E+00
  2.73232963E+06  4.95922792E+06  1.14859532E-08  3.29604573E+04  3.92719975E-02  0.00000000E+00
  2.73267668E+06  4.95889321E+06  1.14875176E-08  3.29530608E+04  3.92377205E-02  0.00000000E+00
  2.73302373E+06  4.95855850E+06  1.14890823E-08  3.29456742E+04  3.92034965E-02  0.00000000E+00
  2.73337078E+06  4.95822379E+06  1.14906471E-08  3.29382975E+04  3.91693252E-02  0.00000000E+00
  2.73371783E+06  4.95788908E+06  1.14922122E-08  3.29309307E+04  3.91352066E-02  0.00000000E+00
  2.73406488E+06  4.95755436E+06  1.14937775E-08  3.29235737E+04  3.91011406E-02  0.00000000E+00
  2.73441193E+06  4.95721965E+06  1.14953429E-08  3.29162265E+04  3.90671272E-02  0.00000000E+00
  2.73475898E+06  4.95688494E+06  1.14969086E-08  3.29088892E+04  3.90331663E-02  0.00000000E+00
  2.73510603E+06  4.95655023E+06  1.14984746E-08  3.29015617E+04  3.89992578E-02  0.00000000E+00
  2.73545308E+06  4.95621551E+06  1.15000407E-08  3.28942440E+04  3.89654015E-02  0.00000000E+00
  2.73580013E+06  4.95588080E+06  1.15016070E-08  3.28869361E+04  3.89315975E-02  0.00000000E+00
  2.73614718E+06  4.95554609E+06  1.15031736E-08  3.28796380E+04  3.88978457E-02  0.00000000E+00
  2.73649424E+06  4.95521138E+06  1.15047403E-08  3.28723497E+04  3.88641459E-02  0.00000000E+00
  2.73684129E+06  4.95487666E+06  1.15063073E-08  3.28650711E+04  3.88304981E-02  0.00000000E+00
  2.73718834E+06  4.95454195E+06  1.15078745E-08  3.28578022E+04  3.87969022E-02  0.00000000E+00
  2.73753539E+06  4.95420724E+06  1.15094419E-08  3.28505430E+04  3.87633582E-02  0.00000000E+00
  2.73788244E+06  4.95387252E+06  1.15110095E-08  3.28432936E+04  3.87298659E-02  0.00000000E+00
  2.73822949E+06  4.95353781E+06  1.15125773E-08  3.28360539E+04  3.86964253E-02  0.00000000E+00
  2.73857654E+06  4.95320310E+06  1.15141453E-08  3.28288239E+04  3.86630363E-02  0.00000000E+00
  2.73892359E+06  4.95286838E+06  1.15157136E-08  3.28216035E+04  3.86296989E-02  0.00000000E+00
  2.73927064E+06  4.95253367E+06  1.15172820E-08  3.28143928E+04  3.85964129E-02  0.00000000E+00
  2.73961769E+06  4.95219895E+06  1.15188507E-08  3.28071917E+04  3.85631783E-02  0.00000000E+00
  2.73996474E+06  4.95186424E+06  1.15204196E-08  3.28000003E+04  3.85299949E-02  0.00000000E+00
  2.74031179E+06  4.95152952E+06  1.15219887E-08  3.27928185E+04  3.84968628E-02  0.00000000E+00
  2.74065884E+06  4.95119481E+06  1.15235580E-08  3.27856463E+04  3.84637818E-02  0.00000000E+00
  2.74100589E+06  4.95086009E+06  1.15251275E-08  3.27784837E+04  3.84307519E-02  0.00000000E+00
  2.74135294E+06  4.95052538E+06  1.15266972E-08  3.27713307E+04  3.83977730E-02  0.00000000E+00
  2.74169999E+06  4.95019066E+06  1.15282672E-08  3.27641873E+04  3.83648450E-02  0.00000000E+00
  2.74204705E+06  4.94985595E+06  1.15298373E-08  3.27570534E+04  3.83319679E-02  0.00000000E+00
  2.74239410E+06  4.94952123E+06  1.15314077E-08  3.27499291E+04  3.82991415E-02  0.00000000E+00
  2.74274115E+06  4.94918652E+06  1.15329783E-08  3.27428143E+04  3.82663657E-02  0.00000000E+00
  2.74308820E+06  4.94885180E+06  1.15345491E-08  3.27357090E+04  3.82336406E-02  0.00000000E+00
  2.74343525E+06  4.94851709E+06  1.15361201E-08  3.27286132E+04  3.82009660E-02  0.00000000E+00
  2.74378230E+06  4.94818237E+06  1.15376913E-08  3.27215269E+04  3.81683419E-02  0.00000000E+00
  2.74412935E+06  4.94784765E+06  1.15392627E-08  3.27144501E+04  3.81357682E-02  0.00000000E+00
  2.74447640E+06  4.94751294E+06  1.15408344E-08  3.27073828E+04  3.81032448E-02  0.00000000E+00
  2.74482345E+06  4.94717822E+06  1.15424062E-08  3.27003249E+04  3.80707715E-02  0.00000000E+00
  2.74517050E+06  4.94684350E+06  1.15439783E-08  3.26932765E+04  3.80383485E-02  0.00000000E+00
  2.74551755E+06  4.94650879E+06  1.15455506E-08  3.26862375E+04  3.80059755E-02  0.00000000E+00
  2.74586460E+06  4.94617407E+06  1.15471231E-08  3.26792079E+04  3.79736526E-02  0.00000000E+00
  2.74621165E+06  4.94583935E+06  1.15486958E-08  3.26721877E+04  3.79413795E-02  0.00000000E+00
  2.74655870E+06  4.94550463E+06  1.15502687E-08  3.26651769E+04  3.79091564E-02  0.00000000E+00
  2.74690575E+06  4.94516992E+06  1.15518419E-08  3.26581755E+04  3.78769830E-02  0.00000000E+00
  2.74725281E+06  4.94483520E+06  1.15534152E-08  3.26511835E+04  3.78448593E-02  0.00000000E+00
  2.74759986E+06  4.94450048E+06  1.15549888E-08  3.26442008E+04  3.78127852E-02  0.00000000E+00
  2.74794691E+06  4.94416576E+06  1.15565626E-08  3.26372275E+04  3.77807607E-02  0.00000000E+00
  2.74829396E+06  4.94383104E+06  1.15581366E-08  3.26302635E+04  3.77487857E-02  0.00000000E+00
  2.74864101E+06  4.94349633E+06  1.15597108E-08  3.26233088E+04  3.77168601E-02  0.00000000E+00
  2.74898806E+06  4.94316161E+06  1.15612852E-08  3.26163634E+04  3.76849839E-02  0.00000000E+00
  2.74933511E+06  4.94282689E+06  1.15628598E-08  3.26094273E+04  3.76531569E-02  0.00000000E+00
  2.74968216E+06  4.94249217E+06  1.15644347E-08  3.26025005E+04  3.76213790E-02  0.00000000E+00
  2.75002921E+06  4.94215745E+06  1.15660097E-08  3.25955830E+04  3.75896503E-02  0.00000000E+00
  2.75037626E+06  4.94182273E+06  1.15675850E-08  3.25886747E+04  3.75579707E-02  0.00000000E+00
  2.75072331E+06  4.94148801E+06  1.15691605E-08  3.25817757E+04  3.75263400E-02  0.00000000E+00
  2.75107036E+06  4.94115329E+06  1.15707362E-08  3.25748859E+04  3.74947582E-02  0.00000000E+00
  2.75141741E+06  4.94081857E+06  1.15723121E-08  3.25680053E+04  3.74632252E-02  0.00000000E+00
  2.75176446E+06  4.94048385E+06  1.15738882E-08  3.25611339E+04  3.74317410E-02  0.00000000E+00
  2.75211151E+06  4.94014913E+06  1.15754646E-08  3.25542717E+04  3.74003055E-02  0.00000000E+00
  2.75245856E+06  4.93981441E+06  1.15770411E-08  3.25474187E+04  3.73689185E-02  0.00000000E+00
  2.75280562E+06  4.93947969E+06  1.15786179E-08  3.25405749E+04  3.73375801E-02  0.00000000E+00
  2.75315267E+06  4.93914497E+06  1.15801949E-08  3.25337402E+04  3.73062901E-02  0.00000000E+00
  2.75349972E+06  4.93881025E+06  1.15817721E-08  3.25269147E+04  3.72750485E-02  0.00000000E+00
  2.75384677E+06  4.93847553E+06  1.15833495E-08  3.25200983E+04  3.72438553E-02  0.00000000E+00
  2.75419382E+06  4.93814081E+06  1.15849271E-08  3.25132910E+04  3.72127103E-02  0.00000000E+00
  2.75454087E+06  4.93780609E+06  1.15865050E-08  3.25064928E+04  3.71816134E-02  0.00000000E+00
  2.75488792E+06  4.93747137E+06  1.15880830E-08  3.24997037E+04  3.71505646E-02  0.00000000E+00
  2.75523497E+06  4.93713665E+06  1.15896613E-08  3.24929237E+04  3.71195639E-02  0.00000000E+00
  2.75558202E+06  4.93680193E+06  1.15912398E-08  3.24861528E+04  3.70886111E-02  0.00000000E+00
  2.75592907E+06  4.93646721E+06  1.15928185E-08  3.24793910E+04  3.70577062E-02  0.00000000E+00
  2.75627612E+06  4.93613248E+06  1.15943974E-08  3.24726381E+04  3.70268491E-02  0.00000000E+00
  2.75662317E+06  4.93579776E+06  1.15959765E-08  3.24658944E+04  3.69960397E-02  0.00000000E+00
  2.75697022E+06  4.93546304E+06  1.15975559E-08  3.24591596E+04  3.69652780E-02  0.00000000E+00
  2.75731727E+06  4.93512832E+06  1.15991354E-08  3.24524339E+04  3.69345639E-02  0.00000000E+00
  2.75766432E+06  4.93479360E+06  1.16007152E-08  3.24457171E+04  3.69038973E-02  0.00000000E+00
  2.75801137E+06  4.93445887E+06  1.16022952E-08  3.24390094E+04  3.68732781E-02  0.00000000E+00
  2.75835843E+06  4.93412415E+06  1.16038754E-08  3.24323106E+04  3.68427064E-02  0.00000000E+00
  2.75870548E+06  4.93378943E+06  1.16054558E-08  3.24256208E+04  3.68121819E-02  0.00000000E+00
  2.75905253E+06  4.93345471E+06  1.16070364E-08  3.24189399E+04  3.67817047E-02  0.00000000E+00
  2.75939958E+06  4.93311998E+06  1.16086173E-08  3.24122680E+04  3.67512746E-02  0.00000000E+00
  2.75974663E+06  4.93278526E+06  1.16101984E-08  3.24056050E+04  3.67208916E-02  0.00000000E+00
  2.76009368E+06  4.93245054E+06  1.16117796E-08  3.23989509E+04  3.66905557E-02  0.00000000E+00
  2.76044073E+06  4.93211581E+06  1.16133611E-08  3.23923057E+04  3.66602667E-02  0.00000000E+00
  2.76078778E+06  4.93178109E+06  1.16149428E-08  3.23856694E+04  3.66300246E-02  0.00000000E+00
  2.76113483E+06  4.93144637E+06  1.16165247E-08  3.23790420E+04  3.65998293E-02  0.00000000E+00
  2.76148188E+06  4.93111164E+06  1.16181069E-08  3.23724235E+04  3.65696807E-02  0.00000000E+00
  2.76182893E+06  4.93077692E+06  1.16196892E-08  3.23658138E+04  3.65395788E-02  0.00000000E+00
  2.76217598E+06  4.93044219E+06  1.16212718E-08  3.23592129E+04  3.65095235E-02  0.00000000E+00
  2.76252303E+06  4.93010747E+06  1.16228546E-08  3.23526209E+04  3.64795147E-02  0.00000000E+00
  2.76287008E+06  4.92977275E+06  1.16244376E-08  3.23460377E+04  3.64495524E-02  0.00000000E+00
  2.76321713E+06  4.92943802E+06  1.16260208E-08  3.23394633E+04  3.64196365E-02  0.00000000E+00
  2.76356418E+06  4.92910330E+06  1.16276042E-08  3.23328978E+04  3.63897669E-02  0.00000000E+00
  2.76391124E+06  4.92876857E+06  1.16291879E-08  3.23263410E+04  3.63599435E-02  0.00000000E+00
  2.76425829E+06  4.92843385E+06  1.16307717E-08  3.23197929E+04  3.63301663E-02  0.00000000E+00
  2.76460534E+06  4.92809912E+06  1.16323558E-08  3.23132537E+04  3.63004352E-02  0.00000000E+00
  2.76495239E+06  4.92776440E+06  1.16339401E-08  3.23067232E+04  3.62707502E-02  0.00000000E+00
  2.76529944E+06  4.92742967E+06  1.16355246E-08  3.23002014E+04  3.62411111E-02  0.00000000E+00
  2.76564649E+06  4.92709495E+06  1.16371093E-08  3.22936883E+04  3.62115180E-02  0.00000000E+00
  2.76599354E+06  4.92676022E+06  1.16386942E-08  3.22871840E+04  3.61819706E-02  0.00000000E+00
  2.76634059E+06  4.92642550E+06  1.16402794E-08  3.22806884E+04  3.61524691E-02  0.00000000E+00
  2.76668764E+06  4.92609077E+06  1.16418648E-08  3.22742014E+04  3.61230132E-02  0.00000000E+00
  2.76703469E+06  4.92575604E+06  1.16434503E-08  3.22677231E+04  3.60936029E-02  0.00000000E+00
  2.76738174E+06  4.92542132E+06  1.16450361E-08  3.22612536E+04  3.60642382E-02  0.00000000E+00
  2.76772879E+06  4.92508659E+06  1.16466222E-08  3.22547926E+04  3.60349189E-02  0.00000000E+00
  2.76807584E+06  4.92475186E+06  1.16482084E-08  3.22483403E+04  3.60056451E-02  0.00000000E+00
  2.76842289E+06  4.92441714E+06  1.16497948E-08  3.22418967E+04  3.59764166E-02  0.00000000E+00
  2.76876994E+06  4.92408241E+06  1.16513815E-08  3.22354616E+04  3.59472334E-02  0.00000000E+00
  2.76911699E+06  4.92374768E+06  1.16529684E-08  3.22290352E+04  3.59180955E-02  0.00000000E+00
  2.76946405E+06  4.92341296E+06  1.16545555E-08  3.22226174E+04  3.58890026E-02  0.00000000E+00
  2.76981110E+06  4.92307823E+06  1.16561428E-08  3.22162081E+04  3.58599548E-02  0.00000000E+00
  2.77015815E+06  4.92274350E+06  1.16577303E-08  3.22098075E+04  3.58309520E-02  0.00000000E+00
  2.77050520E+06  4.92240878E+06  1.16593180E-08  3.22034154E+04  3.58019942E-02  0.00000000E+00
  2.77085225E+06  4.92207405E+06  1.16609060E-08  3.21970318E+04  3.57730812E-02  0.00000000E+00
  2.77119930E+06  4.92173932E+06  1.16624942E-08  3.21906568E+04  3.57442130E-02  0.00000000E+00
  2.77154635E+06  4.92140459E+06  1.16640826E-08  3.21842903E+04  3.57153895E-02  0.00000000E+00
  2.77189340E+06  4.92106987E+06  1.16656712E-08  3.21779324E+04  3.56866107E-02  0.00000000E+00
  2.77224045E+06  4.92073514E+06  1.16672600E-08  3.21715829E+04  3.56578765E-02  0.00000000E+00
  2.77258750E+06  4.92040041E+06  1.16688490E-08  3.21652420E+04  3.56291868E-02  0.00000000E+00
  2.77293455E+06  4.92006568E+06  1.16704383E-08  3.21589095E+04  3.56005416E-02  0.00000000E+00
  2.77328160E+06  4.91973095E+06  1.16720278E-08  3.21525855E+04  3.55719407E-02  0.00000000E+00
  2.77362865E+06  4.91939622E+06  1.16736175E-08  3.21462700E+04  3.55433842E-02  0.00000000E+00
  2.77397570E+06  4.91906150E+06  1.16752074E-08  3.21399629E+04  3.55148719E-02  0.00000000E+00
  2.77432275E+06  4.91872677E+06  1.16767975E-08  3.21336642E+04  3.54864038E-02  0.00000000E+00
  2.77466981E+06  4.91839204E+06  1.16783878E-08  3.21273740E+04  3.54579798E-02  0.00000000E+00
  2.77501686E+06  4.91805731E+06  1.16799784E-08  3.21210922E+04  3.54295999E-02  0.00000000E+00
  2.77536391E+06  4.91772258E+06  1.16815692E-08  3.21148188E+04  3.54012639E-02  0.00000000E+00
  2.77571096E+06  4.91738785E+06  1.16831602E-08  3.21085538E+04  3.53729719E-02  0.00000000E+00
  2.77605801E+06  4.91705312E+06  1.16847514E-08  3.21022972E+04  3.53447237E-02  0.00000000E+00
  2.77640506E+06  4.91671839E+06  1.16594643E-08  3.20960489E+04  3.53969326E-02  0.00000000E+00
  2.77675211E+06  4.91638366E+06  1.16275720E-08  3.20898090E+04  3.54692990E-02  0.00000000E+00
  2.77709916E+06  4.91604893E+06  1.15958064E-08  3.20835775E+04  3.55417204E-02  0.00000000E+00
  2.77744621E+06  4.91571420E+06  1.15641670E-08  3.20773543E+04  3.56141962E-02  0.00000000E+00
  2.77779326E+06  4.91537947E+06  1.15326533E-08  3.20711394E+04  3.56867260E-02  0.00000000E+00
  2.77814031E+06  4.91504474E+06  1.15012648E-08  3.20649329E+04  3.57593092E-02  0.00000000E+00
  2.77848736E+06  4.91471001E+06  1.14700010E-08  3.20587346E+04  3.58319454E-02  0.00000000E+00
  2.77883441E+06  4.91437528E+06  1.14388614E-08  3.20525447E+04  3.59046341E-02  0.00000000E+00
  2.77918146E+06  4.91404055E+06  1.14078456E-08  3.20463630E+04  3.59773747E-02  0.00000000E+00
  2.77952851E+06  4.91370582E+06  1.13769530E-08  3.20401896E+04  3.60501669E-02  0.00000000E+00
  2.77987556E+06  4.91337109E+06  1.13461832E-08  3.20340244E+04  3.61230101E-02  0.00000000E+00
  2.78022262E+06  4.91303636E+06  1.13155356E-08  3.20278675E+04  3.61959037E-02  0.00000000E+00
  2.78056967E+06  4.91270163E+06  1.12850098E-08  3.20217189E+04  3.62688474E-02  0.00000000E+00
  2.78091672E+06  4.91236690E+06  1.12546053E-08  3.20155784E+04  3.63418406E-02  0.00000000E+00
  2.78126377E+06  4.91203216E+06  1.12243217E-08  3.20094462E+04  3.64148827E-02  0.00000000E+00
  2.78161082E+06  4.91169743E+06  1.11941584E-08  3.20033222E+04  3.64879733E-02  0.00000000E+00
  2.78195787E+06  4.91136270E+06  1.11641150E-08  3.19972064E+04  3.65611119E-02  0.00000000E+00
  2.78230492E+06  4.91102797E+06  1.11341910E-08  3.19910988E+04  3.66342980E-02  0.00000000E+00
  2.78265197E+06  4.91069324E+06  1.11043859E-08  3.19849993E+04  3.67075309E-02  0.00000000E+00
  2.78299902E+06  4.91035851E+06  1.10746994E-08  3.19789080E+04  3.67808103E-02  0.00000000E+00
  2.78334607E+06  4.91002377E+06  1.10451308E-08  3.19728248E+04  3.68541356E-02  0.00000000E+00
  2.78369312E+06  4.90968904E+06  1.10156797E-08  3.19667498E+04  3.69275063E-02  0.00000000E+00
  2.78404017E+06  4.90935431E+06  1.09863457E-08  3.19606830E+04  3.70009219E-02  0.00000000E+00
  2.78438722E+06  4.90901958E+06  1.09571284E-08  3.19546242E+04  3.70743818E-02  0.00000000E+00
  2.78473427E+06  4.90868484E+06  1.09280271E-08  3.19485735E+04  3.71478855E-02  0.00000000E+00
  2.78508132E+06  4.90835011E+06  1.08990416E-08  3.19425310E+04  3.72214324E-02  0.00000000E+00
  2.78542837E+06  4.90801538E+06  1.08701713E-08  3.19364965E+04  3.72950222E-02  0.00000000E+00
  2.78577543E+06  4.90768064E+06  1.08414158E-08  3.19304701E+04  3.73686541E-02  0.00000000E+00
  2.78612248E+06  4.90734591E+06  1.08127746E-08  3.19244518E+04  3.74423277E-02  0.00000000E+00
  2.78646953E+06  4.90701118E+06  1.07842473E-08  3.19184415E+04  3.75160425E-02  0.00000000E+00
  2.78681658E+06  4.90667644E+06  1.07558335E-08  3.19124392E+04  3.75897978E-02  0.00000000E+00
  2.78716363E+06  4.90634171E+06  1.07275326E-08  3.19064450E+04  3.76635932E-02  0.00000000E+00
  2.78751068E+06  4.90600698E+06  1.06993442E-08  3.19004588E+04  3.77374282E-02  0.00000000E+00
  2.78785773E+06  4.90567224E+06  1.06712680E-08  3.18944806E+04  3.78113021E-02  0.00000000E+00
  2.78820478E+06  4.90533751E+06  1.06433034E-08  3.18885105E+04  3.78852144E-02  0.00000000E+00
  2.78855183E+06  4.90500278E+06  1.06154500E-08  3.18825483E+04  3.79591646E-02  0.00000000E+00
  2.78889888E+06  4.90466804E+06  1.05877074E-08  3.18765940E+04  3.80331521E-02  0.00000000E+00
  2.78924593E+06  4.90433331E+06  1.05600752E-08  3.18706478E+04  3.81071764E-02  0.00000000E+00
  2.78959298E+06  4.90399857E+06  1.05325528E-08  3.18647095E+04  3.81812370E-02  0.00000000E+00
  2.78994003E+06  4.90366384E+06  1.05051399E-08  3.18587791E+04  3.82553332E-02  0.00000000E+00
  2.79028708E+06  4.90332910E+06  1.04778360E-08  3.18528567E+04  3.83294645E-02  0.00000000E+00
  2.79063413E+06  4.90299437E+06  1.04506408E-08  3.18469422E+04  3.84036303E-02  0.00000000E+00
  2.79098118E+06  4.90265964E+06  1.04235537E-08  3.18410357E+04  3.84778301E-02  0.00000000E+00
  2.79132824E+06  4.90232490E+06  1.03965744E-08  3.18351370E+04  3.85520633E-02  0.00000000E+00
  2.79167529E+06  4.90199017E+06  1.03697024E-08  3.18292462E+04  3.86263294E-02  0.00000000E+00
  2.79202234E+06  4.90165543E+06  1.03429373E-08  3.18233633E+04  3.87006278E-02  0.00000000E+00
  2.79236939E+06  4.90132069E+06  1.03162787E-08  3.18174883E+04  3.87749579E-02  0.00000000E+00
  2.79271644E+06  4.90098596E+06  1.02897262E-08  3.18116211E+04  3.88493191E-02  0.00000000E+00
  2.79306349E+06  4.90065122E+06  1.02632793E-08  3.18057618E+04  3.89237109E-02  0.00000000E+00
  2.79341054E+06  4.90031649E+06  1.02369377E-08  3.17999103E+04  3.89981327E-02  0.00000000E+00
  2.79375759E+06  4.89998175E+06  1.02107008E-08  3.17940667E+04  3.90725840E-02  0.00000000E+00
  2.79410464E+06  4.89964702E+06  1.01845684E-08  3.17882309E+04  3.91470640E-02  0.00000000E+00
  2.79445169E+06  4.89931228E+06  1.01585400E-08  3.17824029E+04  3.92215724E-02  0.00000000E+00
  2.79479874E+06  4.89897754E+06  1.01326151E-08  3.17765826E+04  3.92961084E-02  0.00000000E+00
  2.79514579E+06  4.89864281E+06  1.01067934E-08  3.17707702E+04  3.93706715E-02  0.00000000E+00
  2.79549284E+06  4.89830807E+06  1.00810745E-08  3.17649655E+04  3.94452611E-02  0.00000000E+00
  2.79583989E+06  4.89797334E+06  1.00554579E-08  3.17591687E+04  3.95198767E-02  0.00000000E+00
  2.79618694E+06  4.89763860E+06  1.00299433E-08  3.17533795E+04  3.95945176E-02  0.00000000E+00
  2.79653399E+06  4.89730386E+06  1.00045303E-08  3.17475981E+04  3.96691833E-02  0.00000000E+00
  2.79688105E+06  4.89696913E+06  9.97921840E-09  3.17418245E+04  3.97438731E-02  0.00000000E+00
  2.79722810E+06  4.89663439E+06  9.95400727E-09  3.17360586E+04  3.98185864E-02  0.00000000E+00
  2.79757515E+06  4.89629965E+06  9.92889649E-09  3.17303004E+04  3.98933228E-02  0.00000000E+00
  2.79792220E+06  4.89596491E+06  9.90388568E-09  3.17245499E+04  3.99680815E-02  0.00000000E+00
  2.79826925E+06  4.89563018E+06  9.87897444E-09  3.17188070E+04  4.00428620E-02  0.00000000E+00
  2.79861630E+06  4.89529544E+06  9.85416238E-09  3.17130719E+04  4.01176637E-02  0.00000000E+00
  2.79896335E+06  4.89496070E+06  9.82944910E-09  3.17073445E+04  4.01924860E-02  0.00000000E+00
  2.79931040E+06  4.89462596E+06  9.80483422E-09  3.17016247E+04  4.02673282E-02  0.00000000E+00
  2.79965745E+06  4.89429123E+06  9.78031735E-09  3.16959125E+04  4.03421899E-02  0.00000000E+00
  2.80000450E+06  4.89395649E+06  9.75589810E-09  3.16902080E+04  4.04170703E-02  0.00000000E+00
  2.80035155E+06  4.89362175E+06  9.73157609E-09  3.16845112E+04  4.04919688E-02  0.00000000E+00
  2.80069860E+06  4.89328701E+06  9.70735094E-09  3.16788220E+04  4.05668849E-02  0.00000000E+00
  2.80104565E+06  4.89295227E+06  9.68322226E-09  3.16731403E+04  4.06418180E-02  0.00000000E+00
  2.80139270E+06  4.89261754E+06  9.65918967E-09  3.16674663E+04  4.07167674E-02  0.00000000E+00
  2.80173975E+06  4.89228280E+06  9.63525280E-09  3.16617999E+04  4.07917325E-02  0.00000000E+00
  2.80208680E+06  4.89194806E+06  9.61141126E-09  3.16561410E+04  4.08667127E-02  0.00000000E+00
  2.80243386E+06  4.89161332E+06  9.58766469E-09  3.16504897E+04  4.09417074E-02  0.00000000E+00
  2.80278091E+06  4.89127858E+06  9.56401270E-09  3.16448460E+04  4.10167160E-02  0.00000000E+00
  2.80312796E+06  4.89094384E+06  9.54045492E-09  3.16392099E+04  4.10917379E-02  0.00000000E+00
  2.80347501E+06  4.89060910E+06  9.51699099E-09  3.16335812E+04  4.11667724E-02  0.00000000E+00
  2.80382206E+06  4.89027437E+06  9.49362054E-09  3.16279602E+04  4.12418189E-02  0.00000000E+00
  2.80416911E+06  4.88993963E+06  9.47034318E-09  3.16223466E+04  4.13168769E-02  0.00000000E+00
  2.80451616E+06  4.88960489E+06  9.44715857E-09  3.16167405E+04  4.13919456E-02  0.00000000E+00
  2.80486321E+06  4.88927015E+06  9.42406632E-09  3.16111420E+04  4.14670244E-02  0.00000000E+00
  2.80521026E+06  4.88893541E+06  9.40106609E-09  3.16055509E+04  4.15421128E-02  0.00000000E+00
  2.80555731E+06  4.88860067E+06  9.37815750E-09  3.15999673E+04  4.16172101E-02  0.00000000E+00
  2.80590436E+06  4.88826593E+06  9.35534019E-09  3.15943912E+04  4.16923157E-02  0.00000000E+00
  2.80625141E+06  4.88793119E+06  9.33261381E-09  3.15888225E+04  4.17674289E-02  0.00000000E+00
  2.80659846E+06  4.88759645E+06  9.30997799E-09  3.15832613E+04  4.18425491E-02  0.00000000E+00
  2.80694551E+06  4.88726171E+06  9.28743239E-09  3.15777076E+04  4.19176758E-02  0.00000000E+00
  2.80729256E+06  4.88692697E+06  9.26497663E-09  3.15721613E+04  4.19928081E-02  0.00000000E+00
  2.80763962E+06  4.88659223E+06  9.24261038E-09  3.15666223E+04  4.20679456E-02  0.00000000E+00
  2.80798667E+06  4.88625749E+06  9.22033327E-09  3.15610908E+04  4.21430876E-02  0.00000000E+00
  2.80833372E+06  4.88592275E+06  9.19814496E-09  3.15555668E+04  4.22182335E-02  0.00000000E+00
  2.80868077E+06  4.88558801E+06  9.17604509E-09  3.15500500E+04  4.22933825E-02  0.00000000E+00
  2.80902782E+06  4.88525327E+06  9.15403332E-09  3.15445407E+04  4.23685342E-02  0.00000000E+00
  2.80937487E+06  4.88491853E+06  9.13210930E-09  3.15390388E+04  4.24436877E-02  0.00000000E+00
  2.80972192E+06  4.88458378E+06  9.11027269E-09  3.15335442E+04  4.25188426E-02  0.00000000E+00
  2.81006897E+06  4.88424904E+06  9.08852313E-09  3.15280569E+04  4.25939981E-02  0.00000000E+00
  2.81041602E+06  4.88391430E+06  9.06686029E-09  3.15225770E+04  4.26691537E-02  0.00000000E+00
  2.81076307E+06  4.88357956E+06  9.04528382E-09  3.15171045E+04  4.27443086E-02  0.00000000E+00
  2.81111012E+06  4.88324482E+06  9.02379338E-09  3.15116392E+04  4.28194623E-02  0.00000000E+00
  2.81145717E+06  4.88291008E+06  9.00238865E-09  3.15061813E+04  4.28946140E-02  0.00000000E+00
  2.81180422E+06  4.88257534E+06  8.98106926E-09  3.15007307E+04  4.29697632E-02  0.00000000E+00
  2.81215127E+06  4.88224059E+06  8.95983490E-09  3.14952874E+04  4.30449092E-02  0.00000000E+00
  2.81249832E+06  4.88190585E+06  8.93868523E-09  3.14898513E+04  4.31200514E-02  0.00000000E+00
  2.81284537E+06  4.88157111E+06  8.91761990E-09  3.14844225E+04  4.31951890E-02  0.00000000E+00
  2.81319243E+06  4.88123637E+06  8.89663860E-09  3.14790010E+04  4.32703215E-02  0.00000000E+00
  2.81353948E+06  4.88090163E+06  8.87574098E-09  3.14735868E+04  4.33454482E-02  0.00000000E+00
  2.81388653E+06  4.88056688E+06  8.85492672E-09  3.14681797E+04  4.34205685E-02  0.00000000E+00
  2.81423358E+06  4.88023214E+06  8.83419550E-09  3.14627800E+04  4.34956816E-02  0.00000000E+00
  2.81458063E+06  4.87989740E+06  8.81354697E-09  3.14573874E+04  4.35707871E-02  0.00000000E+00
  2.81492768E+06  4.87956266E+06  8.79298082E-09  3.14520021E+04  4.36458841E-02  0.00000000E+00
  2.81527473E+06  4.87922791E+06  8.77249673E-09  3.14466239E+04  4.37209721E-02  0.00000000E+00
  2.81562178E+06  4.87889317E+06  8.75209436E-09  3.14412530E+04  4.37960504E-02  0.00000000E+00
  2.81596883E+06  4.87855843E+06  8.73177340E-09  3.14358893E+04  4.38711183E-02  0.00000000E+00
  2.81631588E+06  4.87822369E+06  8.71153352E-09  3.14305327E+04  4.39461752E-02  0.00000000E+00
  2.81666293E+06  4.87788894E+06  8.69137441E-09  3.14251833E+04  4.40212204E-02  0.00000000E+00
  2.81700998E+06  4.87755420E+06  8.67129575E-09  3.14198410E+04  4.40962533E-02  0.00000000E+00
  2.81735703E+06  4.87721946E+06  8.65129722E-09  3.14145059E+04  4.41712733E-02  0.00000000E+00
  2.81770408E+06  4.87688471E+06  8.63137851E-09  3.14091780E+04  4.42462796E-02  0.00000000E+00
  2.81805113E+06  4.87654997E+06  8.61153929E-09  3.14038571E+04  4.43212716E-02  0.00000000E+00
  2.81839818E+06  4.87621523E+06  8.59177926E-09  3.13985434E+04  4.43962486E-02  0.00000000E+00
  2.81874524E+06  4.87588048E+06  8.57209811E-09  3.13932368E+04  4.44712100E-02  0.00000000E+00
  2.81909229E+06  4.87554574E+06  8.55249552E-09  3.13879373E+04  4.45461552E-02  0.00000000E+00
  2.81943934E+06  4.87521099E+06  8.53297119E-09  3.13826449E+04  4.46210834E-02  0.00000000E+00
  2.81978639E+06  4.87487625E+06  8.51352480E-09  3.13773596E+04  4.46959941E-02  0.00000000E+00
  2.82013344E+06  4.87454151E+06  8.49415605E-09  3.13720813E+04  4.47708865E-02  0.00000000E+00
  2.82048049E+06  4.87420676E+06  8.47486464E-09  3.13668101E+04  4.48457600E-02  0.00000000E+00
  2.82082754E+06  4.87387202E+06  8.45565025E-09  3.13615460E+04  4.49206139E-02  0.00000000E+00
  2.82117459E+06  4.87353727E+06  8.43651259E-09  3.13562889E+04  4.49954475E-02  0.00000000E+00
  2.82152164E+06  4.87320253E+06  8.41745135E-09  3.13510388E+04  4.50702603E-02  0.00000000E+00
  2.82186869E+06  4.87286778E+06  8.39846623E-09  3.13457958E+04  4.51450515E-02  0.00000000E+00
  2.82221574E+06  4.87253304E+06  8.37955693E-09  3.13405598E+04  4.52198205E-02  0.00000000E+00
  2.82256279E+06  4.87219830E+06  8.36072316E-09  3.13353307E+04  4.52945667E-02  0.00000000E+00
  2.82290984E+06  4.87186355E+06  8.34196461E-09  3.13301087E+04  4.53692892E-02  0.00000000E+00
  2.82325689E+06  4.87152881E+06  8.32328099E-09  3.13248937E+04  4.54439876E-02  0.00000000E+00
  2.82360394E+06  4.87119406E+06  8.30467200E-09  3.13196856E+04  4.55186611E-02  0.00000000E+00
  2.82395099E+06  4.87085931E+06  8.28613735E-09  3.13144845E+04  4.55933091E-02  0.00000000E+00
  2.82429805E+06  4.87052457E+06  8.26767675E-09  3.13092904E+04  4.56679308E-02  0.00000000E+00
  2.82464510E+06  4.87018982E+06  8.24928990E-09  3.13041032E+04  4.57425257E-02  0.00000000E+00
  2.82499215E+06  4.86985508E+06  8.23097651E-09  3.12989230E+04  4.58170931E-02  0.00000000E+00
  2.82533920E+06  4.86952033E+06  8.21273630E-09  3.12937497E+04  4.58916323E-02  0.00000000E+00
  2.82568625E+06  4.86918559E+06  8.19456898E-09  3.12885833E+04  4.59661426E-02  0.00000000E+00
  2.82603330E+06  4.86885084E+06  8.17647425E-09  3.12834238E+04  4.60406234E-02  0.00000000E+00
  2.82638035E+06  4.86851610E+06  8.15845184E-09  3.12782713E+04  4.61150740E-02  0.00000000E+00
  2.82672740E+06  4.86818135E+06  8.14050145E-09  3.12731256E+04  4.61894938E-02  0.00000000E+00
  2.82707445E+06  4.86784660E+06  8.12262281E-09  3.12679868E+04  4.62638821E-02  0.00000000E+00
  2.82742150E+06  4.86751186E+06  8.10481562E-09  3.12628549E+04  4.63382382E-02  0.00000000E+00
  2.82776855E+06  4.86717711E+06  8.08707962E-09  3.12577298E+04  4.64125614E-02  0.00000000E+00
  2.82811560E+06  4.86684236E+06  8.06941452E-09  3.12526117E+04  4.64868511E-02  0.00000000E+00
  2.82846265E+06  4.86650762E+06  8.05182003E-09  3.12475003E+04  4.65611067E-02  0.00000000E+00
  2.82880970E+06  4.86617287E+06  8.03429589E-09  3.12423958E+04  4.66353275E-02  0.00000000E+00
  2.82915675E+06  4.86583813E+06  8.01684181E-09  3.12372981E+04  4.67095127E-02  0.00000000E+00
  2.82950380E+06  4.86550338E+06  7.99945752E-09  3.12322073E+04  4.67836618E-02  0.00000000E+00
  2.82985086E+06  4.86516863E+06  7.98214274E-09  3.12271233E+04  4.68577741E-02  0.00000000E+00
  2.83019791E+06  4.86483388E+06  7.96489720E-09  3.12220460E+04  4.69318489E-02  0.00000000E+00
  2.83054496E+06  4.86449914E+06  7.94772063E-09  3.12169756E+04  4.70058855E-02  0.00000000E+00
  2.83089201E+06  4.86416439E+06  7.93061275E-09  3.12119119E+04  4.70798833E-02  0.00000000E+00
  2.83123906E+06  4.86382964E+06  7.91357329E-09  3.12068550E+04  4.71538417E-02  0.00000000E+00
  2.83158611E+06  4.86349490E+06  7.89660199E-09  3.12018049E+04  4.72277599E-02  0.00000000E+00
  2.83193316E+06  4.86316015E+06  7.87969858E-09  3.11967616E+04  4.73016374E-02  0.00000000E+00
  2.83228021E+06  4.86282540E+06  7.86286278E-09  3.11917249E+04  4.73754733E-02  0.00000000E+00
  2.83262726E+06  4.86249065E+06  7.84609433E-09  3.11866951E+04  4.74492672E-02  0.00000000E+00
  2.83297431E+06  4.86215591E+06  7.82939297E-09  3.11816719E+04  4.75230182E-02  0.00000000E+00
  2.83332136E+06  4.86182116E+06  7.81275844E-09  3.11766555E+04  4.75967259E-02  0.00000000E+00
  2.83366841E+06  4.86148641E+06  7.79619046E-09  3.11716458E+04  4.76703894E-02  0.00000000E+00
  2.83401546E+06  4.86115166E+06  7.77968877E-09  3.11666428E+04  4.77440082E-02  0.00000000E+00
  2.83436251E+06  4.86081691E+06  7.76325312E-09  3.11616465E+04  4.78175815E-02  0.00000000E+00
  2.83470956E+06  4.86048217E+06  7.74688325E-09  3.11566569E+04  4.78911088E-02  0.00000000E+00
  2.83505662E+06  4.86014742E+06  7.73057889E-09  3.11516739E+04  4.79645893E-02  0.00000000E+00
  2.83540367E+06  4.85981267E+06  7.71433979E-09  3.11466976E+04  4.80380225E-02  0.00000000E+00
  2.83575072E+06  4.85947792E+06  7.69816569E-09  3.11417280E+04  4.81114076E-02  0.00000000E+00
  2.83609777E+06  4.85914317E+06  7.68205634E-09  3.11367650E+04  4.81847440E-02  0.00000000E+00
  2.83644482E+06  4.85880842E+06  7.66601147E-09  3.11318087E+04  4.82580310E-02  0.00000000E+00
  2.83679187E+06  4.85847367E+06  7.65003084E-09  3.11268590E+04  4.83312680E-02  0.00000000E+00
  2.83713892E+06  4.85813893E+06  7.63411419E-09  3.11219159E+04  4.84044543E-02  0.00000000E+00
  2.83748597E+06  4.85780418E+06  7.61826127E-09  3.11169794E+04  4.84775894E-02  0.00000000E+00
  2.83783302E+06  4.85746943E+06  7.60247182E-09  3.11120496E+04  4.85506724E-02  0.00000000E+00
  2.83818007E+06  4.85713468E+06  7.58674561E-09  3.11071263E+04  4.86237028E-02  0.00000000E+00
  2.83852712E+06  4.85679993E+06  7.57108238E-09  3.11022096E+04  4.86966799E-02  0.00000000E+00
  2.83887417E+06  4.85646518E+06  7.55548188E-09  3.10972995E+04  4.87696031E-02  0.00000000E+00
  2.83922122E+06  4.85613043E+06  7.53994386E-09  3.10923960E+04  4.88424717E-02  0.00000000E+00
  2.83956827E+06  4.85579568E+06  7.52446808E-09  3.10874990E+04  4.89152851E-02  0.00000000E+00
  2.83991532E+06  4.85546093E+06  7.50905429E-09  3.10826086E+04  4.89880426E-02  0.00000000E+00
  2.84026237E+06  4.85512618E+06  7.49370225E-09  3.10777248E+04  4.90607436E-02  0.00000000E+00
  2.84060943E+06  4.85479143E+06  7.47841171E-09  3.10728474E+04  4.91333873E-02  0.00000000E+00
  2.84095648E+06  4.85445668E+06  7.46318244E-09  3.10679766E+04  4.92059733E-02  0.00000000E+00
  2.84130353E+06  4.85412193E+06  7.44801419E-09  3.10631123E+04  4.92785008E-02  0.00000000E+00
  2.84165058E+06  4.85378718E+06  7.43290672E-09  3.10582545E+04  4.93509692E-02  0.00000000E+00
  2.84199763E+06  4.85345243E+06  7.41785980E-09  3.10534033E+04  4.94233778E-02  0.00000000E+00
  2.84234468E+06  4.85311768E+06  7.40287317E-09  3.10485585E+04  4.94957260E-02  0.00000000E+00
  2.84269173E+06  4.85278293E+06  7.38794661E-09  3.10437202E+04  4.95680132E-02  0.00000000E+00
  2.84303878E+06  4.85244818E+06  7.37307988E-09  3.10388883E+04  4.96402387E-02  0.00000000E+00
  2.84338583E+06  4.85211343E+06  7.35827274E-09  3.10340629E+04  4.97124019E-02  0.00000000E+00
  2.84373288E+06  4.85177868E+06  7.34352496E-09  3.10292440E+04  4.97845022E-02  0.00000000E+00
  2.84407993E+06  4.85144393E+06  7.32883631E-09  3.10244316E+04  4.98565388E-02  0.00000000E+00
  2.84442698E+06  4.85110918E+06  7.31420654E-09  3.10196255E+04  4.99285112E-02  0.00000000E+00
  2.84477403E+06  4.85077443E+06  7.29963544E-09  3.10148259E+04  5.00004187E-02  0.00000000E+00
  2.84512108E+06  4.85043968E+06  7.28512276E-09  3.10100328E+04  5.00722608E-02  0.00000000E+00
  2.84546813E+06  4.85010493E+06  7.27066828E-09  3.10052460E+04  5.01440367E-02  0.00000000E+00
  2.84581518E+06  4.84977017E+06  7.25627177E-09  3.10004656E+04  5.02157458E-02  0.00000000E+00
  2.84616224E+06  4.84943542E+06  7.24193300E-09  3.09956917E+04  5.02873876E-02  0.00000000E+00
  2.84650929E+06  4.84910067E+06  7.22765174E-09  3.09909241E+04  5.03589613E-02  0.00000000E+00
  2.84685634E+06  4.84876592E+06  7.21342777E-09  3.09861629E+04  5.04304664E-02  0.00000000E+00
  2.84720339E+06  4.84843117E+06  7.19926086E-09  3.09814081E+04  5.05019021E-02  0.00000000E+00
  2.84755044E+06  4.84809642E+06  7.18515079E-09  3.09766596E+04  5.05732680E-02  0.00000000E+00
  2.84789749E+06  4.84776167E+06  7.17109732E-09  3.09719175E+04  5.06445634E-02  0.00000000E+00
  2.84824454E+06  4.84742691E+06  7.15710025E-09  3.09671818E+04  5.07157876E-02  0.00000000E+00
  2.84859159E+06  4.84709216E+06  7.14315934E-09  3.09624523E+04  5.07869400E-02  0.00000000E+00
  2.84893864E+06  4.84675741E+06  7.12927438E-09  3.09577292E+04  5.08580200E-02  0.00000000E+00
  2.84928569E+06  4.84642266E+06  7.11544514E-09  3.09530125E+04  5.09290270E-02  0.00000000E+00
  2.84963274E+06  4.84608791E+06  7.10167141E-09  3.09483020E+04  5.09999604E-02  0.00000000E+00
  2.84997979E+06  4.84575315E+06  7.08795296E-09  3.09435978E+04  5.10708195E-02  0.00000000E+00
  2.85032684E+06  4.84541840E+06  7.07428958E-09  3.09389000E+04  5.11416038E-02  0.00000000E+00
  2.85067389E+06  4.84508365E+06  7.06068106E-09  3.09342084E+04  5.12123126E-02  0.00000000E+00
  2.85102094E+06  4.84474890E+06  7.04712717E-09  3.09295231E+04  5.12829453E-02  0.00000000E+00
  2.85136799E+06  4.84441414E+06  7.03362770E-09  3.09248440E+04  5.13535013E-02  0.00000000E+00
  2.85171505E+06  4.84407939E+06  7.02018244E-09  3.09201712E+04  5.14239800E-02  0.00000000E+00
  2.85206210E+06  4.84374464E+06  7.00679117E-09  3.09155047E+04  5.14943807E-02  0.00000000E+00
  2.85240915E+06  4.84340989E+06  6.99345367E-09  3.09108444E+04  5.15647030E-02  0.00000000E+00
  2.85275620E+06  4.84307513E+06  6.98016975E-09  3.09061904E+04  5.16349461E-02  0.00000000E+00
  2.85310325E+06  4.84274038E+06  6.96693919E-09  3.09015426E+04  5.17051096E-02  0.00000000E+00
  2.85345030E+06  4.84240563E+06  6.95376177E-09  3.08969010E+04  5.17751926E-02  0.00000000E+00
  2.85379735E+06  4.84207087E+06  6.94063728E-09  3.08922656E+04  5.18451948E-02  0.00000000E+00
  2.85414440E+06  4.84173612E+06  6.92756553E-09  3.08876364E+04  5.19151154E-02  0.00000000E+00
  2.85449145E+06  4.84140137E+06  6.91454630E-09  3.08830134E+04  5.19849539E-02  0.00000000E+00
  2.85483850E+06  4.84106661E+06  6.90157938E-09  3.08783966E+04  5.20547097E-02  0.00000000E+00
  2.85518555E+06  4.84073186E+06  6.88866457E-09  3.08737860E+04  5.21243822E-02  0.00000000E+00
  2.85553260E+06  4.84039711E+06  6.87580167E-09  3.08691815E+04  5.21939708E-02  0.00000000E+00
  2.85587965E+06  4.84006235E+06  6.86299046E-09  3.08645832E+04  5.22634749E-02  0.00000000E+00
  2.85622670E+06  4.83972760E+06  6.85023074E-09  3.08599911E+04  5.23328939E-02  0.00000000E+00
  2.85657375E+06  4.83939285E+06  6.83752232E-09  3.08554051E+04  5.24022273E-02  0.00000000E+00
  2.85692080E+06  4.83905809E+06  6.82486499E-09  3.08508252E+04  5.24714744E-02  0.00000000E+00
  2.85726786E+06  4.83872334E+06  6.81225854E-09  3.08462515E+04  5.25406346E-02  0.00000000E+00
  2.85761491E+06  4.83838858E+06  6.79970279E-09  3.08416839E+04  5.26097075E-02  0.00000000E+00
  2.85796196E+06  4.83805383E+06  6.78719752E-09  3.08371224E+04  5.26786924E-02  0.00000000E+00
  2.85830901E+06  4.83771908E+06  6.77474254E-09  3.08325670E+04  5.27475887E-02  0.00000000E+00
  2.85865606E+06  4.83738432E+06  6.76233765E-09  3.08280176E+04  5.28163959E-02  0.00000000E+00
  2.85900311E+06  4.83704957E+06  6.74998266E-09  3.08234744E+04  5.28851134E-02  0.00000000E+00
  2.85935016E+06  4.83671481E+06  6.73767736E-09  3.08189373E+04  5.29537406E-02  0.00000000E+00
  2.85969721E+06  4.83638006E+06  6.72542157E-09  3.08144062E+04  5.30222769E-02  0.00000000E+00
  2.86004426E+06  4.83604530E+06  6.71321508E-09  3.08098812E+04  5.30907219E-02  0.00000000E+00
  2.86039131E+06  4.83571055E+06  6.70105771E-09  3.08053623E+04  5.31590748E-02  0.00000000E+00
  2.86073836E+06  4.83537579E+06  6.68894925E-09  3.08008494E+04  5.32273352E-02  0.00000000E+00
  2.86108541E+06  4.83504104E+06  6.67688952E-09  3.07963425E+04  5.32955025E-02  0.00000000E+00
  2.86143246E+06  4.83470628E+06  6.66487833E-09  3.07918416E+04  5.33635761E-02  0.00000000E+00
  2.86177951E+06  4.83437153E+06  6.65291547E-09  3.07873468E+04  5.34315555E-02  0.00000000E+00
  2.86212656E+06  4.83403677E+06  6.64100077E-09  3.07828580E+04  5.34994401E-02  0.00000000E+00
  2.86247361E+06  4.83370202E+06  6.62913404E-09  3.07783752E+04  5.35672294E-02  0.00000000E+00
  2.86282067E+06  4.83336726E+06  6.61731507E-09  3.07738984E+04  5.36349228E-02  0.00000000E+00
  2.86316772E+06  4.83303251E+06  6.60554370E-09  3.07694276E+04  5.37025198E-02  0.00000000E+00
  2.86351477E+06  4.83269775E+06  6.59381972E-09  3.07649628E+04  5.37700198E-02  0.00000000E+00
  2.86386182E+06  4.83236300E+06  6.58214295E-09  3.07605040E+04  5.38374223E-02  0.00000000E+00
  2.86420887E+06  4.83202824E+06  6.57051321E-09  3.07560511E+04  5.39047267E-02  0.00000000E+00
  2.86455592E+06  4.83169349E+06  6.55893031E-09  3.07516042E+04  5.39719325E-02  0.00000000E+00
  2.86490297E+06  4.83135873E+06  6.54739406E-09  3.07471632E+04  5.40390392E-02  0.00000000E+00
  2.86525002E+06  4.83102398E+06  6.53590429E-09  3.07427281E+04  5.41060462E-02  0.00000000E+00
  2.86559707E+06  4.83068922E+06  6.52446081E-09  3.07382990E+04  5.41729530E-02  0.00000000E+00
  2.86594412E+06  4.83035446E+06  6.51306343E-09  3.07338759E+04  5.42397591E-02  0.00000000E+00
  2.86629117E+06  4.83001971E+06  6.50171198E-09  3.07294586E+04  5.43064638E-02  0.00000000E+00
  2.86663822E+06  4.82968495E+06  6.49040627E-09  3.07250473E+04  5.43730668E-02  0.00000000E+00
  2.86698527E+06  4.82935019E+06  6.47914613E-09  3.07206418E+04  5.44395675E-02  0.00000000E+00
  2.86733232E+06  4.82901544E+06  6.46793137E-09  3.07162423E+04  5.45059653E-02  0.00000000E+00
  2.86767937E+06  4.82868068E+06  6.45676182E-09  3.07118486E+04  5.45722597E-02  0.00000000E+00
  2.86802643E+06  4.82834593E+06  6.44563729E-09  3.07074608E+04  5.46384503E-02  0.00000000E+00
  2.86837348E+06  4.82801117E+06  6.43455762E-09  3.07030789E+04  5.47045365E-02  0.00000000E+00
  2.86872053E+06  4.82767641E+06  6.42352262E-09  3.06987029E+04  5.47705177E-02  0.00000000E+00
  2.86906758E+06  4.82734166E+06  6.41253212E-09  3.06943327E+04  5.48363936E-02  0.00000000E+00
  2.86941463E+06  4.82700690E+06  6.40158594E-09  3.06899683E+04  5.49021635E-02  0.00000000E+00
  2.86976168E+06  4.82667214E+06  6.39068390E-09  3.06856098E+04  5.49678270E-02  0.00000000E+00
  2.87010873E+06  4.82633739E+06  6.37982585E-09  3.06812572E+04  5.50333835E-02  0.00000000E+00
  2.87045578E+06  4.82600263E+06  6.36901159E-09  3.06769103E+04  5.50988326E-02  0.00000000E+00
  2.87080283E+06  4.82566787E+06  6.35824096E-09  3.06725693E+04  5.51641738E-02  0.00000000E+00
  2.87114988E+06  4.82533311E+06  6.34751379E-09  3.06682341E+04  5.52294065E-02  0.00000000E+00
  2.87149693E+06  4.82499836E+06  6.33682990E-09  3.06639046E+04  5.52945303E-02  0.00000000E+00
  2.87184398E+06  4.82466360E+06  6.32618913E-09  3.06595810E+04  5.53595447E-02  0.00000000E+00
  2.87219103E+06  4.82432884E+06  6.31559130E-09  3.06552632E+04  5.54244492E-02  0.00000000E+00
  2.87253808E+06  4.82399408E+06  6.30503625E-09  3.06509511E+04  5.54892433E-02  0.00000000E+00
  2.87288513E+06  4.82365933E+06  6.29452381E-09  3.06466448E+04  5.55539266E-02  0.00000000E+00
  2.87323218E+06  4.82332457E+06  6.28405380E-09  3.06423443E+04  5.56184984E-02  0.00000000E+00
  2.87357924E+06  4.82298981E+06  6.27362607E-09  3.06380495E+04  5.56829585E-02  0.00000000E+00
  2.87392629E+06  4.82265505E+06  6.26324044E-09  3.06337604E+04  5.57473062E-02  0.00000000E+00
  2.87427334E+06  4.82232030E+06  6.25289676E-09  3.06294771E+04  5.58115411E-02  0.00000000E+00
  2.87462039E+06  4.82198554E+06  6.24259485E-09  3.06251996E+04  5.58756628E-02  0.00000000E+00
  2.87496744E+06  4.82165078E+06  6.23233455E-09  3.06209277E+04  5.59396708E-02  0.00000000E+00
  2.87531449E+06  4.82131602E+06  6.22211569E-09  3.06166616E+04  5.60035646E-02  0.00000000E+00
  2.87566154E+06  4.82098126E+06  6.21193812E-09  3.06124012E+04  5.60673437E-02  0.00000000E+00
  2.87600859E+06  4.82064651E+06  6.20180167E-09  3.06081465E+04  5.61310077E-02  0.00000000E+00
  2.87635564E+06  4.82031175E+06  6.19170618E-09  3.06038974E+04  5.61945562E-02  0.00000000E+00
  2.87670269E+06  4.81997699E+06  6.18165149E-09  3.05996541E+04  5.62579886E-02  0.00000000E+00
  2.87704974E+06  4.81964223E+06  6.17163743E-09  3.05954164E+04  5.63213046E-02  0.00000000E+00
  2.87739679E+06  4.81930747E+06  6.16166385E-09  3.05911845E+04  5.63845036E-02  0.00000000E+00
  2.87774384E+06  4.81897271E+06  6.15173059E-09  3.05869581E+04  5.64475852E-02  0.00000000E+00
  2.87809089E+06  4.81863796E+06  6.14183748E-09  3.05827375E+04  5.65105491E-02  0.00000000E+00
  2.87843794E+06  4.81830320E+06  6.13198438E-09  3.05785224E+04  5.65733947E-02  0.00000000E+00
  2.87878499E+06  4.81796844E+06  6.12217112E-09  3.05743130E+04  5.66361215E-02  0.00000000E+00
  2.87913205E+06  4.81763368E+06  6.11239754E-09  3.05701093E+04  5.66987293E-02  0.00000000E+00
  2.87947910E+06  4.81729892E+06  6.10266349E-09  3.05659112E+04  5.67612175E-02  0.00000000E+00
  2.87982615E+06  4.81696416E+06  6.09296882E-09  3.05617186E+04  5.68235857E-02  0.00000000E+00
  2.88017320E+06  4.81662940E+06  6.08331337E-09  3.05575317E+04  5.68858334E-02  0.00000000E+00
  2.88052025E+06  4.81629464E+06  6.07369698E-09  3.05533504E+04  5.69479603E-02  0.00000000E+00
  2.88086730E+06  4.81595988E+06  6.06411950E-09  3.05491747E+04  5.70099660E-02  0.00000000E+00
  2.88121435E+06  4.81562512E+06  6.05458078E-09  3.05450046E+04  5.70718499E-02  0.00000000E+00
  2.88156140E+06  4.81529036E+06  6.04508066E-09  3.05408401E+04  5.71336117E-02  0.00000000E+00
  2.88190845E+06  4.81495561E+06  6.03561900E-09  3.05366811E+04  5.71952511E-02  0.00000000E+00
  2.88225550E+06  4.81462085E+06  6.02619564E-09  3.05325277E+04  5.72567674E-02  0.00000000E+00
  2.88260255E+06  4.81428609E+06  6.01681042E-09  3.05283799E+04  5.73181605E-02  0.00000000E+00
  2.88294960E+06  4.81395133E+06  6.00746321E-09  3.05242376E+04  5.73794298E-02  0.00000000E+00
  2.88329665E+06  4.81361657E+06  5.99815385E-09  3.05201008E+04  5.74405749E-02  0.00000000E+00
  2.88364370E+06  4.81328181E+06  5.98888219E-09  3.05159696E+04  5.75015955E-02  0.00000000E+00
  2.88399075E+06  4.81294705E+06  5.97964808E-09  3.05118439E+04  5.75624911E-02  0.00000000E+00
  2.88433780E+06  4.81261229E+06  5.97045138E-09  3.05077237E+04  5.76232615E-02  0.00000000E+00
  2.88468486E+06  4.81227753E+06  5.96129194E-09  3.05036091E+04  5.76839060E-02  0.00000000E+00
  2.88503191E+06  4.81194277E+06  5.95216960E-09  3.04994999E+04  5.77444245E-02  0.00000000E+00
  2.88537896E+06  4.81160801E+06  5.94308423E-09  3.04953963E+04  5.78048164E-02  0.00000000E+00
  2.88572601E+06  4.81127325E+06  5.93403569E-09  3.04912981E+04  5.78650815E-02  0.00000000E+00
  2.88607306E+06  4.81093849E+06  5.92502381E-09  3.04872055E+04  5.79252193E-02  0.00000000E+00
  2.88642011E+06  4.81060373E+06  5.91604847E-09  3.04831182E+04  5.79852294E-02  0.00000000E+00
  2.88676716E+06  4.81026897E+06  5.90710951E-09  3.04790365E+04  5.80451115E-02  0.00000000E+00
  2.88711421E+06  4.80993420E+06  5.89820679E-09  3.04749602E+04  5.81048652E-02  0.00000000E+00
  2.88746126E+06  4.80959944E+06  5.88934017E-09  3.04708894E+04  5.81644902E-02  0.00000000E+00
  2.88780831E+06  4.80926468E+06  5.88050952E-09  3.04668241E+04  5.82239861E-02  0.00000000E+00
  2.88815536E+06  4.80892992E+06  5.87171467E-09  3.04627641E+04  5.82833524E-02  0.00000000E+00
  2.88850241E+06  4.80859516E+06  5.86295551E-09  3.04587096E+04  5.83425890E-02  0.00000000E+00
  2.88884946E+06  4.80826040E+06  5.85423188E-09  3.04546606E+04  5.84016953E-02  0.00000000E+00
  2.88919651E+06  4.80792564E+06  5.84554364E-09  3.04506169E+04  5.84606711E-02  0.00000000E+00
  2.88954356E+06  4.80759088E+06  5.83689066E-09  3.04465787E+04  5.85195159E-02  0.00000000E+00
  2.88989061E+06  4.80725612E+06  5.82827279E-09  3.04425458E+04  5.85782295E-02  0.00000000E+00
  2.89023767E+06  4.80692136E+06  5.81968991E-09  3.04385184E+04  5.86368116E-02  0.00000000E+00
  2.89058472E+06  4.80658660E+06  5.81114186E-09  3.04344963E+04  5.86952616E-02  0.00000000E+00
  2.89093177E+06  4.80625183E+06  5.80262852E-09  3.04304796E+04  5.87535794E-02  0.00000000E+00
  2.89127882E+06  4.80591707E+06  5.79414974E-09  3.04264683E+04  5.88117646E-02  0.00000000E+00
  2.89162587E+06  4.80558231E+06  5.78570540E-09  3.04224624E+04  5.88698169E-02  0.00000000E+00
  2.89197292E+06  4.80524755E+06  5.77729535E-09  3.04184618E+04  5.89277359E-02  0.00000000E+00
  2.89231997E+06  4.80491279E+06  5.76891946E-09  3.04144666E+04  5.89855213E-02  0.00000000E+00
  2.89266702E+06  4.80457803E+06  5.76057760E-09  3.04104767E+04  5.90431727E-02  0.00000000E+00
  2.89301407E+06  4.80424326E+06  5.75226963E-09  3.04064922E+04  5.91006900E-02  0.00000000E+00
  2.89336112E+06  4.80390850E+06  5.74399541E-09  3.04025130E+04  5.91580726E-02  0.00000000E+00
  2.89370817E+06  4.80357374E+06  5.73575482E-09  3.03985391E+04  5.92153204E-02  0.00000000E+00
  2.89405522E+06  4.80323898E+06  5.72754773E-09  3.03945706E+04  5.92724330E-02  0.00000000E+00
  2.89440227E+06  4.80290422E+06  5.71937399E-09  3.03906073E+04  5.93294101E-02  0.00000000E+00
  2.89474932E+06  4.80256946E+06  5.71123349E-09  3.03866494E+04  5.93862514E-02  0.00000000E+00
  2.89509637E+06  4.80223469E+06  5.70312608E-09  3.03826967E+04  5.94429567E-02  0.00000000E+00
  2.89544343E+06  4.80189993E+06  5.69505164E-09  3.03787493E+04  5.94995255E-02  0.00000000E+00
  2.89579048E+06  4.80156517E+06  5.68701004E-09  3.03748073E+04  5.95559576E-02  0.00000000E+00
  2.89613753E+06  4.80123041E+06  5.67900115E-09  3.03708704E+04  5.96122527E-02  0.00000000E+00
  2.89648458E+06  4.80089564E+06  5.67102484E-09  3.03669389E+04  5.96684106E-02  0.00000000E+00
  2.89683163E+06  4.80056088E+06  5.66308099E-09  3.03630126E+04  5.97244309E-02  0.00000000E+00
  2.89717868E+06  4.80022612E+06  5.65516945E-09  3.03590916E+04  5.97803133E-02  0.00000000E+00
  2.89752573E+06  4.79989136E+06  5.64729012E-09  3.03551758E+04  5.98360577E-02  0.00000000E+00
  2.89787278E+06  4.79955659E+06  5.63944285E-09  3.03512653E+04  5.98916636E-02  0.00000000E+00
  2.89821983E+06  4.79922183E+06  5.63162753E-09  3.03473600E+04  5.99471308E-02  0.00000000E+00
  2.89856688E+06  4.79888707E+06  5.62384403E-09  3.03434599E+04  6.00024591E-02  0.00000000E+00
  2.89891393E+06  4.79855231E+06  5.61609222E-09  3.03395650E+04  6.00576481E-02  0.00000000E+00
  2.89926098E+06  4.79821754E+06  5.60837198E-09  3.03356754E+04  6.01126977E-02  0.00000000E+00
  2.89960803E+06  4.79788278E+06  5.60068319E-09  3.03317909E+04  6.01676075E-02  0.00000000E+00
  2.89995508E+06  4.79754802E+06  5.59302571E-09  3.03279117E+04  6.02223773E-02  0.00000000E+00
  2.90030213E+06  4.79721325E+06  5.58539943E-09  3.03240376E+04  6.02770069E-02  0.00000000E+00
  2.90064918E+06  4.79687849E+06  5.57780423E-09  3.03201687E+04  6.03314959E-02  0.00000000E+00
  2.90099624E+06  4.79654373E+06  5.57023997E-09  3.03163050E+04  6.03858441E-02  0.00000000E+00
  2.90134329E+06  4.79620896E+06  5.56270655E-09  3.03124465E+04  6.04400514E-02  0.00000000E+00
  2.90169034E+06  4.79587420E+06  5.55520384E-09  3.03085931E+04  6.04941174E-02  0.00000000E+00
  2.90203739E+06  4.79553944E+06  5.54773171E-09  3.03047449E+04  6.05480419E-02  0.00000000E+00
  2.90238444E+06  4.79520467E+06  5.54029005E-09  3.03009019E+04  6.06018246E-02  0.00000000E+00
  2.90273149E+06  4.79486991E+06  5.53287874E-09  3.02970639E+04  6.06554654E-02  0.00000000E+00
  2.90307854E+06  4.79453515E+06  5.52549765E-09  3.02932311E+04  6.07089640E-02  0.00000000E+00
  2.90342559E+06  4.79420038E+06  5.51814668E-09  3.02894035E+04  6.07623201E-02  0.00000000E+00
  2.90377264E+06  4.79386562E+06  5.51082569E-09  3.02855810E+04  6.08155336E-02  0.00000000E+00
  2.90411969E+06  4.79353085E+06  5.50353458E-09  3.02817635E+04  6.08686042E-02  0.00000000E+00
  2.90446674E+06  4.79319609E+06  5.49627322E-09  3.02779512E+04  6.09215317E-02  0.00000000E+00
  2.90481379E+06  4.79286133E+06  5.48904150E-09  3.02741440E+04  6.09743159E-02  0.00000000E+00
  2.90516084E+06  4.79252656E+06  5.48183930E-09  3.02703419E+04  6.10269566E-02  0.00000000E+00
  2.90550789E+06  4.79219180E+06  5.47466651E-09  3.02665449E+04  6.10794535E-02  0.00000000E+00
  2.90585494E+06  4.79185703E+06  5.46752300E-09  3.02627529E+04  6.11318065E-02  0.00000000E+00
  2.90620199E+06  4.79152227E+06  5.46040867E-09  3.02589660E+04  6.11840153E-02  0.00000000E+00
  2.90654905E+06  4.79118751E+06  5.45332340E-09  3.02551842E+04  6.12360798E-02  0.00000000E+00
  2.90689610E+06  4.79085274E+06  5.44626707E-09  3.02514075E+04  6.12879997E-02  0.00000000E+00
  2.90724315E+06  4.79051798E+06  5.43923957E-09  3.02476358E+04  6.13397749E-02  0.00000000E+00
  2.90759020E+06  4.79018321E+06  5.43224079E-09  3.02438691E+04  6.13914051E-02  0.00000000E+00
  2.90793725E+06  4.78984845E+06  5.42527061E-09  3.02401075E+04  6.14428903E-02  0.00000000E+00
  2.90828430E+06  4.78951368E+06  5.41832893E-09  3.02363509E+04  6.14942301E-02  0.00000000E+00
  2.90863135E+06  4.78917892E+06  5.41141562E-09  3.02325994E+04  6.15454244E-02  0.00000000E+00
  2.90897840E+06  4.78884415E+06  5.40453058E-09  3.02288529E+04  6.15964731E-02  0.00000000E+00
  2.90932545E+06  4.78850939E+06  5.39767370E-09  3.02251113E+04  6.16473759E-02  0.00000000E+00
  2.90967250E+06  4.78817462E+06  5.39084486E-09  3.02213748E+04  6.16981327E-02  0.00000000E+00
  2.91001955E+06  4.78783986E+06  5.38404395E-09  3.02176433E+04  6.17487433E-02  0.00000000E+00
  2.91036660E+06  4.78750509E+06  5.37727088E-09  3.02139168E+04  6.17992075E-02  0.00000000E+00
  2.91071365E+06  4.78717033E+06  5.37052551E-09  3.02101953E+04  6.18495253E-02  0.00000000E+00
  2.91106070E+06  4.78683556E+06  5.36380776E-09  3.02064787E+04  6.18996963E-02  0.00000000E+00
  2.91140775E+06  4.78650080E+06  5.35711750E-09  3.02027671E+04  6.19497205E-02  0.00000000E+00
  2.91175480E+06  4.78616603E+06  5.35045463E-09  3.01990605E+04  6.19995977E-02  0.00000000E+00
  2.91210186E+06  4.78583127E+06  5.34381904E-09  3.01953589E+04  6.20493278E-02  0.00000000E+00
  2.91244891E+06  4.78549650E+06  5.33721063E-09  3.01916622E+04  6.20989105E-02  0.00000000E+00
  2.91279596E+06  4.78516174E+06  5.33062928E-09  3.01879704E+04  6.21483458E-02  0.00000000E+00
  2.91314301E+06  4.78482697E+06  5.32407489E-09  3.01842836E+04  6.21976335E-02  0.00000000E+00
  2.91349006E+06  4.78449221E+06  5.31754736E-09  3.01806017E+04  6.22467735E-02  0.00000000E+00
  2.91383711E+06  4.78415744E+06  5.31104658E-09  3.01769248E+04  6.22957657E-02  0.00000000E+00
  2.91418416E+06  4.78382268E+06  5.30457244E-09  3.01732527E+04  6.23446098E-02  0.00000000E+00
  2.91453121E+06  4.78348791E+06  5.29812485E-09  3.01695856E+04  6.23933058E-02  0.00000000E+00
  2.91487826E+06  4.78315314E+06  5.29170368E-09  3.01659234E+04  6.24418536E-02  0.00000000E+00
  2.91522531E+06  4.78281838E+06  5.28530885E-09  3.01622661E+04  6.24902529E-02  0.00000000E+00
  2.91557236E+06  4.78248361E+06  5.27894024E-09  3.01586137E+04  6.25385038E-02  0.00000000E+00
  2.91591941E+06  4.78214885E+06  5.27259775E-09  3.01549661E+04  6.25866060E-02  0.00000000E+00
  2.91626646E+06  4.78181408E+06  5.26628129E-09  3.01513235E+04  6.26345595E-02  0.00000000E+00
  2.91661351E+06  4.78147932E+06  5.25999074E-09  3.01476857E+04  6.26823642E-02  0.00000000E+00
  2.91696056E+06  4.78114455E+06  5.25372601E-09  3.01440528E+04  6.27300198E-02  0.00000000E+00
  2.91730761E+06  4.78080978E+06  5.24748700E-09  3.01404247E+04  6.27775264E-02  0.00000000E+00
  2.91765467E+06  4.78047502E+06  5.24127360E-09  3.01368015E+04  6.28248839E-02  0.00000000E+00
  2.91800172E+06  4.78014025E+06  5.23508571E-09  3.01331832E+04  6.28720920E-02  0.00000000E+00
  2.91834877E+06  4.77980548E+06  5.22892323E-09  3.01295697E+04  6.29191508E-02  0.00000000E+00
  2.91869582E+06  4.77947072E+06  5.22278607E-09  3.01259610E+04  6.29660601E-02  0.00000000E+00
  2.91904287E+06  4.77913595E+06  5.21667412E-09  3.01223572E+04  6.30128199E-02  0.00000000E+00
  2.91938992E+06  4.77880118E+06  5.21058728E-09  3.01187581E+04  6.30594300E-02  0.00000000E+00
  2.91973697E+06  4.77846642E+06  5.20452545E-09  3.01151639E+04  6.31058904E-02  0.00000000E+00
  2.92008402E+06  4.77813165E+06  5.19848854E-09  3.01115745E+04  6.31522009E-02  0.00000000E+00
  2.92043107E+06  4.77779688E+06  5.19247645E-09  3.01079899E+04  6.31983615E-02  0.00000000E+00
  2.92077812E+06  4.77746212E+06  5.18648908E-09  3.01044101E+04  6.32443722E-02  0.00000000E+00
  2.92112517E+06  4.77712735E+06  5.18052634E-09  3.01008351E+04  6.32902328E-02  0.00000000E+00
  2.92147222E+06  4.77679258E+06  5.17458812E-09  3.00972649E+04  6.33359432E-02  0.00000000E+00
  2.92181927E+06  4.77645782E+06  5.16867433E-09  3.00936995E+04  6.33815035E-02  0.00000000E+00
  2.92216632E+06  4.77612305E+06  5.16278487E-09  3.00901388E+04  6.34269135E-02  0.00000000E+00
  2.92251337E+06  4.77578828E+06  5.15691965E-09  3.00865829E+04  6.34721732E-02  0.00000000E+00
  2.92286043E+06  4.77545352E+06  5.15107857E-09  3.00830317E+04  6.35172825E-02  0.00000000E+00
  2.92320748E+06  4.77511875E+06  5.14526154E-09  3.00794853E+04  6.35622413E-02  0.00000000E+00
  2.92355453E+06  4.77478398E+06  5.13946846E-09  3.00759437E+04  6.36070496E-02  0.00000000E+00
  2.92390158E+06  4.77444921E+06  5.13369924E-09  3.00724067E+04  6.36517074E-02  0.00000000E+00
  2.92424863E+06  4.77411445E+06  5.12795379E-09  3.00688745E+04  6.36962146E-02  0.00000000E+00
  2.92459568E+06  4.77377968E+06  5.12223201E-09  3.00653471E+04  6.37405711E-02  0.00000000E+00
  2.92494273E+06  4.77344491E+06  5.11653380E-09  3.00618243E+04  6.37847769E-02  0.00000000E+00
  2.92528978E+06  4.77311014E+06  5.11085908E-09  3.00583063E+04  6.38288320E-02  0.00000000E+00
  2.92563683E+06  4.77277538E+06  5.10520775E-09  3.00547930E+04  6.38727364E-02  0.00000000E+00
  2.92598388E+06  4.77244061E+06  5.09957972E-09  3.00512844E+04  6.39164899E-02  0.00000000E+00
  2.92633093E+06  4.77210584E+06  5.09397491E-09  3.00477805E+04  6.39600925E-02  0.00000000E+00
  2.92667798E+06  4.77177107E+06  5.08839321E-09  3.00442812E+04  6.40035443E-02  0.00000000E+00
  2.92702503E+06  4.77143631E+06  5.08283453E-09  3.00407867E+04  6.40468452E-02  0.00000000E+00
  2.92737208E+06  4.77110154E+06  5.07729879E-09  3.00372968E+04  6.40899952E-02  0.00000000E+00
  2.92771913E+06  4.77076677E+06  5.07178590E-09  3.00338116E+04  6.41329942E-02  0.00000000E+00
  2.92806618E+06  4.77043200E+06  5.06629577E-09  3.00303310E+04  6.41758423E-02  0.00000000E+00
  2.92841324E+06  4.77009723E+06  5.06082830E-09  3.00268552E+04  6.42185394E-02  0.00000000E+00
  2.92876029E+06  4.76976247E+06  5.05538340E-09  3.00233839E+04  6.42610854E-02  0.00000000E+00
  2.92910734E+06  4.76942770E+06  5.04996100E-09  3.00199173E+04  6.43034805E-02  0.00000000E+00
  2.92945439E+06  4.76909293E+06  5.04456099E-09  3.00164554E+04  6.43457246E-02  0.00000000E+00
  2.92980144E+06  4.76875816E+06  5.03918330E-09  3.00129980E+04  6.43878176E-02  0.00000000E+00
  2.93014849E+06  4.76842339E+06  5.03382783E-09  3.00095453E+04  6.44297597E-02  0.00000000E+00
  2.93049554E+06  4.76808862E+06  5.02849450E-09  3.00060973E+04  6.44715507E-02  0.00000000E+00
  2.93084259E+06  4.76775386E+06  5.02318322E-09  3.00026538E+04  6.45131906E-02  0.00000000E+00
  2.93118964E+06  4.76741909E+06  5.01789390E-09  2.99992150E+04  6.45546796E-02  0.00000000E+00
  2.93153669E+06  4.76708432E+06  5.01262645E-09  2.99957807E+04  6.45960176E-02  0.00000000E+00
  2.93188374E+06  4.76674955E+06  5.00738080E-09  2.99923510E+04  6.46372045E-02  0.00000000E+00
  2.93223079E+06  4.76641478E+06  5.00215685E-09  2.99889260E+04  6.46782405E-02  0.00000000E+00
  2.93257784E+06  4.76608001E+06  4.99695452E-09  2.99855055E+04  6.47191255E-02  0.00000000E+00
  2.93292489E+06  4.76574524E+06  4.99177372E-09  2.99820896E+04  6.47598596E-02  0.00000000E+00
  2.93327194E+06  4.76541048E+06  4.98661437E-09  2.99786782E+04  6.48004428E-02  0.00000000E+00
  2.93361899E+06  4.76507571E+06  4.98147639E-09  2.99752715E+04  6.48408750E-02  0.00000000E+00
  2.93396605E+06  4.76474094E+06  4.97635969E-09  2.99718692E+04  6.48811564E-02  0.00000000E+00
  2.93431310E+06  4.76440617E+06  4.97126419E-09  2.99684716E+04  6.49212869E-02  0.00000000E+00
  2.93466015E+06  4.76407140E+06  4.96618980E-09  2.99650785E+04  6.49612666E-02  0.00000000E+00
  2.93500720E+06  4.76373663E+06  4.96113644E-09  2.99616899E+04  6.50010955E-02  0.00000000E+00
  2.93535425E+06  4.76340186E+06  4.95610402E-09  2.99583058E+04  6.50407737E-02  0.00000000E+00
  2.93570130E+06  4.76306709E+06  4.95109248E-09  2.99549263E+04  6.50803011E-02  0.00000000E+00
  2.93604835E+06  4.76273232E+06  4.94610171E-09  2.99515513E+04  6.51196779E-02  0.00000000E+00
  2.93639540E+06  4.76239755E+06  4.94113165E-09  2.99481809E+04  6.51589041E-02  0.00000000E+00
  2.93674245E+06  4.76206278E+06  4.93618221E-09  2.99448149E+04  6.51979796E-02  0.00000000E+00
  2.93708950E+06  4.76172802E+06  4.93125331E-09  2.99414534E+04  6.52369047E-02  0.00000000E+00
  2.93743655E+06  4.76139325E+06  4.92634486E-09  2.99380965E+04  6.52756793E-02  0.00000000E+00
  2.93778360E+06  4.76105848E+06  4.92145680E-09  2.99347440E+04  6.53143034E-02  0.00000000E+00
  2.93813065E+06  4.76072371E+06  4.91658903E-09  2.99313960E+04  6.53527772E-02  0.00000000E+00
  2.93847770E+06  4.76038894E+06  4.91174148E-09  2.99280525E+04  6.53911007E-02  0.00000000E+00
  2.93882475E+06  4.76005417E+06  4.90691406E-09  2.99247135E+04  6.54292739E-02  0.00000000E+00
  2.93917180E+06  4.75971940E+06  4.90210671E-09  2.99213789E+04  6.54672970E-02  0.00000000E+00
  2.93951886E+06  4.75938463E+06  4.89731934E-09  2.99180488E+04  6.55051699E-02  0.00000000E+00
  2.93986591E+06  4.75904986E+06  4.89255186E-09  2.99147231E+04  6.55428928E-02  0.00000000E+00
  2.94021296E+06  4.75871509E+06  4.88780421E-09  2.99114019E+04  6.55804656E-02  0.00000000E+00
  2.94056001E+06  4.75838032E+06  4.88307631E-09  2.99080852E+04  6.56178886E-02  0.00000000E+00
  2.94090706E+06  4.75804555E+06  4.87836808E-09  2.99047729E+04  6.56551618E-02  0.00000000E+00
  2.94125411E+06  4.75771078E+06  4.87367943E-09  2.99014650E+04  6.56922852E-02  0.00000000E+00
  2.94160116E+06  4.75737601E+06  4.86901030E-09  2.98981615E+04  6.57292589E-02  0.00000000E+00
  2.94194821E+06  4.75704124E+06  4.86436060E-09  2.98948625E+04  6.57660830E-02  0.00000000E+00
  2.94229526E+06  4.75670647E+06  4.85973026E-09  2.98915678E+04  6.58027577E-02  0.00000000E+00
  2.94264231E+06  4.75637170E+06  4.85511921E-09  2.98882776E+04  6.58392829E-02  0.00000000E+00
  2.94298936E+06  4.75603693E+06  4.85052737E-09  2.98849918E+04  6.58756587E-02  0.00000000E+00
  2.94333641E+06  4.75570216E+06  4.84595466E-09  2.98817104E+04  6.59118854E-02  0.00000000E+00
  2.94368346E+06  4.75536739E+06  4.84140100E-09  2.98784334E+04  6.59479629E-02  0.00000000E+00
  2.94403051E+06  4.75503262E+06  4.83686633E-09  2.98751607E+04  6.59838913E-02  0.00000000E+00
  2.94437756E+06  4.75469785E+06  4.83235056E-09  2.98718924E+04  6.60196708E-02  0.00000000E+00
  2.94472461E+06  4.75436308E+06  4.82785363E-09  2.98686286E+04  6.60553014E-02  0.00000000E+00
  2.94507167E+06  4.75402830E+06  4.82337546E-09  2.98653690E+04  6.60907833E-02  0.00000000E+00
  2.94541872E+06  4.75369353E+06  4.81891597E-09  2.98621139E+04  6.61261165E-02  0.00000000E+00
  2.94576577E+06  4.75335876E+06  4.81447509E-09  2.98588631E+04  6.61613013E-02  0.00000000E+00
  2.94611282E+06  4.75302399E+06  4.81005276E-09  2.98556166E+04  6.61963375E-02  0.00000000E+00
  2.94645987E+06  4.75268922E+06  4.80564889E-09  2.98523745E+04  6.62312255E-02  0.00000000E+00
  2.94680692E+06  4.75235445E+06  4.80126341E-09  2.98491367E+04  6.62659653E-02  0.00000000E+00
  2.94715397E+06  4.75201968E+06  4.79689625E-09  2.98459033E+04  6.63005569E-02  0.00000000E+00
  2.94750102E+06  4.75168491E+06  4.79254734E-09  2.98426742E+04  6.63350006E-02  0.00000000E+00
  2.94784807E+06  4.75135014E+06  4.78821661E-09  2.98394494E+04  6.63692965E-02  0.00000000E+00
  2.94819512E+06  4.75101537E+06  4.78390398E-09  2.98362289E+04  6.64034446E-02  0.00000000E+00
  2.94854217E+06  4.75068060E+06  4.77960939E-09  2.98330127E+04  6.64374452E-02  0.00000000E+00
  2.94888922E+06  4.75034582E+06  4.77533276E-09  2.98298008E+04  6.64712982E-02  0.00000000E+00
  2.94923627E+06  4.75001105E+06  4.77107403E-09  2.98265933E+04  6.65050039E-02  0.00000000E+00
  2.94958332E+06  4.74967628E+06  4.76683311E-09  2.98233900E+04  6.65385624E-02  0.00000000E+00
  2.94993037E+06  4.74934151E+06  4.76260995E-09  2.98201910E+04  6.65719738E-02  0.00000000E+00
  2.95027742E+06  4.74900674E+06  4.75840447E-09  2.98169963E+04  6.66052383E-02  0.00000000E+00
  2.95062448E+06  4.74867197E+06  4.75421661E-09  2.98138058E+04  6.66383559E-02  0.00000000E+00
  2.95097153E+06  4.74833720E+06  4.75004628E-09  2.98106197E+04  6.66713269E-02  0.00000000E+00
  2.95131858E+06  4.74800242E+06  4.74589343E-09  2.98074378E+04  6.67041513E-02  0.00000000E+00
  2.95166563E+06  4.74766765E+06  4.74175799E-09  2.98042601E+04  6.67368294E-02  0.00000000E+00
  2.95201268E+06  4.74733288E+06  4.73763989E-09  2.98010867E+04  6.67693612E-02  0.00000000E+00
  2.95235973E+06  4.74699811E+06  4.73353905E-09  2.97979176E+04  6.68017469E-02  0.00000000E+00
  2.95270678E+06  4.74666334E+06  4.72945542E-09  2.97947526E+04  6.68339866E-02  0.00000000E+00
  2.95305383E+06  4.74632857E+06  4.72538892E-09  2.97915920E+04  6.68660806E-02  0.00000000E+00
  2.95340088E+06  4.74599379E+06  4.72133948E-09  2.97884355E+04  6.68980289E-02  0.00000000E+00
  2.95374793E+06  4.74565902E+06  4.71730705E-09  2.97852833E+04  6.69298317E-02  0.00000000E+00
  2.95409498E+06  4.74532425E+06  4.71329155E-09  2.97821353E+04  6.69614891E-02  0.00000000E+00
  2.95444203E+06  4.74498948E+06  4.70929291E-09  2.97789915E+04  6.69930014E-02  0.00000000E+00
  2.95478908E+06  4.74465471E+06  4.70531107E-09  2.97758519E+04  6.70243687E-02  0.00000000E+00
  2.95513613E+06  4.74431994E+06  4.70134597E-09  2.97727165E+04  6.70555911E-02  0.00000000E+00
  2.95548318E+06  4.74398516E+06  4.69739753E-09  2.97695853E+04  6.70866688E-02  0.00000000E+00
  2.95583024E+06  4.74365039E+06  4.69346570E-09  2.97664583E+04  6.71176020E-02  0.00000000E+00
  2.95617729E+06  4.74331562E+06  4.68955040E-09  2.97633355E+04  6.71483908E-02  0.00000000E+00
  2.95652434E+06  4.74298085E+06  4.68565158E-09  2.97602169E+04  6.71790354E-02  0.00000000E+00
  2.95687139E+06  4.74264607E+06  4.68176916E-09  2.97571024E+04  6.72095360E-02  0.00000000E+00
  2.95721844E+06  4.74231130E+06  4.67790309E-09  2.97539921E+04  6.72398927E-02  0.00000000E+00
  2.95756549E+06  4.74197653E+06  4.67405329E-09  2.97508860E+04  6.72701058E-02  0.00000000E+00
  2.95791254E+06  4.74164176E+06  4.67021971E-09  2.97477840E+04  6.73001754E-02  0.00000000E+00
  2.95825959E+06  4.74130698E+06  4.66640227E-09  2.97446862E+04  6.73301017E-02  0.00000000E+00
  2.95860664E+06  4.74097221E+06  4.66260093E-09  2.97415925E+04  6.73598848E-02  0.00000000E+00
  2.95895369E+06  4.74063744E+06  4.65881561E-09  2.97385029E+04  6.73895249E-02  0.00000000E+00
  2.95930074E+06  4.74030267E+06  4.65504625E-09  2.97354175E+04  6.74190223E-02  0.00000000E+00
  2.95964779E+06  4.73996789E+06  4.65129278E-09  2.97323362E+04  6.74483771E-02  0.00000000E+00
  2.95999484E+06  4.73963312E+06  4.64755516E-09  2.97292591E+04  6.74775895E-02  0.00000000E+00
  2.96034189E+06  4.73929835E+06  4.64383330E-09  2.97261860E+04  6.75066596E-02  0.00000000E+00
  2.96068894E+06  4.73896358E+06  4.64012716E-09  2.97231171E+04  6.75355878E-02  0.00000000E+00
  2.96103599E+06  4.73862880E+06  4.63643667E-09  2.97200523E+04  6.75643741E-02  0.00000000E+00
  2.96138305E+06  4.73829403E+06  4.63276176E-09  2.97169916E+04  6.75930187E-02  0.00000000E+00
  2.96173010E+06  4.73795926E+06  4.62910239E-09  2.97139349E+04  6.76215219E-02  0.00000000E+00
  2.96207715E+06  4.73762448E+06  4.62545847E-09  2.97108824E+04  6.76498839E-02  0.00000000E+00
  2.96242420E+06  4.73728971E+06  4.62182997E-09  2.97078339E+04  6.76781048E-02  0.00000000E+00
  2.96277125E+06  4.73695494E+06  4.61821680E-09  2.97047896E+04  6.77061848E-02  0.00000000E+00
  2.96311830E+06  4.73662016E+06  4.61461892E-09  2.97017493E+04  6.77341242E-02  0.00000000E+00
  2.96346535E+06  4.73628539E+06  4.61103627E-09  2.96987130E+04  6.77619232E-02  0.00000000E+00
  2.96381240E+06  4.73595062E+06  4.60746878E-09  2.96956809E+04  6.77895819E-02  0.00000000E+00
  2.96415945E+06  4.73561585E+06  4.60391639E-09  2.96926527E+04  6.78171005E-02  0.00000000E+00
  2.96450650E+06  4.73528107E+06  4.60037905E-09  2.96896287E+04  6.78444794E-02  0.00000000E+00
  2.96485355E+06  4.73494630E+06  4.59685670E-09  2.96866087E+04  6.78717186E-02  0.00000000E+00
  2.96520060E+06  4.73461153E+06  4.59334927E-09  2.96835927E+04  6.78988184E-02  0.00000000E+00
  2.96554765E+06  4.73427675E+06  4.58985671E-09  2.96805807E+04  6.79257789E-02  0.00000000E+00
  2.96589470E+06  4.73394198E+06  4.58637896E-09  2.96775728E+04  6.79526005E-02  0.00000000E+00
  2.96624175E+06  4.73360720E+06  4.58291596E-09  2.96745689E+04  6.79792834E-02  0.00000000E+00
  2.96658880E+06  4.73327243E+06  4.57946766E-09  2.96715691E+04  6.80058276E-02  0.00000000E+00
  2.96693586E+06  4.73293766E+06  4.57603399E-09  2.96685732E+04  6.80322336E-02  0.00000000E+00
  2.96728291E+06  4.73260288E+06  4.57261490E-09  2.96655814E+04  6.80585014E-02  0.00000000E+00
  2.96762996E+06  4.73226811E+06  4.56921033E-09  2.96625935E+04  6.80846313E-02  0.00000000E+00
  2.96797701E+06  4.73193334E+06  4.56582022E-09  2.96596097E+04  6.81106235E-02  0.00000000E+00
  2.96832406E+06  4.73159856E+06  4.56244453E-09  2.96566299E+04  6.81364782E-02  0.00000000E+00
  2.96867111E+06  4.73126379E+06  4.55908318E-09  2.96536540E+04  6.81621958E-02  0.00000000E+00
  2.96901816E+06  4.73092901E+06  4.55573613E-09  2.96506821E+04  6.81877763E-02  0.00000000E+00
  2.96936521E+06  4.73059424E+06  4.55240331E-09  2.96477142E+04  6.82132200E-02  0.00000000E+00
  2.96971226E+06  4.73025947E+06  4.54908468E-09  2.96447503E+04  6.82385272E-02  0.00000000E+00
  2.97005931E+06  4.72992469E+06  4.54578018E-09  2.96417903E+04  6.82636981E-02  0.00000000E+00
  2.97040636E+06  4.72958992E+06  4.54248974E-09  2.96388343E+04  6.82887329E-02  0.00000000E+00
  2.97075341E+06  4.72925514E+06  4.53921332E-09  2.96358822E+04  6.83136318E-02  0.00000000E+00
  2.97110046E+06  4.72892037E+06  4.53595086E-09  2.96329341E+04  6.83383951E-02  0.00000000E+00
  2.97144751E+06  4.72858560E+06  4.53270231E-09  2.96299900E+04  6.83630230E-02  0.00000000E+00
  2.97179456E+06  4.72825082E+06  4.52946761E-09  2.96270498E+04  6.83875158E-02  0.00000000E+00
  2.97214161E+06  4.72791605E+06  4.52624670E-09  2.96241135E+04  6.84118737E-02  0.00000000E+00
  2.97248867E+06  4.72758127E+06  4.52303954E-09  2.96211811E+04  6.84360968E-02  0.00000000E+00
  2.97283572E+06  4.72724650E+06  4.51984606E-09  2.96182527E+04  6.84601856E-02  0.00000000E+00
  2.97318277E+06  4.72691172E+06  4.51666622E-09  2.96153282E+04  6.84841401E-02  0.00000000E+00
  2.97352982E+06  4.72657695E+06  4.51349996E-09  2.96124076E+04  6.85079607E-02  0.00000000E+00
  2.97387687E+06  4.72624217E+06  4.51034723E-09  2.96094909E+04  6.85316476E-02  0.00000000E+00
  2.97422392E+06  4.72590740E+06  4.50720797E-09  2.96065781E+04  6.85552010E-02  0.00000000E+00
  2.97457097E+06  4.72557263E+06  4.50408214E-09  2.96036692E+04  6.85786212E-02  0.00000000E+00
  2.97491802E+06  4.72523785E+06  4.50096967E-09  2.96007642E+04  6.86019084E-02  0.00000000E+00
  2.97526507E+06  4.72490308E+06  4.49787052E-09  2.95978631E+04  6.86250629E-02  0.00000000E+00
  2.97561212E+06  4.72456830E+06  4.49478463E-09  2.95949659E+04  6.86480850E-02  0.00000000E+00
  2.97595917E+06  4.72423353E+06  4.49171196E-09  2.95920725E+04  6.86709748E-02  0.00000000E+00
  2.97630622E+06  4.72389875E+06  4.48865244E-09  2.95891830E+04  6.86937326E-02  0.00000000E+00
  2.97665327E+06  4.72356398E+06  4.48560603E-09  2.95862974E+04  6.87163587E-02  0.00000000E+00
  2.97700032E+06  4.72322920E+06  4.48257268E-09  2.95834157E+04  6.87388533E-02  0.00000000E+00
  2.97734737E+06  4.72289443E+06  4.47955234E-09  2.95805378E+04  6.87612168E-02  0.00000000E+00
  2.97769442E+06  4.72255965E+06  4.47654495E-09  2.95776637E+04  6.87834493E-02  0.00000000E+00
  2.97804148E+06  4.72222488E+06  4.47355046E-09  2.95747935E+04  6.88055510E-02  0.00000000E+00
  2.97838853E+06  4.72189010E+06  4.47056882E-09  2.95719271E+04  6.88275224E-02  0.00000000E+00
  2.97873558E+06  4.72155533E+06  4.46759999E-09  2.95690646E+04  6.88493635E-02  0.00000000E+00
  2.97908263E+06  4.72122055E+06  4.46464391E-09  2.95662059E+04  6.88710748E-02  0.00000000E+00
  2.97942968E+06  4.72088578E+06  4.46170053E-09  2.95633510E+04  6.88926563E-02  0.00000000E+00
  2.97977673E+06  4.72055100E+06  4.45876980E-09  2.95605000E+04  6.89141085E-02  0.00000000E+00
  2.98012378E+06  4.72021623E+06  4.45585168E-09  2.95576527E+04  6.89354315E-02  0.00000000E+00
  2.98047083E+06  4.71988145E+06  4.45294611E-09  2.95548093E+04  6.89566257E-02  0.00000000E+00
  2.98081788E+06  4.71954668E+06  4.45005304E-09  2.95519697E+04  6.89776912E-02  0.00000000E+00
  2.98116493E+06  4.71921190E+06  4.44717242E-09  2.95491339E+04  6.89986284E-02  0.00000000E+00
  2.98151198E+06  4.71887712E+06  4.44430421E-09  2.95463018E+04  6.90194376E-02  0.00000000E+00
  2.98185903E+06  4.71854235E+06  4.44144836E-09  2.95434736E+04  6.90401189E-02  0.00000000E+00
  2.98220608E+06  4.71820757E+06  4.43860481E-09  2.95406491E+04  6.90606727E-02  0.00000000E+00
  2.98255313E+06  4.71787280E+06  4.43577353E-09  2.95378285E+04  6.90810992E-02  0.00000000E+00
  2.98290018E+06  4.71753802E+06  4.43295446E-09  2.95350116E+04  6.91013987E-02  0.00000000E+00
  2.98324724E+06  4.71720325E+06  4.43014755E-09  2.95321984E+04  6.91215714E-02  0.00000000E+00
  2.98359429E+06  4.71686847E+06  4.42735275E-09  2.95293891E+04  6.91416177E-02  0.00000000E+00
  2.98394134E+06  4.71653369E+06  4.42457003E-09  2.95265835E+04  6.91615378E-02  0.00000000E+00
  2.98428839E+06  4.71619892E+06  4.42179932E-09  2.95237816E+04  6.91813320E-02  0.00000000E+00
  2.98463544E+06  4.71586414E+06  4.41904059E-09  2.95209835E+04  6.92010006E-02  0.00000000E+00
  2.98498249E+06  4.71552937E+06  4.41629378E-09  2.95181891E+04  6.92205438E-02  0.00000000E+00
  2.98532954E+06  4.71519459E+06  4.41355886E-09  2.95153985E+04  6.92399619E-02  0.00000000E+00
  2.98567659E+06  4.71485982E+06  4.41083577E-09  2.95126116E+04  6.92592552E-02  0.00000000E+00
  2.98602364E+06  4.71452504E+06  4.40812446E-09  2.95098284E+04  6.92784239E-02  0.00000000E+00
  2.98637069E+06  4.71419026E+06  4.40542489E-09  2.95070490E+04  6.92974684E-02  0.00000000E+00
  2.98671774E+06  4.71385549E+06  4.40273702E-09  2.95042733E+04  6.93163890E-02  0.00000000E+00
  2.98706479E+06  4.71352071E+06  4.40006080E-09  2.95015013E+04  6.93351858E-02  0.00000000E+00
  2.98741184E+06  4.71318593E+06  4.39739618E-09  2.94987330E+04  6.93538592E-02  0.00000000E+00
  2.98775889E+06  4.71285116E+06  4.39474312E-09  2.94959684E+04  6.93724094E-02  0.00000000E+00
  2.98810594E+06  4.71251638E+06  4.39210157E-09  2.94932075E+04  6.93908368E-02  0.00000000E+00
  2.98845299E+06  4.71218161E+06  4.38947148E-09  2.94904503E+04  6.94091416E-02  0.00000000E+00
  2.98880005E+06  4.71184683E+06  4.38685282E-09  2.94876968E+04  6.94273242E-02  0.00000000E+00
  2.98914710E+06  4.71151205E+06  4.38424553E-09  2.94849470E+04  6.94453847E-02  0.00000000E+00
  2.98949415E+06  4.71117728E+06  4.38164957E-09  2.94822008E+04  6.94633235E-02  0.00000000E+00
  2.98984120E+06  4.71084250E+06  4.37906490E-09  2.94794584E+04  6.94811409E-02  0.00000000E+00
  2.99018825E+06  4.71050772E+06  4.37649148E-09  2.94767196E+04  6.94988371E-02  0.00000000E+00
  2.99053530E+06  4.71017295E+06  4.37392925E-09  2.94739844E+04  6.95164124E-02  0.00000000E+00
  2.99088235E+06  4.70983817E+06  4.37137818E-09  2.94712529E+04  6.95338672E-02  0.00000000E+00
  2.99122940E+06  4.70950339E+06  4.36883822E-09  2.94685251E+04  6.95512017E-02  0.00000000E+00
  2.99157645E+06  4.70916862E+06  4.36630932E-09  2.94658009E+04  6.95684161E-02  0.00000000E+00
  2.99192350E+06  4.70883384E+06  4.36379145E-09  2.94630804E+04  6.95855109E-02  0.00000000E+00
  2.99227055E+06  4.70849906E+06  4.36128457E-09  2.94603635E+04  6.96024862E-02  0.00000000E+00
  2.99261760E+06  4.70816429E+06  4.35878861E-09  2.94576503E+04  6.96193424E-02  0.00000000E+00
  2.99296465E+06  4.70782951E+06  4.35630356E-09  2.94549407E+04  6.96360797E-02  0.00000000E+00
  2.99331170E+06  4.70749473E+06  4.35382935E-09  2.94522347E+04  6.96526985E-02  0.00000000E+00
  2.99365875E+06  4.70715996E+06  4.35136596E-09  2.94495323E+04  6.96691990E-02  0.00000000E+00
  2.99400580E+06  4.70682518E+06  4.34891333E-09  2.94468335E+04  6.96855816E-02  0.00000000E+00
  2.99435286E+06  4.70649040E+06  4.34647142E-09  2.94441384E+04  6.97018465E-02  0.00000000E+00
  2.99469991E+06  4.70615563E+06  4.34404020E-09  2.94414468E+04  6.97179940E-02  0.00000000E+00
  2.99504696E+06  4.70582085E+06  4.34161962E-09  2.94387589E+04  6.97340243E-02  0.00000000E+00
  2.99539401E+06  4.70548607E+06  4.33920964E-09  2.94360746E+04  6.97499379E-02  0.00000000E+00
  2.99574106E+06  4.70515129E+06  4.33681021E-09  2.94333938E+04  6.97657350E-02  0.00000000E+00
  2.99608811E+06  4.70481652E+06  4.33442130E-09  2.94307166E+04  6.97814159E-02  0.00000000E+00
  2.99643516E+06  4.70448174E+06  4.33204287E-09  2.94280431E+04  6.97969809E-02  0.00000000E+00
  2.99678221E+06  4.70414696E+06  4.32967486E-09  2.94253730E+04  6.98124302E-02  0.00000000E+00
  2.99712926E+06  4.70381219E+06  4.32731725E-09  2.94227066E+04  6.98277642E-02  0.00000000E+00
  2.99747631E+06  4.70347741E+06  4.32497000E-09  2.94200437E+04  6.98429832E-02  0.00000000E+00
  2.99782336E+06  4.70314263E+06  4.32263305E-09  2.94173844E+04  6.98580875E-02  0.00000000E+00
  2.99817041E+06  4.70280785E+06  4.32030637E-09  2.94147287E+04  6.98730773E-02  0.00000000E+00
  2.99851746E+06  4.70247308E+06  4.31798992E-09  2.94120765E+04  6.98879530E-02  0.00000000E+00
  2.99886451E+06  4.70213830E+06  4.31568367E-09  2.94094279E+04  6.99027148E-02  0.00000000E+00
  2.99921156E+06  4.70180352E+06  4.31338756E-09  2.94067828E+04  6.99173632E-02  0.00000000E+00
  2.99955861E+06  4.70146874E+06  4.31110156E-09  2.94041412E+04  6.99318982E-02  0.00000000E+00
  2.99990567E+06  4.70113397E+06  4.30882563E-09  2.94015032E+04  6.99463204E-02  0.00000000E+00
  3.00025272E+06  4.70079919E+06  4.30655974E-09  2.93988687E+04  6.99606299E-02  0.00000000E+00
  3.00059977E+06  4.70046441E+06  4.30430383E-09  2.93962377E+04  6.99748271E-02  0.00000000E+00
  3.00094682E+06  4.70012963E+06  4.30205788E-09  2.93936103E+04  6.99889122E-02  0.00000000E+00
  3.00129387E+06  4.69979486E+06  4.29982184E-09  2.93909863E+04  7.00028856E-02  0.00000000E+00
  3.00164092E+06  4.69946008E+06  4.29759568E-09  2.93883659E+04  7.00167475E-02  0.00000000E+00
  3.00198797E+06  4.69912530E+06  4.29537935E-09  2.93857490E+04  7.00304983E-02  0.00000000E+00
  3.00233502E+06  4.69879052E+06  4.29317282E-09  2.93831356E+04  7.00441383E-02  0.00000000E+00
  3.00268207E+06  4.69845574E+06  4.29097604E-09  2.93805257E+04  7.00576677E-02  0.00000000E+00
  3.00302912E+06  4.69812097E+06  4.28878899E-09  2.93779192E+04  7.00710869E-02  0.00000000E+00
  3.00337617E+06  4.69778619E+06  4.28661162E-09  2.93753163E+04  7.00843962E-02  0.00000000E+00
  3.00372322E+06  4.69745141E+06  4.28444389E-09  2.93727168E+04  7.00975959E-02  0.00000000E+00
  3.00407027E+06  4.69711663E+06  4.28228577E-09  2.93701209E+04  7.01106862E-02  0.00000000E+00
  3.00441732E+06  4.69678185E+06  4.28013722E-09  2.93675284E+04  7.01236675E-02  0.00000000E+00
  3.00476437E+06  4.69644708E+06  4.27799820E-09  2.93649393E+04  7.01365401E-02  0.00000000E+00
  3.00511142E+06  4.69611230E+06  4.27586867E-09  2.93623538E+04  7.01493043E-02  0.00000000E+00
  3.00545848E+06  4.69577752E+06  4.27374860E-09  2.93597716E+04  7.01619603E-02  0.00000000E+00
  3.00580553E+06  4.69544274E+06  4.27163795E-09  2.93571930E+04  7.01745086E-02  0.00000000E+00
  3.00615258E+06  4.69510796E+06  4.26953668E-09  2.93546178E+04  7.01869494E-02  0.00000000E+00
  3.00649963E+06  4.69477319E+06  4.26744475E-09  2.93520460E+04  7.01992829E-02  0.00000000E+00
  3.00684668E+06  4.69443841E+06  4.26536214E-09  2.93494777E+04  7.02115096E-02  0.00000000E+00
  3.00719373E+06  4.69410363E+06  4.26328879E-09  2.93469128E+04  7.02236296E-02  0.00000000E+00
  3.00754078E+06  4.69376885E+06  4.26122468E-09  2.93443514E+04  7.02356434E-02  0.00000000E+00
  3.00788783E+06  4.69343407E+06  4.25916978E-09  2.93417933E+04  7.02475512E-02  0.00000000E+00
  3.00823488E+06  4.69309929E+06  4.25712403E-09  2.93392387E+04  7.02593534E-02  0.00000000E+00
  3.00858193E+06  4.69276451E+06  4.25508742E-09  2.93366876E+04  7.02710501E-02  0.00000000E+00
  3.00892898E+06  4.69242974E+06  4.25305989E-09  2.93341398E+04  7.02826418E-02  0.00000000E+00
  3.00927603E+06  4.69209496E+06  4.25104142E-09  2.93315954E+04  7.02941288E-02  0.00000000E+00
  3.00962308E+06  4.69176018E+06  4.24903197E-09  2.93290545E+04  7.03055113E-02  0.00000000E+00
  3.00997013E+06  4.69142540E+06  4.24703151E-09  2.93265169E+04  7.03167896E-02  0.00000000E+00
  3.01031718E+06  4.69109062E+06  4.24504000E-09  2.93239828E+04  7.03279641E-02  0.00000000E+00
  3.01066423E+06  4.69075584E+06  4.24305740E-09  2.93214520E+04  7.03390350E-02  0.00000000E+00
  3.01101129E+06  4.69042106E+06  4.24108368E-09  2.93189246E+04  7.03500028E-02  0.00000000E+00
  3.01135834E+06  4.69008629E+06  4.23911881E-09  2.93164006E+04  7.03608676E-02  0.00000000E+00
  3.01170539E+06  4.68975151E+06  4.23716275E-09  2.93138800E+04  7.03716298E-02  0.00000000E+00
  3.01205244E+06  4.68941673E+06  4.23521546E-09  2.93113627E+04  7.03822896E-02  0.00000000E+00
  3.01239949E+06  4.68908195E+06  4.23327691E-09  2.93088488E+04  7.03928475E-02  0.00000000E+00
  3.01274654E+06  4.68874717E+06  4.23134708E-09  2.93063383E+04  7.04033037E-02  0.00000000E+00
  3.01309359E+06  4.68841239E+06  4.22942591E-09  2.93038312E+04  7.04136584E-02  0.00000000E+00
  3.01344064E+06  4.68807761E+06  4.22751338E-09  2.93013274E+04  7.04239121E-02  0.00000000E+00
  3.01378769E+06  4.68774283E+06  4.22560946E-09  2.92988269E+04  7.04340650E-02  0.00000000E+00
  3.01413474E+06  4.68740805E+06  4.22371411E-09  2.92963298E+04  7.04441175E-02  0.00000000E+00
  3.01448179E+06  4.68707327E+06  4.22182730E-09  2.92938360E+04  7.04540697E-02  0.00000000E+00
  3.01482884E+06  4.68673850E+06  4.21994899E-09  2.92913456E+04  7.04639221E-02  0.00000000E+00
  3.01517589E+06  4.68640372E+06  4.21807915E-09  2.92888585E+04  7.04736750E-02  0.00000000E+00
  3.01552294E+06  4.68606894E+06  4.21621775E-09  2.92863747E+04  7.04833285E-02  0.00000000E+00
  3.01586999E+06  4.68573416E+06  4.21436476E-09  2.92838943E+04  7.04928832E-02  0.00000000E+00
  3.01621705E+06  4.68539938E+06  4.21252013E-09  2.92814171E+04  7.05023392E-02  0.00000000E+00
  3.01656410E+06  4.68506460E+06  4.21068385E-09  2.92789433E+04  7.05116969E-02  0.00000000E+00
  3.01691115E+06  4.68472982E+06  4.20885587E-09  2.92764728E+04  7.05209565E-02  0.00000000E+00
  3.01725820E+06  4.68439504E+06  4.20703616E-09  2.92740056E+04  7.05301184E-02  0.00000000E+00
  3.01760525E+06  4.68406026E+06  4.20522470E-09  2.92715417E+04  7.05391829E-02  0.00000000E+00
  3.01795230E+06  4.68372548E+06  4.20342144E-09  2.92690811E+04  7.05481503E-02  0.00000000E+00
  3.01829935E+06  4.68339070E+06  4.20162637E-09  2.92666238E+04  7.05570209E-02  0.00000000E+00
  3.01864640E+06  4.68305592E+06  4.19983943E-09  2.92641698E+04  7.05657950E-02  0.00000000E+00
  3.01899345E+06  4.68272114E+06  4.19806061E-09  2.92617190E+04  7.05744730E-02  0.00000000E+00
  3.01934050E+06  4.68238636E+06  4.19628987E-09  2.92592716E+04  7.05830550E-02  0.00000000E+00
  3.01968755E+06  4.68205158E+06  4.19452718E-09  2.92568274E+04  7.05915414E-02  0.00000000E+00
  3.02003460E+06  4.68171680E+06  4.19277250E-09  2.92543865E+04  7.05999326E-02  0.00000000E+00
  3.02038165E+06  4.68138202E+06  4.19102581E-09  2.92519488E+04  7.06082288E-02  0.00000000E+00
  3.02072870E+06  4.68104724E+06  4.18928708E-09  2.92495144E+04  7.06164303E-02  0.00000000E+00
  3.02107575E+06  4.68071246E+06  4.18755627E-09  2.92470833E+04  7.06245375E-02  0.00000000E+00
  3.02142280E+06  4.68037768E+06  4.18583335E-09  2.92446554E+04  7.06325506E-02  0.00000000E+00
  3.02176986E+06  4.68004291E+06  4.18411829E-09  2.92422308E+04  7.06404700E-02  0.00000000E+00
  3.02211691E+06  4.67970813E+06  4.18241107E-09  2.92398094E+04  7.06482959E-02  0.00000000E+00
  3.02246396E+06  4.67937335E+06  4.18071164E-09  2.92373913E+04  7.06560287E-02  0.00000000E+00
  3.02281101E+06  4.67903857E+06  4.17901999E-09  2.92349764E+04  7.06636686E-02  0.00000000E+00
  3.02315806E+06  4.67870379E+06  4.17733607E-09  2.92325647E+04  7.06712160E-02  0.00000000E+00
  3.02350511E+06  4.67836901E+06  4.17565986E-09  2.92301563E+04  7.06786712E-02  0.00000000E+00
  3.02385216E+06  4.67803423E+06  4.17399133E-09  2.92277510E+04  7.06860344E-02  0.00000000E+00
  3.02419921E+06  4.67769945E+06  4.17233045E-09  2.92253490E+04  7.06933061E-02  0.00000000E+00
  3.02454626E+06  4.67736467E+06  4.17067719E-09  2.92229502E+04  7.07004864E-02  0.00000000E+00
  3.02489331E+06  4.67702989E+06  4.16903151E-09  2.92205546E+04  7.07075757E-02  0.00000000E+00
  3.02524036E+06  4.67669511E+06  4.16739340E-09  2.92181623E+04  7.07145742E-02  0.00000000E+00
  3.02558741E+06  4.67636032E+06  4.16576281E-09  2.92157731E+04  7.07214824E-02  0.00000000E+00
  3.02593446E+06  4.67602554E+06  4.16413972E-09  2.92133871E+04  7.07283005E-02  0.00000000E+00
  3.02628151E+06  4.67569076E+06  4.16252410E-09  2.92110043E+04  7.07350287E-02  0.00000000E+00
  3.02662856E+06  4.67535598E+06  4.16091593E-09  2.92086247E+04  7.07416674E-02  0.00000000E+00
  3.02697561E+06  4.67502120E+06  4.15931517E-09  2.92062483E+04  7.07482170E-02  0.00000000E+00
  3.02732267E+06  4.67468642E+06  4.15772178E-09  2.92038751E+04  7.07546776E-02  0.00000000E+00
  3.02766972E+06  4.67435164E+06  4.15613576E-09  2.92015050E+04  7.07610497E-02  0.00000000E+00
  3.02801677E+06  4.67401686E+06  4.15455705E-09  2.91991381E+04  7.07673334E-02  0.00000000E+00
  3.02836382E+06  4.67368208E+06  4.15298565E-09  2.91967744E+04  7.07735291E-02  0.00000000E+00
  3.02871087E+06  4.67334730E+06  4.15142151E-09  2.91944138E+04  7.07796372E-02  0.00000000E+00
  3.02905792E+06  4.67301252E+06  4.14986461E-09  2.91920564E+04  7.07856578E-02  0.00000000E+00
  3.02940497E+06  4.67267774E+06  4.14831492E-09  2.91897022E+04  7.07915914E-02  0.00000000E+00
  3.02975202E+06  4.67234296E+06  4.14677242E-09  2.91873511E+04  7.07974381E-02  0.00000000E+00
  3.03009907E+06  4.67200818E+06  4.14523707E-09  2.91850031E+04  7.08031983E-02  0.00000000E+00
  3.03044612E+06  4.67167340E+06  4.14370884E-09  2.91826583E+04  7.08088724E-02  0.00000000E+00
  3.03079317E+06  4.67133862E+06  4.14218772E-09  2.91803166E+04  7.08144605E-02  0.00000000E+00
  3.03114022E+06  4.67100384E+06  4.14067366E-09  2.91779781E+04  7.08199631E-02  0.00000000E+00
  3.03148727E+06  4.67066906E+06  4.13916665E-09  2.91756427E+04  7.08253803E-02  0.00000000E+00
  3.03183432E+06  4.67033428E+06  4.13766666E-09  2.91733104E+04  7.08307126E-02  0.00000000E+00
  3.03218137E+06  4.66999949E+06  4.13617365E-09  2.91709812E+04  7.08359601E-02  0.00000000E+00
  3.03252842E+06  4.66966471E+06  4.13468760E-09  2.91686552E+04  7.08411232E-02  0.00000000E+00
  3.03287548E+06  4.66932993E+06  4.13320848E-09  2.91663323E+04  7.08462022E-02  0.00000000E+00
  3.03322253E+06  4.66899515E+06  4.13173628E-09  2.91640124E+04  7.08511974E-02  0.00000000E+00
  3.03356958E+06  4.66866037E+06  4.13027095E-09  2.91616957E+04  7.08561091E-02  0.00000000E+00
  3.03391663E+06  4.66832559E+06  4.12881247E-09  2.91593821E+04  7.08609375E-02  0.00000000E+00
  3.03426368E+06  4.66799081E+06  4.12736082E-09  2.91570715E+04  7.08656830E-02  0.00000000E+00
  3.03461073E+06  4.66765603E+06  4.12591597E-09  2.91547641E+04  7.08703459E-02  0.00000000E+00
  3.03495778E+06  4.66732125E+06  4.12447788E-09  2.91524598E+04  7.08749264E-02  0.00000000E+00
  3.03530483E+06  4.66698647E+06  4.12304655E-09  2.91501585E+04  7.08794249E-02  0.00000000E+00
  3.03565188E+06  4.66665169E+06  4.12162193E-09  2.91478603E+04  7.08838416E-02  0.00000000E+00
  3.03599893E+06  4.66631690E+06  4.12020401E-09  2.91455652E+04  7.08881769E-02  0.00000000E+00
  3.03634598E+06  4.66598212E+06  4.11879275E-09  2.91432732E+04  7.08924310E-02  0.00000000E+00
  3.03669303E+06  4.66564734E+06  4.11738814E-09  2.91409842E+04  7.08966043E-02  0.00000000E+00
  3.03704008E+06  4.66531256E+06  4.11599013E-09  2.91386983E+04  7.09006970E-02  0.00000000E+00
  3.03738713E+06  4.66497778E+06  4.11459872E-09  2.91364154E+04  7.09047094E-02  0.00000000E+00
  3.03773418E+06  4.66464300E+06  4.11321387E-09  2.91341356E+04  7.09086418E-02  0.00000000E+00
  3.03808123E+06  4.66430822E+06  4.11183555E-09  2.91318589E+04  7.09124945E-02  0.00000000E+00
  3.03842829E+06  4.66397344E+06  4.11046375E-09  2.91295852E+04  7.09162677E-02  0.00000000E+00
  3.03877534E+06  4.66363865E+06  4.10909843E-09  2.91273145E+04  7.09199619E-02  0.00000000E+00
  3.03912239E+06  4.66330387E+06  4.10773958E-09  2.91250469E+04  7.09235772E-02  0.00000000E+00
  3.03946944E+06  4.66296909E+06  4.10638716E-09  2.91227823E+04  7.09271140E-02  0.00000000E+00
  3.03981649E+06  4.66263431E+06  4.10504115E-09  2.91205207E+04  7.09305726E-02  0.00000000E+00
  3.04016354E+06  4.66229953E+06  4.10370152E-09  2.91182622E+04  7.09339532E-02  0.00000000E+00
  3.04051059E+06  4.66196475E+06  4.10236825E-09  2.91160067E+04  7.09372561E-02  0.00000000E+00
  3.04085764E+06  4.66162996E+06  4.10104132E-09  2.91137542E+04  7.09404816E-02  0.00000000E+00
  3.04120469E+06  4.66129518E+06  4.09972070E-09  2.91115047E+04  7.09436301E-02  0.00000000E+00
  3.04155174E+06  4.66096040E+06  4.09840637E-09  2.91092583E+04  7.09467017E-02  0.00000000E+00
  3.04189879E+06  4.66062562E+06  4.09709829E-09  2.91070148E+04  7.09496968E-02  0.00000000E+00
  3.04224584E+06  4.66029084E+06  4.09579645E-09  2.91047743E+04  7.09526157E-02  0.00000000E+00
  3.04259289E+06  4.65995606E+06  4.09450083E-09  2.91025369E+04  7.09554587E-02  0.00000000E+00
  3.04293994E+06  4.65962127E+06  4.09321139E-09  2.91003024E+04  7.09582259E-02  0.00000000E+00
  3.04328699E+06  4.65928649E+06  4.09192811E-09  2.90980709E+04  7.09609178E-02  0.00000000E+00
  3.04363405E+06  4.65895171E+06  4.09065098E-09  2.90958424E+04  7.09635347E-02  0.00000000E+00
  3.04398110E+06  4.65861693E+06  4.08937996E-09  2.90936169E+04  7.09660767E-02  0.00000000E+00
  3.04432815E+06  4.65828215E+06  4.08811503E-09  2.90913944E+04  7.09685441E-02  0.00000000E+00
  3.04467520E+06  4.65794737E+06  4.08685617E-09  2.90891748E+04  7.09709374E-02  0.00000000E+00
  3.04502225E+06  4.65761258E+06  4.08560335E-09  2.90869583E+04  7.09732567E-02  0.00000000E+00
  3.04536930E+06  4.65727780E+06  4.08435655E-09  2.90847446E+04  7.09755023E-02  0.00000000E+00
  3.04571635E+06  4.65694302E+06  4.08311575E-09  2.90825340E+04  7.09776745E-02  0.00000000E+00
  3.04606340E+06  4.65660824E+06  4.08188093E-09  2.90803263E+04  7.09797736E-02  0.00000000E+00
  3.04641045E+06  4.65627346E+06  4.08065205E-09  2.90781215E+04  7.09817999E-02  0.00000000E+00
  3.04675750E+06  4.65593867E+06  4.07942910E-09  2.90759197E+04  7.09837536E-02  0.00000000E+00
  3.04710455E+06  4.65560389E+06  4.07821205E-09  2.90737209E+04  7.09856351E-02  0.00000000E+00
  3.04745160E+06  4.65526911E+06  4.07700088E-09  2.90715250E+04  7.09874446E-02  0.00000000E+00
  3.04779865E+06  4.65493433E+06  4.07579557E-09  2.90693320E+04  7.09891824E-02  0.00000000E+00
  3.04814570E+06  4.65459954E+06  4.07459609E-09  2.90671419E+04  7.09908487E-02  0.00000000E+00
  3.04849275E+06  4.65426476E+06  4.07340243E-09  2.90649548E+04  7.09924439E-02  0.00000000E+00
  3.04883980E+06  4.65392998E+06  4.07221455E-09  2.90627707E+04  7.09939682E-02  0.00000000E+00
  3.04918686E+06  4.65359520E+06  4.07103244E-09  2.90605894E+04  7.09954220E-02  0.00000000E+00
  3.04953391E+06  4.65326042E+06  4.06985608E-09  2.90584111E+04  7.09968054E-02  0.00000000E+00
  3.04988096E+06  4.65292563E+06  4.06868543E-09  2.90562356E+04  7.09981187E-02  0.00000000E+00
  3.05022801E+06  4.65259085E+06  4.06752049E-09  2.90540631E+04  7.09993623E-02  0.00000000E+00
  3.05057506E+06  4.65225607E+06  4.06636121E-09  2.90518935E+04  7.10005364E-02  0.00000000E+00
  3.05092211E+06  4.65192129E+06  4.06520760E-09  2.90497268E+04  7.10016413E-02  0.00000000E+00
  3.05126916E+06  4.65158650E+06  4.06405961E-09  2.90475630E+04  7.10026772E-02  0.00000000E+00
  3.05161621E+06  4.65125172E+06  4.06291724E-09  2.90454021E+04  7.10036445E-02  0.00000000E+00
  3.05196326E+06  4.65091694E+06  4.06178045E-09  2.90432441E+04  7.10045434E-02  0.00000000E+00
  3.05231031E+06  4.65058216E+06  4.06064923E-09  2.90410889E+04  7.10053741E-02  0.00000000E+00
  3.05265736E+06  4.65024737E+06  4.05952356E-09  2.90389367E+04  7.10061370E-02  0.00000000E+00
  3.05300441E+06  4.64991259E+06  4.05840341E-09  2.90367873E+04  7.10068324E-02  0.00000000E+00
  3.05335146E+06  4.64957781E+06  4.05728875E-09  2.90346408E+04  7.10074604E-02  0.00000000E+00
  3.05369851E+06  4.64924303E+06  4.05617958E-09  2.90324972E+04  7.10080213E-02  0.00000000E+00
  3.05404556E+06  4.64890824E+06  4.05507587E-09  2.90303565E+04  7.10085155E-02  0.00000000E+00
  3.05439261E+06  4.64857346E+06  4.05397759E-09  2.90282186E+04  7.10089432E-02  0.00000000E+00
  3.05473967E+06  4.64823868E+06  4.05288473E-09  2.90260835E+04  7.10093047E-02  0.00000000E+00
  3.05508672E+06  4.64790389E+06  4.05179726E-09  2.90239514E+04  7.10096002E-02  0.00000000E+00
  3.05543377E+06  4.64756911E+06  4.05071517E-09  2.90218220E+04  7.10098301E-02  0.00000000E+00
  3.05578082E+06  4.64723433E+06  4.04963843E-09  2.90196956E+04  7.10099945E-02  0.00000000E+00
  3.05612787E+06  4.64689955E+06  4.04856702E-09  2.90175720E+04  7.10100937E-02  0.00000000E+00
  3.05647492E+06  4.64656476E+06  4.04750092E-09  2.90154512E+04  7.10101280E-02  0.00000000E+00
  3.05682197E+06  4.64622998E+06  4.04644011E-09  2.90133332E+04  7.10100977E-02  0.00000000E+00
  3.05716902E+06  4.64589520E+06  4.04538457E-09  2.90112181E+04  7.10100031E-02  0.00000000E+00
  3.05751607E+06  4.64556041E+06  4.04433428E-09  2.90091058E+04  7.10098443E-02  0.00000000E+00
  3.05786312E+06  4.64522563E+06  4.04328922E-09  2.90069964E+04  7.10096218E-02  0.00000000E+00
  3.05821017E+06  4.64489085E+06  4.04224936E-09  2.90048898E+04  7.10093356E-02  0.00000000E+00
  3.05855722E+06  4.64455607E+06  4.04121469E-09  2.90027859E+04  7.10089861E-02  0.00000000E+00
  3.05890427E+06  4.64422128E+06  4.04018519E-09  2.90006849E+04  7.10085736E-02  0.00000000E+00
  3.05925132E+06  4.64388650E+06  4.03916084E-09  2.89985868E+04  7.10080983E-02  0.00000000E+00
  3.05959837E+06  4.64355172E+06  4.03814161E-09  2.89964914E+04  7.10075605E-02  0.00000000E+00
  3.05994542E+06  4.64321693E+06  4.03712749E-09  2.89943988E+04  7.10069604E-02  0.00000000E+00
  3.06029248E+06  4.64288215E+06  4.03611845E-09  2.89923090E+04  7.10062984E-02  0.00000000E+00
  3.06063953E+06  4.64254737E+06  4.03511448E-09  2.89902220E+04  7.10055745E-02  0.00000000E+00
  3.06098658E+06  4.64221258E+06  4.03411556E-09  2.89881379E+04  7.10047892E-02  0.00000000E+00
  3.06133363E+06  4.64187780E+06  4.03312167E-09  2.89860565E+04  7.10039427E-02  0.00000000E+00
  3.06168068E+06  4.64154302E+06  4.03213278E-09  2.89839778E+04  7.10030352E-02  0.00000000E+00
  3.06202773E+06  4.64120823E+06  4.03114889E-09  2.89819020E+04  7.10020670E-02  0.00000000E+00
  3.06237478E+06  4.64087345E+06  4.03016996E-09  2.89798290E+04  7.10010383E-02  0.00000000E+00
  3.06272183E+06  4.64053867E+06  4.02919598E-09  2.89777587E+04  7.09999494E-02  0.00000000E+00
  3.06306888E+06  4.64020388E+06  4.02822692E-09  2.89756912E+04  7.09988006E-02  0.00000000E+00
  3.06341593E+06  4.63986910E+06  4.02726278E-09  2.89736264E+04  7.09975921E-02  0.00000000E+00
  3.06376298E+06  4.63953432E+06  4.02630354E-09  2.89715644E+04  7.09963242E-02  0.00000000E+00
  3.06411003E+06  4.63919953E+06  4.02534916E-09  2.89695052E+04  7.09949971E-02  0.00000000E+00
  3.06445708E+06  4.63886475E+06  4.02439964E-09  2.89674488E+04  7.09936110E-02  0.00000000E+00
  3.06480413E+06  4.63852997E+06  4.02345495E-09  2.89653950E+04  7.09921663E-02  0.00000000E+00
  3.06515118E+06  4.63819518E+06  4.02251507E-09  2.89633441E+04  7.09906632E-02  0.00000000E+00
  3.06549823E+06  4.63786040E+06  4.02158000E-09  2.89612959E+04  7.09891018E-02  0.00000000E+00
  3.06584529E+06  4.63752561E+06  4.02064970E-09  2.89592504E+04  7.09874826E-02  0.00000000E+00
  3.06619234E+06  4.63719083E+06  4.01972416E-09  2.89572076E+04  7.09858057E-02  0.00000000E+00
  3.06653939E+06  4.63685605E+06  4.01880336E-09  2.89551676E+04  7.09840713E-02  0.00000000E+00
  3.06688644E+06  4.63652126E+06  4.01788728E-09  2.89531303E+04  7.09822798E-02  0.00000000E+00
  3.06723349E+06  4.63618648E+06  4.01697591E-09  2.89510958E+04  7.09804314E-02  0.00000000E+00
  3.06758054E+06  4.63585170E+06  4.01606922E-09  2.89490639E+04  7.09785263E-02  0.00000000E+00
  3.06792759E+06  4.63551691E+06  4.01516720E-09  2.89470348E+04  7.09765647E-02  0.00000000E+00
  3.06827464E+06  4.63518213E+06  4.01426982E-09  2.89450084E+04  7.09745470E-02  0.00000000E+00
  3.06862169E+06  4.63484735E+06  4.01337708E-09  2.89429847E+04  7.09724733E-02  0.00000000E+00
  3.06896874E+06  4.63451256E+06  4.01248895E-09  2.89409638E+04  7.09703440E-02  0.00000000E+00
  3.06931579E+06  4.63417778E+06  4.01160542E-09  2.89389455E+04  7.09681592E-02  0.00000000E+00
  3.06966284E+06  4.63384299E+06  4.01072646E-09  2.89369299E+04  7.09659191E-02  0.00000000E+00
  3.07000989E+06  4.63350821E+06  4.00985206E-09  2.89349170E+04  7.09636242E-02  0.00000000E+00
  3.07035694E+06  4.63317343E+06  4.00898220E-09  2.89329068E+04  7.09612745E-02  0.00000000E+00
  3.07070399E+06  4.63283864E+06  4.00811687E-09  2.89308993E+04  7.09588703E-02  0.00000000E+00
  3.07105104E+06  4.63250386E+06  4.00725603E-09  2.89288945E+04  7.09564119E-02  0.00000000E+00
  3.07139810E+06  4.63216907E+06  4.00639969E-09  2.89268924E+04  7.09538995E-02  0.00000000E+00
  3.07174515E+06  4.63183429E+06  4.00554782E-09  2.89248929E+04  7.09513333E-02  0.00000000E+00
  3.07209220E+06  4.63149951E+06  4.00470040E-09  2.89228962E+04  7.09487136E-02  0.00000000E+00
  3.07243925E+06  4.63116472E+06  4.00385742E-09  2.89209021E+04  7.09460406E-02  0.00000000E+00
  3.07278630E+06  4.63082994E+06  4.00301885E-09  2.89189106E+04  7.09433147E-02  0.00000000E+00
  3.07313335E+06  4.63049515E+06  4.00218469E-09  2.89169219E+04  7.09405359E-02  0.00000000E+00
  3.07348040E+06  4.63016037E+06  4.00135491E-09  2.89149358E+04  7.09377045E-02  0.00000000E+00
  3.07382745E+06  4.62982558E+06  4.00052950E-09  2.89129523E+04  7.09348208E-02  0.00000000E+00
  3.07417450E+06  4.62949080E+06  3.99970843E-09  2.89109715E+04  7.09318850E-02  0.00000000E+00
  3.07452155E+06  4.62915602E+06  3.99889170E-09  2.89089934E+04  7.09288974E-02  0.00000000E+00
  3.07486860E+06  4.62882123E+06  3.99807929E-09  2.89070179E+04  7.09258581E-02  0.00000000E+00
  3.07521565E+06  4.62848645E+06  3.99727117E-09  2.89050450E+04  7.09227675E-02  0.00000000E+00
  3.07556270E+06  4.62815166E+06  3.99646734E-09  2.89030748E+04  7.09196257E-02  0.00000000E+00
  3.07590975E+06  4.62781688E+06  3.99566777E-09  2.89011072E+04  7.09164330E-02  0.00000000E+00
  3.07625680E+06  4.62748209E+06  3.99487245E-09  2.88991423E+04  7.09131896E-02  0.00000000E+00
  3.07660386E+06  4.62714731E+06  3.99408136E-09  2.88971799E+04  7.09098957E-02  0.00000000E+00
  3.07695091E+06  4.62681253E+06  3.99329449E-09  2.88952202E+04  7.09065517E-02  0.00000000E+00
  3.07729796E+06  4.62647774E+06  3.99251182E-09  2.88932632E+04  7.09031576E-02  0.00000000E+00
  3.07764501E+06  4.62614296E+06  3.99173333E-09  2.88913087E+04  7.08997137E-02  0.00000000E+00
  3.07799206E+06  4.62580817E+06  3.99095901E-09  2.88893569E+04  7.08962203E-02  0.00000000E+00
  3.07833911E+06  4.62547339E+06  3.99018883E-09  2.88874077E+04  7.08926776E-02  0.00000000E+00
  3.07868616E+06  4.62513860E+06  3.98942280E-09  2.88854610E+04  7.08890859E-02  0.00000000E+00
  3.07903321E+06  4.62480382E+06  3.98866088E-09  2.88835170E+04  7.08854452E-02  0.00000000E+00
  3.07938026E+06  4.62446903E+06  3.98790306E-09  2.88815756E+04  7.08817560E-02  0.00000000E+00
  3.07972731E+06  4.62413425E+06  3.98714933E-09  2.88796368E+04  7.08780183E-02  0.00000000E+00
  3.08007436E+06  4.62379946E+06  3.98639967E-09  2.88777006E+04  7.08742325E-02  0.00000000E+00
  3.08042141E+06  4.62346468E+06  3.98565406E-09  2.88757670E+04  7.08703987E-02  0.00000000E+00
  3.08076846E+06  4.62312990E+06  3.98491249E-09  2.88738359E+04  7.08665172E-02  0.00000000E+00
  3.08111551E+06  4.62279511E+06  3.98417494E-09  2.88719075E+04  7.08625882E-02  0.00000000E+00
  3.08146256E+06  4.62246033E+06  3.98344140E-09  2.88699816E+04  7.08586119E-02  0.00000000E+00
  3.08180961E+06  4.62212554E+06  3.98271186E-09  2.88680583E+04  7.08545885E-02  0.00000000E+00
  3.08215667E+06  4.62179076E+06  3.98198628E-09  2.88661375E+04  7.08505183E-02  0.00000000E+00
  3.08250372E+06  4.62145597E+06  3.98126467E-09  2.88642194E+04  7.08464015E-02  0.00000000E+00
  3.08285077E+06  4.62112119E+06  3.98054700E-09  2.88623038E+04  7.08422383E-02  0.00000000E+00
  3.08319782E+06  4.62078640E+06  3.97983327E-09  2.88603908E+04  7.08380289E-02  0.00000000E+00
  3.08354487E+06  4.62045162E+06  3.97912344E-09  2.88584803E+04  7.08337736E-02  0.00000000E+00
  3.08389192E+06  4.62011683E+06  3.97841752E-09  2.88565724E+04  7.08294725E-02  0.00000000E+00
  3.08423897E+06  4.61978205E+06  3.97771548E-09  2.88546670E+04  7.08251259E-02  0.00000000E+00
  3.08458602E+06  4.61944726E+06  3.97701731E-09  2.88527642E+04  7.08207340E-02  0.00000000E+00
  3.08493307E+06  4.61911248E+06  3.97632299E-09  2.88508640E+04  7.08162970E-02  0.00000000E+00
  3.08528012E+06  4.61877769E+06  3.97563251E-09  2.88489662E+04  7.08118151E-02  0.00000000E+00
  3.08562717E+06  4.61844291E+06  3.97494585E-09  2.88470711E+04  7.08072886E-02  0.00000000E+00
  3.08597422E+06  4.61810812E+06  3.97426300E-09  2.88451784E+04  7.08027176E-02  0.00000000E+00
  3.08632127E+06  4.61777334E+06  3.97358395E-09  2.88432883E+04  7.07981024E-02  0.00000000E+00
  3.08666832E+06  4.61743855E+06  3.97290867E-09  2.88414007E+04  7.07934431E-02  0.00000000E+00
  3.08701537E+06  4.61710377E+06  3.97223716E-09  2.88395157E+04  7.07887401E-02  0.00000000E+00
  3.08736242E+06  4.61676898E+06  3.97156940E-09  2.88376331E+04  7.07839935E-02  0.00000000E+00
  3.08770948E+06  4.61643420E+06  3.97090538E-09  2.88357531E+04  7.07792035E-02  0.00000000E+00
  3.08805653E+06  4.61609941E+06  3.97024507E-09  2.88338756E+04  7.07743703E-02  0.00000000E+00
  3.08840358E+06  4.61576463E+06  3.96958847E-09  2.88320006E+04  7.07694942E-02  0.00000000E+00
  3.08875063E+06  4.61542984E+06  3.96893556E-09  2.88301281E+04  7.07645753E-02  0.00000000E+00
  3.08909768E+06  4.61509506E+06  3.96828633E-09  2.88282582E+04  7.07596139E-02  0.00000000E+00
  3.08944473E+06  4.61476027E+06  3.96764076E-09  2.88263907E+04  7.07546101E-02  0.00000000E+00
  3.08979178E+06  4.61442548E+06  3.96699884E-09  2.88245257E+04  7.07495642E-02  0.00000000E+00
  3.09013883E+06  4.61409070E+06  3.96636056E-09  2.88226632E+04  7.07444764E-02  0.00000000E+00
  3.09048588E+06  4.61375591E+06  3.96572589E-09  2.88208032E+04  7.07393469E-02  0.00000000E+00
  3.09083293E+06  4.61342113E+06  3.96509484E-09  2.88189457E+04  7.07341759E-02  0.00000000E+00
  3.09117998E+06  4.61308634E+06  3.96446737E-09  2.88170907E+04  7.07289635E-02  0.00000000E+00
  3.09152703E+06  4.61275156E+06  3.96384348E-09  2.88152382E+04  7.07237101E-02  0.00000000E+00
  3.09187408E+06  4.61241677E+06  3.96322316E-09  2.88133881E+04  7.07184158E-02  0.00000000E+00
  3.09222113E+06  4.61208199E+06  3.96260638E-09  2.88115406E+04  7.07130808E-02  0.00000000E+00
  3.09256818E+06  4.61174720E+06  3.96199314E-09  2.88096955E+04  7.07077053E-02  0.00000000E+00
  3.09291523E+06  4.61141242E+06  3.96138343E-09  2.88078528E+04  7.07022895E-02  0.00000000E+00
  3.09326229E+06  4.61107763E+06  3.96077722E-09  2.88060127E+04  7.06968336E-02  0.00000000E+00
  3.09360934E+06  4.61074285E+06  3.96017451E-09  2.88041749E+04  7.06913378E-02  0.00000000E+00
  3.09395639E+06  4.61040806E+06  3.95957528E-09  2.88023397E+04  7.06858024E-02  0.00000000E+00
  3.09430344E+06  4.61007327E+06  3.95897952E-09  2.88005069E+04  7.06802274E-02  0.00000000E+00
  3.09465049E+06  4.60973849E+06  3.95838722E-09  2.87986766E+04  7.06746132E-02  0.00000000E+00
  3.09499754E+06  4.60940370E+06  3.95779835E-09  2.87968487E+04  7.06689599E-02  0.00000000E+00
  3.09534459E+06  4.60906892E+06  3.95721292E-09  2.87950232E+04  7.06632677E-02  0.00000000E+00
  3.09569164E+06  4.60873413E+06  3.95663089E-09  2.87932002E+04  7.06575368E-02  0.00000000E+00
  3.09603869E+06  4.60839935E+06  3.95605227E-09  2.87913797E+04  7.06517674E-02  0.00000000E+00
  3.09638574E+06  4.60806456E+06  3.95547704E-09  2.87895615E+04  7.06459597E-02  0.00000000E+00
  3.09673279E+06  4.60772977E+06  3.95490518E-09  2.87877458E+04  7.06401139E-02  0.00000000E+00
  3.09707984E+06  4.60739499E+06  3.95433668E-09  2.87859326E+04  7.06342302E-02  0.00000000E+00
  3.09742689E+06  4.60706020E+06  3.95377154E-09  2.87841217E+04  7.06283088E-02  0.00000000E+00
  3.09777394E+06  4.60672542E+06  3.95320972E-09  2.87823133E+04  7.06223498E-02  0.00000000E+00
  3.09812099E+06  4.60639063E+06  3.95265123E-09  2.87805073E+04  7.06163535E-02  0.00000000E+00
  3.09846804E+06  4.60605584E+06  3.95209605E-09  2.87787037E+04  7.06103201E-02  0.00000000E+00
  3.09881510E+06  4.60572106E+06  3.95154417E-09  2.87769026E+04  7.06042497E-02  0.00000000E+00
  3.09916215E+06  4.60538627E+06  3.95099557E-09  2.87751038E+04  7.05981425E-02  0.00000000E+00
  3.09950920E+06  4.60505149E+06  3.95045024E-09  2.87733074E+04  7.05919988E-02  0.00000000E+00
  3.09985625E+06  4.60471670E+06  3.94990817E-09  2.87715135E+04  7.05858187E-02  0.00000000E+00
  3.10020330E+06  4.60438192E+06  3.94936935E-09  2.87697220E+04  7.05796024E-02  0.00000000E+00
  3.10055035E+06  4.60404713E+06  3.94883376E-09  2.87679328E+04  7.05733500E-02  0.00000000E+00
  3.10089740E+06  4.60371234E+06  3.94830139E-09  2.87661460E+04  7.05670619E-02  0.00000000E+00
  3.10124445E+06  4.60337756E+06  3.94777222E-09  2.87643617E+04  7.05607382E-02  0.00000000E+00
  3.10159150E+06  4.60304277E+06  3.94724626E-09  2.87625797E+04  7.05543790E-02  0.00000000E+00
  3.10193855E+06  4.60270798E+06  3.94672348E-09  2.87608001E+04  7.05479845E-02  0.00000000E+00
  3.10228560E+06  4.60237320E+06  3.94620386E-09  2.87590229E+04  7.05415550E-02  0.00000000E+00
  3.10263265E+06  4.60203841E+06  3.94568741E-09  2.87572481E+04  7.05350906E-02  0.00000000E+00
  3.10297970E+06  4.60170363E+06  3.94517410E-09  2.87554756E+04  7.05285914E-02  0.00000000E+00
  3.10332675E+06  4.60136884E+06  3.94466393E-09  2.87537055E+04  7.05220578E-02  0.00000000E+00
  3.10367380E+06  4.60103405E+06  3.94415688E-09  2.87519378E+04  7.05154898E-02  0.00000000E+00
  3.10402086E+06  4.60069927E+06  3.94365293E-09  2.87501724E+04  7.05088876E-02  0.00000000E+00
  3.10436791E+06  4.60036448E+06  3.94315209E-09  2.87484094E+04  7.05022515E-02  0.00000000E+00
  3.10471496E+06  4.60002970E+06  3.94265433E-09  2.87466488E+04  7.04955816E-02  0.00000000E+00
  3.10506201E+06  4.59969491E+06  3.94215965E-09  2.87448905E+04  7.04888781E-02  0.00000000E+00
  3.10540906E+06  4.59936012E+06  3.94166802E-09  2.87431346E+04  7.04821411E-02  0.00000000E+00
  3.10575611E+06  4.59902534E+06  3.94117945E-09  2.87413810E+04  7.04753708E-02  0.00000000E+00
  3.10610316E+06  4.59869055E+06  3.94069391E-09  2.87396298E+04  7.04685675E-02  0.00000000E+00
  3.10645021E+06  4.59835576E+06  3.94021140E-09  2.87378809E+04  7.04617313E-02  0.00000000E+00
  3.10679726E+06  4.59802098E+06  3.93973191E-09  2.87361344E+04  7.04548624E-02  0.00000000E+00
  3.10714431E+06  4.59768619E+06  3.93925541E-09  2.87343902E+04  7.04479609E-02  0.00000000E+00
  3.10749136E+06  4.59735140E+06  3.93878191E-09  2.87326483E+04  7.04410271E-02  0.00000000E+00
  3.10783841E+06  4.59701662E+06  3.93831139E-09  2.87309087E+04  7.04340610E-02  0.00000000E+00
  3.10818546E+06  4.59668183E+06  3.93784384E-09  2.87291715E+04  7.04270629E-02  0.00000000E+00
  3.10853251E+06  4.59634705E+06  3.93737924E-09  2.87274366E+04  7.04200330E-02  0.00000000E+00
  3.10887956E+06  4.59601226E+06  3.93691758E-09  2.87257041E+04  7.04129714E-02  0.00000000E+00
  3.10922661E+06  4.59567747E+06  3.93645886E-09  2.87239738E+04  7.04058783E-02  0.00000000E+00
  3.10957367E+06  4.59534269E+06  3.93600307E-09  2.87222459E+04  7.03987539E-02  0.00000000E+00
  3.10992072E+06  4.59500790E+06  3.93555018E-09  2.87205203E+04  7.03915983E-02  0.00000000E+00
  3.11026777E+06  4.59467311E+06  3.93510019E-09  2.87187969E+04  7.03844117E-02  0.00000000E+00
  3.11061482E+06  4.59433833E+06  3.93465309E-09  2.87170759E+04  7.03771943E-02  0.00000000E+00
  3.11096187E+06  4.59400354E+06  3.93420887E-09  2.87153572E+04  7.03699463E-02  0.00000000E+00
  3.11130892E+06  4.59366875E+06  3.93376751E-09  2.87136408E+04  7.03626678E-02  0.00000000E+00
  3.11165597E+06  4.59333397E+06  3.93332901E-09  2.87119267E+04  7.03553590E-02  0.00000000E+00
  3.11200302E+06  4.59299918E+06  3.93289335E-09  2.87102149E+04  7.03480200E-02  0.00000000E+00
  3.11235007E+06  4.59266439E+06  3.93246052E-09  2.87085054E+04  7.03406511E-02  0.00000000E+00
  3.11269712E+06  4.59232961E+06  3.93203051E-09  2.87067981E+04  7.03332523E-02  0.00000000E+00
  3.11304417E+06  4.59199482E+06  3.93160332E-09  2.87050932E+04  7.03258239E-02  0.00000000E+00
  3.11339122E+06  4.59166003E+06  3.93117892E-09  2.87033905E+04  7.03183661E-02  0.00000000E+00
  3.11373827E+06  4.59132525E+06  3.93075732E-09  2.87016901E+04  7.03108789E-02  0.00000000E+00
  3.11408532E+06  4.59099046E+06  3.93033849E-09  2.86999920E+04  7.03033626E-02  0.00000000E+00
  3.11443237E+06  4.59065567E+06  3.92992243E-09  2.86982961E+04  7.02958173E-02  0.00000000E+00
  3.11477942E+06  4.59032088E+06  3.92950912E-09  2.86966025E+04  7.02882432E-02  0.00000000E+00
  3.11512648E+06  4.58998610E+06  3.92909856E-09  2.86949112E+04  7.02806404E-02  0.00000000E+00
  3.11547353E+06  4.58965131E+06  3.92869074E-09  2.86932222E+04  7.02730092E-02  0.00000000E+00
  3.11582058E+06  4.58931652E+06  3.92828564E-09  2.86915354E+04  7.02653496E-02  0.00000000E+00
  3.11616763E+06  4.58898174E+06  3.92788325E-09  2.86898508E+04  7.02576619E-02  0.00000000E+00
  3.11651468E+06  4.58864695E+06  3.92748357E-09  2.86881686E+04  7.02499461E-02  0.00000000E+00
  3.11686173E+06  4.58831216E+06  3.92708658E-09  2.86864885E+04  7.02422025E-02  0.00000000E+00
  3.11720878E+06  4.58797738E+06  3.92669228E-09  2.86848108E+04  7.02344312E-02  0.00000000E+00
  3.11755583E+06  4.58764259E+06  3.92630064E-09  2.86831352E+04  7.02266323E-02  0.00000000E+00
  3.11790288E+06  4.58730780E+06  3.92591167E-09  2.86814619E+04  7.02188061E-02  0.00000000E+00
  3.11824993E+06  4.58697301E+06  3.92552535E-09  2.86797909E+04  7.02109527E-02  0.00000000E+00
  3.11859698E+06  4.58663823E+06  3.92514166E-09  2.86781221E+04  7.02030722E-02  0.00000000E+00
  3.11894403E+06  4.58630344E+06  3.92476062E-09  2.86764555E+04  7.01951649E-02  0.00000000E+00
  3.11929108E+06  4.58596865E+06  3.92438219E-09  2.86747911E+04  7.01872307E-02  0.00000000E+00
  3.11963813E+06  4.58563387E+06  3.92400637E-09  2.86731290E+04  7.01792700E-02  0.00000000E+00
  3.11998518E+06  4.58529908E+06  3.92363315E-09  2.86714691E+04  7.01712828E-02  0.00000000E+00
  3.12033223E+06  4.58496429E+06  3.92326252E-09  2.86698114E+04  7.01632694E-02  0.00000000E+00
  3.12067929E+06  4.58462950E+06  3.92289447E-09  2.86681559E+04  7.01552298E-02  0.00000000E+00
  3.12102634E+06  4.58429472E+06  3.92252900E-09  2.86665027E+04  7.01471643E-02  0.00000000E+00
  3.12137339E+06  4.58395993E+06  3.92216608E-09  2.86648516E+04  7.01390729E-02  0.00000000E+00
  3.12172044E+06  4.58362514E+06  3.92180572E-09  2.86632028E+04  7.01309559E-02  0.00000000E+00
  3.12206749E+06  4.58329036E+06  3.92144789E-09  2.86615562E+04  7.01228133E-02  0.00000000E+00
  3.12241454E+06  4.58295557E+06  3.92109259E-09  2.86599118E+04  7.01146454E-02  0.00000000E+00
  3.12276159E+06  4.58262078E+06  3.92073982E-09  2.86582695E+04  7.01064523E-02  0.00000000E+00
  3.12310864E+06  4.58228599E+06  3.92038956E-09  2.86566295E+04  7.00982340E-02  0.00000000E+00
  3.12345569E+06  4.58195121E+06  3.92004180E-09  2.86549917E+04  7.00899909E-02  0.00000000E+00
  3.12380274E+06  4.58161642E+06  3.91969653E-09  2.86533560E+04  7.00817230E-02  0.00000000E+00
  3.12414979E+06  4.58128163E+06  3.91935374E-09  2.86517226E+04  7.00734305E-02  0.00000000E+00
  3.12449684E+06  4.58094684E+06  3.91901342E-09  2.86500913E+04  7.00651135E-02  0.00000000E+00
  3.12484389E+06  4.58061206E+06  3.91867557E-09  2.86484623E+04  7.00567721E-02  0.00000000E+00
  3.12519094E+06  4.58027727E+06  3.91834017E-09  2.86468354E+04  7.00484066E-02  0.00000000E+00
  3.12553799E+06  4.57994248E+06  3.91800722E-09  2.86452106E+04  7.00400171E-02  0.00000000E+00
  3.12588504E+06  4.57960769E+06  3.91767670E-09  2.86435881E+04  7.00316036E-02  0.00000000E+00
  3.12623210E+06  4.57927291E+06  3.91734860E-09  2.86419677E+04  7.00231664E-02  0.00000000E+00
  3.12657915E+06  4.57893812E+06  3.91702292E-09  2.86403495E+04  7.00147056E-02  0.00000000E+00
  3.12692620E+06  4.57860333E+06  3.91669965E-09  2.86387334E+04  7.00062213E-02  0.00000000E+00
  3.12727325E+06  4.57826854E+06  3.91637877E-09  2.86371196E+04  6.99977138E-02  0.00000000E+00
  3.12762030E+06  4.57793376E+06  3.91606029E-09  2.86355078E+04  6.99891830E-02  0.00000000E+00
  3.12796735E+06  4.57759897E+06  3.91574418E-09  2.86338983E+04  6.99806292E-02  0.00000000E+00
  3.12831440E+06  4.57726418E+06  3.91543044E-09  2.86322909E+04  6.99720526E-02  0.00000000E+00
  3.12866145E+06  4.57692939E+06  3.91511905E-09  2.86306856E+04  6.99634531E-02  0.00000000E+00
  3.12900850E+06  4.57659461E+06  3.91481002E-09  2.86290825E+04  6.99548311E-02  0.00000000E+00
  3.12935555E+06  4.57625982E+06  3.91450334E-09  2.86274815E+04  6.99461866E-02  0.00000000E+00
  3.12970260E+06  4.57592503E+06  3.91419898E-09  2.86258827E+04  6.99375197E-02  0.00000000E+00
  3.13004965E+06  4.57559024E+06  3.91389695E-09  2.86242860E+04  6.99288307E-02  0.00000000E+00
  3.13039670E+06  4.57525546E+06  3.91359723E-09  2.86226914E+04  6.99201196E-02  0.00000000E+00
  3.13074375E+06  4.57492067E+06  3.91329982E-09  2.86210990E+04  6.99113866E-02  0.00000000E+00
  3.13109080E+06  4.57458588E+06  3.91300471E-09  2.86195087E+04  6.99026318E-02  0.00000000E+00
  3.13143786E+06  4.57425109E+06  3.91271188E-09  2.86179206E+04  6.98938554E-02  0.00000000E+00
  3.13178491E+06  4.57391630E+06  3.91242134E-09  2.86163345E+04  6.98850575E-02  0.00000000E+00
  3.13213196E+06  4.57358152E+06  3.91213306E-09  2.86147506E+04  6.98762382E-02  0.00000000E+00
  3.13247901E+06  4.57324673E+06  3.91184705E-09  2.86131688E+04  6.98673976E-02  0.00000000E+00
  3.13282606E+06  4.57291194E+06  3.91156329E-09  2.86115892E+04  6.98585360E-02  0.00000000E+00
  3.13317311E+06  4.57257715E+06  3.91128177E-09  2.86100116E+04  6.98496534E-02  0.00000000E+00
  3.13352016E+06  4.57224237E+06  3.91100249E-09  2.86084361E+04  6.98407499E-02  0.00000000E+00
  3.13386721E+06  4.57190758E+06  3.91072543E-09  2.86068628E+04  6.98318258E-02  0.00000000E+00
  3.13421426E+06  4.57157279E+06  3.91045060E-09  2.86052916E+04  6.98228811E-02  0.00000000E+00
  3.13456131E+06  4.57123800E+06  3.91017797E-09  2.86037224E+04  6.98139159E-02  0.00000000E+00
  3.13490836E+06  4.57090321E+06  3.90990755E-09  2.86021554E+04  6.98049305E-02  0.00000000E+00
  3.13525541E+06  4.57056843E+06  3.90963931E-09  2.86005904E+04  6.97959248E-02  0.00000000E+00
  3.13560246E+06  4.57023364E+06  3.90937327E-09  2.85990276E+04  6.97868992E-02  0.00000000E+00
  3.13594951E+06  4.56989885E+06  3.90910939E-09  2.85974668E+04  6.97778536E-02  0.00000000E+00
  3.13629656E+06  4.56956406E+06  3.90884769E-09  2.85959082E+04  6.97687882E-02  0.00000000E+00
  3.13664361E+06  4.56922927E+06  3.90858814E-09  2.85943516E+04  6.97597031E-02  0.00000000E+00
  3.13699067E+06  4.56889449E+06  3.90833075E-09  2.85927971E+04  6.97505986E-02  0.00000000E+00
  3.13733772E+06  4.56855970E+06  3.90807549E-09  2.85912447E+04  6.97414746E-02  0.00000000E+00
  3.13768477E+06  4.56822491E+06  3.90782237E-09  2.85896943E+04  6.97323314E-02  0.00000000E+00
  3.13803182E+06  4.56789012E+06  3.90757138E-09  2.85881461E+04  6.97231690E-02  0.00000000E+00
  3.13837887E+06  4.56755533E+06  3.90732251E-09  2.85865999E+04  6.97139875E-02  0.00000000E+00
  3.13872592E+06  4.56722054E+06  3.90707574E-09  2.85850558E+04  6.97047872E-02  0.00000000E+00
  3.13907297E+06  4.56688576E+06  3.90683108E-09  2.85835137E+04  6.96955682E-02  0.00000000E+00
  3.13942002E+06  4.56655097E+06  3.90658851E-09  2.85819737E+04  6.96863304E-02  0.00000000E+00
  3.13976707E+06  4.56621618E+06  3.90634802E-09  2.85804358E+04  6.96770742E-02  0.00000000E+00
  3.14011412E+06  4.56588139E+06  3.90610961E-09  2.85788999E+04  6.96677995E-02  0.00000000E+00
  3.14046117E+06  4.56554660E+06  3.90587327E-09  2.85773661E+04  6.96585066E-02  0.00000000E+00
  3.14080822E+06  4.56521182E+06  3.90563899E-09  2.85758343E+04  6.96491955E-02  0.00000000E+00
  3.14115527E+06  4.56487703E+06  3.90540677E-09  2.85743046E+04  6.96398664E-02  0.00000000E+00
  3.14150232E+06  4.56454224E+06  3.90517659E-09  2.85727769E+04  6.96305194E-02  0.00000000E+00
  3.14184937E+06  4.56420745E+06  3.90494844E-09  2.85712513E+04  6.96211546E-02  0.00000000E+00
  3.14219642E+06  4.56387266E+06  3.90472233E-09  2.85697277E+04  6.96117722E-02  0.00000000E+00
  3.14254348E+06  4.56353787E+06  3.90449824E-09  2.85682061E+04  6.96023722E-02  0.00000000E+00
  3.14289053E+06  4.56320309E+06  3.90427616E-09  2.85666866E+04  6.95929547E-02  0.00000000E+00
  3.14323758E+06  4.56286830E+06  3.90405609E-09  2.85651691E+04  6.95835200E-02  0.00000000E+00
  3.14358463E+06  4.56253351E+06  3.90383802E-09  2.85636537E+04  6.95740681E-02  0.00000000E+00
  3.14393168E+06  4.56219872E+06  3.90362194E-09  2.85621402E+04  6.95645991E-02  0.00000000E+00
  3.14427873E+06  4.56186393E+06  3.90340784E-09  2.85606288E+04  6.95551131E-02  0.00000000E+00
  3.14462578E+06  4.56152914E+06  3.90319571E-09  2.85591195E+04  6.95456103E-02  0.00000000E+00
  3.14497283E+06  4.56119435E+06  3.90298556E-09  2.85576121E+04  6.95360908E-02  0.00000000E+00
  3.14531988E+06  4.56085957E+06  3.90277736E-09  2.85561068E+04  6.95265547E-02  0.00000000E+00
  3.14566693E+06  4.56052478E+06  3.90257112E-09  2.85546034E+04  6.95170021E-02  0.00000000E+00
  3.14601398E+06  4.56018999E+06  3.90236682E-09  2.85531021E+04  6.95074332E-02  0.00000000E+00
  3.14636103E+06  4.55985520E+06  3.90216446E-09  2.85516028E+04  6.94978480E-02  0.00000000E+00
  3.14670808E+06  4.55952041E+06  3.90196403E-09  2.85501055E+04  6.94882466E-02  0.00000000E+00
  3.14705513E+06  4.55918562E+06  3.90176553E-09  2.85486102E+04  6.94786292E-02  0.00000000E+00
  3.14740218E+06  4.55885084E+06  3.90156893E-09  2.85471169E+04  6.94689959E-02  0.00000000E+00
  3.14774923E+06  4.55851605E+06  3.90137425E-09  2.85456256E+04  6.94593468E-02  0.00000000E+00
  3.14809629E+06  4.55818126E+06  3.90118147E-09  2.85441363E+04  6.94496821E-02  0.00000000E+00
  3.14844334E+06  4.55784647E+06  3.90099058E-09  2.85426490E+04  6.94400017E-02  0.00000000E+00
  3.14879039E+06  4.55751168E+06  3.90080157E-09  2.85411637E+04  6.94303059E-02  0.00000000E+00
  3.14913744E+06  4.55717689E+06  3.90061445E-09  2.85396804E+04  6.94205947E-02  0.00000000E+00
  3.14948449E+06  4.55684210E+06  3.90042920E-09  2.85381990E+04  6.94108683E-02  0.00000000E+00
  3.14983154E+06  4.55650731E+06  3.90024581E-09  2.85367197E+04  6.94011268E-02  0.00000000E+00
  3.15017859E+06  4.55617253E+06  3.90006428E-09  2.85352423E+04  6.93913702E-02  0.00000000E+00
  3.15052564E+06  4.55583774E+06  3.89988460E-09  2.85337669E+04  6.93815987E-02  0.00000000E+00
  3.15087269E+06  4.55550295E+06  3.89970676E-09  2.85322934E+04  6.93718124E-02  0.00000000E+00
  3.15121974E+06  4.55516816E+06  3.89953075E-09  2.85308220E+04  6.93620114E-02  0.00000000E+00
  3.15156679E+06  4.55483337E+06  3.89935658E-09  2.85293525E+04  6.93521959E-02  0.00000000E+00
  3.15191384E+06  4.55449858E+06  3.89918423E-09  2.85278850E+04  6.93423658E-02  0.00000000E+00
  3.15226089E+06  4.55416379E+06  3.89901369E-09  2.85264194E+04  6.93325214E-02  0.00000000E+00
  3.15260794E+06  4.55382900E+06  3.89884496E-09  2.85249558E+04  6.93226627E-02  0.00000000E+00
  3.15295499E+06  4.55349422E+06  3.89867803E-09  2.85234941E+04  6.93127899E-02  0.00000000E+00
  3.15330204E+06  4.55315943E+06  3.89851290E-09  2.85220345E+04  6.93029030E-02  0.00000000E+00
  3.15364910E+06  4.55282464E+06  3.89834955E-09  2.85205767E+04  6.92930022E-02  0.00000000E+00
  3.15399615E+06  4.55248985E+06  3.89818798E-09  2.85191209E+04  6.92830875E-02  0.00000000E+00
  3.15434320E+06  4.55215506E+06  3.89802819E-09  2.85176671E+04  6.92731591E-02  0.00000000E+00
  3.15469025E+06  4.55182027E+06  3.89787016E-09  2.85162152E+04  6.92632170E-02  0.00000000E+00
  3.15503730E+06  4.55148548E+06  3.89771389E-09  2.85147653E+04  6.92532614E-02  0.00000000E+00
  3.15538435E+06  4.55115069E+06  3.89755937E-09  2.85133172E+04  6.92432924E-02  0.00000000E+00
  3.15573140E+06  4.55081590E+06  3.89740661E-09  2.85118712E+04  6.92333100E-02  0.00000000E+00
  3.15607845E+06  4.55048111E+06  3.89725558E-09  2.85104270E+04  6.92233145E-02  0.00000000E+00
  3.15642550E+06  4.55014633E+06  3.89710628E-09  2.85089848E+04  6.92133058E-02  0.00000000E+00
  3.15677255E+06  4.54981154E+06  3.89695871E-09  2.85075446E+04  6.92032840E-02  0.00000000E+00
  3.15711960E+06  4.54947675E+06  3.89681286E-09  2.85061062E+04  6.91932494E-02  0.00000000E+00
  3.15746665E+06  4.54914196E+06  3.89666872E-09  2.85046698E+04  6.91832019E-02  0.00000000E+00
  3.15781370E+06  4.54880717E+06  3.89652629E-09  2.85032353E+04  6.91731418E-02  0.00000000E+00
  3.15816075E+06  4.54847238E+06  3.89638555E-09  2.85018027E+04  6.91630690E-02  0.00000000E+00
  3.15850780E+06  4.54813759E+06  3.89624652E-09  2.85003720E+04  6.91529837E-02  0.00000000E+00
  3.15885485E+06  4.54780280E+06  3.89610916E-09  2.84989433E+04  6.91428859E-02  0.00000000E+00
  3.15920191E+06  4.54746801E+06  3.89597349E-09  2.84975164E+04  6.91327759E-02  0.00000000E+00
  3.15954896E+06  4.54713322E+06  3.89583949E-09  2.84960915E+04  6.91226536E-02  0.00000000E+00
  3.15989601E+06  4.54679843E+06  3.89570716E-09  2.84946685E+04  6.91125192E-02  0.00000000E+00
  3.16024306E+06  4.54646365E+06  3.89557650E-09  2.84932474E+04  6.91023727E-02  0.00000000E+00
  3.16059011E+06  4.54612886E+06  3.89544748E-09  2.84918282E+04  6.90922143E-02  0.00000000E+00
  3.16093716E+06  4.54579407E+06  3.89532011E-09  2.84904108E+04  6.90820441E-02  0.00000000E+00
  3.16128421E+06  4.54545928E+06  3.89519439E-09  2.84889954E+04  6.90718621E-02  0.00000000E+00
  3.16163126E+06  4.54512449E+06  3.89507030E-09  2.84875819E+04  6.90616685E-02  0.00000000E+00
  3.16197831E+06  4.54478970E+06  3.89494784E-09  2.84861702E+04  6.90514633E-02  0.00000000E+00
  3.16232536E+06  4.54445491E+06  3.89482701E-09  2.84847605E+04  6.90412467E-02  0.00000000E+00
  3.16267241E+06  4.54412012E+06  3.89470779E-09  2.84833526E+04  6.90310187E-02  0.00000000E+00
  3.16301946E+06  4.54378533E+06  3.89459018E-09  2.84819467E+04  6.90207795E-02  0.00000000E+00
  3.16336651E+06  4.54345054E+06  3.89447418E-09  2.84805426E+04  6.90105290E-02  0.00000000E+00
  3.16371356E+06  4.54311575E+06  3.89435977E-09  2.84791403E+04  6.90002675E-02  0.00000000E+00
  3.16406061E+06  4.54278096E+06  3.89424696E-09  2.84777400E+04  6.89899950E-02  0.00000000E+00
  3.16440767E+06  4.54244617E+06  3.89413573E-09  2.84763415E+04  6.89797116E-02  0.00000000E+00
  3.16475472E+06  4.54211138E+06  3.89402609E-09  2.84749449E+04  6.89694174E-02  0.00000000E+00
  3.16510177E+06  4.54177660E+06  3.89391802E-09  2.84735502E+04  6.89591124E-02  0.00000000E+00
  3.16544882E+06  4.54144181E+06  3.89381151E-09  2.84721573E+04  6.89487969E-02  0.00000000E+00
  3.16579587E+06  4.54110702E+06  3.89370657E-09  2.84707663E+04  6.89384708E-02  0.00000000E+00
  3.16614292E+06  4.54077223E+06  3.89360318E-09  2.84693772E+04  6.89281342E-02  0.00000000E+00
  3.16648997E+06  4.54043744E+06  3.89350135E-09  2.84679899E+04  6.89177873E-02  0.00000000E+00
  3.16683702E+06  4.54010265E+06  3.89340106E-09  2.84666045E+04  6.89074302E-02  0.00000000E+00
  3.16718407E+06  4.53976786E+06  3.89330231E-09  2.84652209E+04  6.88970628E-02  0.00000000E+00
  3.16753112E+06  4.53943307E+06  3.89320508E-09  2.84638392E+04  6.88866854E-02  0.00000000E+00
  3.16787817E+06  4.53909828E+06  3.89310939E-09  2.84624594E+04  6.88762979E-02  0.00000000E+00
  3.16822522E+06  4.53876349E+06  3.89301522E-09  2.84610813E+04  6.88659006E-02  0.00000000E+00
  3.16857227E+06  4.53842870E+06  3.89292256E-09  2.84597052E+04  6.88554934E-02  0.00000000E+00
  3.16891932E+06  4.53809391E+06  3.89283141E-09  2.84583308E+04  6.88450765E-02  0.00000000E+00
  3.16926637E+06  4.53775912E+06  3.89274176E-09  2.84569583E+04  6.88346499E-02  0.00000000E+00
  3.16961342E+06  4.53742433E+06  3.89265362E-09  2.84555877E+04  6.88242138E-02  0.00000000E+00
  3.16996048E+06  4.53708954E+06  3.89256696E-09  2.84542188E+04  6.88137682E-02  0.00000000E+00
  3.17030753E+06  4.53675475E+06  3.89248179E-09  2.84528518E+04  6.88033132E-02  0.00000000E+00
  3.17065458E+06  4.53641996E+06  3.89239810E-09  2.84514867E+04  6.87928489E-02  0.00000000E+00
  3.17100163E+06  4.53608517E+06  3.89231589E-09  2.84501233E+04  6.87823753E-02  0.00000000E+00
  3.17134868E+06  4.53575038E+06  3.89223514E-09  2.84487618E+04  6.87718926E-02  0.00000000E+00
  3.17169573E+06  4.53541559E+06  3.89215586E-09  2.84474021E+04  6.87614009E-02  0.00000000E+00
  3.17204278E+06  4.53508080E+06  3.89207803E-09  2.84460442E+04  6.87509001E-02  0.00000000E+00
  3.17238983E+06  4.53474601E+06  3.89200166E-09  2.84446882E+04  6.87403905E-02  0.00000000E+00
  3.17273688E+06  4.53441122E+06  3.89192674E-09  2.84433339E+04  6.87298721E-02  0.00000000E+00
  3.17308393E+06  4.53407643E+06  3.89185325E-09  2.84419815E+04  6.87193450E-02  0.00000000E+00
  3.17343098E+06  4.53374165E+06  3.89178121E-09  2.84406309E+04  6.87088092E-02  0.00000000E+00
  3.17377803E+06  4.53340686E+06  3.89171059E-09  2.84392821E+04  6.86982648E-02  0.00000000E+00
  3.17412508E+06  4.53307207E+06  3.89164140E-09  2.84379351E+04  6.86877120E-02  0.00000000E+00
  3.17447213E+06  4.53273728E+06  3.89157362E-09  2.84365898E+04  6.86771507E-02  0.00000000E+00
  3.17481918E+06  4.53240249E+06  3.89150727E-09  2.84352464E+04  6.86665812E-02  0.00000000E+00
  3.17516623E+06  4.53206770E+06  3.89144232E-09  2.84339048E+04  6.86560033E-02  0.00000000E+00
  3.17551329E+06  4.53173291E+06  3.89137877E-09  2.84325650E+04  6.86454174E-02  0.00000000E+00
  3.17586034E+06  4.53139812E+06  3.89131662E-09  2.84312270E+04  6.86348233E-02  0.00000000E+00
  3.17620739E+06  4.53106333E+06  3.89125586E-09  2.84298908E+04  6.86242213E-02  0.00000000E+00
  3.17655444E+06  4.53072854E+06  3.89119649E-09  2.84285563E+04  6.86136113E-02  0.00000000E+00
  3.17690149E+06  4.53039375E+06  3.89113851E-09  2.84272237E+04  6.86029935E-02  0.00000000E+00
  3.17724854E+06  4.53005896E+06  3.89108190E-09  2.84258928E+04  6.85923679E-02  0.00000000E+00
  3.17759559E+06  4.52972417E+06  3.89102666E-09  2.84245637E+04  6.85817346E-02  0.00000000E+00
  3.17794264E+06  4.52938938E+06  3.89097279E-09  2.84232364E+04  6.85710937E-02  0.00000000E+00
  3.17828969E+06  4.52905459E+06  3.89092027E-09  2.84219108E+04  6.85604453E-02  0.00000000E+00
  3.17863674E+06  4.52871980E+06  3.89086912E-09  2.84205871E+04  6.85497894E-02  0.00000000E+00
  3.17898379E+06  4.52838501E+06  3.89081931E-09  2.84192651E+04  6.85391262E-02  0.00000000E+00
  3.17933084E+06  4.52805022E+06  3.89077085E-09  2.84179448E+04  6.85284556E-02  0.00000000E+00
  3.17967789E+06  4.52771543E+06  3.89072374E-09  2.84166264E+04  6.85177778E-02  0.00000000E+00
  3.18002494E+06  4.52738064E+06  3.89067795E-09  2.84153097E+04  6.85070928E-02  0.00000000E+00
  3.18037199E+06  4.52704585E+06  3.89063350E-09  2.84139947E+04  6.84964008E-02  0.00000000E+00
  3.18071904E+06  4.52671106E+06  3.89059037E-09  2.84126816E+04  6.84857017E-02  0.00000000E+00
  3.18106610E+06  4.52637627E+06  3.89054856E-09  2.84113702E+04  6.84749957E-02  0.00000000E+00
  3.18141315E+06  4.52604148E+06  3.89050807E-09  2.84100605E+04  6.84642829E-02  0.00000000E+00
  3.18176020E+06  4.52570669E+06  3.89046889E-09  2.84087526E+04  6.84535632E-02  0.00000000E+00
  3.18210725E+06  4.52537190E+06  3.89043101E-09  2.84074464E+04  6.84428369E-02  0.00000000E+00
  3.18245430E+06  4.52503711E+06  3.89039443E-09  2.84061420E+04  6.84321039E-02  0.00000000E+00
  3.18280135E+06  4.52470232E+06  3.89035915E-09  2.84048393E+04  6.84213643E-02  0.00000000E+00
  3.18314840E+06  4.52436753E+06  3.89032516E-09  2.84035384E+04  6.84106182E-02  0.00000000E+00
  3.18349545E+06  4.52403274E+06  3.89029245E-09  2.84022392E+04  6.83998658E-02  0.00000000E+00
  3.18384250E+06  4.52369795E+06  3.89026102E-09  2.84009418E+04  6.83891069E-02  0.00000000E+00
  3.18418955E+06  4.52336316E+06  3.89023087E-09  2.83996461E+04  6.83783418E-02  0.00000000E+00
  3.18453660E+06  4.52302837E+06  3.89020199E-09  2.83983521E+04  6.83675704E-02  0.00000000E+00
  3.18488365E+06  4.52269357E+06  3.89017438E-09  2.83970599E+04  6.83567930E-02  0.00000000E+00
  3.18523070E+06  4.52235878E+06  3.89014802E-09  2.83957693E+04  6.83460094E-02  0.00000000E+00
  3.18557775E+06  4.52202399E+06  3.89012293E-09  2.83944805E+04  6.83352199E-02  0.00000000E+00
  3.18592480E+06  4.52168920E+06  3.89009908E-09  2.83931935E+04  6.83244244E-02  0.00000000E+00
  3.18627185E+06  4.52135441E+06  3.89007648E-09  2.83919081E+04  6.83136230E-02  0.00000000E+00
  3.18661891E+06  4.52101962E+06  3.89005513E-09  2.83906245E+04  6.83028159E-02  0.00000000E+00
  3.18696596E+06  4.52068483E+06  3.89003501E-09  2.83893426E+04  6.82920030E-02  0.00000000E+00
  3.18731301E+06  4.52035004E+06  3.89001612E-09  2.83880624E+04  6.82811845E-02  0.00000000E+00
  3.18766006E+06  4.52001525E+06  3.88999846E-09  2.83867839E+04  6.82703603E-02  0.00000000E+00
  3.18800711E+06  4.51968046E+06  3.88998203E-09  2.83855072E+04  6.82595307E-02  0.00000000E+00
  3.18835416E+06  4.51934567E+06  3.88996681E-09  2.83842321E+04  6.82486956E-02  0.00000000E+00
  3.18870121E+06  4.51901088E+06  3.88995281E-09  2.83829588E+04  6.82378551E-02  0.00000000E+00
  3.18904826E+06  4.51867609E+06  3.88994002E-09  2.83816871E+04  6.82270093E-02  0.00000000E+00
  3.18939531E+06  4.51834130E+06  3.88992843E-09  2.83804172E+04  6.82161582E-02  0.00000000E+00
  3.18974236E+06  4.51800651E+06  3.88991804E-09  2.83791489E+04  6.82053019E-02  0.00000000E+00
  3.19008941E+06  4.51767172E+06  3.88990885E-09  2.83778824E+04  6.81944405E-02  0.00000000E+00
  3.19043646E+06  4.51733693E+06  3.88990085E-09  2.83766175E+04  6.81835740E-02  0.00000000E+00
  3.19078351E+06  4.51700214E+06  3.88989403E-09  2.83753544E+04  6.81727026E-02  0.00000000E+00
  3.19113056E+06  4.51666735E+06  3.88988840E-09  2.83740929E+04  6.81618262E-02  0.00000000E+00
  3.19147761E+06  4.51633256E+06  3.88988395E-09  2.83728331E+04  6.81509449E-02  0.00000000E+00
  3.19182467E+06  4.51599777E+06  3.88988066E-09  2.83715750E+04  6.81400589E-02  0.00000000E+00
  3.19217172E+06  4.51566298E+06  3.88987855E-09  2.83703186E+04  6.81291681E-02  0.00000000E+00
  3.19251877E+06  4.51532819E+06  3.88987760E-09  2.83690639E+04  6.81182726E-02  0.00000000E+00
  3.19286582E+06  4.51499340E+06  3.88987782E-09  2.83678108E+04  6.81073725E-02  0.00000000E+00
  3.19321287E+06  4.51465861E+06  3.88987918E-09  2.83665594E+04  6.80964678E-02  0.00000000E+00
  3.19355992E+06  4.51432381E+06  3.88988170E-09  2.83653097E+04  6.80855587E-02  0.00000000E+00
  3.19390697E+06  4.51398902E+06  3.88988537E-09  2.83640617E+04  6.80746451E-02  0.00000000E+00
  3.19425402E+06  4.51365423E+06  3.88989017E-09  2.83628153E+04  6.80637272E-02  0.00000000E+00
  3.19460107E+06  4.51331944E+06  3.88989612E-09  2.83615706E+04  6.80528050E-02  0.00000000E+00
  3.19494812E+06  4.51298465E+06  3.88990320E-09  2.83603276E+04  6.80418785E-02  0.00000000E+00
  3.19529517E+06  4.51264986E+06  3.88991141E-09  2.83590862E+04  6.80309478E-02  0.00000000E+00
  3.19564222E+06  4.51231507E+06  3.88992074E-09  2.83578465E+04  6.80200130E-02  0.00000000E+00
  3.19598927E+06  4.51198028E+06  3.88993120E-09  2.83566085E+04  6.80090742E-02  0.00000000E+00
  3.19633632E+06  4.51164549E+06  3.88994277E-09  2.83553721E+04  6.79981313E-02  0.00000000E+00
  3.19668337E+06  4.51131070E+06  3.88995546E-09  2.83541373E+04  6.79871846E-02  0.00000000E+00
  3.19703042E+06  4.51097591E+06  3.88996925E-09  2.83529043E+04  6.79762339E-02  0.00000000E+00
  3.19737748E+06  4.51064112E+06  3.88998415E-09  2.83516728E+04  6.79652794E-02  0.00000000E+00
  3.19772453E+06  4.51030633E+06  3.89000015E-09  2.83504430E+04  6.79543211E-02  0.00000000E+00
  3.19807158E+06  4.50997154E+06  3.89001724E-09  2.83492149E+04  6.79433592E-02  0.00000000E+00
  3.19841863E+06  4.50963675E+06  3.89003542E-09  2.83479884E+04  6.79323936E-02  0.00000000E+00
  3.19876568E+06  4.50930195E+06  3.89005470E-09  2.83467636E+04  6.79214244E-02  0.00000000E+00
  3.19911273E+06  4.50896716E+06  3.89007505E-09  2.83455403E+04  6.79104516E-02  0.00000000E+00
  3.19945978E+06  4.50863237E+06  3.89009649E-09  2.83443188E+04  6.78994754E-02  0.00000000E+00
  3.19980683E+06  4.50829758E+06  3.89011900E-09  2.83430988E+04  6.78884958E-02  0.00000000E+00
  3.20015388E+06  4.50796279E+06  3.89014258E-09  2.83418805E+04  6.78775128E-02  0.00000000E+00
  3.20050093E+06  4.50762800E+06  3.89016723E-09  2.83406638E+04  6.78665265E-02  0.00000000E+00
  3.20084798E+06  4.50729321E+06  3.89019294E-09  2.83394488E+04  6.78555370E-02  0.00000000E+00
  3.20119503E+06  4.50695842E+06  3.89021972E-09  2.83382353E+04  6.78445442E-02  0.00000000E+00
  3.20154208E+06  4.50662363E+06  3.89024754E-09  2.83370235E+04  6.78335484E-02  0.00000000E+00
  3.20188913E+06  4.50628884E+06  3.89027642E-09  2.83358133E+04  6.78225494E-02  0.00000000E+00
  3.20223618E+06  4.50595405E+06  3.89030635E-09  2.83346048E+04  6.78115474E-02  0.00000000E+00
  3.20258323E+06  4.50561926E+06  3.89033731E-09  2.83333978E+04  6.78005425E-02  0.00000000E+00
  3.20293029E+06  4.50528446E+06  3.89036932E-09  2.83321925E+04  6.77895346E-02  0.00000000E+00
  3.20327734E+06  4.50494967E+06  3.89040237E-09  2.83309888E+04  6.77785239E-02  0.00000000E+00
  3.20362439E+06  4.50461488E+06  3.89043644E-09  2.83297867E+04  6.77675104E-02  0.00000000E+00
  3.20397144E+06  4.50428009E+06  3.89047154E-09  2.83285862E+04  6.77564941E-02  0.00000000E+00
  3.20431849E+06  4.50394530E+06  3.89050767E-09  2.83273873E+04  6.77454751E-02  0.00000000E+00
  3.20466554E+06  4.50361051E+06  3.89054481E-09  2.83261900E+04  6.77344534E-02  0.00000000E+00
  3.20501259E+06  4.50327572E+06  3.89058298E-09  2.83249943E+04  6.77234292E-02  0.00000000E+00
  3.20535964E+06  4.50294093E+06  3.89062215E-09  2.83238002E+04  6.77124024E-02  0.00000000E+00
  3.20570669E+06  4.50260614E+06  3.89066233E-09  2.83226077E+04  6.77013732E-02  0.00000000E+00
  3.20605374E+06  4.50227135E+06  3.89070352E-09  2.83214168E+04  6.76903415E-02  0.00000000E+00
  3.20640079E+06  4.50193656E+06  3.89074571E-09  2.83202275E+04  6.76793074E-02  0.00000000E+00
  3.20674784E+06  4.50160176E+06  3.89078890E-09  2.83190398E+04  6.76682709E-02  0.00000000E+00
  3.20709489E+06  4.50126697E+06  3.89083308E-09  2.83178537E+04  6.76572322E-02  0.00000000E+00
  3.20744194E+06  4.50093218E+06  3.89087824E-09  2.83166691E+04  6.76461913E-02  0.00000000E+00
  3.20778899E+06  4.50059739E+06  3.89092440E-09  2.83154862E+04  6.76351482E-02  0.00000000E+00
  3.20813604E+06  4.50026260E+06  3.89097153E-09  2.83143048E+04  6.76241029E-02  0.00000000E+00
  3.20848310E+06  4.49992781E+06  3.89101965E-09  2.83131250E+04  6.76130556E-02  0.00000000E+00
  3.20883015E+06  4.49959302E+06  3.89106874E-09  2.83119468E+04  6.76020062E-02  0.00000000E+00
  3.20917720E+06  4.49925823E+06  3.89111880E-09  2.83107702E+04  6.75909549E-02  0.00000000E+00
  3.20952425E+06  4.49892344E+06  3.89116983E-09  2.83095951E+04  6.75799016E-02  0.00000000E+00
  3.20987130E+06  4.49858864E+06  3.89122182E-09  2.83084216E+04  6.75688464E-02  0.00000000E+00
  3.21021835E+06  4.49825385E+06  3.89127478E-09  2.83072497E+04  6.75577895E-02  0.00000000E+00
  3.21056540E+06  4.49791906E+06  3.89132868E-09  2.83060794E+04  6.75467307E-02  0.00000000E+00
  3.21091245E+06  4.49758427E+06  3.89138355E-09  2.83049106E+04  6.75356702E-02  0.00000000E+00
  3.21125950E+06  4.49724948E+06  3.89143936E-09  2.83037434E+04  6.75246080E-02  0.00000000E+00
  3.21160655E+06  4.49691469E+06  3.89149612E-09  2.83025777E+04  6.75135442E-02  0.00000000E+00
  3.21195360E+06  4.49657990E+06  3.89155382E-09  2.83014136E+04  6.75024787E-02  0.00000000E+00
  3.21230065E+06  4.49624511E+06  3.89161246E-09  2.83002511E+04  6.74914118E-02  0.00000000E+00
  3.21264770E+06  4.49591031E+06  3.89167203E-09  2.82990901E+04  6.74803433E-02  0.00000000E+00
  3.21299475E+06  4.49557552E+06  3.89173254E-09  2.82979307E+04  6.74692734E-02  0.00000000E+00
  3.21334180E+06  4.49524073E+06  3.89179397E-09  2.82967728E+04  6.74582021E-02  0.00000000E+00
  3.21368885E+06  4.49490594E+06  3.89185633E-09  2.82956165E+04  6.74471294E-02  0.00000000E+00
  3.21403591E+06  4.49457115E+06  3.89191961E-09  2.82944617E+04  6.74360554E-02  0.00000000E+00
  3.21438296E+06  4.49423636E+06  3.89198381E-09  2.82933085E+04  6.74249802E-02  0.00000000E+00
  3.21473001E+06  4.49390157E+06  3.89204893E-09  2.82921568E+04  6.74139037E-02  0.00000000E+00
  3.21507706E+06  4.49356678E+06  3.89211495E-09  2.82910066E+04  6.74028261E-02  0.00000000E+00
  3.21542411E+06  4.49323198E+06  3.89218188E-09  2.82898580E+04  6.73917473E-02  0.00000000E+00
  3.21577116E+06  4.49289719E+06  3.89224972E-09  2.82887109E+04  6.73806675E-02  0.00000000E+00
  3.21611821E+06  4.49256240E+06  3.89231846E-09  2.82875654E+04  6.73695866E-02  0.00000000E+00
  3.21646526E+06  4.49222761E+06  3.89238809E-09  2.82864214E+04  6.73585047E-02  0.00000000E+00
  3.21681231E+06  4.49189282E+06  3.89245862E-09  2.82852789E+04  6.73474219E-02  0.00000000E+00
  3.21715936E+06  4.49155803E+06  3.89253004E-09  2.82841380E+04  6.73363382E-02  0.00000000E+00
  3.21750641E+06  4.49122324E+06  3.89260235E-09  2.82829985E+04  6.73252536E-02  0.00000000E+00
  3.21785346E+06  4.49088844E+06  3.89267554E-09  2.82818606E+04  6.73141682E-02  0.00000000E+00
  3.21820051E+06  4.49055365E+06  3.89274961E-09  2.82807243E+04  6.73030820E-02  0.00000000E+00
  3.21854756E+06  4.49021886E+06  3.89282456E-09  2.82795894E+04  6.72919951E-02  0.00000000E+00
  3.21889461E+06  4.48988407E+06  3.89290039E-09  2.82784561E+04  6.72809075E-02  0.00000000E+00
  3.21924166E+06  4.48954928E+06  3.89297708E-09  2.82773242E+04  6.72698193E-02  0.00000000E+00
  3.21958872E+06  4.48921449E+06  3.89305465E-09  2.82761939E+04  6.72587304E-02  0.00000000E+00
  3.21993577E+06  4.48887970E+06  3.89313307E-09  2.82750652E+04  6.72476410E-02  0.00000000E+00
  3.22028282E+06  4.48854490E+06  3.89321236E-09  2.82739379E+04  6.72365511E-02  0.00000000E+00
  3.22062987E+06  4.48821011E+06  3.89329251E-09  2.82728121E+04  6.72254607E-02  0.00000000E+00
  3.22097692E+06  4.48787532E+06  3.89337351E-09  2.82716878E+04  6.72143699E-02  0.00000000E+00
  3.22132397E+06  4.48754053E+06  3.89345537E-09  2.82705651E+04  6.72032787E-02  0.00000000E+00
  3.22167102E+06  4.48720574E+06  3.89353807E-09  2.82694438E+04  6.71921872E-02  0.00000000E+00
  3.22201807E+06  4.48687095E+06  3.89362162E-09  2.82683240E+04  6.71810953E-02  0.00000000E+00
  3.22236512E+06  4.48653616E+06  3.89370601E-09  2.82672058E+04  6.71700032E-02  0.00000000E+00
  3.22271217E+06  4.48620136E+06  3.89379124E-09  2.82660890E+04  6.71589108E-02  0.00000000E+00
  3.22305922E+06  4.48586657E+06  3.89387730E-09  2.82649737E+04  6.71478182E-02  0.00000000E+00
  3.22340627E+06  4.48553178E+06  3.89396420E-09  2.82638600E+04  6.71367255E-02  0.00000000E+00
  3.22375332E+06  4.48519699E+06  3.89405193E-09  2.82627477E+04  6.71256327E-02  0.00000000E+00
  3.22410037E+06  4.48486220E+06  3.89414048E-09  2.82616369E+04  6.71145399E-02  0.00000000E+00
  3.22444742E+06  4.48452741E+06  3.89422986E-09  2.82605276E+04  6.71034470E-02  0.00000000E+00
  3.22479448E+06  4.48419261E+06  3.89432006E-09  2.82594197E+04  6.70923541E-02  0.00000000E+00
  3.22514153E+06  4.48385782E+06  3.89441107E-09  2.82583134E+04  6.70812612E-02  0.00000000E+00
  3.22548858E+06  4.48352303E+06  3.89450290E-09  2.82572085E+04  6.70701685E-02  0.00000000E+00
  3.22583563E+06  4.48318824E+06  3.89459555E-09  2.82561051E+04  6.70590758E-02  0.00000000E+00
  3.22618268E+06  4.48285345E+06  3.89468900E-09  2.82550032E+04  6.70479834E-02  0.00000000E+00
  3.22652973E+06  4.48251866E+06  3.89478325E-09  2.82539028E+04  6.70368911E-02  0.00000000E+00
  3.22687678E+06  4.48218386E+06  3.89487831E-09  2.82528038E+04  6.70257991E-02  0.00000000E+00
  3.22722383E+06  4.48184907E+06  3.89497417E-09  2.82517063E+04  6.70147074E-02  0.00000000E+00
  3.22757088E+06  4.48151428E+06  3.89507082E-09  2.82506103E+04  6.70036159E-02  0.00000000E+00
  3.22791793E+06  4.48117949E+06  3.89516827E-09  2.82495157E+04  6.69925249E-02  0.00000000E+00
  3.22826498E+06  4.48084470E+06  3.89526651E-09  2.82484226E+04  6.69814342E-02  0.00000000E+00
  3.22861203E+06  4.48050991E+06  3.89536553E-09  2.82473310E+04  6.69703439E-02  0.00000000E+00
  3.22895908E+06  4.48017511E+06  3.89546534E-09  2.82462408E+04  6.69592542E-02  0.00000000E+00
  3.22930613E+06  4.47984032E+06  3.89556593E-09  2.82451521E+04  6.69481649E-02  0.00000000E+00
  3.22965318E+06  4.47950553E+06  3.89566730E-09  2.82440648E+04  6.69370762E-02  0.00000000E+00
  3.23000023E+06  4.47917074E+06  3.89576945E-09  2.82429790E+04  6.69259880E-02  0.00000000E+00
  3.23034729E+06  4.47883595E+06  3.89587237E-09  2.82418947E+04  6.69149004E-02  0.00000000E+00
  3.23069434E+06  4.47850115E+06  3.89597606E-09  2.82408118E+04  6.69038135E-02  0.00000000E+00
  3.23104139E+06  4.47816636E+06  3.89608052E-09  2.82397303E+04  6.68927273E-02  0.00000000E+00
  3.23138844E+06  4.47783157E+06  3.89618574E-09  2.82386503E+04  6.68816418E-02  0.00000000E+00
  3.23173549E+06  4.47749678E+06  3.89629172E-09  2.82375718E+04  6.68705570E-02  0.00000000E+00
  3.23208254E+06  4.47716199E+06  3.89639847E-09  2.82364947E+04  6.68594731E-02  0.00000000E+00
  3.23242959E+06  4.47682720E+06  3.89650597E-09  2.82354190E+04  6.68483899E-02  0.00000000E+00
  3.23277664E+06  4.47649240E+06  3.89661422E-09  2.82343447E+04  6.68373076E-02  0.00000000E+00
  3.23312369E+06  4.47615761E+06  3.89672322E-09  2.82332720E+04  6.68262262E-02  0.00000000E+00
  3.23347074E+06  4.47582282E+06  3.89683297E-09  2.82322006E+04  6.68151457E-02  0.00000000E+00
  3.23381779E+06  4.47548803E+06  3.89694347E-09  2.82311307E+04  6.68040662E-02  0.00000000E+00
  3.23416484E+06  4.47515324E+06  3.89705470E-09  2.82300622E+04  6.67929877E-02  0.00000000E+00
  3.23451189E+06  4.47481844E+06  3.89716668E-09  2.82289951E+04  6.67819102E-02  0.00000000E+00
  3.23485894E+06  4.47448365E+06  3.89727940E-09  2.82279295E+04  6.67708337E-02  0.00000000E+00
  3.23520599E+06  4.47414886E+06  3.89739284E-09  2.82268652E+04  6.67597584E-02  0.00000000E+00
  3.23555304E+06  4.47381407E+06  3.89750702E-09  2.82258025E+04  6.67486842E-02  0.00000000E+00
  3.23590010E+06  4.47347928E+06  3.89762193E-09  2.82247411E+04  6.67376111E-02  0.00000000E+00
  3.23624715E+06  4.47314448E+06  3.89773756E-09  2.82236811E+04  6.67265392E-02  0.00000000E+00
  3.23659420E+06  4.47280969E+06  3.89785392E-09  2.82226226E+04  6.67154686E-02  0.00000000E+00
  3.23694125E+06  4.47247490E+06  3.89797100E-09  2.82215655E+04  6.67043992E-02  0.00000000E+00
  3.23728830E+06  4.47214011E+06  3.89808879E-09  2.82205098E+04  6.66933311E-02  0.00000000E+00
  3.23763535E+06  4.47180532E+06  3.89820730E-09  2.82194555E+04  6.66822643E-02  0.00000000E+00
  3.23798240E+06  4.47147052E+06  3.89832653E-09  2.82184026E+04  6.66711989E-02  0.00000000E+00
  3.23832945E+06  4.47113573E+06  3.89844646E-09  2.82173512E+04  6.66601348E-02  0.00000000E+00
  3.23867650E+06  4.47080094E+06  3.89856710E-09  2.82163011E+04  6.66490722E-02  0.00000000E+00
  3.23902355E+06  4.47046615E+06  3.89868845E-09  2.82152525E+04  6.66380110E-02  0.00000000E+00
  3.23937060E+06  4.47013136E+06  3.89881049E-09  2.82142052E+04  6.66269513E-02  0.00000000E+00
  3.23971765E+06  4.46979656E+06  3.89893324E-09  2.82131594E+04  6.66158931E-02  0.00000000E+00
  3.24006470E+06  4.46946177E+06  3.89905669E-09  2.82121149E+04  6.66048365E-02  0.00000000E+00
  3.24041175E+06  4.46912698E+06  3.89918082E-09  2.82110719E+04  6.65937814E-02  0.00000000E+00
  3.24075880E+06  4.46879219E+06  3.89930566E-09  2.82100302E+04  6.65827279E-02  0.00000000E+00
  3.24110585E+06  4.46845740E+06  3.89943118E-09  2.82089899E+04  6.65716760E-02  0.00000000E+00
  3.24145291E+06  4.46812260E+06  3.89955738E-09  2.82079511E+04  6.65606258E-02  0.00000000E+00
  3.24179996E+06  4.46778781E+06  3.89968427E-09  2.82069136E+04  6.65495773E-02  0.00000000E+00
  3.24214701E+06  4.46745302E+06  3.89981185E-09  2.82058775E+04  6.65385305E-02  0.00000000E+00
  3.24249406E+06  4.46711823E+06  3.89994010E-09  2.82048428E+04  6.65274855E-02  0.00000000E+00
  3.24284111E+06  4.46678343E+06  3.90006903E-09  2.82038095E+04  6.65164422E-02  0.00000000E+00
  3.24318816E+06  4.46644864E+06  3.90019863E-09  2.82027775E+04  6.65054007E-02  0.00000000E+00
  3.24353521E+06  4.46611385E+06  3.90032891E-09  2.82017470E+04  6.64943611E-02  0.00000000E+00
  3.24388226E+06  4.46577906E+06  3.90045985E-09  2.82007178E+04  6.64833234E-02  0.00000000E+00
  3.24422931E+06  4.46544427E+06  3.90059146E-09  2.81996900E+04  6.64722875E-02  0.00000000E+00
  3.24457636E+06  4.46510947E+06  3.90072374E-09  2.81986635E+04  6.64612535E-02  0.00000000E+00
  3.24492341E+06  4.46477468E+06  3.90085668E-09  2.81976385E+04  6.64502215E-02  0.00000000E+00
  3.24527046E+06  4.46443989E+06  3.90099028E-09  2.81966148E+04  6.64391915E-02  0.00000000E+00
  3.24561751E+06  4.46410510E+06  3.90112453E-09  2.81955925E+04  6.64281635E-02  0.00000000E+00
  3.24596456E+06  4.46377030E+06  3.90125944E-09  2.81945716E+04  6.64171375E-02  0.00000000E+00
  3.24631161E+06  4.46343551E+06  3.90139500E-09  2.81935520E+04  6.64061136E-02  0.00000000E+00
  3.24665866E+06  4.46310072E+06  3.90153122E-09  2.81925338E+04  6.63950918E-02  0.00000000E+00
  3.24700572E+06  4.46276593E+06  3.90166808E-09  2.81915169E+04  6.63840721E-02  0.00000000E+00
  3.24735277E+06  4.46243114E+06  3.90180558E-09  2.81905014E+04  6.63730545E-02  0.00000000E+00
  3.24769982E+06  4.46209634E+06  3.90194373E-09  2.81894873E+04  6.63620391E-02  0.00000000E+00
  3.24804687E+06  4.46176155E+06  3.90208252E-09  2.81884745E+04  6.63510259E-02  0.00000000E+00
  3.24839392E+06  4.46142676E+06  3.90222194E-09  2.81874631E+04  6.63400149E-02  0.00000000E+00
  3.24874097E+06  4.46109197E+06  3.90236201E-09  2.81864530E+04  6.63290062E-02  0.00000000E+00
  3.24908802E+06  4.46075717E+06  3.90250270E-09  2.81854443E+04  6.63179997E-02  0.00000000E+00
  3.24943507E+06  4.46042238E+06  3.90264403E-09  2.81844369E+04  6.63069956E-02  0.00000000E+00
  3.24978212E+06  4.46008759E+06  3.90278599E-09  2.81834309E+04  6.62959937E-02  0.00000000E+00
  3.25012917E+06  4.45975280E+06  3.90292857E-09  2.81824262E+04  6.62849943E-02  0.00000000E+00
  3.25047622E+06  4.45941800E+06  3.90307178E-09  2.81814229E+04  6.62739972E-02  0.00000000E+00
  3.25082327E+06  4.45908321E+06  3.90321561E-09  2.81804209E+04  6.62630025E-02  0.00000000E+00
  3.25117032E+06  4.45874842E+06  3.90336006E-09  2.81794203E+04  6.62520102E-02  0.00000000E+00
  3.25151737E+06  4.45841363E+06  3.90350512E-09  2.81784210E+04  6.62410204E-02  0.00000000E+00
  3.25186442E+06  4.45807883E+06  3.90365081E-09  2.81774230E+04  6.62300331E-02  0.00000000E+00
  3.25221148E+06  4.45774404E+06  3.90379710E-09  2.81764264E+04  6.62190483E-02  0.00000000E+00
  3.25255853E+06  4.45740925E+06  3.90394401E-09  2.81754311E+04  6.62080660E-02  0.00000000E+00
  3.25290558E+06  4.45707446E+06  3.90409152E-09  2.81744371E+04  6.61970863E-02  0.00000000E+00
  3.25325263E+06  4.45673966E+06  3.90423964E-09  2.81734445E+04  6.61861091E-02  0.00000000E+00
  3.25359968E+06  4.45640487E+06  3.90438837E-09  2.81724531E+04  6.61751346E-02  0.00000000E+00
  3.25394673E+06  4.45607008E+06  3.90453770E-09  2.81714632E+04  6.61641626E-02  0.00000000E+00
  3.25429378E+06  4.45573529E+06  3.90468762E-09  2.81704745E+04  6.61531934E-02  0.00000000E+00
  3.25464083E+06  4.45540049E+06  3.90483815E-09  2.81694872E+04  6.61422268E-02  0.00000000E+00
  3.25498788E+06  4.45506570E+06  3.90498927E-09  2.81685012E+04  6.61312629E-02  0.00000000E+00
  3.25533493E+06  4.45473091E+06  3.90514098E-09  2.81675165E+04  6.61203017E-02  0.00000000E+00
  3.25568198E+06  4.45439612E+06  3.90529329E-09  2.81665331E+04  6.61093433E-02  0.00000000E+00
  3.25602903E+06  4.45406132E+06  3.90544618E-09  2.81655510E+04  6.60983876E-02  0.00000000E+00
  3.25637608E+06  4.45372653E+06  3.90559966E-09  2.81645703E+04  6.60874348E-02  0.00000000E+00
  3.25672313E+06  4.45339174E+06  3.90575373E-09  2.81635908E+04  6.60764847E-02  0.00000000E+00
  3.25707018E+06  4.45305695E+06  3.90590838E-09  2.81626127E+04  6.60655375E-02  0.00000000E+00
  3.25741723E+06  4.45272215E+06  3.90606360E-09  2.81616359E+04  6.60545931E-02  0.00000000E+00
  3.25776429E+06  4.45238736E+06  3.90621941E-09  2.81606604E+04  6.60436517E-02  0.00000000E+00
  3.25811134E+06  4.45205257E+06  3.90637579E-09  2.81596862E+04  6.60327131E-02  0.00000000E+00
  3.25845839E+06  4.45171778E+06  3.90653275E-09  2.81587133E+04  6.60217775E-02  0.00000000E+00
  3.25880544E+06  4.45138298E+06  3.90669028E-09  2.81577417E+04  6.60108448E-02  0.00000000E+00
  3.25915249E+06  4.45104819E+06  3.90684838E-09  2.81567714E+04  6.59999151E-02  0.00000000E+00
  3.25949954E+06  4.45071340E+06  3.90700705E-09  2.81558024E+04  6.59889884E-02  0.00000000E+00
  3.25984659E+06  4.45037861E+06  3.90716628E-09  2.81548347E+04  6.59780647E-02  0.00000000E+00
  3.26019364E+06  4.45004381E+06  3.90732608E-09  2.81538683E+04  6.59671440E-02  0.00000000E+00
  3.26054069E+06  4.44970902E+06  3.90748644E-09  2.81529031E+04  6.59562264E-02  0.00000000E+00
  3.26088774E+06  4.44937423E+06  3.90764736E-09  2.81519393E+04  6.59453119E-02  0.00000000E+00
  3.26123479E+06  4.44903944E+06  3.90780884E-09  2.81509768E+04  6.59344004E-02  0.00000000E+00
  3.26158184E+06  4.44870464E+06  3.90797087E-09  2.81500155E+04  6.59234921E-02  0.00000000E+00
  3.26192889E+06  4.44836985E+06  3.90813346E-09  2.81490556E+04  6.59125870E-02  0.00000000E+00
  3.26227594E+06  4.44803506E+06  3.90829659E-09  2.81480969E+04  6.59016850E-02  0.00000000E+00
  3.26262299E+06  4.44770026E+06  3.90846028E-09  2.81471395E+04  6.58907862E-02  0.00000000E+00
  3.26297004E+06  4.44736547E+06  3.90862452E-09  2.81461834E+04  6.58798906E-02  0.00000000E+00
  3.26331710E+06  4.44703068E+06  3.90878930E-09  2.81452285E+04  6.58689982E-02  0.00000000E+00
  3.26366415E+06  4.44669589E+06  3.90895463E-09  2.81442750E+04  6.58581090E-02  0.00000000E+00
  3.26401120E+06  4.44636109E+06  3.90912049E-09  2.81433227E+04  6.58472232E-02  0.00000000E+00
  3.26435825E+06  4.44602630E+06  3.90928690E-09  2.81423717E+04  6.58363406E-02  0.00000000E+00
  3.26470530E+06  4.44569151E+06  3.90945385E-09  2.81414220E+04  6.58254613E-02  0.00000000E+00
  3.26505235E+06  4.44535671E+06  3.90962133E-09  2.81404735E+04  6.58145853E-02  0.00000000E+00
  3.26539940E+06  4.44502192E+06  3.90978935E-09  2.81395263E+04  6.58037127E-02  0.00000000E+00
  3.26574645E+06  4.44468713E+06  3.90995789E-09  2.81385804E+04  6.57928434E-02  0.00000000E+00
  3.26609350E+06  4.44435234E+06  3.91012697E-09  2.81376357E+04  6.57819776E-02  0.00000000E+00
  3.26644055E+06  4.44401754E+06  3.91029658E-09  2.81366923E+04  6.57711151E-02  0.00000000E+00
  3.26678760E+06  4.44368275E+06  3.91046671E-09  2.81357502E+04  6.57602561E-02  0.00000000E+00
  3.26713465E+06  4.44334796E+06  3.91063737E-09  2.81348093E+04  6.57494005E-02  0.00000000E+00
  3.26748170E+06  4.44301317E+06  3.91080855E-09  2.81338697E+04  6.57385483E-02  0.00000000E+00
  3.26782875E+06  4.44267837E+06  3.91098026E-09  2.81329313E+04  6.57276996E-02  0.00000000E+00
  3.26817580E+06  4.44234358E+06  3.91115248E-09  2.81319942E+04  6.57168545E-02  0.00000000E+00
  3.26852285E+06  4.44200879E+06  3.91132522E-09  2.81310584E+04  6.57060128E-02  0.00000000E+00
  3.26886991E+06  4.44167399E+06  3.91149847E-09  2.81301238E+04  6.56951747E-02  0.00000000E+00
  3.26921696E+06  4.44133920E+06  3.91167224E-09  2.81291904E+04  6.56843401E-02  0.00000000E+00
  3.26956401E+06  4.44100441E+06  3.91184652E-09  2.81282583E+04  6.56735091E-02  0.00000000E+00
  3.26991106E+06  4.44066962E+06  3.91202131E-09  2.81273275E+04  6.56626817E-02  0.00000000E+00
  3.27025811E+06  4.44033482E+06  3.91219660E-09  2.81263979E+04  6.56518578E-02  0.00000000E+00
  3.27060516E+06  4.44000003E+06  3.91237240E-09  2.81254695E+04  6.56410376E-02  0.00000000E+00
  3.27095221E+06  4.43966524E+06  3.91254871E-09  2.81245424E+04  6.56302211E-02  0.00000000E+00
  3.27129926E+06  4.43933044E+06  3.91272552E-09  2.81236165E+04  6.56194082E-02  0.00000000E+00
  3.27164631E+06  4.43899565E+06  3.91290283E-09  2.81226919E+04  6.56085990E-02  0.00000000E+00
  3.27199336E+06  4.43866086E+06  3.91308064E-09  2.81217685E+04  6.55977934E-02  0.00000000E+00
  3.27234041E+06  4.43832606E+06  3.91325895E-09  2.81208463E+04  6.55869916E-02  0.00000000E+00
  3.27268746E+06  4.43799127E+06  3.91343775E-09  2.81199254E+04  6.55761935E-02  0.00000000E+00
  3.27303451E+06  4.43765648E+06  3.91361705E-09  2.81190057E+04  6.55653991E-02  0.00000000E+00
  3.27338156E+06  4.43732169E+06  3.91379683E-09  2.81180872E+04  6.55546085E-02  0.00000000E+00
  3.27372861E+06  4.43698689E+06  3.91397711E-09  2.81171700E+04  6.55438217E-02  0.00000000E+00
  3.27407566E+06  4.43665210E+06  3.91415788E-09  2.81162540E+04  6.55330387E-02  0.00000000E+00
  3.27442272E+06  4.43631731E+06  3.91433913E-09  2.81153392E+04  6.55222595E-02  0.00000000E+00
  3.27476977E+06  4.43598251E+06  3.91452087E-09  2.81144256E+04  6.55114841E-02  0.00000000E+00
  3.27511682E+06  4.43564772E+06  3.91470309E-09  2.81135133E+04  6.55007125E-02  0.00000000E+00
  3.27546387E+06  4.43531293E+06  3.91488579E-09  2.81126022E+04  6.54899448E-02  0.00000000E+00
  3.27581092E+06  4.43497813E+06  3.91506898E-09  2.81116923E+04  6.54791810E-02  0.00000000E+00
  3.27615797E+06  4.43464334E+06  3.91525264E-09  2.81107836E+04  6.54684211E-02  0.00000000E+00
  3.27650502E+06  4.43430855E+06  3.91543677E-09  2.81098761E+04  6.54576650E-02  0.00000000E+00
  3.27685207E+06  4.43397376E+06  3.91562138E-09  2.81089699E+04  6.54469129E-02  0.00000000E+00
  3.27719912E+06  4.43363896E+06  3.91580647E-09  2.81080648E+04  6.54361647E-02  0.00000000E+00
  3.27754617E+06  4.43330417E+06  3.91599202E-09  2.81071610E+04  6.54254205E-02  0.00000000E+00
  3.27789322E+06  4.43296938E+06  3.91617805E-09  2.81062584E+04  6.54146803E-02  0.00000000E+00
  3.27824027E+06  4.43263458E+06  3.91636454E-09  2.81053569E+04  6.54039440E-02  0.00000000E+00
  3.27858732E+06  4.43229979E+06  3.91655150E-09  2.81044567E+04  6.53932117E-02  0.00000000E+00
  3.27893437E+06  4.43196500E+06  3.91673893E-09  2.81035577E+04  6.53824834E-02  0.00000000E+00
  3.27928142E+06  4.43163020E+06  3.91692682E-09  2.81026599E+04  6.53717592E-02  0.00000000E+00
  3.27962847E+06  4.43129541E+06  3.91711516E-09  2.81017633E+04  6.53610390E-02  0.00000000E+00
  3.27997553E+06  4.43096062E+06  3.91730397E-09  2.81008679E+04  6.53503228E-02  0.00000000E+00
  3.28032258E+06  4.43062582E+06  3.91749324E-09  2.80999737E+04  6.53396108E-02  0.00000000E+00
  3.28066963E+06  4.43029103E+06  3.91768296E-09  2.80990807E+04  6.53289028E-02  0.00000000E+00
  3.28101668E+06  4.42995624E+06  3.91787314E-09  2.80981889E+04  6.53181989E-02  0.00000000E+00
  3.28136373E+06  4.42962144E+06  3.91806377E-09  2.80972983E+04  6.53074991E-02  0.00000000E+00
  3.28171078E+06  4.42928665E+06  3.91825486E-09  2.80964089E+04  6.52968034E-02  0.00000000E+00
  3.28205783E+06  4.42895186E+06  3.91844639E-09  2.80955206E+04  6.52861119E-02  0.00000000E+00
  3.28240488E+06  4.42861707E+06  3.91863837E-09  2.80946336E+04  6.52754246E-02  0.00000000E+00
  3.28275193E+06  4.42828227E+06  3.91883080E-09  2.80937477E+04  6.52647414E-02  0.00000000E+00
  3.28309898E+06  4.42794748E+06  3.91902368E-09  2.80928631E+04  6.52540624E-02  0.00000000E+00
  3.28344603E+06  4.42761269E+06  3.91921699E-09  2.80919796E+04  6.52433876E-02  0.00000000E+00
  3.28379308E+06  4.42727789E+06  3.91941075E-09  2.80910973E+04  6.52327170E-02  0.00000000E+00
  3.28414013E+06  4.42694310E+06  3.91960496E-09  2.80902161E+04  6.52220506E-02  0.00000000E+00
  3.28448718E+06  4.42660831E+06  3.91979960E-09  2.80893362E+04  6.52113884E-02  0.00000000E+00
  3.28483423E+06  4.42627351E+06  3.91999467E-09  2.80884574E+04  6.52007305E-02  0.00000000E+00
  3.28518129E+06  4.42593872E+06  3.92019019E-09  2.80875798E+04  6.51900769E-02  0.00000000E+00
  3.28552834E+06  4.42560393E+06  3.92038614E-09  2.80867034E+04  6.51794275E-02  0.00000000E+00
  3.28587539E+06  4.42526913E+06  3.92058252E-09  2.80858282E+04  6.51687825E-02  0.00000000E+00
  3.28622244E+06  4.42493434E+06  3.92077933E-09  2.80849541E+04  6.51581417E-02  0.00000000E+00
  3.28656949E+06  4.42459955E+06  3.92097657E-09  2.80840812E+04  6.51475052E-02  0.00000000E+00
  3.28691654E+06  4.42426475E+06  3.92117424E-09  2.80832094E+04  6.51368731E-02  0.00000000E+00
  3.28726359E+06  4.42392996E+06  3.92137234E-09  2.80823389E+04  6.51262453E-02  0.00000000E+00
  3.28761064E+06  4.42359517E+06  3.92157087E-09  2.80814695E+04  6.51156219E-02  0.00000000E+00
  3.28795769E+06  4.42326037E+06  3.92176981E-09  2.80806012E+04  6.51050028E-02  0.00000000E+00
  3.28830474E+06  4.42292558E+06  3.92196919E-09  2.80797341E+04  6.50943881E-02  0.00000000E+00
  3.28865179E+06  4.42259079E+06  3.92216898E-09  2.80788682E+04  6.50837778E-02  0.00000000E+00
  3.28899884E+06  4.42225599E+06  3.92236919E-09  2.80780034E+04  6.50731719E-02  0.00000000E+00
  3.28934589E+06  4.42192120E+06  3.92256982E-09  2.80771398E+04  6.50625704E-02  0.00000000E+00
  3.28969294E+06  4.42158641E+06  3.92277086E-09  2.80762774E+04  6.50519733E-02  0.00000000E+00
  3.29003999E+06  4.42125161E+06  3.92297232E-09  2.80754161E+04  6.50413807E-02  0.00000000E+00
  3.29038704E+06  4.42091682E+06  3.92317420E-09  2.80745559E+04  6.50307925E-02  0.00000000E+00
  3.29073410E+06  4.42058203E+06  3.92337648E-09  2.80736969E+04  6.50202087E-02  0.00000000E+00
  3.29108115E+06  4.42024723E+06  3.92357918E-09  2.80728391E+04  6.50096294E-02  0.00000000E+00
  3.29142820E+06  4.41991244E+06  3.92378229E-09  2.80719824E+04  6.49990547E-02  0.00000000E+00
  3.29177525E+06  4.41957765E+06  3.92398580E-09  2.80711269E+04  6.49884844E-02  0.00000000E+00
  3.29212230E+06  4.41924285E+06  3.92418973E-09  2.80702724E+04  6.49779186E-02  0.00000000E+00
  3.29246935E+06  4.41890806E+06  3.92439405E-09  2.80694192E+04  6.49673573E-02  0.00000000E+00
  3.29281640E+06  4.41857327E+06  3.92459878E-09  2.80685671E+04  6.49568005E-02  0.00000000E+00
  3.29316345E+06  4.41823847E+06  3.92480392E-09  2.80677161E+04  6.49462483E-02  0.00000000E+00
  3.29351050E+06  4.41790368E+06  3.92500945E-09  2.80668662E+04  6.49357006E-02  0.00000000E+00
  3.29385755E+06  4.41756889E+06  3.92521538E-09  2.80660175E+04  6.49251575E-02  0.00000000E+00
  3.29420460E+06  4.41723409E+06  3.92542171E-09  2.80651700E+04  6.49146190E-02  0.00000000E+00
  3.29455165E+06  4.41689930E+06  3.92562844E-09  2.80643235E+04  6.49040850E-02  0.00000000E+00
  3.29489870E+06  4.41656451E+06  3.92583557E-09  2.80634782E+04  6.48935557E-02  0.00000000E+00
  3.29524575E+06  4.41622971E+06  3.92604308E-09  2.80626341E+04  6.48830309E-02  0.00000000E+00
  3.29559280E+06  4.41589492E+06  3.92625099E-09  2.80617910E+04  6.48725107E-02  0.00000000E+00
  3.29593985E+06  4.41556012E+06  3.92645930E-09  2.80609491E+04  6.48619952E-02  0.00000000E+00
  3.29628691E+06  4.41522533E+06  3.92666799E-09  2.80601083E+04  6.48514843E-02  0.00000000E+00
  3.29663396E+06  4.41489054E+06  3.92687707E-09  2.80592686E+04  6.48409780E-02  0.00000000E+00
  3.29698101E+06  4.41455574E+06  3.92708654E-09  2.80584301E+04  6.48304764E-02  0.00000000E+00
  3.29732806E+06  4.41422095E+06  3.92729639E-09  2.80575927E+04  6.48199794E-02  0.00000000E+00
  3.29767511E+06  4.41388616E+06  3.92750663E-09  2.80567564E+04  6.48094871E-02  0.00000000E+00
  3.29802216E+06  4.41355136E+06  3.92771725E-09  2.80559212E+04  6.47989995E-02  0.00000000E+00
  3.29836921E+06  4.41321657E+06  3.92792825E-09  2.80550872E+04  6.47885166E-02  0.00000000E+00
  3.29871626E+06  4.41288178E+06  3.92813964E-09  2.80542542E+04  6.47780383E-02  0.00000000E+00
  3.29906331E+06  4.41254698E+06  3.92835140E-09  2.80534224E+04  6.47675648E-02  0.00000000E+00
  3.29941036E+06  4.41221219E+06  3.92856354E-09  2.80525917E+04  6.47570960E-02  0.00000000E+00
  3.29975741E+06  4.41187740E+06  3.92877606E-09  2.80517621E+04  6.47466320E-02  0.00000000E+00
  3.30010446E+06  4.41154260E+06  3.92898895E-09  2.80509336E+04  6.47361726E-02  0.00000000E+00
  3.30045151E+06  4.41120781E+06  3.92920222E-09  2.80501062E+04  6.47257180E-02  0.00000000E+00
  3.30079856E+06  4.41087301E+06  3.92941586E-09  2.80492799E+04  6.47152682E-02  0.00000000E+00
  3.30114561E+06  4.41053822E+06  3.92962988E-09  2.80484547E+04  6.47048231E-02  0.00000000E+00
  3.30149266E+06  4.41020343E+06  3.92984426E-09  2.80476306E+04  6.46943828E-02  0.00000000E+00
  3.30183972E+06  4.40986863E+06  3.93005901E-09  2.80468077E+04  6.46839473E-02  0.00000000E+00
  3.30218677E+06  4.40953384E+06  3.93027413E-09  2.80459858E+04  6.46735166E-02  0.00000000E+00
  3.30253382E+06  4.40919905E+06  3.93048961E-09  2.80451650E+04  6.46630907E-02  0.00000000E+00
  3.30288087E+06  4.40886425E+06  3.93070547E-09  2.80443454E+04  6.46526696E-02  0.00000000E+00
  3.30322792E+06  4.40852946E+06  3.93092168E-09  2.80435268E+04  6.46422532E-02  0.00000000E+00
  3.30357497E+06  4.40819467E+06  3.93113826E-09  2.80427093E+04  6.46318418E-02  0.00000000E+00
  3.30392202E+06  4.40785987E+06  3.93135520E-09  2.80418929E+04  6.46214351E-02  0.00000000E+00
  3.30426907E+06  4.40752508E+06  3.93157250E-09  2.80410777E+04  6.46110333E-02  0.00000000E+00
  3.30461612E+06  4.40719028E+06  3.93179016E-09  2.80402635E+04  6.46006364E-02  0.00000000E+00
  3.30496317E+06  4.40685549E+06  3.93200817E-09  2.80394504E+04  6.45902443E-02  0.00000000E+00
  3.30531022E+06  4.40652070E+06  3.93222655E-09  2.80386383E+04  6.45798570E-02  0.00000000E+00
  3.30565727E+06  4.40618590E+06  3.93244527E-09  2.80378274E+04  6.45694747E-02  0.00000000E+00
  3.30600432E+06  4.40585111E+06  3.93266436E-09  2.80370175E+04  6.45590972E-02  0.00000000E+00
  3.30635137E+06  4.40551632E+06  3.93288379E-09  2.80362088E+04  6.45487246E-02  0.00000000E+00
  3.30669842E+06  4.40518152E+06  3.93310358E-09  2.80354011E+04  6.45383569E-02  0.00000000E+00
  3.30704547E+06  4.40484673E+06  3.93332372E-09  2.80345945E+04  6.45279941E-02  0.00000000E+00
  3.30739253E+06  4.40451194E+06  3.93354421E-09  2.80337890E+04  6.45176362E-02  0.00000000E+00
  3.30773958E+06  4.40417714E+06  3.93376504E-09  2.80329845E+04  6.45072832E-02  0.00000000E+00
  3.30808663E+06  4.40384235E+06  3.93398622E-09  2.80321811E+04  6.44969352E-02  0.00000000E+00
  3.30843368E+06  4.40350755E+06  3.93420775E-09  2.80313789E+04  6.44865921E-02  0.00000000E+00
  3.30878073E+06  4.40317276E+06  3.93442963E-09  2.80305776E+04  6.44762539E-02  0.00000000E+00
  3.30912778E+06  4.40283797E+06  3.93465184E-09  2.80297775E+04  6.44659207E-02  0.00000000E+00
  3.30947483E+06  4.40250317E+06  3.93487440E-09  2.80289784E+04  6.44555925E-02  0.00000000E+00
  3.30982188E+06  4.40216838E+06  3.93509730E-09  2.80281804E+04  6.44452692E-02  0.00000000E+00
  3.31016893E+06  4.40183359E+06  3.93532054E-09  2.80273834E+04  6.44349509E-02  0.00000000E+00
  3.31051598E+06  4.40149879E+06  3.93554412E-09  2.80265876E+04  6.44246375E-02  0.00000000E+00
  3.31086303E+06  4.40116400E+06  3.93576804E-09  2.80257928E+04  6.44143292E-02  0.00000000E+00
  3.31121008E+06  4.40082920E+06  3.93599229E-09  2.80249990E+04  6.44040258E-02  0.00000000E+00
  3.31155713E+06  4.40049441E+06  3.93621688E-09  2.80242063E+04  6.43937274E-02  0.00000000E+00
  3.31190418E+06  4.40015962E+06  3.93644180E-09  2.80234147E+04  6.43834340E-02  0.00000000E+00
  3.31225123E+06  4.39982482E+06  3.93666706E-09  2.80226241E+04  6.43731457E-02  0.00000000E+00
  3.31259829E+06  4.39949003E+06  3.93689265E-09  2.80218346E+04  6.43628623E-02  0.00000000E+00
  3.31294534E+06  4.39915523E+06  3.93711857E-09  2.80210462E+04  6.43525840E-02  0.00000000E+00
  3.31329239E+06  4.39882044E+06  3.93734482E-09  2.80202588E+04  6.43423107E-02  0.00000000E+00
  3.31363944E+06  4.39848565E+06  3.93757140E-09  2.80194724E+04  6.43320425E-02  0.00000000E+00
  3.31398649E+06  4.39815085E+06  3.93779830E-09  2.80186871E+04  6.43217793E-02  0.00000000E+00
  3.31433354E+06  4.39781606E+06  3.93802553E-09  2.80179029E+04  6.43115211E-02  0.00000000E+00
  3.31468059E+06  4.39748127E+06  3.93825309E-09  2.80171197E+04  6.43012680E-02  0.00000000E+00
  3.31502764E+06  4.39714647E+06  3.93848097E-09  2.80163376E+04  6.42910200E-02  0.00000000E+00
  3.31537469E+06  4.39681168E+06  3.93870918E-09  2.80155565E+04  6.42807770E-02  0.00000000E+00
  3.31572174E+06  4.39647688E+06  3.93893770E-09  2.80147764E+04  6.42705391E-02  0.00000000E+00
  3.31606879E+06  4.39614209E+06  3.93916655E-09  2.80139974E+04  6.42603063E-02  0.00000000E+00
  3.31641584E+06  4.39580730E+06  3.93939572E-09  2.80132195E+04  6.42500785E-02  0.00000000E+00
  3.31676289E+06  4.39547250E+06  3.93962521E-09  2.80124425E+04  6.42398559E-02  0.00000000E+00
  3.31710994E+06  4.39513771E+06  3.93985501E-09  2.80116666E+04  6.42296383E-02  0.00000000E+00
  3.31745699E+06  4.39480291E+06  3.94008514E-09  2.80108918E+04  6.42194259E-02  0.00000000E+00
  3.31780404E+06  4.39446812E+06  3.94031557E-09  2.80101180E+04  6.42092185E-02  0.00000000E+00
  3.31815110E+06  4.39413333E+06  3.94054633E-09  2.80093452E+04  6.41990163E-02  0.00000000E+00
  3.31849815E+06  4.39379853E+06  3.94077739E-09  2.80085735E+04  6.41888192E-02  0.00000000E+00
  3.31884520E+06  4.39346374E+06  3.94100877E-09  2.80078028E+04  6.41786272E-02  0.00000000E+00
  3.31919225E+06  4.39312894E+06  3.94124046E-09  2.80070331E+04  6.41684403E-02  0.00000000E+00
  3.31953930E+06  4.39279415E+06  3.94147246E-09  2.80062644E+04  6.41582586E-02  0.00000000E+00
  3.31988635E+06  4.39245936E+06  3.94170477E-09  2.80054968E+04  6.41480820E-02  0.00000000E+00
  3.32023340E+06  4.39212456E+06  3.94193739E-09  2.80047302E+04  6.41379106E-02  0.00000000E+00
  3.32058045E+06  4.39178977E+06  3.94217032E-09  2.80039647E+04  6.41277443E-02  0.00000000E+00
  3.32092750E+06  4.39145497E+06  3.94240355E-09  2.80032001E+04  6.41175832E-02  0.00000000E+00
  3.32127455E+06  4.39112018E+06  3.94263709E-09  2.80024366E+04  6.41074272E-02  0.00000000E+00
  3.32162160E+06  4.39078539E+06  3.94287093E-09  2.80016741E+04  6.40972764E-02  0.00000000E+00
  3.32196865E+06  4.39045059E+06  3.94310508E-09  2.80009126E+04  6.40871307E-02  0.00000000E+00
  3.32231570E+06  4.39011580E+06  3.94333953E-09  2.80001522E+04  6.40769903E-02  0.00000000E+00
  3.32266275E+06  4.38978100E+06  3.94357428E-09  2.79993927E+04  6.40668550E-02  0.00000000E+00
  3.32300980E+06  4.38944621E+06  3.94380933E-09  2.79986343E+04  6.40567249E-02  0.00000000E+00
  3.32335685E+06  4.38911142E+06  3.94404468E-09  2.79978769E+04  6.40466000E-02  0.00000000E+00
  3.32370391E+06  4.38877662E+06  3.94428032E-09  2.79971205E+04  6.40364802E-02  0.00000000E+00
  3.32405096E+06  4.38844183E+06  3.94451627E-09  2.79963651E+04  6.40263657E-02  0.00000000E+00
  3.32439801E+06  4.38810703E+06  3.94475251E-09  2.79956108E+04  6.40162564E-02  0.00000000E+00
  3.32474506E+06  4.38777224E+06  3.94498905E-09  2.79948574E+04  6.40061523E-02  0.00000000E+00
  3.32509211E+06  4.38743745E+06  3.94522588E-09  2.79941050E+04  6.39960533E-02  0.00000000E+00
  3.32543916E+06  4.38710265E+06  3.94546300E-09  2.79933537E+04  6.39859596E-02  0.00000000E+00
  3.32578621E+06  4.38676786E+06  3.94570042E-09  2.79926033E+04  6.39758712E-02  0.00000000E+00
  3.32613326E+06  4.38643306E+06  3.94593813E-09  2.79918540E+04  6.39657879E-02  0.00000000E+00
  3.32648031E+06  4.38609827E+06  3.94617613E-09  2.79911057E+04  6.39557099E-02  0.00000000E+00
  3.32682736E+06  4.38576348E+06  3.94641442E-09  2.79903583E+04  6.39456371E-02  0.00000000E+00
  3.32717441E+06  4.38542868E+06  3.94665300E-09  2.79896120E+04  6.39355695E-02  0.00000000E+00
  3.32752146E+06  4.38509389E+06  3.94689187E-09  2.79888667E+04  6.39255072E-02  0.00000000E+00
  3.32786851E+06  4.38475909E+06  3.94713102E-09  2.79881223E+04  6.39154501E-02  0.00000000E+00
  3.32821556E+06  4.38442430E+06  3.94737046E-09  2.79873790E+04  6.39053983E-02  0.00000000E+00
  3.32856261E+06  4.38408950E+06  3.94761018E-09  2.79866366E+04  6.38953517E-02  0.00000000E+00
  3.32890966E+06  4.38375471E+06  3.94785019E-09  2.79858953E+04  6.38853104E-02  0.00000000E+00
  3.32925672E+06  4.38341992E+06  3.94809048E-09  2.79851549E+04  6.38752743E-02  0.00000000E+00
  3.32960377E+06  4.38308512E+06  3.94833106E-09  2.79844155E+04  6.38652435E-02  0.00000000E+00
  3.32995082E+06  4.38275033E+06  3.94857191E-09  2.79836772E+04  6.38552180E-02  0.00000000E+00
  3.33029787E+06  4.38241553E+06  3.94881305E-09  2.79829398E+04  6.38451977E-02  0.00000000E+00
  3.33064492E+06  4.38208074E+06  3.94905446E-09  2.79822034E+04  6.38351827E-02  0.00000000E+00
  3.33099197E+06  4.38174595E+06  3.94929615E-09  2.79814679E+04  6.38251730E-02  0.00000000E+00
  3.33133902E+06  4.38141115E+06  3.94953813E-09  2.79807335E+04  6.38151685E-02  0.00000000E+00
  3.33168607E+06  4.38107636E+06  3.94978037E-09  2.79800000E+04  6.38051693E-02  0.00000000E+00
  3.33203312E+06  4.38074156E+06  3.95002290E-09  2.79792676E+04  6.37951755E-02  0.00000000E+00
  3.33238017E+06  4.38040677E+06  3.95026570E-09  2.79785361E+04  6.37851869E-02  0.00000000E+00
  3.33272722E+06  4.38007197E+06  3.95050877E-09  2.79778055E+04  6.37752036E-02  0.00000000E+00
  3.33307427E+06  4.37973718E+06  3.95075211E-09  2.79770760E+04  6.37652256E-02  0.00000000E+00
  3.33342132E+06  4.37940239E+06  3.95099573E-09  2.79763474E+04  6.37552529E-02  0.00000000E+00
  3.33376837E+06  4.37906759E+06  3.95123962E-09  2.79756199E+04  6.37452854E-02  0.00000000E+00
  3.33411542E+06  4.37873280E+06  3.95148378E-09  2.79748932E+04  6.37353233E-02  0.00000000E+00
  3.33446247E+06  4.37839800E+06  3.95172821E-09  2.79741676E+04  6.37253665E-02  0.00000000E+00
  3.33480953E+06  4.37806321E+06  3.95197291E-09  2.79734429E+04  6.37154150E-02  0.00000000E+00
  3.33515658E+06  4.37772842E+06  3.95221788E-09  2.79727192E+04  6.37054689E-02  0.00000000E+00
  3.33550363E+06  4.37739362E+06  3.95246311E-09  2.79719965E+04  6.36955280E-02  0.00000000E+00
  3.33585068E+06  4.37705883E+06  3.95270861E-09  2.79712747E+04  6.36855925E-02  0.00000000E+00
  3.33619773E+06  4.37672403E+06  3.95295437E-09  2.79705539E+04  6.36756622E-02  0.00000000E+00
  3.33654478E+06  4.37638924E+06  3.95320040E-09  2.79698341E+04  6.36657373E-02  0.00000000E+00
  3.33689183E+06  4.37605444E+06  3.95344670E-09  2.79691152E+04  6.36558178E-02  0.00000000E+00
  3.33723888E+06  4.37571965E+06  3.95369325E-09  2.79683973E+04  6.36459035E-02  0.00000000E+00
  3.33758593E+06  4.37538486E+06  3.95394007E-09  2.79676804E+04  6.36359946E-02  0.00000000E+00
  3.33793298E+06  4.37505006E+06  3.95418715E-09  2.79669644E+04  6.36260910E-02  0.00000000E+00
  3.33828003E+06  4.37471527E+06  3.95443449E-09  2.79662493E+04  6.36161928E-02  0.00000000E+00
  3.33862708E+06  4.37438047E+06  3.95468209E-09  2.79655353E+04  6.36062998E-02  0.00000000E+00
  3.33897413E+06  4.37404568E+06  3.95492994E-09  2.79648221E+04  6.35964123E-02  0.00000000E+00
  3.33932118E+06  4.37371088E+06  3.95517806E-09  2.79641100E+04  6.35865300E-02  0.00000000E+00
  3.33966823E+06  4.37337609E+06  3.95542643E-09  2.79633988E+04  6.35766531E-02  0.00000000E+00
  3.34001529E+06  4.37304130E+06  3.95567506E-09  2.79626885E+04  6.35667816E-02  0.00000000E+00
  3.34036234E+06  4.37270650E+06  3.95592394E-09  2.79619792E+04  6.35569154E-02  0.00000000E+00
  3.34070939E+06  4.37237171E+06  3.95617308E-09  2.79612708E+04  6.35470546E-02  0.00000000E+00
  3.34105644E+06  4.37203691E+06  3.95642247E-09  2.79605634E+04  6.35371991E-02  0.00000000E+00
  3.34140349E+06  4.37170212E+06  3.95667212E-09  2.79598569E+04  6.35273490E-02  0.00000000E+00
  3.34175054E+06  4.37136732E+06  3.95692201E-09  2.79591514E+04  6.35175042E-02  0.00000000E+00
  3.34209759E+06  4.37103253E+06  3.95717216E-09  2.79584468E+04  6.35076648E-02  0.00000000E+00
  3.34244464E+06  4.37069773E+06  3.95742256E-09  2.79577432E+04  6.34978307E-02  0.00000000E+00
  3.34279169E+06  4.37036294E+06  3.95767321E-09  2.79570405E+04  6.34880020E-02  0.00000000E+00
  3.34313874E+06  4.37002815E+06  3.95792411E-09  2.79563387E+04  6.34781787E-02  0.00000000E+00
  3.34348579E+06  4.36969335E+06  3.95817525E-09  2.79556379E+04  6.34683607E-02  0.00000000E+00
  3.34383284E+06  4.36935856E+06  3.95842665E-09  2.79549381E+04  6.34585481E-02  0.00000000E+00
  3.34417989E+06  4.36902376E+06  3.95867828E-09  2.79542391E+04  6.34487409E-02  0.00000000E+00
  3.34452694E+06  4.36868897E+06  3.95893017E-09  2.79535411E+04  6.34389390E-02  0.00000000E+00
  3.34487399E+06  4.36835417E+06  3.95918230E-09  2.79528440E+04  6.34291425E-02  0.00000000E+00
  3.34522104E+06  4.36801938E+06  3.95943467E-09  2.79521479E+04  6.34193514E-02  0.00000000E+00
  3.34556810E+06  4.36768459E+06  3.95968729E-09  2.79514527E+04  6.34095656E-02  0.00000000E+00
  3.34591515E+06  4.36734979E+06  3.95994015E-09  2.79507584E+04  6.33997853E-02  0.00000000E+00
  3.34626220E+06  4.36701500E+06  3.96019326E-09  2.79500651E+04  6.33900103E-02  0.00000000E+00
  3.34660925E+06  4.36668020E+06  3.96044660E-09  2.79493726E+04  6.33802407E-02  0.00000000E+00
  3.34695630E+06  4.36634541E+06  3.96070018E-09  2.79486811E+04  6.33704764E-02  0.00000000E+00
  3.34730335E+06  4.36601061E+06  3.96095401E-09  2.79479906E+04  6.33607176E-02  0.00000000E+00
  3.34765040E+06  4.36567582E+06  3.96120807E-09  2.79473009E+04  6.33509641E-02  0.00000000E+00
  3.34799745E+06  4.36534102E+06  3.96146237E-09  2.79466122E+04  6.33412160E-02  0.00000000E+00
  3.34834450E+06  4.36500623E+06  3.96171691E-09  2.79459244E+04  6.33314733E-02  0.00000000E+00
  3.34869155E+06  4.36467144E+06  3.96197169E-09  2.79452375E+04  6.33217360E-02  0.00000000E+00
  3.34903860E+06  4.36433664E+06  3.96222670E-09  2.79445516E+04  6.33120041E-02  0.00000000E+00
  3.34938565E+06  4.36400185E+06  3.96248195E-09  2.79438665E+04  6.33022776E-02  0.00000000E+00
  3.34973270E+06  4.36366705E+06  3.96273743E-09  2.79431824E+04  6.32925564E-02  0.00000000E+00
  3.35007975E+06  4.36333226E+06  3.96299314E-09  2.79424992E+04  6.32828407E-02  0.00000000E+00
  3.35042680E+06  4.36299746E+06  3.96324909E-09  2.79418169E+04  6.32731303E-02  0.00000000E+00
  3.35077385E+06  4.36266267E+06  3.96350527E-09  2.79411355E+04  6.32634253E-02  0.00000000E+00
  3.35112091E+06  4.36232787E+06  3.96376168E-09  2.79404550E+04  6.32537257E-02  0.00000000E+00
  3.35146796E+06  4.36199308E+06  3.96401832E-09  2.79397755E+04  6.32440315E-02  0.00000000E+00
  3.35181501E+06  4.36165828E+06  3.96427520E-09  2.79390968E+04  6.32343427E-02  0.00000000E+00
  3.35216206E+06  4.36132349E+06  3.96453230E-09  2.79384191E+04  6.32246593E-02  0.00000000E+00
  3.35250911E+06  4.36098870E+06  3.96478963E-09  2.79377422E+04  6.32149813E-02  0.00000000E+00
  3.35285616E+06  4.36065390E+06  3.96504719E-09  2.79370663E+04  6.32053087E-02  0.00000000E+00
  3.35320321E+06  4.36031911E+06  3.96530498E-09  2.79363913E+04  6.31956415E-02  0.00000000E+00
  3.35355026E+06  4.35998431E+06  3.96556299E-09  2.79357171E+04  6.31859797E-02  0.00000000E+00
  3.35389731E+06  4.35964952E+06  3.96582123E-09  2.79350439E+04  6.31763233E-02  0.00000000E+00
  3.35424436E+06  4.35931472E+06  3.96607969E-09  2.79343716E+04  6.31666722E-02  0.00000000E+00
  3.35459141E+06  4.35897993E+06  3.96633838E-09  2.79337002E+04  6.31570266E-02  0.00000000E+00
  3.35493846E+06  4.35864513E+06  3.96659730E-09  2.79330296E+04  6.31473864E-02  0.00000000E+00
  3.35528551E+06  4.35831034E+06  3.96685643E-09  2.79323600E+04  6.31377516E-02  0.00000000E+00
  3.35563256E+06  4.35797554E+06  3.96711579E-09  2.79316913E+04  6.31281222E-02  0.00000000E+00
  3.35597961E+06  4.35764075E+06  3.96737537E-09  2.79310234E+04  6.31184981E-02  0.00000000E+00
  3.35632666E+06  4.35730596E+06  3.96763517E-09  2.79303565E+04  6.31088795E-02  0.00000000E+00
  3.35667372E+06  4.35697116E+06  3.96789520E-09  2.79296904E+04  6.30992663E-02  0.00000000E+00
  3.35702077E+06  4.35663637E+06  3.96815544E-09  2.79290253E+04  6.30896585E-02  0.00000000E+00
  3.35736782E+06  4.35630157E+06  3.96841590E-09  2.79283610E+04  6.30800560E-02  0.00000000E+00
  3.35771487E+06  4.35596678E+06  3.96867658E-09  2.79276976E+04  6.30704590E-02  0.00000000E+00
  3.35806192E+06  4.35563198E+06  3.96893748E-09  2.79270351E+04  6.30608674E-02  0.00000000E+00
  3.35840897E+06  4.35529719E+06  3.96919859E-09  2.79263735E+04  6.30512812E-02  0.00000000E+00
  3.35875602E+06  4.35496239E+06  3.96945992E-09  2.79257128E+04  6.30417004E-02  0.00000000E+00
  3.35910307E+06  4.35462760E+06  3.96972147E-09  2.79250530E+04  6.30321250E-02  0.00000000E+00
  3.35945012E+06  4.35429280E+06  3.96998323E-09  2.79243940E+04  6.30225549E-02  0.00000000E+00
  3.35979717E+06  4.35395801E+06  3.97024521E-09  2.79237360E+04  6.30129903E-02  0.00000000E+00
  3.36014422E+06  4.35362321E+06  3.97050740E-09  2.79230788E+04  6.30034311E-02  0.00000000E+00
  3.36049127E+06  4.35328842E+06  3.97076980E-09  2.79224224E+04  6.29938773E-02  0.00000000E+00
  3.36083832E+06  4.35295363E+06  3.97103241E-09  2.79217670E+04  6.29843289E-02  0.00000000E+00
  3.36118537E+06  4.35261883E+06  3.97129524E-09  2.79211125E+04  6.29747859E-02  0.00000000E+00
  3.36153242E+06  4.35228404E+06  3.97155828E-09  2.79204588E+04  6.29652483E-02  0.00000000E+00
  3.36187947E+06  4.35194924E+06  3.97182153E-09  2.79198060E+04  6.29557161E-02  0.00000000E+00
  3.36222653E+06  4.35161445E+06  3.97208499E-09  2.79191540E+04  6.29461893E-02  0.00000000E+00
  3.36257358E+06  4.35127965E+06  3.97234866E-09  2.79185030E+04  6.29366679E-02  0.00000000E+00
  3.36292063E+06  4.35094486E+06  3.97261254E-09  2.79178528E+04  6.29271519E-02  0.00000000E+00
  3.36326768E+06  4.35061006E+06  3.97287662E-09  2.79172035E+04  6.29176413E-02  0.00000000E+00
  3.36361473E+06  4.35027527E+06  3.97314092E-09  2.79165550E+04  6.29081360E-02  0.00000000E+00
  3.36396178E+06  4.34994047E+06  3.97340542E-09  2.79159074E+04  6.28986362E-02  0.00000000E+00
  3.36430883E+06  4.34960568E+06  3.97367013E-09  2.79152607E+04  6.28891418E-02  0.00000000E+00
  3.36465588E+06  4.34927088E+06  3.97393504E-09  2.79146149E+04  6.28796528E-02  0.00000000E+00
  3.36500293E+06  4.34893609E+06  3.97420016E-09  2.79139699E+04  6.28701692E-02  0.00000000E+00
  3.36534998E+06  4.34860129E+06  3.97446548E-09  2.79133257E+04  6.28606910E-02  0.00000000E+00
  3.36569703E+06  4.34826650E+06  3.97473100E-09  2.79126825E+04  6.28512181E-02  0.00000000E+00
  3.36604408E+06  4.34793170E+06  3.97499673E-09  2.79120401E+04  6.28417507E-02  0.00000000E+00
  3.36639113E+06  4.34759691E+06  3.97526266E-09  2.79113985E+04  6.28322886E-02  0.00000000E+00
  3.36673818E+06  4.34726212E+06  3.97552880E-09  2.79107579E+04  6.28228320E-02  0.00000000E+00
  3.36708523E+06  4.34692732E+06  3.97579513E-09  2.79101180E+04  6.28133807E-02  0.00000000E+00
  3.36743228E+06  4.34659253E+06  3.97606167E-09  2.79094791E+04  6.28039349E-02  0.00000000E+00
  3.36777934E+06  4.34625773E+06  3.97632840E-09  2.79088409E+04  6.27944944E-02  0.00000000E+00
  3.36812639E+06  4.34592294E+06  3.97659534E-09  2.79082037E+04  6.27850593E-02  0.00000000E+00
  3.36847344E+06  4.34558814E+06  3.97686248E-09  2.79075673E+04  6.27756296E-02  0.00000000E+00
  3.36882049E+06  4.34525335E+06  3.97712981E-09  2.79069317E+04  6.27662053E-02  0.00000000E+00
  3.36916754E+06  4.34491855E+06  3.97739734E-09  2.79062970E+04  6.27567864E-02  0.00000000E+00
  3.36951459E+06  4.34458376E+06  3.97766507E-09  2.79056631E+04  6.27473729E-02  0.00000000E+00
  3.36986164E+06  4.34424896E+06  3.97793299E-09  2.79050301E+04  6.27379647E-02  0.00000000E+00
  3.37020869E+06  4.34391417E+06  3.97820111E-09  2.79043980E+04  6.27285620E-02  0.00000000E+00
  3.37055574E+06  4.34357937E+06  3.97846943E-09  2.79037667E+04  6.27191646E-02  0.00000000E+00
  3.37090279E+06  4.34324458E+06  3.97873794E-09  2.79031362E+04  6.27097726E-02  0.00000000E+00
  3.37124984E+06  4.34290978E+06  3.97900665E-09  2.79025066E+04  6.27003860E-02  0.00000000E+00
  3.37159689E+06  4.34257499E+06  3.97927555E-09  2.79018778E+04  6.26910048E-02  0.00000000E+00
  3.37194394E+06  4.34224019E+06  3.97954464E-09  2.79012498E+04  6.26816289E-02  0.00000000E+00
  3.37229099E+06  4.34190540E+06  3.97981393E-09  2.79006227E+04  6.26722585E-02  0.00000000E+00
  3.37263804E+06  4.34157060E+06  3.98008341E-09  2.78999964E+04  6.26628934E-02  0.00000000E+00
  3.37298510E+06  4.34123581E+06  3.98035307E-09  2.78993710E+04  6.26535337E-02  0.00000000E+00
  3.37333215E+06  4.34090101E+06  3.98062294E-09  2.78987464E+04  6.26441793E-02  0.00000000E+00
  3.37367920E+06  4.34056622E+06  3.98089299E-09  2.78981227E+04  6.26348304E-02  0.00000000E+00
  3.37402625E+06  4.34023142E+06  3.98116323E-09  2.78974998E+04  6.26254868E-02  0.00000000E+00
  3.37437330E+06  4.33989663E+06  3.98143366E-09  2.78968777E+04  6.26161485E-02  0.00000000E+00
  3.37472035E+06  4.33956183E+06  3.98170428E-09  2.78962564E+04  6.26068157E-02  0.00000000E+00
  3.37506740E+06  4.33922704E+06  3.98197509E-09  2.78956360E+04  6.25974882E-02  0.00000000E+00
  3.37541445E+06  4.33889225E+06  3.98224608E-09  2.78950164E+04  6.25881661E-02  0.00000000E+00
  3.37576150E+06  4.33855745E+06  3.98251726E-09  2.78943976E+04  6.25788493E-02  0.00000000E+00
  3.37610855E+06  4.33822266E+06  3.98278863E-09  2.78937797E+04  6.25695380E-02  0.00000000E+00
  3.37645560E+06  4.33788786E+06  3.98306019E-09  2.78931626E+04  6.25602319E-02  0.00000000E+00
  3.37680265E+06  4.33755307E+06  3.98333193E-09  2.78925463E+04  6.25509313E-02  0.00000000E+00
  3.37714970E+06  4.33721827E+06  3.98360385E-09  2.78919308E+04  6.25416360E-02  0.00000000E+00
  3.37749675E+06  4.33688348E+06  3.98387596E-09  2.78913162E+04  6.25323460E-02  0.00000000E+00
  3.37784380E+06  4.33654868E+06  3.98414826E-09  2.78907024E+04  6.25230614E-02  0.00000000E+00
  3.37819085E+06  4.33621389E+06  3.98442074E-09  2.78900894E+04  6.25137822E-02  0.00000000E+00
  3.37853791E+06  4.33587909E+06  3.98469340E-09  2.78894772E+04  6.25045083E-02  0.00000000E+00
  3.37888496E+06  4.33554430E+06  3.98496624E-09  2.78888659E+04  6.24952398E-02  0.00000000E+00
  3.37923201E+06  4.33520950E+06  3.98523927E-09  2.78882553E+04  6.24859766E-02  0.00000000E+00
  3.37957906E+06  4.33487471E+06  3.98551247E-09  2.78876456E+04  6.24767188E-02  0.00000000E+00
  3.37992611E+06  4.33453991E+06  3.98578586E-09  2.78870367E+04  6.24674663E-02  0.00000000E+00
  3.38027316E+06  4.33420512E+06  3.98605943E-09  2.78864286E+04  6.24582192E-02  0.00000000E+00
  3.38062021E+06  4.33387032E+06  3.98633317E-09  2.78858214E+04  6.24489774E-02  0.00000000E+00
  3.38096726E+06  4.33353553E+06  3.98660710E-09  2.78852149E+04  6.24397410E-02  0.00000000E+00
  3.38131431E+06  4.33320073E+06  3.98688121E-09  2.78846092E+04  6.24305099E-02  0.00000000E+00
  3.38166136E+06  4.33286594E+06  3.98715549E-09  2.78840044E+04  6.24212841E-02  0.00000000E+00
  3.38200841E+06  4.33253114E+06  3.98742995E-09  2.78834004E+04  6.24120637E-02  0.00000000E+00
  3.38235546E+06  4.33219635E+06  3.98770459E-09  2.78827972E+04  6.24028486E-02  0.00000000E+00
  3.38270251E+06  4.33186155E+06  3.98797941E-09  2.78821947E+04  6.23936388E-02  0.00000000E+00
  3.38304956E+06  4.33152676E+06  3.98825440E-09  2.78815931E+04  6.23844344E-02  0.00000000E+00
  3.38339661E+06  4.33119196E+06  3.98852957E-09  2.78809923E+04  6.23752353E-02  0.00000000E+00
  3.38374366E+06  4.33085717E+06  3.98880491E-09  2.78803923E+04  6.23660415E-02  0.00000000E+00
  3.38409072E+06  4.33052237E+06  3.98908043E-09  2.78797931E+04  6.23568531E-02  0.00000000E+00
  3.38443777E+06  4.33018758E+06  3.98935612E-09  2.78791947E+04  6.23476699E-02  0.00000000E+00
  3.38478482E+06  4.32985278E+06  3.98963199E-09  2.78785971E+04  6.23384921E-02  0.00000000E+00
  3.38513187E+06  4.32951799E+06  3.98990803E-09  2.78780003E+04  6.23293197E-02  0.00000000E+00
  3.38547892E+06  4.32918319E+06  3.99018424E-09  2.78774044E+04  6.23201525E-02  0.00000000E+00
  3.38582597E+06  4.32884840E+06  3.99046063E-09  2.78768092E+04  6.23109906E-02  0.00000000E+00
  3.38617302E+06  4.32851360E+06  3.99073718E-09  2.78762148E+04  6.23018341E-02  0.00000000E+00
  3.38652007E+06  4.32817881E+06  3.99101391E-09  2.78756211E+04  6.22926829E-02  0.00000000E+00
  3.38686712E+06  4.32784401E+06  3.99129081E-09  2.78750283E+04  6.22835370E-02  0.00000000E+00
  3.38721417E+06  4.32750922E+06  3.99156788E-09  2.78744363E+04  6.22743964E-02  0.00000000E+00
  3.38756122E+06  4.32717442E+06  3.99184512E-09  2.78738451E+04  6.22652610E-02  0.00000000E+00
  3.38790827E+06  4.32683963E+06  3.99212253E-09  2.78732546E+04  6.22561310E-02  0.00000000E+00
  3.38825532E+06  4.32650483E+06  3.99240011E-09  2.78726650E+04  6.22470063E-02  0.00000000E+00
  3.38860237E+06  4.32617004E+06  3.99267786E-09  2.78720761E+04  6.22378869E-02  0.00000000E+00
  3.38894942E+06  4.32583524E+06  3.99295577E-09  2.78714881E+04  6.22287728E-02  0.00000000E+00
  3.38929647E+06  4.32550045E+06  3.99323385E-09  2.78709008E+04  6.22196640E-02  0.00000000E+00
  3.38964353E+06  4.32516565E+06  3.99351210E-09  2.78703143E+04  6.22105605E-02  0.00000000E+00
  3.38999058E+06  4.32483086E+06  3.99379052E-09  2.78697286E+04  6.22014623E-02  0.00000000E+00
  3.39033763E+06  4.32449606E+06  3.99406910E-09  2.78691437E+04  6.21923693E-02  0.00000000E+00
  3.39068468E+06  4.32416127E+06  3.99434785E-09  2.78685595E+04  6.21832816E-02  0.00000000E+00
  3.39103173E+06  4.32382647E+06  3.99462677E-09  2.78679761E+04  6.21741993E-02  0.00000000E+00
  3.39137878E+06  4.32349168E+06  3.99490585E-09  2.78673936E+04  6.21651222E-02  0.00000000E+00
  3.39172583E+06  4.32315688E+06  3.99518509E-09  2.78668118E+04  6.21560503E-02  0.00000000E+00
  3.39207288E+06  4.32282209E+06  3.99546450E-09  2.78662307E+04  6.21469838E-02  0.00000000E+00
  3.39241993E+06  4.32248729E+06  3.99574407E-09  2.78656505E+04  6.21379225E-02  0.00000000E+00
  3.39276698E+06  4.32215250E+06  3.99602381E-09  2.78650710E+04  6.21288665E-02  0.00000000E+00
  3.39311403E+06  4.32181770E+06  3.99630370E-09  2.78644923E+04  6.21198158E-02  0.00000000E+00
  3.39346108E+06  4.32148291E+06  3.99658376E-09  2.78639144E+04  6.21107703E-02  0.00000000E+00
  3.39380813E+06  4.32114811E+06  3.99686398E-09  2.78633372E+04  6.21017301E-02  0.00000000E+00
  3.39415518E+06  4.32081332E+06  3.99714437E-09  2.78627609E+04  6.20926951E-02  0.00000000E+00
  3.39450223E+06  4.32047852E+06  3.99742491E-09  2.78621853E+04  6.20836654E-02  0.00000000E+00
  3.39484928E+06  4.32014373E+06  3.99770562E-09  2.78616104E+04  6.20746410E-02  0.00000000E+00
  3.39519634E+06  4.31980893E+06  3.99798648E-09  2.78610364E+04  6.20656218E-02  0.00000000E+00
  3.39554339E+06  4.31947413E+06  3.99826750E-09  2.78604631E+04  6.20566079E-02  0.00000000E+00
  3.39589044E+06  4.31913934E+06  3.99854869E-09  2.78598905E+04  6.20475992E-02  0.00000000E+00
  3.39623749E+06  4.31880454E+06  3.99883003E-09  2.78593188E+04  6.20385957E-02  0.00000000E+00
  3.39658454E+06  4.31846975E+06  3.99911153E-09  2.78587478E+04  6.20295975E-02  0.00000000E+00
  3.39693159E+06  4.31813495E+06  3.99939319E-09  2.78581775E+04  6.20206046E-02  0.00000000E+00
  3.39727864E+06  4.31780016E+06  3.99967501E-09  2.78576081E+04  6.20116168E-02  0.00000000E+00
  3.39762569E+06  4.31746536E+06  3.99995698E-09  2.78570393E+04  6.20026344E-02  0.00000000E+00
  3.39797274E+06  4.31713057E+06  4.00023911E-09  2.78564714E+04  6.19936571E-02  0.00000000E+00
  3.39831979E+06  4.31679577E+06  4.00052140E-09  2.78559042E+04  6.19846851E-02  0.00000000E+00
  3.39866684E+06  4.31646098E+06  4.00080384E-09  2.78553378E+04  6.19757182E-02  0.00000000E+00
  3.39901389E+06  4.31612618E+06  4.00108644E-09  2.78547721E+04  6.19667567E-02  0.00000000E+00
  3.39936094E+06  4.31579139E+06  4.00136919E-09  2.78542072E+04  6.19578003E-02  0.00000000E+00
  3.39970799E+06  4.31545659E+06  4.00165210E-09  2.78536430E+04  6.19488491E-02  0.00000000E+00
  3.40005504E+06  4.31512180E+06  4.00193516E-09  2.78530796E+04  6.19399032E-02  0.00000000E+00
  3.40040210E+06  4.31478700E+06  4.00221837E-09  2.78525170E+04  6.19309625E-02  0.00000000E+00
  3.40074915E+06  4.31445221E+06  4.00250174E-09  2.78519551E+04  6.19220270E-02  0.00000000E+00
  3.40109620E+06  4.31411741E+06  4.00278526E-09  2.78513939E+04  6.19130967E-02  0.00000000E+00
  3.40144325E+06  4.31378262E+06  4.00306894E-09  2.78508335E+04  6.19041716E-02  0.00000000E+00
  3.40179030E+06  4.31344782E+06  4.00335277E-09  2.78502739E+04  6.18952517E-02  0.00000000E+00
  3.40213735E+06  4.31311303E+06  4.00363674E-09  2.78497150E+04  6.18863370E-02  0.00000000E+00
  3.40248440E+06  4.31277823E+06  4.00392087E-09  2.78491568E+04  6.18774274E-02  0.00000000E+00
  3.40283145E+06  4.31244344E+06  4.00420516E-09  2.78485994E+04  6.18685231E-02  0.00000000E+00
  3.40317850E+06  4.31210864E+06  4.00448959E-09  2.78480428E+04  6.18596240E-02  0.00000000E+00
  3.40352555E+06  4.31177385E+06  4.00477417E-09  2.78474869E+04  6.18507300E-02  0.00000000E+00
  3.40387260E+06  4.31143905E+06  4.00505890E-09  2.78469317E+04  6.18418413E-02  0.00000000E+00
  3.40421965E+06  4.31110426E+06  4.00534378E-09  2.78463773E+04  6.18329577E-02  0.00000000E+00
  3.40456670E+06  4.31076946E+06  4.00562881E-09  2.78458236E+04  6.18240793E-02  0.00000000E+00
  3.40491375E+06  4.31043466E+06  4.00591399E-09  2.78452706E+04  6.18152061E-02  0.00000000E+00
  3.40526080E+06  4.31009987E+06  4.00619932E-09  2.78447184E+04  6.18063380E-02  0.00000000E+00
  3.40560785E+06  4.30976507E+06  4.00648479E-09  2.78441670E+04  6.17974751E-02  0.00000000E+00
  3.40595491E+06  4.30943028E+06  4.00677042E-09  2.78436163E+04  6.17886174E-02  0.00000000E+00
  3.40630196E+06  4.30909548E+06  4.00705619E-09  2.78430663E+04  6.17797648E-02  0.00000000E+00
  3.40664901E+06  4.30876069E+06  4.00734210E-09  2.78425170E+04  6.17709174E-02  0.00000000E+00
  3.40699606E+06  4.30842589E+06  4.00762817E-09  2.78419685E+04  6.17620751E-02  0.00000000E+00
  3.40734311E+06  4.30809110E+06  4.00791438E-09  2.78414207E+04  6.17532380E-02  0.00000000E+00
  3.40769016E+06  4.30775630E+06  4.00820073E-09  2.78408737E+04  6.17444060E-02  0.00000000E+00
  3.40803721E+06  4.30742151E+06  4.00848723E-09  2.78403273E+04  6.17355792E-02  0.00000000E+00
  3.40838426E+06  4.30708671E+06  4.00877388E-09  2.78397817E+04  6.17267576E-02  0.00000000E+00
  3.40873131E+06  4.30675192E+06  4.00906067E-09  2.78392369E+04  6.17179410E-02  0.00000000E+00
  3.40907836E+06  4.30641712E+06  4.00934760E-09  2.78386928E+04  6.17091296E-02  0.00000000E+00
  3.40942541E+06  4.30608233E+06  4.00963468E-09  2.78381494E+04  6.17003234E-02  0.00000000E+00
  3.40977246E+06  4.30574753E+06  4.00992190E-09  2.78376067E+04  6.16915222E-02  0.00000000E+00
  3.41011951E+06  4.30541274E+06  4.01020926E-09  2.78370647E+04  6.16827262E-02  0.00000000E+00
  3.41046656E+06  4.30507794E+06  4.01049677E-09  2.78365235E+04  6.16739354E-02  0.00000000E+00
  3.41081361E+06  4.30474315E+06  4.01078442E-09  2.78359830E+04  6.16651496E-02  0.00000000E+00
  3.41116066E+06  4.30440835E+06  4.01107221E-09  2.78354432E+04  6.16563690E-02  0.00000000E+00
  3.41150772E+06  4.30407355E+06  4.01136014E-09  2.78349042E+04  6.16475934E-02  0.00000000E+00
  3.41185477E+06  4.30373876E+06  4.01164822E-09  2.78343658E+04  6.16388230E-02  0.00000000E+00
  3.41220182E+06  4.30340396E+06  4.01193643E-09  2.78338282E+04  6.16300577E-02  0.00000000E+00
  3.41254887E+06  4.30306917E+06  4.01222479E-09  2.78332913E+04  6.16212975E-02  0.00000000E+00
  3.41289592E+06  4.30273437E+06  4.01251328E-09  2.78327552E+04  6.16125424E-02  0.00000000E+00
  3.41324297E+06  4.30239958E+06  4.01280192E-09  2.78322197E+04  6.16037923E-02  0.00000000E+00
  3.41359002E+06  4.30206478E+06  4.01309070E-09  2.78316850E+04  6.15950474E-02  0.00000000E+00
  3.41393707E+06  4.30172999E+06  4.01337961E-09  2.78311509E+04  6.15863076E-02  0.00000000E+00
  3.41428412E+06  4.30139519E+06  4.01366866E-09  2.78306176E+04  6.15775728E-02  0.00000000E+00
  3.41463117E+06  4.30106040E+06  4.01395786E-09  2.78300850E+04  6.15688432E-02  0.00000000E+00
  3.41497822E+06  4.30072560E+06  4.01424719E-09  2.78295532E+04  6.15601186E-02  0.00000000E+00
  3.41532527E+06  4.30039081E+06  4.01453666E-09  2.78290220E+04  6.15513991E-02  0.00000000E+00
  3.41567232E+06  4.30005601E+06  4.01482626E-09  2.78284915E+04  6.15426847E-02  0.00000000E+00
  3.41601937E+06  4.29972121E+06  4.01511600E-09  2.78279618E+04  6.15339753E-02  0.00000000E+00
  3.41636642E+06  4.29938642E+06  4.01540588E-09  2.78274327E+04  6.15252710E-02  0.00000000E+00
  3.41671347E+06  4.29905162E+06  4.01569590E-09  2.78269044E+04  6.15165718E-02  0.00000000E+00
  3.41706053E+06  4.29871683E+06  4.01598605E-09  2.78263768E+04  6.15078776E-02  0.00000000E+00
  3.41740758E+06  4.29838203E+06  4.01627634E-09  2.78258498E+04  6.14991885E-02  0.00000000E+00
  3.41775463E+06  4.29804724E+06  4.01656676E-09  2.78253236E+04  6.14905044E-02  0.00000000E+00
  3.41810168E+06  4.29771244E+06  4.01685732E-09  2.78247981E+04  6.14818254E-02  0.00000000E+00
  3.41844873E+06  4.29737765E+06  4.01714801E-09  2.78242733E+04  6.14731514E-02  0.00000000E+00
  3.41879578E+06  4.29704285E+06  4.01743884E-09  2.78237492E+04  6.14644825E-02  0.00000000E+00
  3.41914283E+06  4.29670806E+06  4.01772980E-09  2.78232258E+04  6.14558186E-02  0.00000000E+00
  3.41948988E+06  4.29637326E+06  4.01802090E-09  2.78227031E+04  6.14471597E-02  0.00000000E+00
  3.41983693E+06  4.29603847E+06  4.01831213E-09  2.78221811E+04  6.14385059E-02  0.00000000E+00
  3.42018398E+06  4.29570367E+06  4.01860349E-09  2.78216598E+04  6.14298571E-02  0.00000000E+00
  3.42053103E+06  4.29536887E+06  4.01889499E-09  2.78211392E+04  6.14212133E-02  0.00000000E+00
  3.42087808E+06  4.29503408E+06  4.01918662E-09  2.78206192E+04  6.14125745E-02  0.00000000E+00
  3.42122513E+06  4.29469928E+06  4.01947838E-09  2.78201000E+04  6.14039408E-02  0.00000000E+00
  3.42157218E+06  4.29436449E+06  4.01977027E-09  2.78195815E+04  6.13953121E-02  0.00000000E+00
  3.42191923E+06  4.29402969E+06  4.02006229E-09  2.78190637E+04  6.13866884E-02  0.00000000E+00
  3.42226628E+06  4.29369490E+06  4.02035445E-09  2.78185465E+04  6.13780696E-02  0.00000000E+00
  3.42261334E+06  4.29336010E+06  4.02064673E-09  2.78180301E+04  6.13694559E-02  0.00000000E+00
  3.42296039E+06  4.29302531E+06  4.02093915E-09  2.78175143E+04  6.13608472E-02  0.00000000E+00
  3.42330744E+06  4.29269051E+06  4.02123170E-09  2.78169993E+04  6.13522435E-02  0.00000000E+00
  3.42365449E+06  4.29235572E+06  4.02152437E-09  2.78164849E+04  6.13436448E-02  0.00000000E+00
  3.42400154E+06  4.29202092E+06  4.02181718E-09  2.78159712E+04  6.13350510E-02  0.00000000E+00
  3.42434859E+06  4.29168613E+06  4.02211012E-09  2.78154582E+04  6.13264623E-02  0.00000000E+00
  3.42469564E+06  4.29135133E+06  4.02240318E-09  2.78149459E+04  6.13178785E-02  0.00000000E+00
  3.42504269E+06  4.29101653E+06  4.02269638E-09  2.78144343E+04  6.13092997E-02  0.00000000E+00
  3.42538974E+06  4.29068174E+06  4.02298970E-09  2.78139233E+04  6.13007259E-02  0.00000000E+00
  3.42573679E+06  4.29034694E+06  4.02328315E-09  2.78134131E+04  6.12921570E-02  0.00000000E+00
  3.42608384E+06  4.29001215E+06  4.02357673E-09  2.78129035E+04  6.12835931E-02  0.00000000E+00
  3.42643089E+06  4.28967735E+06  4.02387044E-09  2.78123946E+04  6.12750342E-02  0.00000000E+00
  3.42677794E+06  4.28934256E+06  4.02416427E-09  2.78118864E+04  6.12664802E-02  0.00000000E+00
  3.42712499E+06  4.28900776E+06  4.02445823E-09  2.78113788E+04  6.12579312E-02  0.00000000E+00
  3.42747204E+06  4.28867297E+06  4.02475232E-09  2.78108720E+04  6.12493871E-02  0.00000000E+00
  3.42781909E+06  4.28833817E+06  4.02504653E-09  2.78103658E+04  6.12408480E-02  0.00000000E+00
  3.42816615E+06  4.28800337E+06  4.02534087E-09  2.78098603E+04  6.12323138E-02  0.00000000E+00
  3.42851320E+06  4.28766858E+06  4.02563534E-09  2.78093555E+04  6.12237845E-02  0.00000000E+00
  3.42886025E+06  4.28733378E+06  4.02592993E-09  2.78088513E+04  6.12152602E-02  0.00000000E+00
  3.42920730E+06  4.28699899E+06  4.02622465E-09  2.78083479E+04  6.12067409E-02  0.00000000E+00
  3.42955435E+06  4.28666419E+06  4.02651949E-09  2.78078451E+04  6.11982264E-02  0.00000000E+00
  3.42990140E+06  4.28632940E+06  4.02681446E-09  2.78073430E+04  6.11897169E-02  0.00000000E+00
  3.43024845E+06  4.28599460E+06  4.02710955E-09  2.78068415E+04  6.11812123E-02  0.00000000E+00
  3.43059550E+06  4.28565981E+06  4.02740476E-09  2.78063407E+04  6.11727126E-02  0.00000000E+00
  3.43094255E+06  4.28532501E+06  4.02770010E-09  2.78058406E+04  6.11642178E-02  0.00000000E+00
  3.43128960E+06  4.28499022E+06  4.02799556E-09  2.78053412E+04  6.11557279E-02  0.00000000E+00
  3.43163665E+06  4.28465542E+06  4.02829115E-09  2.78048424E+04  6.11472429E-02  0.00000000E+00
  3.43198370E+06  4.28432062E+06  4.02858686E-09  2.78043443E+04  6.11387629E-02  0.00000000E+00
  3.43233075E+06  4.28398583E+06  4.02888269E-09  2.78038468E+04  6.11302877E-02  0.00000000E+00
  3.43267780E+06  4.28365103E+06  4.02917864E-09  2.78033501E+04  6.11218174E-02  0.00000000E+00
  3.43302485E+06  4.28331624E+06  4.02947472E-09  2.78028539E+04  6.11133520E-02  0.00000000E+00
  3.43337191E+06  4.28298144E+06  4.02977092E-09  2.78023585E+04  6.11048915E-02  0.00000000E+00
  3.43371896E+06  4.28264665E+06  4.03006724E-09  2.78018637E+04  6.10964359E-02  0.00000000E+00
  3.43406601E+06  4.28231185E+06  4.03036368E-09  2.78013696E+04  6.10879851E-02  0.00000000E+00
  3.43441306E+06  4.28197706E+06  4.03066024E-09  2.78008761E+04  6.10795392E-02  0.00000000E+00
  3.43476011E+06  4.28164226E+06  4.03095692E-09  2.78003833E+04  6.10710982E-02  0.00000000E+00
  3.43510716E+06  4.28130746E+06  4.03125373E-09  2.77998912E+04  6.10626621E-02  0.00000000E+00
  3.43545421E+06  4.28097267E+06  4.03155065E-09  2.77993997E+04  6.10542308E-02  0.00000000E+00
  3.43580126E+06  4.28063787E+06  4.03184769E-09  2.77989089E+04  6.10458044E-02  0.00000000E+00
  3.43614831E+06  4.28030308E+06  4.03214486E-09  2.77984187E+04  6.10373828E-02  0.00000000E+00
  3.43649536E+06  4.27996828E+06  4.03244214E-09  2.77979292E+04  6.10289660E-02  0.00000000E+00
  3.43684241E+06  4.27963349E+06  4.03273954E-09  2.77974403E+04  6.10205542E-02  0.00000000E+00
  3.43718946E+06  4.27929869E+06  4.03303706E-09  2.77969521E+04  6.10121471E-02  0.00000000E+00
  3.43753651E+06  4.27896390E+06  4.03333470E-09  2.77964646E+04  6.10037449E-02  0.00000000E+00
  3.43788356E+06  4.27862910E+06  4.03363246E-09  2.77959777E+04  6.09953475E-02  0.00000000E+00
  3.43823061E+06  4.27829430E+06  4.03393033E-09  2.77954914E+04  6.09869550E-02  0.00000000E+00
  3.43857766E+06  4.27795951E+06  4.03422833E-09  2.77950058E+04  6.09785673E-02  0.00000000E+00
  3.43892472E+06  4.27762471E+06  4.03452644E-09  2.77945209E+04  6.09701844E-02  0.00000000E+00
  3.43927177E+06  4.27728992E+06  4.03482467E-09  2.77940366E+04  6.09618063E-02  0.00000000E+00
  3.43961882E+06  4.27695512E+06  4.03512301E-09  2.77935529E+04  6.09534330E-02  0.00000000E+00
  3.43996587E+06  4.27662033E+06  4.03542148E-09  2.77930699E+04  6.09450646E-02  0.00000000E+00
  3.44031292E+06  4.27628553E+06  4.03572006E-09  2.77925876E+04  6.09367009E-02  0.00000000E+00
  3.44065997E+06  4.27595073E+06  4.03601875E-09  2.77921059E+04  6.09283420E-02  0.00000000E+00
  3.44100702E+06  4.27561594E+06  4.03631756E-09  2.77916248E+04  6.09199880E-02  0.00000000E+00
  3.44135407E+06  4.27528114E+06  4.03661649E-09  2.77911444E+04  6.09116387E-02  0.00000000E+00
  3.44170112E+06  4.27494635E+06  4.03691553E-09  2.77906646E+04  6.09032942E-02  0.00000000E+00
  3.44204817E+06  4.27461155E+06  4.03721469E-09  2.77901855E+04  6.08949545E-02  0.00000000E+00
  3.44239522E+06  4.27427676E+06  4.03751397E-09  2.77897070E+04  6.08866196E-02  0.00000000E+00
  3.44274227E+06  4.27394196E+06  4.03781336E-09  2.77892291E+04  6.08782895E-02  0.00000000E+00
  3.44308932E+06  4.27360717E+06  4.03811286E-09  2.77887519E+04  6.08699641E-02  0.00000000E+00
  3.44343637E+06  4.27327237E+06  4.03841248E-09  2.77882753E+04  6.08616435E-02  0.00000000E+00
  3.44378342E+06  4.27293757E+06  4.03871221E-09  2.77877994E+04  6.08533277E-02  0.00000000E+00
  3.44413047E+06  4.27260278E+06  4.03901205E-09  2.77873241E+04  6.08450166E-02  0.00000000E+00
  3.44447753E+06  4.27226798E+06  4.03931201E-09  2.77868494E+04  6.08367103E-02  0.00000000E+00
  3.44482458E+06  4.27193319E+06  4.03961209E-09  2.77863754E+04  6.08284087E-02  0.00000000E+00
  3.44517163E+06  4.27159839E+06  4.03991227E-09  2.77859020E+04  6.08201119E-02  0.00000000E+00
  3.44551868E+06  4.27126360E+06  4.04021257E-09  2.77854292E+04  6.08118198E-02  0.00000000E+00
  3.44586573E+06  4.27092880E+06  4.04051298E-09  2.77849571E+04  6.08035324E-02  0.00000000E+00
  3.44621278E+06  4.27059400E+06  4.04081351E-09  2.77844856E+04  6.07952498E-02  0.00000000E+00
  3.44655983E+06  4.27025921E+06  4.04111414E-09  2.77840147E+04  6.07869720E-02  0.00000000E+00
  3.44690688E+06  4.26992441E+06  4.04141489E-09  2.77835445E+04  6.07786988E-02  0.00000000E+00
  3.44725393E+06  4.26958962E+06  4.04171575E-09  2.77830748E+04  6.07704304E-02  0.00000000E+00
  3.44760098E+06  4.26925482E+06  4.04201672E-09  2.77826059E+04  6.07621667E-02  0.00000000E+00
  3.44794803E+06  4.26892003E+06  4.04231780E-09  2.77821375E+04  6.07539077E-02  0.00000000E+00
  3.44829508E+06  4.26858523E+06  4.04261900E-09  2.77816698E+04  6.07456534E-02  0.00000000E+00
  3.44864213E+06  4.26825043E+06  4.04292030E-09  2.77812027E+04  6.07374038E-02  0.00000000E+00
  3.44898918E+06  4.26791564E+06  4.04322172E-09  2.77807362E+04  6.07291589E-02  0.00000000E+00
  3.44933623E+06  4.26758084E+06  4.04352324E-09  2.77802703E+04  6.07209187E-02  0.00000000E+00
  3.44968328E+06  4.26724605E+06  4.04382488E-09  2.77798051E+04  6.07126832E-02  0.00000000E+00
  3.45003034E+06  4.26691125E+06  4.04412662E-09  2.77793405E+04  6.07044524E-02  0.00000000E+00
  3.45037739E+06  4.26657646E+06  4.04442848E-09  2.77788765E+04  6.06962263E-02  0.00000000E+00
  3.45072444E+06  4.26624166E+06  4.04473044E-09  2.77784132E+04  6.06880049E-02  0.00000000E+00
  3.45107149E+06  4.26590686E+06  4.04503252E-09  2.77779504E+04  6.06797881E-02  0.00000000E+00
  3.45141854E+06  4.26557207E+06  4.04533470E-09  2.77774883E+04  6.06715760E-02  0.00000000E+00
  3.45176559E+06  4.26523727E+06  4.04563699E-09  2.77770268E+04  6.06633686E-02  0.00000000E+00
  3.45211264E+06  4.26490248E+06  4.04593939E-09  2.77765659E+04  6.06551658E-02  0.00000000E+00
  3.45245969E+06  4.26456768E+06  4.04624190E-09  2.77761056E+04  6.06469677E-02  0.00000000E+00
  3.45280674E+06  4.26423289E+06  4.04654452E-09  2.77756459E+04  6.06387743E-02  0.00000000E+00
  3.45315379E+06  4.26389809E+06  4.04684724E-09  2.77751869E+04  6.06305855E-02  0.00000000E+00
  3.45350084E+06  4.26356329E+06  4.04715007E-09  2.77747285E+04  6.06224013E-02  0.00000000E+00
  3.45384789E+06  4.26322850E+06  4.04745301E-09  2.77742707E+04  6.06142218E-02  0.00000000E+00
  3.45419494E+06  4.26289370E+06  4.04775606E-09  2.77738135E+04  6.06060469E-02  0.00000000E+00
  3.45454199E+06  4.26255891E+06  4.04805921E-09  2.77733569E+04  6.05978767E-02  0.00000000E+00
  3.45488904E+06  4.26222411E+06  4.04836247E-09  2.77729009E+04  6.05897111E-02  0.00000000E+00
  3.45523609E+06  4.26188932E+06  4.04866584E-09  2.77724455E+04  6.05815501E-02  0.00000000E+00
  3.45558315E+06  4.26155452E+06  4.04896932E-09  2.77719908E+04  6.05733937E-02  0.00000000E+00
  3.45593020E+06  4.26121972E+06  4.04927290E-09  2.77715366E+04  6.05652419E-02  0.00000000E+00
  3.45627725E+06  4.26088493E+06  4.04957658E-09  2.77710831E+04  6.05570948E-02  0.00000000E+00
  3.45662430E+06  4.26055013E+06  4.04988037E-09  2.77706301E+04  6.05489523E-02  0.00000000E+00
  3.45697135E+06  4.26021534E+06  4.05018427E-09  2.77701778E+04  6.05408143E-02  0.00000000E+00
  3.45731840E+06  4.25988054E+06  4.05048828E-09  2.77697261E+04  6.05326810E-02  0.00000000E+00
  3.45766545E+06  4.25954575E+06  4.05079238E-09  2.77692749E+04  6.05245523E-02  0.00000000E+00
  3.45801250E+06  4.25921095E+06  4.05109660E-09  2.77688244E+04  6.05164281E-02  0.00000000E+00
  3.45835955E+06  4.25887615E+06  4.05140091E-09  2.77683745E+04  6.05083086E-02  0.00000000E+00
  3.45870660E+06  4.25854136E+06  4.05170534E-09  2.77679252E+04  6.05001936E-02  0.00000000E+00
  3.45905365E+06  4.25820656E+06  4.05200986E-09  2.77674765E+04  6.04920832E-02  0.00000000E+00
  3.45940070E+06  4.25787177E+06  4.05231449E-09  2.77670284E+04  6.04839774E-02  0.00000000E+00
  3.45974775E+06  4.25753697E+06  4.05261923E-09  2.77665809E+04  6.04758761E-02  0.00000000E+00
  3.46009480E+06  4.25720217E+06  4.05292407E-09  2.77661340E+04  6.04677794E-02  0.00000000E+00
  3.46044185E+06  4.25686738E+06  4.05322901E-09  2.77656876E+04  6.04596873E-02  0.00000000E+00
  3.46078891E+06  4.25653258E+06  4.05353406E-09  2.77652419E+04  6.04515997E-02  0.00000000E+00
  3.46113596E+06  4.25619779E+06  4.05383920E-09  2.77647968E+04  6.04435167E-02  0.00000000E+00
  3.46148301E+06  4.25586299E+06  4.05414446E-09  2.77643523E+04  6.04354382E-02  0.00000000E+00
  3.46183006E+06  4.25552820E+06  4.05444981E-09  2.77639083E+04  6.04273643E-02  0.00000000E+00
  3.46217711E+06  4.25519340E+06  4.05475527E-09  2.77634650E+04  6.04192949E-02  0.00000000E+00
  3.46252416E+06  4.25485860E+06  4.05506083E-09  2.77630223E+04  6.04112300E-02  0.00000000E+00
  3.46287121E+06  4.25452381E+06  4.05536649E-09  2.77625801E+04  6.04031696E-02  0.00000000E+00
  3.46321826E+06  4.25418901E+06  4.05567225E-09  2.77621385E+04  6.03951138E-02  0.00000000E+00
  3.46356531E+06  4.25385422E+06  4.05597812E-09  2.77616976E+04  6.03870625E-02  0.00000000E+00
  3.46391236E+06  4.25351942E+06  4.05628408E-09  2.77612572E+04  6.03790158E-02  0.00000000E+00
  3.46425941E+06  4.25318462E+06  4.05659015E-09  2.77608174E+04  6.03709735E-02  0.00000000E+00
  3.46460646E+06  4.25284983E+06  4.05689632E-09  2.77603782E+04  6.03629358E-02  0.00000000E+00
  3.46495351E+06  4.25251503E+06  4.05720259E-09  2.77599396E+04  6.03549025E-02  0.00000000E+00
  3.46530056E+06  4.25218024E+06  4.05750896E-09  2.77595016E+04  6.03468737E-02  0.00000000E+00
  3.46564761E+06  4.25184544E+06  4.05781544E-09  2.77590641E+04  6.03388495E-02  0.00000000E+00
  3.46599466E+06  4.25151065E+06  4.05812201E-09  2.77586273E+04  6.03308297E-02  0.00000000E+00
  3.46634172E+06  4.25117585E+06  4.05842868E-09  2.77581910E+04  6.03228144E-02  0.00000000E+00
  3.46668877E+06  4.25084105E+06  4.05873545E-09  2.77577553E+04  6.03148036E-02  0.00000000E+00
  3.46703582E+06  4.25050626E+06  4.05904233E-09  2.77573202E+04  6.03067973E-02  0.00000000E+00
  3.46738287E+06  4.25017146E+06  4.05934930E-09  2.77568857E+04  6.02987955E-02  0.00000000E+00
  3.46772992E+06  4.24983667E+06  4.05965637E-09  2.77564517E+04  6.02907981E-02  0.00000000E+00
  3.46807697E+06  4.24950187E+06  4.05996354E-09  2.77560184E+04  6.02828052E-02  0.00000000E+00
  3.46842402E+06  4.24916707E+06  4.06027081E-09  2.77555856E+04  6.02748167E-02  0.00000000E+00
  3.46877107E+06  4.24883228E+06  4.06057818E-09  2.77551534E+04  6.02668327E-02  0.00000000E+00
  3.46911812E+06  4.24849748E+06  4.06088565E-09  2.77547218E+04  6.02588531E-02  0.00000000E+00
  3.46946517E+06  4.24816269E+06  4.06119322E-09  2.77542907E+04  6.02508780E-02  0.00000000E+00
  3.46981222E+06  4.24782789E+06  4.06150088E-09  2.77538603E+04  6.02429074E-02  0.00000000E+00
  3.47015927E+06  4.24749310E+06  4.06180865E-09  2.77534304E+04  6.02349411E-02  0.00000000E+00
