            time               v             rho            temp          eratio            asym
  0.00000000E+00  6.50444294E+06  1.91244636E-09  1.40341514E+04  1.08421018E-02  0.00000000E+00
  3.60730318E+02  6.50555142E+06  1.91212050E-09  1.40868550E+04  1.09826223E-02  0.00000000E+00
  7.21460636E+02  6.50665991E+06  1.91179475E-09  1.41395585E+04  1.11244575E-02  0.00000000E+00
  1.08219095E+03  6.50776839E+06  1.91146911E-09  1.41922621E+04  1.12676020E-02  0.00000000E+00
  1.44292127E+03  6.50887687E+06  1.91114358E-09  1.42449657E+04  1.14120515E-02  0.00000000E+00
  1.80365159E+03  6.50998535E+06  1.91081817E-09  1.42976693E+04  1.15578028E-02  0.00000000E+00
  2.16438191E+03  6.51109383E+06  1.91049286E-09  1.43503728E+04  1.17048534E-02  0.00000000E+00
  2.52511223E+03  6.51220231E+06  1.91016766E-09  1.44030764E+04  1.18532021E-02  0.00000000E+00
  2.88584254E+03  6.51331079E+06  1.90984258E-09  1.44557800E+04  1.20028486E-02  0.00000000E+00
  3.24657286E+03  6.51441927E+06  1.90951760E-09  1.45084836E+04  1.21537939E-02  0.00000000E+00
  3.60730318E+03  6.51552775E+06  1.90919274E-09  1.45611871E+04  1.23060401E-02  0.00000000E+00
  3.96803350E+03  6.51663623E+06  1.90886798E-09  1.46138907E+04  1.24595902E-02  0.00000000E+00
  4.32876382E+03  6.51774471E+06  1.90854334E-09  1.46665943E+04  1.26144487E-02  0.00000000E+00
  4.68949413E+03  6.51885319E+06  1.90821881E-09  1.47192979E+04  1.27706212E-02  0.00000000E+00
  5.05022445E+03  6.51996168E+06  1.90789439E-09  1.47720014E+04  1.29281145E-02  0.00000000E+00
  5.41095477E+03  6.52107016E+06  1.90757008E-09  1.48247050E+04  1.30869366E-02  0.00000000E+00
  5.77168509E+03  6.52217864E+06  1.90724587E-09  1.48774086E+04  1.32470968E-02  0.00000000E+00
  6.13241541E+03  6.52328712E+06  1.90692178E-09  1.49301122E+04  1.34086057E-02  0.00000000E+00
  6.49314572E+03  6.52439560E+06  1.90659780E-09  1.49828157E+04  1.35714752E-02  0.00000000E+00
  6.85387604E+03  6.52550408E+06  1.90627393E-09  1.50355193E+04  1.37357183E-02  0.00000000E+00
  7.21460636E+03  6.52661256E+06  1.90595017E-09  1.50882229E+04  1.39013494E-02  0.00000000E+00
  7.57533668E+03  6.52772104E+06  1.90562652E-09  1.51409265E+04  1.40683842E-02  0.00000000E+00
  7.93606700E+03  6.52882952E+06  1.90530298E-09  1.51936300E+04  1.42368396E-02  0.00000000E+00
  8.29679731E+03  6.52993800E+06  1.90497955E-09  1.52463336E+04  1.44067335E-02  0.00000000E+00
  8.65752763E+03  6.53104648E+06  1.90465622E-09  1.52990372E+04  1.45780854E-02  0.00000000E+00
  9.01825795E+03  6.53215496E+06  1.90433301E-09  1.53517408E+04  1.47509157E-02  0.00000000E+00
  9.37898827E+03  6.53326344E+06  1.90400991E-09  1.54044443E+04  1.49252459E-02  0.00000000E+00
  9.73971859E+03  6.53437193E+06  1.90368692E-09  1.54571479E+04  1.51010988E-02  0.00000000E+00
  1.01004489E+04  6.53548041E+06  1.90336404E-09  1.55098515E+04  1.52784980E-02  0.00000000E+00
  1.04611792E+04  6.53658889E+06  1.90304126E-09  1.55625551E+04  1.54574683E-02  0.00000000E+00
  1.08219095E+04  6.53769737E+06  1.90271860E-09  1.56152586E+04  1.56380352E-02  0.00000000E+00
  1.11826399E+04  6.53880585E+06  1.90239605E-09  1.56679622E+04  1.58202253E-02  0.00000000E+00
  1.15433702E+04  6.53991433E+06  1.90207360E-09  1.57206658E+04  1.60040657E-02  0.00000000E+00
  1.19041005E+04  6.54102281E+06  1.90175126E-09  1.57733694E+04  1.61895844E-02  0.00000000E+00
  1.22648308E+04  6.54213129E+06  1.90142904E-09  1.58260729E+04  1.63768099E-02  0.00000000E+00
  1.26255611E+04  6.54323977E+06  1.90110692E-09  1.58787765E+04  1.65657715E-02  0.00000000E+00
  1.29862914E+04  6.54434825E+06  1.90078491E-09  1.59314801E+04  1.67564985E-02  0.00000000E+00
  1.33470218E+04  6.54545673E+06  1.90046302E-09  1.59841837E+04  1.69490211E-02  0.00000000E+00
  1.37077521E+04  6.54656521E+06  1.90014123E-09  1.60368872E+04  1.71433692E-02  0.00000000E+00
  1.40684824E+04  6.54767370E+06  1.89981955E-09  1.60895908E+04  1.73395735E-02  0.00000000E+00
  1.44292127E+04  6.54878218E+06  1.89949797E-09  1.61422944E+04  1.75376641E-02  0.00000000E+00
  1.47899430E+04  6.54989066E+06  1.89917651E-09  1.61949980E+04  1.77376717E-02  0.00000000E+00
  1.51506734E+04  6.55099914E+06  1.89885516E-09  1.62477015E+04  1.79396266E-02  0.00000000E+00
  1.55114037E+04  6.55210762E+06  1.89853391E-09  1.63004051E+04  1.81435590E-02  0.00000000E+00
  1.58721340E+04  6.55321610E+06  1.89821278E-09  1.63531087E+04  1.83494987E-02  0.00000000E+00
  1.62328643E+04  6.55432458E+06  1.89789175E-09  1.64058123E+04  1.85574752E-02  0.00000000E+00
  1.65935946E+04  6.55543306E+06  1.89757083E-09  1.64585158E+04  1.87675178E-02  0.00000000E+00
  1.69543249E+04  6.55654154E+06  1.89725002E-09  1.65112194E+04  1.89796549E-02  0.00000000E+00
  1.73150553E+04  6.55765002E+06  1.89692932E-09  1.65639230E+04  1.91939146E-02  0.00000000E+00
  1.76757856E+04  6.55875850E+06  1.89660872E-09  1.66166266E+04  1.94103243E-02  0.00000000E+00
  1.80365159E+04  6.55986698E+06  1.89628824E-09  1.66693301E+04  1.96289107E-02  0.00000000E+00
  1.83972462E+04  6.56097547E+06  1.89596786E-09  1.67220337E+04  1.98496997E-02  0.00000000E+00
  1.87579765E+04  6.56208395E+06  1.89564759E-09  1.67747373E+04  2.00727166E-02  0.00000000E+00
  1.91187069E+04  6.56319243E+06  1.89532743E-09  1.68274409E+04  2.02979856E-02  0.00000000E+00
  1.94794372E+04  6.56430091E+06  1.89500738E-09  1.68801444E+04  2.05255304E-02  0.00000000E+00
  1.98401675E+04  6.56540939E+06  1.89468743E-09  1.69328480E+04  2.07553734E-02  0.00000000E+00
  2.02008978E+04  6.56651787E+06  1.89436760E-09  1.69855516E+04  2.09875367E-02  0.00000000E+00
  2.05616281E+04  6.56762635E+06  1.89404787E-09  1.70382552E+04  2.12220409E-02  0.00000000E+00
  2.09223584E+04  6.56873483E+06  1.89372825E-09  1.70909587E+04  2.14589062E-02  0.00000000E+00
  2.12830888E+04  6.56984331E+06  1.89340874E-09  1.71436623E+04  2.16981517E-02  0.00000000E+00
  2.16438191E+04  6.57095179E+06  1.89308933E-09  1.71963659E+04  2.19397957E-02  0.00000000E+00
  2.20045494E+04  6.57206027E+06  1.89277004E-09  1.72490695E+04  2.21838556E-02  0.00000000E+00
  2.23652797E+04  6.57316875E+06  1.89245085E-09  1.73017730E+04  2.24303480E-02  0.00000000E+00
  2.27260100E+04  6.57427724E+06  1.89213177E-09  1.73544766E+04  2.26792887E-02  0.00000000E+00
  2.30867404E+04  6.57538572E+06  1.89181279E-09  1.74071802E+04  2.29306928E-02  0.00000000E+00
  2.34474707E+04  6.57649420E+06  1.89149393E-09  1.74598838E+04  2.31845746E-02  0.00000000E+00
  2.38082010E+04  6.57760268E+06  1.89117517E-09  1.75125873E+04  2.34409477E-02  0.00000000E+00
  2.41689313E+04  6.57871116E+06  1.89085652E-09  1.75652909E+04  2.36998250E-02  0.00000000E+00
  2.45296616E+04  6.57981964E+06  1.89053797E-09  1.76179945E+04  2.39612188E-02  0.00000000E+00
  2.48903919E+04  6.58092812E+06  1.89021954E-09  1.76706980E+04  2.42251410E-02  0.00000000E+00
  2.52511223E+04  6.58203660E+06  1.88990121E-09  1.77234016E+04  2.44916026E-02  0.00000000E+00
  2.56118526E+04  6.58314508E+06  1.88958299E-09  1.77761052E+04  2.47606145E-02  0.00000000E+00
  2.59725829E+04  6.58425356E+06  1.88926487E-09  1.78288088E+04  2.50321869E-02  0.00000000E+00
  2.63333132E+04  6.58536204E+06  1.88894686E-09  1.78815123E+04  2.53063295E-02  0.00000000E+00
  2.66940435E+04  6.58647052E+06  1.88862896E-09  1.79342159E+04  2.55830519E-02  0.00000000E+00
  2.70547738E+04  6.58757901E+06  1.88831117E-09  1.79869195E+04  2.58623633E-02  0.00000000E+00
  2.74155042E+04  6.58868749E+06  1.88799348E-09  1.80396231E+04  2.61442723E-02  0.00000000E+00
  2.77762345E+04  6.58979597E+06  1.88767590E-09  1.80923266E+04  2.64287876E-02  0.00000000E+00
  2.81369648E+04  6.59090445E+06  1.88735843E-09  1.81450302E+04  2.67159176E-02  0.00000000E+00
  2.84976951E+04  6.59201293E+06  1.88704107E-09  1.81977338E+04  2.70056703E-02  0.00000000E+00
  2.88584254E+04  6.59312141E+06  1.88672381E-09  1.82504374E+04  2.72980538E-02  0.00000000E+00
  2.92191558E+04  6.59422989E+06  1.88640665E-09  1.83031409E+04  2.75930759E-02  0.00000000E+00
  2.95798861E+04  6.59533837E+06  1.88608961E-09  1.83558445E+04  2.78907444E-02  0.00000000E+00
  2.99406164E+04  6.59644685E+06  1.88577267E-09  1.84085481E+04  2.81910669E-02  0.00000000E+00
  3.03013467E+04  6.59755533E+06  1.88545584E-09  1.84612517E+04  2.84940511E-02  0.00000000E+00
  3.06620770E+04  6.59866381E+06  1.88513911E-09  1.85139552E+04  2.87997046E-02  0.00000000E+00
  3.10228073E+04  6.59977229E+06  1.88482249E-09  1.85666588E+04  2.91080349E-02  0.00000000E+00
  3.13835377E+04  6.60088077E+06  1.88450598E-09  1.86193624E+04  2.94190496E-02  0.00000000E+00
  3.17442680E+04  6.60198926E+06  1.88418957E-09  1.86720660E+04  2.97327564E-02  0.00000000E+00
  3.21049983E+04  6.60309774E+06  1.88387327E-09  1.87247695E+04  3.00491628E-02  0.00000000E+00
  3.24657286E+04  6.60420622E+06  1.88355708E-09  1.87774731E+04  3.03682767E-02  0.00000000E+00
  3.28264589E+04  6.60531470E+06  1.88324099E-09  1.88301767E+04  3.06901057E-02  0.00000000E+00
  3.31871893E+04  6.60642318E+06  1.88292501E-09  1.88828803E+04  3.10146578E-02  0.00000000E+00
  3.35479196E+04  6.60753166E+06  1.88260913E-09  1.89355838E+04  3.13419408E-02  0.00000000E+00
  3.39086499E+04  6.60864014E+06  1.88229336E-09  1.89882874E+04  3.16719628E-02  0.00000000E+00
  3.42693802E+04  6.60974862E+06  1.88197770E-09  1.90409910E+04  3.20047318E-02  0.00000000E+00
  3.46301105E+04  6.61085710E+06  1.88166214E-09  1.90936946E+04  3.23402563E-02  0.00000000E+00
  3.49908408E+04  6.61196558E+06  1.88134669E-09  1.91463981E+04  3.26785444E-02  0.00000000E+00
  3.53515712E+04  6.61307406E+06  1.88103134E-09  1.91991017E+04  3.30196047E-02  0.00000000E+00
  3.57123015E+04  6.61418254E+06  1.88071610E-09  1.92518053E+04  3.33634457E-02  0.00000000E+00
  3.60730318E+04  6.61529103E+06  1.88040096E-09  1.93045089E+04  3.37100762E-02  0.00000000E+00
  3.64337621E+04  6.61639951E+06  1.88008593E-09  1.93572124E+04  3.40595050E-02  0.00000000E+00
  3.67944924E+04  6.61750799E+06  1.87977101E-09  1.94099160E+04  3.44117411E-02  0.00000000E+00
  3.71552228E+04  6.61861647E+06  1.87945619E-09  1.94626196E+04  3.47667935E-02  0.00000000E+00
  3.75159531E+04  6.61972495E+06  1.87914148E-09  1.95153232E+04  3.51246716E-02  0.00000000E+00
  3.78766834E+04  6.62083343E+06  1.87882687E-09  1.95680267E+04  3.54853845E-02  0.00000000E+00
  3.82374137E+04  6.62194191E+06  1.87851237E-09  1.96207303E+04  3.58489419E-02  0.00000000E+00
  3.85981440E+04  6.62305039E+06  1.87819797E-09  1.96734339E+04  3.62153533E-02  0.00000000E+00
  3.89588743E+04  6.62415887E+06  1.87788368E-09  1.97261375E+04  3.65846285E-02  0.00000000E+00
  3.93196047E+04  6.62526735E+06  1.87756949E-09  1.97788410E+04  3.69567773E-02  0.00000000E+00
  3.96803350E+04  6.62637583E+06  1.87725541E-09  1.98315446E+04  3.73318097E-02  0.00000000E+00
  4.00410653E+04  6.62748431E+06  1.87694144E-09  1.98842482E+04  3.77097357E-02  0.00000000E+00
  4.04017956E+04  6.62859280E+06  1.87662757E-09  1.99369518E+04  3.80905658E-02  0.00000000E+00
  4.07625259E+04  6.62970128E+06  1.87631380E-09  1.99896553E+04  3.84743100E-02  0.00000000E+00
  4.11232562E+04  6.63080976E+06  1.87600014E-09  2.00423589E+04  3.88609791E-02  0.00000000E+00
  4.14839866E+04  6.63191824E+06  1.87568658E-09  2.00950625E+04  3.92505834E-02  0.00000000E+00
  4.18447169E+04  6.63302672E+06  1.87537313E-09  2.01477661E+04  3.96431337E-02  0.00000000E+00
  4.22054472E+04  6.63413520E+06  1.87505978E-09  2.02004696E+04  4.00386408E-02  0.00000000E+00
  4.25661775E+04  6.63524368E+06  1.87474654E-09  2.02531732E+04  4.04371155E-02  0.00000000E+00
  4.29269078E+04  6.63635216E+06  1.87443341E-09  2.03058768E+04  4.08385690E-02  0.00000000E+00
  4.32876382E+04  6.63746064E+06  1.87412037E-09  2.03585804E+04  4.12430123E-02  0.00000000E+00
  4.36483685E+04  6.63856912E+06  1.87380744E-09  2.04112839E+04  4.16504565E-02  0.00000000E+00
  4.40090988E+04  6.63967760E+06  1.87349462E-09  2.04639875E+04  4.20609131E-02  0.00000000E+00
  4.43698291E+04  6.64078608E+06  1.87318190E-09  2.05166911E+04  4.24743934E-02  0.00000000E+00
  4.47305594E+04  6.64189457E+06  1.87286929E-09  2.05693947E+04  4.28909089E-02  0.00000000E+00
  4.50912897E+04  6.64300305E+06  1.87255678E-09  2.06220982E+04  4.33104711E-02  0.00000000E+00
  4.54520201E+04  6.64411153E+06  1.87224437E-09  2.06748018E+04  4.37330919E-02  0.00000000E+00
  4.58127504E+04  6.64522001E+06  1.87193207E-09  2.07275054E+04  4.41587828E-02  0.00000000E+00
  4.61734807E+04  6.64632849E+06  1.87161987E-09  2.07802090E+04  4.45875558E-02  0.00000000E+00
  4.65342110E+04  6.64743697E+06  1.87130778E-09  2.08329125E+04  4.50194228E-02  0.00000000E+00
  4.68949413E+04  6.64854545E+06  1.87099579E-09  2.08856161E+04  4.54543958E-02  0.00000000E+00
  4.72556717E+04  6.64965393E+06  1.87068391E-09  2.09383197E+04  4.58923783E-02  0.00000000E+00
  4.76164020E+04  6.65076241E+06  1.87037212E-09  2.09910233E+04  4.63336725E-02  0.00000000E+00
  4.79771323E+04  6.65187089E+06  1.87006045E-09  2.10437268E+04  4.67779608E-02  0.00000000E+00
  4.83378626E+04  6.65297937E+06  1.86974887E-09  2.10964304E+04  4.72255990E-02  0.00000000E+00
  4.86985929E+04  6.65408785E+06  1.86943741E-09  2.11491340E+04  4.76762476E-02  0.00000000E+00
  4.90593232E+04  6.65519634E+06  1.86912604E-09  2.12018376E+04  4.81300808E-02  0.00000000E+00
  4.94200536E+04  6.65630482E+06  1.86881478E-09  2.12545411E+04  4.85870435E-02  0.00000000E+00
  4.97807839E+04  6.65741330E+06  1.86850362E-09  2.13072447E+04  4.90473194E-02  0.00000000E+00
  5.01415142E+04  6.65852178E+06  1.86819257E-09  2.13599483E+04  4.95107316E-02  0.00000000E+00
  5.05022445E+04  6.65963026E+06  1.86788161E-09  2.14126519E+04  4.99774680E-02  0.00000000E+00
  5.08629748E+04  6.66073874E+06  1.86757077E-09  2.14653554E+04  5.04474431E-02  0.00000000E+00
  5.12237052E+04  6.66184722E+06  1.86726002E-09  2.15180590E+04  5.09205970E-02  0.00000000E+00
  5.15844355E+04  6.66295570E+06  1.86694938E-09  2.15707626E+04  5.13970749E-02  0.00000000E+00
  5.19451658E+04  6.66406418E+06  1.86663885E-09  2.16234662E+04  5.18767937E-02  0.00000000E+00
  5.23058961E+04  6.66517266E+06  1.86632841E-09  2.16761697E+04  5.23598282E-02  0.00000000E+00
  5.26666264E+04  6.66628114E+06  1.86601808E-09  2.17288733E+04  5.28461673E-02  0.00000000E+00
  5.30273567E+04  6.66738962E+06  1.86570785E-09  2.17815769E+04  5.33358126E-02  0.00000000E+00
  5.33880871E+04  6.66849810E+06  1.86539773E-09  2.18342805E+04  5.38288029E-02  0.00000000E+00
  5.37488174E+04  6.66960659E+06  1.86508771E-09  2.18869840E+04  5.43251338E-02  0.00000000E+00
  5.41095477E+04  6.67071507E+06  1.86477779E-09  2.19396876E+04  5.48248262E-02  0.00000000E+00
  5.44702780E+04  6.67182355E+06  1.86446798E-09  2.19923912E+04  5.53278871E-02  0.00000000E+00
  5.48310083E+04  6.67293203E+06  1.86415827E-09  2.20450948E+04  5.58343224E-02  0.00000000E+00
  5.51917386E+04  6.67404051E+06  1.86384866E-09  2.20977983E+04  5.63441746E-02  0.00000000E+00
  5.55524690E+04  6.67514899E+06  1.86353915E-09  2.21505019E+04  5.68574189E-02  0.00000000E+00
  5.59131993E+04  6.67625747E+06  1.86322975E-09  2.22032055E+04  5.73740901E-02  0.00000000E+00
  5.62739296E+04  6.67736595E+06  1.86292045E-09  2.22559091E+04  5.78942005E-02  0.00000000E+00
  5.66346599E+04  6.67847443E+06  1.86261125E-09  2.23086126E+04  5.84177690E-02  0.00000000E+00
  5.69953902E+04  6.67958291E+06  1.86230215E-09  2.23613162E+04  5.89447895E-02  0.00000000E+00
  5.73561206E+04  6.68069139E+06  1.86199316E-09  2.24140198E+04  5.94752933E-02  0.00000000E+00
  5.77168509E+04  6.68179987E+06  1.86168427E-09  2.24667234E+04  6.00092826E-02  0.00000000E+00
  5.80775812E+04  6.68290836E+06  1.86137548E-09  2.25194269E+04  6.05467784E-02  0.00000000E+00
  5.84383115E+04  6.68401684E+06  1.86106680E-09  2.25721305E+04  6.10877866E-02  0.00000000E+00
  5.87990418E+04  6.68512532E+06  1.86075822E-09  2.26248341E+04  6.16323288E-02  0.00000000E+00
  5.91597721E+04  6.68623380E+06  1.86044974E-09  2.26775377E+04  6.21804129E-02  0.00000000E+00
  5.95205025E+04  6.68734228E+06  1.86014136E-09  2.27302412E+04  6.27320551E-02  0.00000000E+00
  5.98812328E+04  6.68845076E+06  1.85983308E-09  2.27829448E+04  6.32872666E-02  0.00000000E+00
  6.02419631E+04  6.68955924E+06  1.85952491E-09  2.28356484E+04  6.38460643E-02  0.00000000E+00
  6.06026934E+04  6.69066772E+06  1.85921684E-09  2.28883520E+04  6.44084571E-02  0.00000000E+00
  6.09634237E+04  6.69177620E+06  1.85890887E-09  2.29410555E+04  6.49744610E-02  0.00000000E+00
  6.13241541E+04  6.69288468E+06  1.85860100E-09  2.29937591E+04  6.55440892E-02  0.00000000E+00
  6.16848844E+04  6.69399316E+06  1.85829324E-09  2.30464627E+04  6.61173551E-02  0.00000000E+00
  6.20456147E+04  6.69510164E+06  1.85798557E-09  2.30991663E+04  6.66942718E-02  0.00000000E+00
  6.24063450E+04  6.69621013E+06  1.85767801E-09  2.31518698E+04  6.72748532E-02  0.00000000E+00
  6.27670753E+04  6.69731861E+06  1.85737055E-09  2.32045734E+04  6.78591120E-02  0.00000000E+00
  6.31278056E+04  6.69842709E+06  1.85706320E-09  2.32572770E+04  6.84470621E-02  0.00000000E+00
  6.34885360E+04  6.69953557E+06  1.85675594E-09  2.33099806E+04  6.90387166E-02  0.00000000E+00
  6.38492663E+04  6.70064405E+06  1.85644879E-09  2.33626841E+04  6.96340893E-02  0.00000000E+00
  6.42099966E+04  6.70175253E+06  1.85614173E-09  2.34153877E+04  7.02331927E-02  0.00000000E+00
  6.45707269E+04  6.70286101E+06  1.85583478E-09  2.34680913E+04  7.08360409E-02  0.00000000E+00
  6.49314572E+04  6.70396949E+06  1.85552793E-09  2.35207949E+04  7.14426467E-02  0.00000000E+00
  6.52921876E+04  6.70507797E+06  1.85522119E-09  2.35734984E+04  7.20530237E-02  0.00000000E+00
  6.56529179E+04  6.70618645E+06  1.85491454E-09  2.36262020E+04  7.26671842E-02  0.00000000E+00
  6.60136482E+04  6.70729493E+06  1.85460799E-09  2.36789056E+04  7.32851422E-02  0.00000000E+00
  6.63743785E+04  6.70840341E+06  1.85430155E-09  2.37316092E+04  7.39069105E-02  0.00000000E+00
  6.67351088E+04  6.70951190E+06  1.85399521E-09  2.37843127E+04  7.45325020E-02  0.00000000E+00
  6.70958391E+04  6.71062038E+06  1.85368897E-09  2.38370163E+04  7.51619299E-02  0.00000000E+00
  6.74565695E+04  6.71172886E+06  1.85338283E-09  2.38897199E+04  7.57952069E-02  0.00000000E+00
  6.78172998E+04  6.71283734E+06  1.85307679E-09  2.39424235E+04  7.64323458E-02  0.00000000E+00
  6.81780301E+04  6.71394582E+06  1.85277085E-09  2.39951270E+04  7.70733595E-02  0.00000000E+00
  6.85387604E+04  6.71505430E+06  1.85246501E-09  2.40478306E+04  7.77182607E-02  0.00000000E+00
  6.88994907E+04  6.71616278E+06  1.85215928E-09  2.41005342E+04  7.83670618E-02  0.00000000E+00
  6.92602211E+04  6.71727126E+06  1.85185364E-09  2.41532378E+04  7.90197755E-02  0.00000000E+00
  6.96209514E+04  6.71837974E+06  1.85154811E-09  2.42059413E+04  7.96764141E-02  0.00000000E+00
  6.99816817E+04  6.71948822E+06  1.85124268E-09  2.42586449E+04  8.03369899E-02  0.00000000E+00
  7.03424120E+04  6.72059670E+06  1.85093735E-09  2.43113485E+04  8.10015151E-02  0.00000000E+00
  7.07031423E+04  6.72170518E+06  1.85063211E-09  2.43640521E+04  8.16700019E-02  0.00000000E+00
  7.10638726E+04  6.72281367E+06  1.85032698E-09  2.44167556E+04  8.23424621E-02  0.00000000E+00
  7.14246030E+04  6.72392215E+06  1.85002195E-09  2.44694592E+04  8.30189075E-02  0.00000000E+00
  7.17853333E+04  6.72503063E+06  1.84971702E-09  2.45221628E+04  8.36993498E-02  0.00000000E+00
  7.21460636E+04  6.72613911E+06  1.84941220E-09  2.45748664E+04  8.43838005E-02  0.00000000E+00
  7.25067939E+04  6.72724759E+06  1.84910747E-09  2.46275699E+04  8.50722711E-02  0.00000000E+00
  7.28675242E+04  6.72835607E+06  1.84880284E-09  2.46802735E+04  8.57647726E-02  0.00000000E+00
  7.32282545E+04  6.72946455E+06  1.84849831E-09  2.47329771E+04  8.64613161E-02  0.00000000E+00
  7.35889849E+04  6.73057303E+06  1.84819388E-09  2.47856807E+04  8.71619125E-02  0.00000000E+00
  7.39497152E+04  6.73168151E+06  1.84788956E-09  2.48383842E+04  8.78665723E-02  0.00000000E+00
  7.43104455E+04  6.73278999E+06  1.84758533E-09  2.48910878E+04  8.85753060E-02  0.00000000E+00
  7.46711758E+04  6.73389847E+06  1.84728120E-09  2.49437914E+04  8.92881237E-02  0.00000000E+00
  7.50319061E+04  6.73500695E+06  1.84697718E-09  2.49964949E+04  9.00050356E-02  0.00000000E+00
  7.53926365E+04  6.73611543E+06  1.84667325E-09  2.50491985E+04  9.07260512E-02  0.00000000E+00
  7.57533668E+04  6.73722392E+06  1.84636943E-09  2.51019021E+04  9.14511800E-02  0.00000000E+00
  7.61140971E+04  6.73833240E+06  1.84606570E-09  2.51546057E+04  9.21804313E-02  0.00000000E+00
  7.64748274E+04  6.73944088E+06  1.84576207E-09  2.52073092E+04  9.29138140E-02  0.00000000E+00
  7.68355577E+04  6.74054936E+06  1.84545855E-09  2.52600128E+04  9.36513367E-02  0.00000000E+00
  7.71962880E+04  6.74165784E+06  1.84515512E-09  2.53127164E+04  9.43930076E-02  0.00000000E+00
  7.75570184E+04  6.74276632E+06  1.84485179E-09  2.53654200E+04  9.51388349E-02  0.00000000E+00
  7.79177487E+04  6.74387480E+06  1.84454857E-09  2.54181235E+04  9.58888261E-02  0.00000000E+00
  7.82784790E+04  6.74498328E+06  1.84424544E-09  2.54708271E+04  9.66429886E-02  0.00000000E+00
  7.86392093E+04  6.74609176E+06  1.84394241E-09  2.55235307E+04  9.74013292E-02  0.00000000E+00
  7.89999396E+04  6.74720024E+06  1.84363948E-09  2.55762343E+04  9.81638544E-02  0.00000000E+00
  7.93606700E+04  6.74830872E+06  1.84333666E-09  2.56289378E+04  9.89305705E-02  0.00000000E+00
  7.97214003E+04  6.74941720E+06  1.84303393E-09  2.56816414E+04  9.97014830E-02  0.00000000E+00
  8.00821306E+04  6.75052569E+06  1.84273130E-09  2.57343450E+04  1.00476597E-01  0.00000000E+00
  8.04428609E+04  6.75163417E+06  1.84242877E-09  2.57870486E+04  1.01255918E-01  0.00000000E+00
  8.08035912E+04  6.75274265E+06  1.84212634E-09  2.58397521E+04  1.02039449E-01  0.00000000E+00
  8.11643215E+04  6.75385113E+06  1.84182401E-09  2.58924557E+04  1.02827196E-01  0.00000000E+00
  8.15250519E+04  6.75495961E+06  1.84152177E-09  2.59451593E+04  1.03619160E-01  0.00000000E+00
  8.18857822E+04  6.75606809E+06  1.84121964E-09  2.59978629E+04  1.04415344E-01  0.00000000E+00
  8.22465125E+04  6.75717657E+06  1.84091761E-09  2.60505664E+04  1.05215751E-01  0.00000000E+00
  8.26072428E+04  6.75828505E+06  1.84061567E-09  2.61032700E+04  1.06020383E-01  0.00000000E+00
  8.29679731E+04  6.75939353E+06  1.84031384E-09  2.61559736E+04  1.06829240E-01  0.00000000E+00
  8.33287035E+04  6.76050201E+06  1.84001210E-09  2.62086772E+04  1.07642322E-01  0.00000000E+00
  8.36894338E+04  6.76161049E+06  1.83971046E-09  2.62613807E+04  1.08459629E-01  0.00000000E+00
  8.40501641E+04  6.76271897E+06  1.83940892E-09  2.63140843E+04  1.09281161E-01  0.00000000E+00
  8.44108944E+04  6.76382746E+06  1.83910748E-09  2.63667879E+04  1.10106915E-01  0.00000000E+00
  8.47716247E+04  6.76493594E+06  1.83880614E-09  2.64194915E+04  1.10936888E-01  0.00000000E+00
  8.51323550E+04  6.76604442E+06  1.83850490E-09  2.64721950E+04  1.11771079E-01  0.00000000E+00
  8.54930854E+04  6.76715290E+06  1.83820376E-09  2.65248986E+04  1.12609481E-01  0.00000000E+00
  8.58538157E+04  6.76826138E+06  1.83790271E-09  2.65776022E+04  1.13452092E-01  0.00000000E+00
  8.62145460E+04  6.76936986E+06  1.83760177E-09  2.66303058E+04  1.14298904E-01  0.00000000E+00
  8.65752763E+04  6.77047834E+06  1.83730092E-09  2.66830093E+04  1.15149912E-01  0.00000000E+00
  8.69360066E+04  6.77158682E+06  1.83700017E-09  2.67357129E+04  1.16005108E-01  0.00000000E+00
  8.72967369E+04  6.77269530E+06  1.83669952E-09  2.67884165E+04  1.16864484E-01  0.00000000E+00
  8.76574673E+04  6.77380378E+06  1.83639897E-09  2.68411201E+04  1.17728029E-01  0.00000000E+00
  8.80181976E+04  6.77491226E+06  1.83609852E-09  2.68938236E+04  1.18595735E-01  0.00000000E+00
  8.83789279E+04  6.77602074E+06  1.83579816E-09  2.69465272E+04  1.19467589E-01  0.00000000E+00
  8.87396582E+04  6.77712923E+06  1.83549790E-09  2.69992308E+04  1.20343579E-01  0.00000000E+00
  8.91003885E+04  6.77823771E+06  1.83519774E-09  2.70519344E+04  1.21223692E-01  0.00000000E+00
  8.94611189E+04  6.77934619E+06  1.83489768E-09  2.71046379E+04  1.22107913E-01  0.00000000E+00
  8.98218492E+04  6.78045467E+06  1.83459772E-09  2.71573415E+04  1.22996227E-01  0.00000000E+00
  9.01825795E+04  6.78156315E+06  1.83429786E-09  2.72100451E+04  1.23888617E-01  0.00000000E+00
  9.05433098E+04  6.78267163E+06  1.83399809E-09  2.72627487E+04  1.24785065E-01  0.00000000E+00
  9.09040401E+04  6.78378011E+06  1.83369842E-09  2.73154522E+04  1.25685552E-01  0.00000000E+00
  9.12647704E+04  6.78488859E+06  1.83339885E-09  2.73681558E+04  1.26590057E-01  0.00000000E+00
  9.16255008E+04  6.78599707E+06  1.83309938E-09  2.74208594E+04  1.27498560E-01  0.00000000E+00
  9.19862311E+04  6.78710555E+06  1.83280001E-09  2.74735630E+04  1.28411037E-01  0.00000000E+00
  9.23469614E+04  6.78821403E+06  1.83250073E-09  2.75262665E+04  1.29327465E-01  0.00000000E+00
  9.27076917E+04  6.78932251E+06  1.83220155E-09  2.75789701E+04  1.30247817E-01  0.00000000E+00
  9.30684220E+04  6.79043100E+06  1.83190247E-09  2.76316737E+04  1.31172068E-01  0.00000000E+00
  9.34291524E+04  6.79153948E+06  1.83160349E-09  2.76843773E+04  1.32100190E-01  0.00000000E+00
  9.37898827E+04  6.79264796E+06  1.83130460E-09  2.77370808E+04  1.33032153E-01  0.00000000E+00
  9.41506130E+04  6.79375644E+06  1.83100581E-09  2.77897844E+04  1.33967927E-01  0.00000000E+00
  9.45113433E+04  6.79486492E+06  1.83070712E-09  2.78424880E+04  1.34907480E-01  0.00000000E+00
  9.48720736E+04  6.79597340E+06  1.83040853E-09  2.78951916E+04  1.35850779E-01  0.00000000E+00
  9.52328039E+04  6.79708188E+06  1.83011003E-09  2.79478951E+04  1.36797789E-01  0.00000000E+00
  9.55935343E+04  6.79819036E+06  1.82981163E-09  2.80005987E+04  1.37748473E-01  0.00000000E+00
  9.59542646E+04  6.79929884E+06  1.82951333E-09  2.80533023E+04  1.38702796E-01  0.00000000E+00
  9.63149949E+04  6.80040732E+06  1.82921513E-09  2.81060059E+04  1.39660718E-01  0.00000000E+00
  9.66757252E+04  6.80151580E+06  1.82891702E-09  2.81587094E+04  1.40622200E-01  0.00000000E+00
  9.70364555E+04  6.80262428E+06  1.82861901E-09  2.82114130E+04  1.41587199E-01  0.00000000E+00
  9.73971859E+04  6.80373276E+06  1.82832110E-09  2.82641166E+04  1.42555674E-01  0.00000000E+00
  9.77579162E+04  6.80484125E+06  1.82802328E-09  2.83168202E+04  1.43527581E-01  0.00000000E+00
  9.81186465E+04  6.80594973E+06  1.82772557E-09  2.83695237E+04  1.44502874E-01  0.00000000E+00
  9.84793768E+04  6.80705821E+06  1.82742794E-09  2.84222273E+04  1.45481508E-01  0.00000000E+00
  9.88401071E+04  6.80816669E+06  1.82713042E-09  2.84749309E+04  1.46463435E-01  0.00000000E+00
  9.92008374E+04  6.80927517E+06  1.82683299E-09  2.85276345E+04  1.47448606E-01  0.00000000E+00
  9.95615678E+04  6.81038365E+06  1.82653566E-09  2.85803380E+04  1.48436971E-01  0.00000000E+00
  9.99222981E+04  6.81149213E+06  1.82623843E-09  2.86330416E+04  1.49428481E-01  0.00000000E+00
  1.00283028E+05  6.81260061E+06  1.82594129E-09  2.86857452E+04  1.50423082E-01  0.00000000E+00
  1.00643759E+05  6.81370909E+06  1.82564425E-09  2.87384488E+04  1.51420723E-01  0.00000000E+00
  1.01004489E+05  6.81481757E+06  1.82534731E-09  2.87911523E+04  1.52421349E-01  0.00000000E+00
  1.01365219E+05  6.81592605E+06  1.82505046E-09  2.88438559E+04  1.53424906E-01  0.00000000E+00
  1.01725950E+05  6.81703453E+06  1.82475371E-09  2.88965595E+04  1.54431339E-01  0.00000000E+00
  1.02086680E+05  6.81814302E+06  1.82445706E-09  2.89492631E+04  1.55440592E-01  0.00000000E+00
  1.02447410E+05  6.81925150E+06  1.82416050E-09  2.90019666E+04  1.56452608E-01  0.00000000E+00
  1.02808141E+05  6.82035998E+06  1.82386404E-09  2.90546702E+04  1.57467330E-01  0.00000000E+00
  1.03168871E+05  6.82146846E+06  1.82356767E-09  2.91073738E+04  1.58484701E-01  0.00000000E+00
  1.03529601E+05  6.82257694E+06  1.82327141E-09  2.91600774E+04  1.59504662E-01  0.00000000E+00
  1.03890332E+05  6.82368542E+06  1.82297523E-09  2.92127809E+04  1.60527156E-01  0.00000000E+00
  1.04251062E+05  6.82479390E+06  1.82267916E-09  2.92654845E+04  1.61552124E-01  0.00000000E+00
  1.04611792E+05  6.82590238E+06  1.82238318E-09  2.93181881E+04  1.62579507E-01  0.00000000E+00
  1.04972523E+05  6.82701086E+06  1.82208730E-09  2.93708917E+04  1.63609248E-01  0.00000000E+00
  1.05333253E+05  6.82811934E+06  1.82179151E-09  2.94235952E+04  1.64641287E-01  0.00000000E+00
  1.05693983E+05  6.82922782E+06  1.82149582E-09  2.94762988E+04  1.65675567E-01  0.00000000E+00
  1.06054713E+05  6.83033630E+06  1.82120022E-09  2.95290024E+04  1.66712030E-01  0.00000000E+00
  1.06415444E+05  6.83144479E+06  1.82090472E-09  2.95817060E+04  1.67750619E-01  0.00000000E+00
  1.06776174E+05  6.83255327E+06  1.82060932E-09  2.96344095E+04  1.68791277E-01  0.00000000E+00
  1.07136904E+05  6.83366175E+06  1.82031401E-09  2.96871131E+04  1.69833948E-01  0.00000000E+00
  1.07497635E+05  6.83477023E+06  1.82001880E-09  2.97398167E+04  1.70878578E-01  0.00000000E+00
  1.07858365E+05  6.83587871E+06  1.81972369E-09  2.97925203E+04  1.71925110E-01  0.00000000E+00
  1.08219095E+05  6.83698719E+06  1.81942867E-09  2.98452238E+04  1.72973494E-01  0.00000000E+00
  1.08579826E+05  6.83809567E+06  1.81913374E-09  2.98979274E+04  1.74023675E-01  0.00000000E+00
  1.08940556E+05  6.83920415E+06  1.81883891E-09  2.99506310E+04  1.75075604E-01  0.00000000E+00
  1.09301286E+05  6.84031263E+06  1.81854418E-09  3.00033346E+04  1.76129232E-01  0.00000000E+00
  1.09662017E+05  6.84142111E+06  1.81824954E-09  3.00560381E+04  1.77184509E-01  0.00000000E+00
  1.10022747E+05  6.84252959E+06  1.81795500E-09  3.01087417E+04  1.78241391E-01  0.00000000E+00
  1.10383477E+05  6.84363807E+06  1.81766056E-09  3.01614453E+04  1.79299832E-01  0.00000000E+00
  1.10744208E+05  6.84474656E+06  1.81736620E-09  3.02141489E+04  1.80359789E-01  0.00000000E+00
  1.11104938E+05  6.84585504E+06  1.81707195E-09  3.02668524E+04  1.81421222E-01  0.00000000E+00
  1.11465668E+05  6.84696352E+06  1.81677779E-09  3.03195560E+04  1.82484093E-01  0.00000000E+00
  1.11826399E+05  6.84807200E+06  1.81648372E-09  3.03722596E+04  1.83548364E-01  0.00000000E+00
  1.12187129E+05  6.84918048E+06  1.81618975E-09  3.04249632E+04  1.84614000E-01  0.00000000E+00
  1.12547859E+05  6.85028896E+06  1.81589588E-09  3.04776667E+04  1.85680971E-01  0.00000000E+00
  1.12908590E+05  6.85139744E+06  1.81560210E-09  3.05303703E+04  1.86749246E-01  0.00000000E+00
  1.13269320E+05  6.85250592E+06  1.81530841E-09  3.05830739E+04  1.87818798E-01  0.00000000E+00
  1.13630050E+05  6.85361440E+06  1.81501482E-09  3.06357775E+04  1.88889603E-01  0.00000000E+00
  1.13990780E+05  6.85472288E+06  1.81472133E-09  3.06884810E+04  1.89961639E-01  0.00000000E+00
  1.14351511E+05  6.85583136E+06  1.81442793E-09  3.07411846E+04  1.91034885E-01  0.00000000E+00
  1.14712241E+05  6.85693984E+06  1.81413463E-09  3.07938882E+04  1.92109327E-01  0.00000000E+00
  1.15072971E+05  6.85804833E+06  1.81384142E-09  3.08465918E+04  1.93184951E-01  0.00000000E+00
  1.15433702E+05  6.85915681E+06  1.81354830E-09  3.08992953E+04  1.94261745E-01  0.00000000E+00
  1.15794432E+05  6.86026529E+06  1.81325528E-09  3.09519989E+04  1.95339702E-01  0.00000000E+00
  1.16155162E+05  6.86137377E+06  1.81296236E-09  3.10047025E+04  1.96418818E-01  0.00000000E+00
  1.16515893E+05  6.86248225E+06  1.81266952E-09  3.10574061E+04  1.97499090E-01  0.00000000E+00
  1.16876623E+05  6.86359073E+06  1.81237679E-09  3.11101096E+04  1.98580521E-01  0.00000000E+00
  1.17237353E+05  6.86469921E+06  1.81208415E-09  3.11628132E+04  1.99663114E-01  0.00000000E+00
  1.17598084E+05  6.86580769E+06  1.81179160E-09  3.12155168E+04  2.00746877E-01  0.00000000E+00
  1.17958814E+05  6.86691617E+06  1.81149915E-09  3.12682204E+04  2.01831822E-01  0.00000000E+00
  1.18319544E+05  6.86802465E+06  1.81120679E-09  3.13209239E+04  2.02917962E-01  0.00000000E+00
  1.18680275E+05  6.86913313E+06  1.81091453E-09  3.13736275E+04  2.04005314E-01  0.00000000E+00
  1.19041005E+05  6.87024161E+06  1.81062236E-09  3.14263311E+04  2.05093898E-01  0.00000000E+00
  1.19401735E+05  6.87135009E+06  1.81033028E-09  3.14790347E+04  2.06183739E-01  0.00000000E+00
  1.19762466E+05  6.87245858E+06  1.81003830E-09  3.15317382E+04  2.07274862E-01  0.00000000E+00
  1.20123196E+05  6.87356706E+06  1.80974641E-09  3.15844418E+04  2.08367298E-01  0.00000000E+00
  1.20483926E+05  6.87467554E+06  1.80945462E-09  3.16371454E+04  2.09461079E-01  0.00000000E+00
  1.20844657E+05  6.87578402E+06  1.80916292E-09  3.16898490E+04  2.10556241E-01  0.00000000E+00
  1.21205387E+05  6.87689250E+06  1.80887132E-09  3.17425525E+04  2.11652824E-01  0.00000000E+00
  1.21566117E+05  6.87800098E+06  1.80857981E-09  3.17952561E+04  2.12750870E-01  0.00000000E+00
  1.21926847E+05  6.87910946E+06  1.80828839E-09  3.18479597E+04  2.13850424E-01  0.00000000E+00
  1.22287578E+05  6.88021794E+06  1.80799707E-09  3.19006633E+04  2.14951534E-01  0.00000000E+00
  1.22648308E+05  6.88132642E+06  1.80770584E-09  3.19533668E+04  2.16054252E-01  0.00000000E+00
  1.23009038E+05  6.88243490E+06  1.80741471E-09  3.20060704E+04  2.17158632E-01  0.00000000E+00
  1.23369769E+05  6.88354338E+06  1.80712367E-09  3.20587740E+04  2.18264730E-01  0.00000000E+00
  1.23730499E+05  6.88465186E+06  1.80683272E-09  3.21114776E+04  2.19372608E-01  0.00000000E+00
  1.24091229E+05  6.88576035E+06  1.80654187E-09  3.21641811E+04  2.20482326E-01  0.00000000E+00
  1.24451960E+05  6.88686883E+06  1.80625111E-09  3.22168847E+04  2.21593951E-01  0.00000000E+00
  1.24812690E+05  6.88797731E+06  1.80596044E-09  3.22695883E+04  2.22707550E-01  0.00000000E+00
  1.25173420E+05  6.88908579E+06  1.80566987E-09  3.23222918E+04  2.23823194E-01  0.00000000E+00
  1.25534151E+05  6.89019427E+06  1.80537939E-09  3.23749954E+04  2.24940956E-01  0.00000000E+00
  1.25894881E+05  6.89130275E+06  1.80508900E-09  3.24276990E+04  2.26060911E-01  0.00000000E+00
  1.26255611E+05  6.89241123E+06  1.80479871E-09  3.24804026E+04  2.27183138E-01  0.00000000E+00
  1.26616342E+05  6.89351971E+06  1.80450851E-09  3.25331061E+04  2.28307715E-01  0.00000000E+00
  1.26977072E+05  6.89462819E+06  1.80421841E-09  3.25858097E+04  2.29434727E-01  0.00000000E+00
  1.27337802E+05  6.89573667E+06  1.80392840E-09  3.26385133E+04  2.30564256E-01  0.00000000E+00
  1.27698533E+05  6.89684515E+06  1.80363848E-09  3.26912169E+04  2.31696390E-01  0.00000000E+00
  1.28059263E+05  6.89795363E+06  1.80334865E-09  3.27439204E+04  2.32831218E-01  0.00000000E+00
  1.28419993E+05  6.89906212E+06  1.80305892E-09  3.27966240E+04  2.33968828E-01  0.00000000E+00
  1.28780724E+05  6.90017060E+06  1.80276928E-09  3.28493276E+04  2.35109314E-01  0.00000000E+00
  1.29141454E+05  6.90127908E+06  1.80247973E-09  3.29020312E+04  2.36252769E-01  0.00000000E+00
  1.29502184E+05  6.90238756E+06  1.80219028E-09  3.29547347E+04  2.37399289E-01  0.00000000E+00
  1.29862914E+05  6.90349604E+06  1.80190092E-09  3.30074383E+04  2.38548971E-01  0.00000000E+00
  1.30223645E+05  6.90460452E+06  1.80161165E-09  3.30601419E+04  2.39701913E-01  0.00000000E+00
  1.30584375E+05  6.90571300E+06  1.80132248E-09  3.31128455E+04  2.40858214E-01  0.00000000E+00
  1.30945105E+05  6.90682148E+06  1.80103340E-09  3.31655490E+04  2.42017977E-01  0.00000000E+00
  1.31305836E+05  6.90792996E+06  1.80074441E-09  3.32182526E+04  2.43181301E-01  0.00000000E+00
  1.31666566E+05  6.90903844E+06  1.80045551E-09  3.32709562E+04  2.44348292E-01  0.00000000E+00
  1.32027296E+05  6.91014692E+06  1.80016671E-09  3.33236598E+04  2.45519053E-01  0.00000000E+00
  1.32388027E+05  6.91125540E+06  1.79987800E-09  3.33763633E+04  2.46693688E-01  0.00000000E+00
  1.32748757E+05  6.91236389E+06  1.79958938E-09  3.34290669E+04  2.47872303E-01  0.00000000E+00
  1.33109487E+05  6.91347237E+06  1.79930086E-09  3.34817705E+04  2.49055005E-01  0.00000000E+00
  1.33470218E+05  6.91458085E+06  1.79901243E-09  3.35344741E+04  2.50241900E-01  0.00000000E+00
  1.33830948E+05  6.91568933E+06  1.79872409E-09  3.35871776E+04  2.51433095E-01  0.00000000E+00
  1.34191678E+05  6.91679781E+06  1.79843584E-09  3.36398812E+04  2.52628698E-01  0.00000000E+00
  1.34552409E+05  6.91790629E+06  1.79814768E-09  3.36925848E+04  2.53828816E-01  0.00000000E+00
  1.34913139E+05  6.91901477E+06  1.79785962E-09  3.37452884E+04  2.55033558E-01  0.00000000E+00
  1.35273869E+05  6.92012325E+06  1.79757165E-09  3.37979919E+04  2.56243032E-01  0.00000000E+00
  1.35634600E+05  6.92123173E+06  1.79728377E-09  3.38506955E+04  2.57457344E-01  0.00000000E+00
  1.35995330E+05  6.92234021E+06  1.79699599E-09  3.39033991E+04  2.58676604E-01  0.00000000E+00
  1.36356060E+05  6.92344869E+06  1.79670829E-09  3.39561027E+04  2.59900918E-01  0.00000000E+00
  1.36716791E+05  6.92455717E+06  1.79642069E-09  3.40088062E+04  2.61130393E-01  0.00000000E+00
  1.37077521E+05  6.92566566E+06  1.79613318E-09  3.40615098E+04  2.62365136E-01  0.00000000E+00
  1.37438251E+05  6.92677414E+06  1.79584576E-09  3.41142134E+04  2.63605254E-01  0.00000000E+00
  1.37798981E+05  6.92788262E+06  1.79555844E-09  3.41669170E+04  2.64850852E-01  0.00000000E+00
  1.38159712E+05  6.92899110E+06  1.79527120E-09  3.42196205E+04  2.66102034E-01  0.00000000E+00
  1.38520442E+05  6.93009958E+06  1.79498406E-09  3.42723241E+04  2.67358905E-01  0.00000000E+00
  1.38881172E+05  6.93120806E+06  1.79469701E-09  3.43250277E+04  2.68621568E-01  0.00000000E+00
  1.39241903E+05  6.93231654E+06  1.79441006E-09  3.43777313E+04  2.69890125E-01  0.00000000E+00
  1.39602633E+05  6.93342502E+06  1.79412319E-09  3.44304348E+04  2.71164678E-01  0.00000000E+00
  1.39963363E+05  6.93453350E+06  1.79383642E-09  3.44831384E+04  2.72445326E-01  0.00000000E+00
  1.40324094E+05  6.93564198E+06  1.79354973E-09  3.45358420E+04  2.73732168E-01  0.00000000E+00
  1.40684824E+05  6.93675046E+06  1.79326314E-09  3.45885456E+04  2.75025302E-01  0.00000000E+00
  1.41045554E+05  6.93785894E+06  1.79297664E-09  3.46412491E+04  2.76324825E-01  0.00000000E+00
  1.41406285E+05  6.93896742E+06  1.79269023E-09  3.46939527E+04  2.77630831E-01  0.00000000E+00
  1.41767015E+05  6.94007591E+06  1.79240392E-09  3.47466563E+04  2.78943414E-01  0.00000000E+00
  1.42127745E+05  6.94118439E+06  1.79211769E-09  3.47993599E+04  2.80262666E-01  0.00000000E+00
  1.42488476E+05  6.94229287E+06  1.79183156E-09  3.48520634E+04  2.81588677E-01  0.00000000E+00
  1.42849206E+05  6.94340135E+06  1.79154552E-09  3.49047670E+04  2.82921537E-01  0.00000000E+00
  1.43209936E+05  6.94450983E+06  1.79125957E-09  3.49574706E+04  2.84261332E-01  0.00000000E+00
  1.43570667E+05  6.94561831E+06  1.79097371E-09  3.50101742E+04  2.85608149E-01  0.00000000E+00
  1.43931397E+05  6.94672679E+06  1.79068794E-09  3.50628777E+04  2.86962071E-01  0.00000000E+00
  1.44292127E+05  6.94783527E+06  1.79040226E-09  3.51155813E+04  2.88323180E-01  0.00000000E+00
  1.44652858E+05  6.94894375E+06  1.79011668E-09  3.51682849E+04  2.89691556E-01  0.00000000E+00
  1.45013588E+05  6.95005223E+06  1.78983118E-09  3.52209885E+04  2.91067279E-01  0.00000000E+00
  1.45374318E+05  6.95116071E+06  1.78954578E-09  3.52736920E+04  2.92450423E-01  0.00000000E+00
  1.45735048E+05  6.95226919E+06  1.78926047E-09  3.53263956E+04  2.93841065E-01  0.00000000E+00
  1.46095779E+05  6.95337768E+06  1.78897525E-09  3.53790992E+04  2.95239276E-01  0.00000000E+00
  1.46456509E+05  6.95448616E+06  1.78869012E-09  3.54318028E+04  2.96645128E-01  0.00000000E+00
  1.46817239E+05  6.95559464E+06  1.78840508E-09  3.54845063E+04  2.98058689E-01  0.00000000E+00
  1.47177970E+05  6.95670312E+06  1.78812013E-09  3.55372099E+04  2.99480027E-01  0.00000000E+00
  1.47538700E+05  6.95781160E+06  1.78783527E-09  3.55899135E+04  3.00909206E-01  0.00000000E+00
  1.47899430E+05  6.95892008E+06  1.78755051E-09  3.56426171E+04  3.02346289E-01  0.00000000E+00
  1.48260161E+05  6.96002856E+06  1.78726583E-09  3.56953206E+04  3.03791338E-01  0.00000000E+00
  1.48620891E+05  6.96113704E+06  1.78698124E-09  3.57480242E+04  3.05244411E-01  0.00000000E+00
  1.48981621E+05  6.96224552E+06  1.78669675E-09  3.58007278E+04  3.06705565E-01  0.00000000E+00
  1.49342352E+05  6.96335400E+06  1.78641235E-09  3.58534314E+04  3.08174857E-01  0.00000000E+00
  1.49703082E+05  6.96446248E+06  1.78612803E-09  3.59061349E+04  3.09652338E-01  0.00000000E+00
  1.50063812E+05  6.96557096E+06  1.78584381E-09  3.59588385E+04  3.11138061E-01  0.00000000E+00
  1.50424543E+05  6.96667945E+06  1.78555968E-09  3.60115421E+04  3.12632074E-01  0.00000000E+00
  1.50785273E+05  6.96778793E+06  1.78527563E-09  3.60642457E+04  3.14134426E-01  0.00000000E+00
  1.51146003E+05  6.96889641E+06  1.78499168E-09  3.61169492E+04  3.15645162E-01  0.00000000E+00
  1.51506734E+05  6.97000489E+06  1.78470782E-09  3.61696528E+04  3.17164325E-01  0.00000000E+00
  1.51867464E+05  6.97111337E+06  1.78442405E-09  3.62223564E+04  3.18691957E-01  0.00000000E+00
  1.52228194E+05  6.97222185E+06  1.78414037E-09  3.62750600E+04  3.20228100E-01  0.00000000E+00
  1.52588925E+05  6.97333033E+06  1.78385678E-09  3.63277635E+04  3.21772791E-01  0.00000000E+00
  1.52949655E+05  6.97443881E+06  1.78357328E-09  3.63804671E+04  3.23326067E-01  0.00000000E+00
  1.53310385E+05  6.97554729E+06  1.78328987E-09  3.64331707E+04  3.24887962E-01  0.00000000E+00
  1.53671115E+05  6.97665577E+06  1.78300655E-09  3.64858743E+04  3.26458511E-01  0.00000000E+00
  1.54031846E+05  6.97776425E+06  1.78272332E-09  3.65385778E+04  3.28037745E-01  0.00000000E+00
  1.54392576E+05  6.97887273E+06  1.78244018E-09  3.65912814E+04  3.29625694E-01  0.00000000E+00
  1.54753306E+05  6.97998122E+06  1.78215713E-09  3.66439850E+04  3.31222387E-01  0.00000000E+00
  1.55114037E+05  6.98108970E+06  1.78187417E-09  3.66966886E+04  3.32827850E-01  0.00000000E+00
  1.55474767E+05  6.98219818E+06  1.78159130E-09  3.67493921E+04  3.34442110E-01  0.00000000E+00
  1.55835497E+05  6.98330666E+06  1.78130852E-09  3.68020957E+04  3.36065190E-01  0.00000000E+00
  1.56196228E+05  6.98441514E+06  1.78102583E-09  3.68547993E+04  3.37697114E-01  0.00000000E+00
  1.56556958E+05  6.98552362E+06  1.78074323E-09  3.69075029E+04  3.39337902E-01  0.00000000E+00
  1.56917688E+05  6.98663210E+06  1.78046071E-09  3.69602064E+04  3.40987574E-01  0.00000000E+00
  1.57278419E+05  6.98774058E+06  1.78017829E-09  3.70129100E+04  3.42646151E-01  0.00000000E+00
  1.57639149E+05  6.98884906E+06  1.77989596E-09  3.70656136E+04  3.44313648E-01  0.00000000E+00
  1.57999879E+05  6.98995754E+06  1.77961372E-09  3.71183172E+04  3.45990083E-01  0.00000000E+00
  1.58360610E+05  6.99106602E+06  1.77933157E-09  3.71710207E+04  3.47675471E-01  0.00000000E+00
  1.58721340E+05  6.99217450E+06  1.77904950E-09  3.72237243E+04  3.49369826E-01  0.00000000E+00
  1.59082070E+05  6.99328299E+06  1.77876753E-09  3.72764279E+04  3.51073162E-01  0.00000000E+00
  1.59442801E+05  6.99439147E+06  1.77848564E-09  3.73291315E+04  3.52785490E-01  0.00000000E+00
  1.59803531E+05  6.99549995E+06  1.77820385E-09  3.73818350E+04  3.54506822E-01  0.00000000E+00
  1.60164261E+05  6.99660843E+06  1.77792214E-09  3.74345386E+04  3.56237168E-01  0.00000000E+00
  1.60524991E+05  6.99771691E+06  1.77764053E-09  3.74872422E+04  3.57976537E-01  0.00000000E+00
  1.60885722E+05  6.99882539E+06  1.77735900E-09  3.75399458E+04  3.59724939E-01  0.00000000E+00
  1.61246452E+05  6.99993387E+06  1.77707756E-09  3.75926493E+04  3.61482380E-01  0.00000000E+00
  1.61607182E+05  7.00104235E+06  1.77679621E-09  3.76453529E+04  3.63248869E-01  0.00000000E+00
  1.61967913E+05  7.00215083E+06  1.77651495E-09  3.76980565E+04  3.65024411E-01  0.00000000E+00
  1.62328643E+05  7.00325931E+06  1.77623378E-09  3.77507601E+04  3.66809011E-01  0.00000000E+00
  1.62689373E+05  7.00436779E+06  1.77595270E-09  3.78034636E+04  3.68602676E-01  0.00000000E+00
  1.63050104E+05  7.00547627E+06  1.77567171E-09  3.78561672E+04  3.70405409E-01  0.00000000E+00
  1.63410834E+05  7.00658476E+06  1.77539081E-09  3.79088708E+04  3.72217215E-01  0.00000000E+00
  1.63771564E+05  7.00769324E+06  1.77510999E-09  3.79615744E+04  3.74038096E-01  0.00000000E+00
  1.64132295E+05  7.00880172E+06  1.77482927E-09  3.80142779E+04  3.75868056E-01  0.00000000E+00
  1.64493025E+05  7.00991020E+06  1.77454863E-09  3.80669815E+04  3.77707097E-01  0.00000000E+00
  1.64853755E+05  7.01101868E+06  1.77426808E-09  3.81196851E+04  3.79555220E-01  0.00000000E+00
  1.65214486E+05  7.01212716E+06  1.77398762E-09  3.81723887E+04  3.81412429E-01  0.00000000E+00
  1.65575216E+05  7.01323564E+06  1.77370725E-09  3.82250922E+04  3.83278723E-01  0.00000000E+00
  1.65935946E+05  7.01434412E+06  1.77342697E-09  3.82777958E+04  3.85154104E-01  0.00000000E+00
  1.66296677E+05  7.01545260E+06  1.77314677E-09  3.83304994E+04  3.87038572E-01  0.00000000E+00
  1.66657407E+05  7.01656108E+06  1.77286667E-09  3.83832030E+04  3.88932128E-01  0.00000000E+00
  1.67018137E+05  7.01766956E+06  1.77258665E-09  3.84359065E+04  3.90834772E-01  0.00000000E+00
  1.67378868E+05  7.01877804E+06  1.77230672E-09  3.84886101E+04  3.92746503E-01  0.00000000E+00
  1.67739598E+05  7.01988652E+06  1.77202688E-09  3.85413137E+04  3.94667322E-01  0.00000000E+00
  1.68100328E+05  7.02099501E+06  1.77174713E-09  3.85940173E+04  3.96597227E-01  0.00000000E+00
  1.68461058E+05  7.02210349E+06  1.77146747E-09  3.86467208E+04  3.98536219E-01  0.00000000E+00
  1.68821789E+05  7.02321197E+06  1.77118790E-09  3.86994244E+04  4.00484296E-01  0.00000000E+00
  1.69182519E+05  7.02432045E+06  1.77090841E-09  3.87521280E+04  4.02441458E-01  0.00000000E+00
  1.69543249E+05  7.02542893E+06  1.77062901E-09  3.88048316E+04  4.04407704E-01  0.00000000E+00
  1.69903980E+05  7.02653741E+06  1.77034970E-09  3.88575351E+04  4.06383033E-01  0.00000000E+00
  1.70264710E+05  7.02764589E+06  1.77007048E-09  3.89102387E+04  4.08367443E-01  0.00000000E+00
  1.70625440E+05  7.02875437E+06  1.76979135E-09  3.89629423E+04  4.10360934E-01  0.00000000E+00
  1.70986171E+05  7.02986285E+06  1.76951230E-09  3.90156459E+04  4.12363505E-01  0.00000000E+00
  1.71346901E+05  7.03097133E+06  1.76923335E-09  3.90683494E+04  4.14375154E-01  0.00000000E+00
  1.71707631E+05  7.03207981E+06  1.76895448E-09  3.91210530E+04  4.16395881E-01  0.00000000E+00
  1.72068362E+05  7.03318829E+06  1.76867569E-09  3.91737566E+04  4.18425685E-01  0.00000000E+00
  1.72429092E+05  7.03429678E+06  1.76839700E-09  3.92264602E+04  4.20464565E-01  0.00000000E+00
  1.72789822E+05  7.03540526E+06  1.76811839E-09  3.92791637E+04  4.22512519E-01  0.00000000E+00
  1.73150553E+05  7.03651374E+06  1.76783988E-09  3.93318673E+04  4.24569548E-01  0.00000000E+00
  1.73511283E+05  7.03762222E+06  1.76756145E-09  3.93845709E+04  4.26635651E-01  0.00000000E+00
  1.73872013E+05  7.03873070E+06  1.76728310E-09  3.94372744E+04  4.28710826E-01  0.00000000E+00
  1.74232744E+05  7.03983918E+06  1.76700485E-09  3.94899780E+04  4.30795074E-01  0.00000000E+00
  1.74593474E+05  7.04094766E+06  1.76672668E-09  3.95426816E+04  4.32888395E-01  0.00000000E+00
  1.74954204E+05  7.04205614E+06  1.76644860E-09  3.95953852E+04  4.34990787E-01  0.00000000E+00
  1.75314935E+05  7.04316462E+06  1.76617061E-09  3.96480887E+04  4.37102252E-01  0.00000000E+00
  1.75675665E+05  7.04427310E+06  1.76589271E-09  3.97007923E+04  4.39222789E-01  0.00000000E+00
  1.76036395E+05  7.04538158E+06  1.76561489E-09  3.97534959E+04  4.41352399E-01  0.00000000E+00
  1.76397125E+05  7.04649006E+06  1.76533716E-09  3.98061995E+04  4.43491082E-01  0.00000000E+00
  1.76757856E+05  7.04759855E+06  1.76505952E-09  3.98589030E+04  4.45638838E-01  0.00000000E+00
  1.77118586E+05  7.04870703E+06  1.76478196E-09  3.99116066E+04  4.47795669E-01  0.00000000E+00
  1.77479316E+05  7.04981551E+06  1.76450450E-09  3.99643102E+04  4.49961575E-01  0.00000000E+00
  1.77840047E+05  7.05092399E+06  1.76422712E-09  4.00170138E+04  4.52136558E-01  0.00000000E+00
  1.78200777E+05  7.05203247E+06  1.76394982E-09  4.00697173E+04  4.54320619E-01  0.00000000E+00
  1.78561507E+05  7.05314095E+06  1.76367262E-09  4.01224209E+04  4.56513760E-01  0.00000000E+00
  1.78922238E+05  7.05424943E+06  1.76339550E-09  4.01751245E+04  4.58715982E-01  0.00000000E+00
  1.79282968E+05  7.05535791E+06  1.76311847E-09  4.02278281E+04  4.60927287E-01  0.00000000E+00
  1.79643698E+05  7.05646639E+06  1.76284153E-09  4.02805316E+04  4.63147678E-01  0.00000000E+00
  1.80004429E+05  7.05757487E+06  1.76256467E-09  4.03332352E+04  4.65377157E-01  0.00000000E+00
  1.80365159E+05  7.05868335E+06  1.76228790E-09  4.03859388E+04  4.67615727E-01  0.00000000E+00
  1.80725889E+05  7.05979183E+06  1.76201121E-09  4.04386424E+04  4.69863390E-01  0.00000000E+00
  1.81086620E+05  7.06090032E+06  1.76173462E-09  4.04913459E+04  4.72120149E-01  0.00000000E+00
  1.81447350E+05  7.06200880E+06  1.76145811E-09  4.05440495E+04  4.74386008E-01  0.00000000E+00
  1.81808080E+05  7.06311728E+06  1.76118169E-09  4.05967531E+04  4.76660971E-01  0.00000000E+00
  1.82168811E+05  7.06422576E+06  1.76090535E-09  4.06494567E+04  4.78945040E-01  0.00000000E+00
  1.82529541E+05  7.06533424E+06  1.76062910E-09  4.07021602E+04  4.81238220E-01  0.00000000E+00
  1.82890271E+05  7.06644272E+06  1.76035294E-09  4.07548638E+04  4.83540515E-01  0.00000000E+00
  1.83251002E+05  7.06755120E+06  1.76007686E-09  4.08075674E+04  4.85851930E-01  0.00000000E+00
  1.83611732E+05  7.06865968E+06  1.75980087E-09  4.08602710E+04  4.88172468E-01  0.00000000E+00
  1.83972462E+05  7.06976816E+06  1.75952497E-09  4.09129745E+04  4.90502136E-01  0.00000000E+00
  1.84333192E+05  7.07087664E+06  1.75924916E-09  4.09656781E+04  4.92840937E-01  0.00000000E+00
  1.84693923E+05  7.07198512E+06  1.75897343E-09  4.10183817E+04  4.95188877E-01  0.00000000E+00
  1.85054653E+05  7.07309360E+06  1.75869778E-09  4.10710853E+04  4.97545962E-01  0.00000000E+00
  1.85415383E+05  7.07420209E+06  1.75842223E-09  4.11237888E+04  4.99912196E-01  0.00000000E+00
  1.85776114E+05  7.07531057E+06  1.75814676E-09  4.11764924E+04  5.02287587E-01  0.00000000E+00
  1.86136844E+05  7.07641905E+06  1.75787137E-09  4.12291960E+04  5.04672141E-01  0.00000000E+00
  1.86497574E+05  7.07752753E+06  1.75759607E-09  4.12818996E+04  5.07065862E-01  0.00000000E+00
  1.86858305E+05  7.07863601E+06  1.75732086E-09  4.13346031E+04  5.09468759E-01  0.00000000E+00
  1.87219035E+05  7.07974449E+06  1.75704574E-09  4.13873067E+04  5.11880838E-01  0.00000000E+00
  1.87579765E+05  7.08085297E+06  1.75677070E-09  4.14400103E+04  5.14302106E-01  0.00000000E+00
  1.87940496E+05  7.08196145E+06  1.75649575E-09  4.14927139E+04  5.16732570E-01  0.00000000E+00
  1.88301226E+05  7.08306993E+06  1.75622088E-09  4.15454174E+04  5.19172237E-01  0.00000000E+00
  1.88661956E+05  7.08417841E+06  1.75594610E-09  4.15981210E+04  5.21621115E-01  0.00000000E+00
  1.89022687E+05  7.08528689E+06  1.75567140E-09  4.16508246E+04  5.24079212E-01  0.00000000E+00
  1.89383417E+05  7.08639537E+06  1.75539680E-09  4.17035282E+04  5.26546535E-01  0.00000000E+00
  1.89744147E+05  7.08750385E+06  1.75512227E-09  4.17562317E+04  5.29023094E-01  0.00000000E+00
  1.90104878E+05  7.08861234E+06  1.75484784E-09  4.18089353E+04  5.31508896E-01  0.00000000E+00
  1.90465608E+05  7.08972082E+06  1.75457349E-09  4.18616389E+04  5.34003950E-01  0.00000000E+00
  1.90826338E+05  7.09082930E+06  1.75429922E-09  4.19143425E+04  5.36508265E-01  0.00000000E+00
  1.91187069E+05  7.09193778E+06  1.75402504E-09  4.19670460E+04  5.39021850E-01  0.00000000E+00
  1.91547799E+05  7.09304626E+06  1.75375095E-09  4.20197496E+04  5.41544713E-01  0.00000000E+00
  1.91908529E+05  7.09415474E+06  1.75347694E-09  4.20724532E+04  5.44076865E-01  0.00000000E+00
  1.92269259E+05  7.09526322E+06  1.75320302E-09  4.21251568E+04  5.46618314E-01  0.00000000E+00
  1.92629990E+05  7.09637170E+06  1.75292918E-09  4.21778603E+04  5.49169071E-01  0.00000000E+00
  1.92990720E+05  7.09748018E+06  1.75265543E-09  4.22305639E+04  5.51729145E-01  0.00000000E+00
  1.93351450E+05  7.09858866E+06  1.75238176E-09  4.22832675E+04  5.54298546E-01  0.00000000E+00
  1.93712181E+05  7.09969714E+06  1.75210818E-09  4.23359711E+04  5.56877285E-01  0.00000000E+00
  1.94072911E+05  7.10080562E+06  1.75183469E-09  4.23886746E+04  5.59465373E-01  0.00000000E+00
  1.94433641E+05  7.10191411E+06  1.75156128E-09  4.24413782E+04  5.62062818E-01  0.00000000E+00
  1.94794372E+05  7.10302259E+06  1.75128796E-09  4.24940818E+04  5.64669634E-01  0.00000000E+00
  1.95155102E+05  7.10413107E+06  1.75101472E-09  4.25467854E+04  5.67285829E-01  0.00000000E+00
  1.95515832E+05  7.10523955E+06  1.75074157E-09  4.25994889E+04  5.69911416E-01  0.00000000E+00
  1.95876563E+05  7.10634803E+06  1.75046850E-09  4.26521925E+04  5.72546406E-01  0.00000000E+00
  1.96237293E+05  7.10745651E+06  1.75019551E-09  4.27048961E+04  5.75190809E-01  0.00000000E+00
  1.96598023E+05  7.10856499E+06  1.74992262E-09  4.27575997E+04  5.77844638E-01  0.00000000E+00
  1.96958754E+05  7.10967347E+06  1.74964981E-09  4.28103032E+04  5.80507904E-01  0.00000000E+00
  1.97319484E+05  7.11078195E+06  1.74937708E-09  4.28630068E+04  5.83180620E-01  0.00000000E+00
  1.97680214E+05  7.11189043E+06  1.74910444E-09  4.29157104E+04  5.85862796E-01  0.00000000E+00
  1.98040945E+05  7.11299891E+06  1.74883188E-09  4.29684140E+04  5.88554446E-01  0.00000000E+00
  1.98401675E+05  7.11410739E+06  1.74855941E-09  4.30211175E+04  5.91255581E-01  0.00000000E+00
  1.98762405E+05  7.11521588E+06  1.74828702E-09  4.30738211E+04  5.93966215E-01  0.00000000E+00
  1.99123136E+05  7.11632436E+06  1.74801472E-09  4.31265247E+04  5.96686359E-01  0.00000000E+00
  1.99483866E+05  7.11743284E+06  1.74774250E-09  4.31792283E+04  5.99416026E-01  0.00000000E+00
  1.99844596E+05  7.11854132E+06  1.74747037E-09  4.32319318E+04  6.02155229E-01  0.00000000E+00
  2.00205326E+05  7.11964980E+06  1.74719832E-09  4.32846354E+04  6.04903982E-01  0.00000000E+00
  2.00566057E+05  7.12075828E+06  1.74692636E-09  4.33373390E+04  6.07662297E-01  0.00000000E+00
  2.00926787E+05  7.12186676E+06  1.74665448E-09  4.33900426E+04  6.10430187E-01  0.00000000E+00
  2.01287517E+05  7.12297524E+06  1.74638268E-09  4.34427461E+04  6.13207666E-01  0.00000000E+00
  2.01648248E+05  7.12408372E+06  1.74611097E-09  4.34954497E+04  6.15994747E-01  0.00000000E+00
  2.02008978E+05  7.12519220E+06  1.74583935E-09  4.35481533E+04  6.18791445E-01  0.00000000E+00
  2.02369708E+05  7.12630068E+06  1.74556781E-09  4.36008569E+04  6.21597772E-01  0.00000000E+00
  2.02730439E+05  7.12740916E+06  1.74529635E-09  4.36535604E+04  6.24413743E-01  0.00000000E+00
  2.03091169E+05  7.12851765E+06  1.74502498E-09  4.37062640E+04  6.27239371E-01  0.00000000E+00
  2.03451899E+05  7.12962613E+06  1.74475370E-09  4.37589676E+04  6.30074671E-01  0.00000000E+00
  2.03812630E+05  7.13073461E+06  1.74448249E-09  4.38116712E+04  6.32919657E-01  0.00000000E+00
  2.04173360E+05  7.13184309E+06  1.74421137E-09  4.38643747E+04  6.35774344E-01  0.00000000E+00
  2.04534090E+05  7.13295157E+06  1.74394034E-09  4.39170783E+04  6.38638744E-01  0.00000000E+00
  2.04894821E+05  7.13406005E+06  1.74366939E-09  4.39697819E+04  6.41512874E-01  0.00000000E+00
  2.05255551E+05  7.13516853E+06  1.74339853E-09  4.40224855E+04  6.44396748E-01  0.00000000E+00
  2.05616281E+05  7.13627701E+06  1.74312775E-09  4.40751890E+04  6.47290381E-01  0.00000000E+00
  2.05977012E+05  7.13738549E+06  1.74285705E-09  4.41278926E+04  6.50193787E-01  0.00000000E+00
  2.06337742E+05  7.13849397E+06  1.74258644E-09  4.41805962E+04  6.53106981E-01  0.00000000E+00
  2.06698472E+05  7.13960245E+06  1.74231591E-09  4.42332998E+04  6.56029979E-01  0.00000000E+00
  2.07059203E+05  7.14071093E+06  1.74204546E-09  4.42860033E+04  6.58962795E-01  0.00000000E+00
  2.07419933E+05  7.14181942E+06  1.74177510E-09  4.43387069E+04  6.61905445E-01  0.00000000E+00
  2.07780663E+05  7.14292790E+06  1.74150483E-09  4.43914105E+04  6.64857944E-01  0.00000000E+00
  2.08141393E+05  7.14403638E+06  1.74123463E-09  4.44441141E+04  6.67820309E-01  0.00000000E+00
  2.08502124E+05  7.14514486E+06  1.74096452E-09  4.44968176E+04  6.70792553E-01  0.00000000E+00
  2.08862854E+05  7.14625334E+06  1.74069450E-09  4.45495212E+04  6.73774693E-01  0.00000000E+00
  2.09223584E+05  7.14736182E+06  1.74042456E-09  4.46022248E+04  6.76766744E-01  0.00000000E+00
  2.09584315E+05  7.14847030E+06  1.74015470E-09  4.46549284E+04  6.79768723E-01  0.00000000E+00
  2.09945045E+05  7.14957878E+06  1.73988493E-09  4.47076319E+04  6.82780645E-01  0.00000000E+00
  2.10305775E+05  7.15068726E+06  1.73961524E-09  4.47603355E+04  6.85802526E-01  0.00000000E+00
  2.10666506E+05  7.15179574E+06  1.73934563E-09  4.48130391E+04  6.88834383E-01  0.00000000E+00
  2.11027236E+05  7.15290422E+06  1.73907611E-09  4.48657427E+04  6.91876230E-01  0.00000000E+00
  2.11387966E+05  7.15401270E+06  1.73880667E-09  4.49184462E+04  6.94928082E-01  0.00000000E+00
  2.11748697E+05  7.15512118E+06  1.73853731E-09  4.49711498E+04  6.97989961E-01  0.00000000E+00
  2.12109427E+05  7.15622967E+06  1.73826804E-09  4.50238534E+04  7.01061881E-01  0.00000000E+00
  2.12470157E+05  7.15733815E+06  1.73799885E-09  4.50765570E+04  7.04143857E-01  0.00000000E+00
  2.12830888E+05  7.15844663E+06  1.73772974E-09  4.51292605E+04  7.07235906E-01  0.00000000E+00
  2.13191618E+05  7.15955511E+06  1.73746072E-09  4.51819641E+04  7.10338045E-01  0.00000000E+00
  2.13552348E+05  7.16066359E+06  1.73719178E-09  4.52346677E+04  7.13450290E-01  0.00000000E+00
  2.13913079E+05  7.16177207E+06  1.73692293E-09  4.52873713E+04  7.16572659E-01  0.00000000E+00
  2.14273809E+05  7.16288055E+06  1.73665416E-09  4.53400748E+04  7.19705168E-01  0.00000000E+00
  2.14634539E+05  7.16398903E+06  1.73638547E-09  4.53927784E+04  7.22847833E-01  0.00000000E+00
  2.14995270E+05  7.16509751E+06  1.73611686E-09  4.54454820E+04  7.26000673E-01  0.00000000E+00
  2.15356000E+05  7.16620599E+06  1.73584834E-09  4.54981856E+04  7.29163703E-01  0.00000000E+00
  2.15716730E+05  7.16731447E+06  1.73557990E-09  4.55508891E+04  7.32336941E-01  0.00000000E+00
  2.16077460E+05  7.16842295E+06  1.73531154E-09  4.56035927E+04  7.35520404E-01  0.00000000E+00
  2.16438191E+05  7.16953144E+06  1.73504327E-09  4.56562963E+04  7.38714110E-01  0.00000000E+00
  2.16798921E+05  7.17063992E+06  1.73477508E-09  4.57089999E+04  7.41918075E-01  0.00000000E+00
  2.17159651E+05  7.17174840E+06  1.73450697E-09  4.57617034E+04  7.45132317E-01  0.00000000E+00
  2.17520382E+05  7.17285688E+06  1.73423895E-09  4.58144070E+04  7.48356853E-01  0.00000000E+00
  2.17881112E+05  7.17396536E+06  1.73397100E-09  4.58671106E+04  7.51591702E-01  0.00000000E+00
  2.18241842E+05  7.17507384E+06  1.73370315E-09  4.59198142E+04  7.54836879E-01  0.00000000E+00
  2.18602573E+05  7.17618232E+06  1.73343537E-09  4.59725177E+04  7.58092403E-01  0.00000000E+00
  2.18963303E+05  7.17729080E+06  1.73316768E-09  4.60252213E+04  7.61358292E-01  0.00000000E+00
  2.19324033E+05  7.17839928E+06  1.73290006E-09  4.60779249E+04  7.64634563E-01  0.00000000E+00
  2.19684764E+05  7.17950776E+06  1.73263254E-09  4.61306285E+04  7.67921234E-01  0.00000000E+00
  2.20045494E+05  7.18061624E+06  1.73236509E-09  4.61833320E+04  7.71218323E-01  0.00000000E+00
  2.20406224E+05  7.18172472E+06  1.73209773E-09  4.62360356E+04  7.74525847E-01  0.00000000E+00
  2.20766955E+05  7.18283321E+06  1.73183045E-09  4.62887392E+04  7.77843825E-01  0.00000000E+00
  2.21127685E+05  7.18394169E+06  1.73156325E-09  4.63414428E+04  7.81172274E-01  0.00000000E+00
  2.21488415E+05  7.18505017E+06  1.73129614E-09  4.63941463E+04  7.84511213E-01  0.00000000E+00
  2.21849146E+05  7.18615865E+06  1.73102910E-09  4.64468499E+04  7.87860660E-01  0.00000000E+00
  2.22209876E+05  7.18726713E+06  1.73076215E-09  4.64995535E+04  7.91220632E-01  0.00000000E+00
  2.22570606E+05  7.18837561E+06  1.73049528E-09  4.65522571E+04  7.94591148E-01  0.00000000E+00
  2.22931337E+05  7.18948409E+06  1.73022850E-09  4.66049606E+04  7.97972226E-01  0.00000000E+00
  2.23292067E+05  7.19059257E+06  1.72996180E-09  4.66576642E+04  8.01363884E-01  0.00000000E+00
  2.23652797E+05  7.19170105E+06  1.72969517E-09  4.67103678E+04  8.04766141E-01  0.00000000E+00
  2.24013527E+05  7.19280953E+06  1.72942864E-09  4.67630713E+04  8.08179016E-01  0.00000000E+00
  2.24374258E+05  7.19391801E+06  1.72916218E-09  4.68157749E+04  8.11602525E-01  0.00000000E+00
  2.24734988E+05  7.19502649E+06  1.72889580E-09  4.68684761E+04  8.15036537E-01  0.00000000E+00
  2.25095718E+05  7.19613498E+06  1.72862951E-09  4.69211266E+04  8.18478025E-01  0.00000000E+00
  2.25456449E+05  7.19724346E+06  1.72836330E-09  4.69737076E+04  8.21925785E-01  0.00000000E+00
  2.25817179E+05  7.19835194E+06  1.72809717E-09  4.70262190E+04  8.25379794E-01  0.00000000E+00
  2.26177909E+05  7.19946042E+06  1.72783113E-09  4.70786609E+04  8.28840031E-01  0.00000000E+00
  2.26538640E+05  7.20056890E+06  1.72756516E-09  4.71310333E+04  8.32306475E-01  0.00000000E+00
  2.26899370E+05  7.20167738E+06  1.72729928E-09  4.71833362E+04  8.35779103E-01  0.00000000E+00
  2.27260100E+05  7.20278586E+06  1.72703348E-09  4.72355695E+04  8.39257894E-01  0.00000000E+00
  2.27620831E+05  7.20389434E+06  1.72676776E-09  4.72877333E+04  8.42742824E-01  0.00000000E+00
  2.27981561E+05  7.20500282E+06  1.72650212E-09  4.73398276E+04  8.46233874E-01  0.00000000E+00
  2.28342291E+05  7.20611130E+06  1.72623657E-09  4.73918523E+04  8.49731019E-01  0.00000000E+00
  2.28703022E+05  7.20721978E+06  1.72597109E-09  4.74438075E+04  8.53234239E-01  0.00000000E+00
  2.29063752E+05  7.20832826E+06  1.72570570E-09  4.74956932E+04  8.56743511E-01  0.00000000E+00
  2.29424482E+05  7.20943675E+06  1.72544039E-09  4.75475094E+04  8.60258813E-01  0.00000000E+00
  2.29785213E+05  7.21054523E+06  1.72517516E-09  4.75992560E+04  8.63780122E-01  0.00000000E+00
  2.30145943E+05  7.21165371E+06  1.72491002E-09  4.76509331E+04  8.67307417E-01  0.00000000E+00
  2.30506673E+05  7.21276219E+06  1.72464495E-09  4.77025407E+04  8.70840674E-01  0.00000000E+00
  2.30867404E+05  7.21387067E+06  1.72437997E-09  4.77540787E+04  8.74379873E-01  0.00000000E+00
  2.31228134E+05  7.21497915E+06  1.72411507E-09  4.78055472E+04  8.77924989E-01  0.00000000E+00
  2.31588864E+05  7.21608763E+06  1.72385024E-09  4.78569462E+04  8.81476001E-01  0.00000000E+00
  2.31949594E+05  7.21719611E+06  1.72358550E-09  4.79082757E+04  8.85032886E-01  0.00000000E+00
  2.32310325E+05  7.21830459E+06  1.72332085E-09  4.79595356E+04  8.88595622E-01  0.00000000E+00
  2.32671055E+05  7.21941307E+06  1.72305627E-09  4.80107260E+04  8.92164186E-01  0.00000000E+00
  2.33031785E+05  7.22052155E+06  1.72279177E-09  4.80618469E+04  8.95738554E-01  0.00000000E+00
  2.33392516E+05  7.22163003E+06  1.72252736E-09  4.81128982E+04  8.99318705E-01  0.00000000E+00
  2.33753246E+05  7.22273851E+06  1.72226303E-09  4.81638800E+04  9.02904616E-01  0.00000000E+00
  2.34113976E+05  7.22384700E+06  1.72199877E-09  4.82147923E+04  9.06496264E-01  0.00000000E+00
  2.34474707E+05  7.22495548E+06  1.72173460E-09  4.82656351E+04  9.10093625E-01  0.00000000E+00
  2.34835437E+05  7.22606396E+06  1.72147051E-09  4.83164083E+04  9.13696677E-01  0.00000000E+00
  2.35196167E+05  7.22717244E+06  1.72120650E-09  4.83671120E+04  9.17305397E-01  0.00000000E+00
  2.35556898E+05  7.22828092E+06  1.72094258E-09  4.84177462E+04  9.20919762E-01  0.00000000E+00
  2.35917628E+05  7.22938940E+06  1.72067873E-09  4.84683108E+04  9.24539749E-01  0.00000000E+00
  2.36278358E+05  7.23049788E+06  1.72041496E-09  4.85188059E+04  9.28165335E-01  0.00000000E+00
  2.36639089E+05  7.23160636E+06  1.72015128E-09  4.85692315E+04  9.31796495E-01  0.00000000E+00
  2.36999819E+05  7.23271484E+06  1.71988768E-09  4.86195876E+04  9.35433208E-01  0.00000000E+00
  2.37360549E+05  7.23382332E+06  1.71962415E-09  4.86698741E+04  9.39075449E-01  0.00000000E+00
  2.37721280E+05  7.23493180E+06  1.71936071E-09  4.87200911E+04  9.42723196E-01  0.00000000E+00
  2.38082010E+05  7.23604028E+06  1.71909735E-09  4.87702386E+04  9.46376425E-01  0.00000000E+00
  2.38442740E+05  7.23714877E+06  1.71883407E-09  4.88203165E+04  9.50035112E-01  0.00000000E+00
  2.38803470E+05  7.23825725E+06  1.71857087E-09  4.88703249E+04  9.53699234E-01  0.00000000E+00
  2.39164201E+05  7.23936573E+06  1.71830775E-09  4.89202638E+04  9.57368768E-01  0.00000000E+00
  2.39524931E+05  7.24047421E+06  1.71804471E-09  4.89701331E+04  9.61043689E-01  0.00000000E+00
  2.39885661E+05  7.24158269E+06  1.71778175E-09  4.90199330E+04  9.64723974E-01  0.00000000E+00
  2.40246392E+05  7.24269117E+06  1.71751887E-09  4.90696633E+04  9.68409599E-01  0.00000000E+00
  2.40607122E+05  7.24379965E+06  1.71725607E-09  4.91193240E+04  9.72100540E-01  0.00000000E+00
  2.40967852E+05  7.24490813E+06  1.71699336E-09  4.91689153E+04  9.75796774E-01  0.00000000E+00
  2.41328583E+05  7.24601661E+06  1.71673072E-09  4.92184370E+04  9.79498277E-01  0.00000000E+00
  2.41689313E+05  7.24712509E+06  1.71646817E-09  4.92678892E+04  9.83205024E-01  0.00000000E+00
  2.42050043E+05  7.24823357E+06  1.71620569E-09  4.93172718E+04  9.86916991E-01  0.00000000E+00
  2.42410774E+05  7.24934205E+06  1.71594329E-09  4.93665850E+04  9.90634156E-01  0.00000000E+00
  2.42771504E+05  7.25045054E+06  1.71568098E-09  4.94158285E+04  9.94356492E-01  0.00000000E+00
  2.43132234E+05  7.25155902E+06  1.71541874E-09  4.94650026E+04  9.98083976E-01  0.00000000E+00
  2.43492965E+05  7.25266750E+06  1.71515659E-09  4.95141072E+04  1.00181658E+00  0.00000000E+00
  2.43853695E+05  7.25377598E+06  1.71489451E-09  4.95631422E+04  1.00555429E+00  0.00000000E+00
  2.44214425E+05  7.25488446E+06  1.71463252E-09  4.96121076E+04  1.00929708E+00  0.00000000E+00
  2.44575156E+05  7.25599294E+06  1.71437061E-09  4.96610036E+04  1.01304491E+00  0.00000000E+00
  2.44935886E+05  7.25710142E+06  1.71410877E-09  4.97098300E+04  1.01679777E+00  0.00000000E+00
  2.45296616E+05  7.25820990E+06  1.71384702E-09  4.97585869E+04  1.02055563E+00  0.00000000E+00
  2.45657347E+05  7.25931838E+06  1.71358534E-09  4.98072743E+04  1.02431847E+00  0.00000000E+00
  2.46018077E+05  7.26042686E+06  1.71332375E-09  4.98558921E+04  1.02808626E+00  0.00000000E+00
  2.46378807E+05  7.26153534E+06  1.71306223E-09  4.99044404E+04  1.03185898E+00  0.00000000E+00
  2.46739537E+05  7.26264382E+06  1.71280080E-09  4.99529192E+04  1.03563660E+00  0.00000000E+00
  2.47100268E+05  7.26375231E+06  1.71253945E-09  5.00013285E+04  1.03941910E+00  0.00000000E+00
  2.47460998E+05  7.26486079E+06  1.71227817E-09  5.00496682E+04  1.04320646E+00  0.00000000E+00
  2.47821728E+05  7.26596927E+06  1.71201698E-09  5.00979384E+04  1.04699864E+00  0.00000000E+00
  2.48182459E+05  7.26707775E+06  1.71175586E-09  5.01461390E+04  1.05079563E+00  0.00000000E+00
  2.48543189E+05  7.26818623E+06  1.71149482E-09  5.01942702E+04  1.05459739E+00  0.00000000E+00
  2.48903919E+05  7.26929471E+06  1.71123387E-09  5.02423318E+04  1.05840391E+00  0.00000000E+00
  2.49264650E+05  7.27040319E+06  1.71097299E-09  5.02903239E+04  1.06221515E+00  0.00000000E+00
  2.49625380E+05  7.27151167E+06  1.71071220E-09  5.03382464E+04  1.06603110E+00  0.00000000E+00
  2.49986110E+05  7.27262015E+06  1.71045148E-09  5.03860994E+04  1.06985173E+00  0.00000000E+00
  2.50346841E+05  7.27372863E+06  1.71019084E-09  5.04338829E+04  1.07367701E+00  0.00000000E+00
  2.50707571E+05  7.27483711E+06  1.70993028E-09  5.04815969E+04  1.07750692E+00  0.00000000E+00
  2.51068301E+05  7.27594559E+06  1.70966980E-09  5.05292413E+04  1.08134143E+00  0.00000000E+00
  2.51429032E+05  7.27705408E+06  1.70940940E-09  5.05768163E+04  1.08518051E+00  0.00000000E+00
  2.51789762E+05  7.27816256E+06  1.70914908E-09  5.06243216E+04  1.08902415E+00  0.00000000E+00
  2.52150492E+05  7.27927104E+06  1.70888884E-09  5.06717575E+04  1.09287231E+00  0.00000000E+00
  2.52511223E+05  7.28037952E+06  1.70862868E-09  5.07191238E+04  1.09672497E+00  0.00000000E+00
  2.52871953E+05  7.28148800E+06  1.70836860E-09  5.07664206E+04  1.10058210E+00  0.00000000E+00
  2.53232683E+05  7.28259648E+06  1.70810860E-09  5.08136479E+04  1.10444369E+00  0.00000000E+00
  2.53593414E+05  7.28370496E+06  1.70784867E-09  5.08608056E+04  1.10830969E+00  0.00000000E+00
  2.53954144E+05  7.28481344E+06  1.70758883E-09  5.09078938E+04  1.11218010E+00  0.00000000E+00
  2.54314874E+05  7.28592192E+06  1.70732906E-09  5.09549125E+04  1.11605487E+00  0.00000000E+00
  2.54675604E+05  7.28703040E+06  1.70706938E-09  5.10018616E+04  1.11993399E+00  0.00000000E+00
  2.55036335E+05  7.28813888E+06  1.70680977E-09  5.10487412E+04  1.12381742E+00  0.00000000E+00
  2.55397065E+05  7.28924736E+06  1.70655024E-09  5.10955513E+04  1.12770515E+00  0.00000000E+00
  2.55757795E+05  7.29035584E+06  1.70629079E-09  5.11422919E+04  1.13159715E+00  0.00000000E+00
  2.56118526E+05  7.29146433E+06  1.70603142E-09  5.11889629E+04  1.13549339E+00  0.00000000E+00
  2.56479256E+05  7.29257281E+06  1.70577213E-09  5.12355644E+04  1.13939384E+00  0.00000000E+00
  2.56839986E+05  7.29368129E+06  1.70551292E-09  5.12820964E+04  1.14329848E+00  0.00000000E+00
  2.57200717E+05  7.29478977E+06  1.70525378E-09  5.13285589E+04  1.14720728E+00  0.00000000E+00
  2.57561447E+05  7.29589825E+06  1.70499473E-09  5.13749518E+04  1.15112022E+00  0.00000000E+00
  2.57922177E+05  7.29700673E+06  1.70473575E-09  5.14212752E+04  1.15503727E+00  0.00000000E+00
  2.58282908E+05  7.29811521E+06  1.70447686E-09  5.14675290E+04  1.15895839E+00  0.00000000E+00
  2.58643638E+05  7.29922369E+06  1.70421804E-09  5.15137134E+04  1.16288358E+00  0.00000000E+00
  2.59004368E+05  7.30033217E+06  1.70395930E-09  5.15598282E+04  1.16681280E+00  0.00000000E+00
  2.59365099E+05  7.30144065E+06  1.70370064E-09  5.16058735E+04  1.17074601E+00  0.00000000E+00
  2.59725829E+05  7.30254913E+06  1.70344205E-09  5.16518492E+04  1.17468321E+00  0.00000000E+00
  2.60086559E+05  7.30365761E+06  1.70318355E-09  5.16977554E+04  1.17862435E+00  0.00000000E+00
  2.60447290E+05  7.30476610E+06  1.70292512E-09  5.17435921E+04  1.18256942E+00  0.00000000E+00
  2.60808020E+05  7.30587458E+06  1.70266678E-09  5.17893593E+04  1.18651839E+00  0.00000000E+00
  2.61168750E+05  7.30698306E+06  1.70240851E-09  5.18350569E+04  1.19047122E+00  0.00000000E+00
  2.61529481E+05  7.30809154E+06  1.70215032E-09  5.18806850E+04  1.19442789E+00  0.00000000E+00
  2.61890211E+05  7.30920002E+06  1.70189220E-09  5.19262436E+04  1.19838839E+00  0.00000000E+00
  2.62250941E+05  7.31030850E+06  1.70163417E-09  5.19717326E+04  1.20235267E+00  0.00000000E+00
  2.62611671E+05  7.31141698E+06  1.70137621E-09  5.20171522E+04  1.20632071E+00  0.00000000E+00
  2.62972402E+05  7.31252546E+06  1.70111834E-09  5.20625021E+04  1.21029248E+00  0.00000000E+00
  2.63333132E+05  7.31363394E+06  1.70086054E-09  5.21077826E+04  1.21426797E+00  0.00000000E+00
  2.63693862E+05  7.31474242E+06  1.70060282E-09  5.21529935E+04  1.21824713E+00  0.00000000E+00
  2.64054593E+05  7.31585090E+06  1.70034518E-09  5.21981349E+04  1.22222995E+00  0.00000000E+00
  2.64415323E+05  7.31695938E+06  1.70008761E-09  5.22432068E+04  1.22621639E+00  0.00000000E+00
  2.64776053E+05  7.31806787E+06  1.69983012E-09  5.22882092E+04  1.23020643E+00  0.00000000E+00
  2.65136784E+05  7.31917635E+06  1.69957272E-09  5.23331420E+04  1.23420004E+00  0.00000000E+00
  2.65497514E+05  7.32028483E+06  1.69931539E-09  5.23780053E+04  1.23819719E+00  0.00000000E+00
  2.65858244E+05  7.32139331E+06  1.69905813E-09  5.24227990E+04  1.24219787E+00  0.00000000E+00
  2.66218975E+05  7.32250179E+06  1.69880096E-09  5.24675233E+04  1.24620203E+00  0.00000000E+00
  2.66579705E+05  7.32361027E+06  1.69854386E-09  5.25121780E+04  1.25020965E+00  0.00000000E+00
  2.66940435E+05  7.32471875E+06  1.69828684E-09  5.25567631E+04  1.25422070E+00  0.00000000E+00
  2.67301166E+05  7.32582723E+06  1.69802990E-09  5.26012788E+04  1.25823516E+00  0.00000000E+00
  2.67661896E+05  7.32693571E+06  1.69777304E-09  5.26457249E+04  1.26225300E+00  0.00000000E+00
  2.68022626E+05  7.32804419E+06  1.69751626E-09  5.26901015E+04  1.26627419E+00  0.00000000E+00
  2.68383357E+05  7.32915267E+06  1.69725955E-09  5.27344086E+04  1.27029870E+00  0.00000000E+00
  2.68744087E+05  7.33026115E+06  1.69700292E-09  5.27786461E+04  1.27432650E+00  0.00000000E+00
  2.69104817E+05  7.33136964E+06  1.69674637E-09  5.28228141E+04  1.27835758E+00  0.00000000E+00
  2.69465548E+05  7.33247812E+06  1.69648989E-09  5.28669126E+04  1.28239189E+00  0.00000000E+00
  2.69826278E+05  7.33358660E+06  1.69623350E-09  5.29109415E+04  1.28642941E+00  0.00000000E+00
  2.70187008E+05  7.33469508E+06  1.69597718E-09  5.29549009E+04  1.29047012E+00  0.00000000E+00
  2.70547738E+05  7.33580356E+06  1.69572093E-09  5.29987908E+04  1.29451398E+00  0.00000000E+00
  2.70908469E+05  7.33691204E+06  1.69546477E-09  5.30426112E+04  1.29856097E+00  0.00000000E+00
  2.71269199E+05  7.33802052E+06  1.69520868E-09  5.30863620E+04  1.30261105E+00  0.00000000E+00
  2.71629929E+05  7.33912900E+06  1.69495267E-09  5.31300433E+04  1.30666421E+00  0.00000000E+00
  2.71990660E+05  7.34023748E+06  1.69469674E-09  5.31736551E+04  1.31072041E+00  0.00000000E+00
  2.72351390E+05  7.34134596E+06  1.69444089E-09  5.32171973E+04  1.31477963E+00  0.00000000E+00
  2.72712120E+05  7.34245444E+06  1.69418511E-09  5.32606700E+04  1.31884183E+00  0.00000000E+00
  2.73072851E+05  7.34356292E+06  1.69392941E-09  5.33040732E+04  1.32290698E+00  0.00000000E+00
  2.73433581E+05  7.34467141E+06  1.69367379E-09  5.33474069E+04  1.32697507E+00  0.00000000E+00
  2.73794311E+05  7.34577989E+06  1.69341824E-09  5.33906710E+04  1.33104606E+00  0.00000000E+00
  2.74155042E+05  7.34688837E+06  1.69316278E-09  5.34338656E+04  1.33511992E+00  0.00000000E+00
  2.74515772E+05  7.34799685E+06  1.69290738E-09  5.34769907E+04  1.33919662E+00  0.00000000E+00
  2.74876502E+05  7.34910533E+06  1.69265207E-09  5.35200462E+04  1.34327614E+00  0.00000000E+00
  2.75237233E+05  7.35021381E+06  1.69239683E-09  5.35630322E+04  1.34735845E+00  0.00000000E+00
  2.75597963E+05  7.35132229E+06  1.69214167E-09  5.36059487E+04  1.35144352E+00  0.00000000E+00
  2.75958693E+05  7.35243077E+06  1.69188659E-09  5.36487957E+04  1.35553131E+00  0.00000000E+00
  2.76319424E+05  7.35353925E+06  1.69163159E-09  5.36915731E+04  1.35962181E+00  0.00000000E+00
  2.76680154E+05  7.35464773E+06  1.69137666E-09  5.37342810E+04  1.36371497E+00  0.00000000E+00
  2.77040884E+05  7.35575621E+06  1.69112181E-09  5.37769194E+04  1.36781078E+00  0.00000000E+00
  2.77401615E+05  7.35686469E+06  1.69086703E-09  5.38194882E+04  1.37190921E+00  0.00000000E+00
  2.77762345E+05  7.35797317E+06  1.69061233E-09  5.38619875E+04  1.37601022E+00  0.00000000E+00
  2.78123075E+05  7.35908166E+06  1.69035771E-09  5.39044173E+04  1.38011379E+00  0.00000000E+00
  2.78483805E+05  7.36019014E+06  1.69010317E-09  5.39467776E+04  1.38421988E+00  0.00000000E+00
  2.78844536E+05  7.36129862E+06  1.68984870E-09  5.39890683E+04  1.38832848E+00  0.00000000E+00
  2.79205266E+05  7.36240710E+06  1.68959431E-09  5.40312895E+04  1.39243954E+00  0.00000000E+00
  2.79565996E+05  7.36351558E+06  1.68933999E-09  5.40734412E+04  1.39655305E+00  0.00000000E+00
  2.79926727E+05  7.36462406E+06  1.68908576E-09  5.41155233E+04  1.40066897E+00  0.00000000E+00
  2.80287457E+05  7.36573254E+06  1.68883160E-09  5.41575359E+04  1.40478727E+00  0.00000000E+00
  2.80648187E+05  7.36684102E+06  1.68857751E-09  5.41994790E+04  1.40890792E+00  0.00000000E+00
  2.81008918E+05  7.36794950E+06  1.68832350E-09  5.42413526E+04  1.41303090E+00  0.00000000E+00
  2.81369648E+05  7.36905798E+06  1.68806957E-09  5.42831566E+04  1.41715618E+00  0.00000000E+00
  2.81730378E+05  7.37016646E+06  1.68781572E-09  5.43248911E+04  1.42128372E+00  0.00000000E+00
  2.82091109E+05  7.37127494E+06  1.68756194E-09  5.43665560E+04  1.42541349E+00  0.00000000E+00
  2.82451839E+05  7.37238343E+06  1.68730824E-09  5.44081515E+04  1.42954548E+00  0.00000000E+00
  2.82812569E+05  7.37349191E+06  1.68705461E-09  5.44496774E+04  1.43367964E+00  0.00000000E+00
  2.83173300E+05  7.37460039E+06  1.68680106E-09  5.44911338E+04  1.43781595E+00  0.00000000E+00
  2.83534030E+05  7.37570887E+06  1.68654759E-09  5.45325206E+04  1.44195438E+00  0.00000000E+00
  2.83894760E+05  7.37681735E+06  1.68629419E-09  5.45738380E+04  1.44609490E+00  0.00000000E+00
  2.84255491E+05  7.37792583E+06  1.68604087E-09  5.46150858E+04  1.45023748E+00  0.00000000E+00
  2.84616221E+05  7.37903431E+06  1.68578763E-09  5.46562640E+04  1.45438210E+00  0.00000000E+00
  2.84976951E+05  7.38014279E+06  1.68553446E-09  5.46973728E+04  1.45852871E+00  0.00000000E+00
  2.85337682E+05  7.38125127E+06  1.68528137E-09  5.47384120E+04  1.46267730E+00  0.00000000E+00
  2.85698412E+05  7.38235975E+06  1.68502835E-09  5.47793817E+04  1.46682782E+00  0.00000000E+00
  2.86059142E+05  7.38346823E+06  1.68477541E-09  5.48202818E+04  1.47098026E+00  0.00000000E+00
  2.86419872E+05  7.38457671E+06  1.68452255E-09  5.48611124E+04  1.47513459E+00  0.00000000E+00
  2.86780603E+05  7.38568520E+06  1.68426976E-09  5.49018735E+04  1.47929076E+00  0.00000000E+00
  2.87141333E+05  7.38679368E+06  1.68401705E-09  5.49425651E+04  1.48344876E+00  0.00000000E+00
  2.87502063E+05  7.38790216E+06  1.68376441E-09  5.49831871E+04  1.48760856E+00  0.00000000E+00
  2.87862794E+05  7.38901064E+06  1.68351185E-09  5.50237396E+04  1.49177011E+00  0.00000000E+00
  2.88223524E+05  7.39011912E+06  1.68325937E-09  5.50642226E+04  1.49593341E+00  0.00000000E+00
  2.88584254E+05  7.39122760E+06  1.68300696E-09  5.51046361E+04  1.50009840E+00  0.00000000E+00
  2.88944985E+05  7.39233608E+06  1.68275463E-09  5.51449800E+04  1.50426507E+00  0.00000000E+00
  2.89305715E+05  7.39344456E+06  1.68250237E-09  5.51852544E+04  1.50843339E+00  0.00000000E+00
  2.89666445E+05  7.39455304E+06  1.68225019E-09  5.52254593E+04  1.51260332E+00  0.00000000E+00
  2.90027176E+05  7.39566152E+06  1.68199809E-09  5.52655946E+04  1.51677483E+00  0.00000000E+00
  2.90387906E+05  7.39677000E+06  1.68174606E-09  5.53056604E+04  1.52094790E+00  0.00000000E+00
  2.90748636E+05  7.39787848E+06  1.68149410E-09  5.53456567E+04  1.52512250E+00  0.00000000E+00
  2.91109367E+05  7.39898697E+06  1.68124223E-09  5.53855834E+04  1.52929858E+00  0.00000000E+00
  2.91470097E+05  7.40009545E+06  1.68099042E-09  5.54254407E+04  1.53347614E+00  0.00000000E+00
  2.91830827E+05  7.40120393E+06  1.68073870E-09  5.54652284E+04  1.53765512E+00  0.00000000E+00
  2.92191558E+05  7.40231241E+06  1.68048705E-09  5.55049465E+04  1.54183552E+00  0.00000000E+00
  2.92552288E+05  7.40342089E+06  1.68023547E-09  5.55445952E+04  1.54601728E+00  0.00000000E+00
  2.92913018E+05  7.40452937E+06  1.67998397E-09  5.55841743E+04  1.55020039E+00  0.00000000E+00
  2.93273749E+05  7.40563785E+06  1.67973255E-09  5.56236839E+04  1.55438481E+00  0.00000000E+00
  2.93634479E+05  7.40674633E+06  1.67948120E-09  5.56631239E+04  1.55857052E+00  0.00000000E+00
  2.93995209E+05  7.40785481E+06  1.67922992E-09  5.57024944E+04  1.56275748E+00  0.00000000E+00
  2.94355939E+05  7.40896329E+06  1.67897872E-09  5.57417954E+04  1.56694566E+00  0.00000000E+00
  2.94716670E+05  7.41007177E+06  1.67872760E-09  5.57810269E+04  1.57113504E+00  0.00000000E+00
  2.95077400E+05  7.41118025E+06  1.67847655E-09  5.58201888E+04  1.57532558E+00  0.00000000E+00
  2.95438130E+05  7.41228874E+06  1.67822558E-09  5.58592812E+04  1.57951725E+00  0.00000000E+00
  2.95798861E+05  7.41339722E+06  1.67797468E-09  5.58983041E+04  1.58371002E+00  0.00000000E+00
  2.96159591E+05  7.41450570E+06  1.67772386E-09  5.59372575E+04  1.58790386E+00  0.00000000E+00
  2.96520321E+05  7.41561418E+06  1.67747311E-09  5.59761413E+04  1.59209875E+00  0.00000000E+00
  2.96881052E+05  7.41672266E+06  1.67722244E-09  5.60149556E+04  1.59629464E+00  0.00000000E+00
  2.97241782E+05  7.41783114E+06  1.67697184E-09  5.60537003E+04  1.60049152E+00  0.00000000E+00
  2.97602512E+05  7.41893962E+06  1.67672132E-09  5.60923756E+04  1.60468934E+00  0.00000000E+00
  2.97963243E+05  7.42004810E+06  1.67647087E-09  5.61309813E+04  1.60888808E+00  0.00000000E+00
  2.98323973E+05  7.42115658E+06  1.67622050E-09  5.61695175E+04  1.61308771E+00  0.00000000E+00
  2.98684703E+05  7.42226506E+06  1.67597020E-09  5.62079841E+04  1.61728820E+00  0.00000000E+00
  2.99045434E+05  7.42337354E+06  1.67571998E-09  5.62463812E+04  1.62148952E+00  0.00000000E+00
  2.99406164E+05  7.42448202E+06  1.67546984E-09  5.62847088E+04  1.62569163E+00  0.00000000E+00
  2.99766894E+05  7.42559051E+06  1.67521976E-09  5.63229669E+04  1.62989451E+00  0.00000000E+00
  3.00127625E+05  7.42669899E+06  1.67496977E-09  5.63611554E+04  1.63409813E+00  0.00000000E+00
  3.00488355E+05  7.42780747E+06  1.67471984E-09  5.63992744E+04  1.63830244E+00  0.00000000E+00
  3.00849085E+05  7.42891595E+06  1.67447000E-09  5.64373239E+04  1.64250744E+00  0.00000000E+00
  3.01209816E+05  7.43002443E+06  1.67422022E-09  5.64753038E+04  1.64671307E+00  0.00000000E+00
  3.01570546E+05  7.43113291E+06  1.67397052E-09  5.65132143E+04  1.65091932E+00  0.00000000E+00
  3.01931276E+05  7.43224139E+06  1.67372090E-09  5.65510552E+04  1.65512615E+00  0.00000000E+00
  3.02292006E+05  7.43334987E+06  1.67347135E-09  5.65888265E+04  1.65933354E+00  0.00000000E+00
  3.02652737E+05  7.43445835E+06  1.67322188E-09  5.66265284E+04  1.66354144E+00  0.00000000E+00
  3.03013467E+05  7.43556683E+06  1.67297248E-09  5.66641607E+04  1.66774983E+00  0.00000000E+00
  3.03374197E+05  7.43667531E+06  1.67272315E-09  5.67017234E+04  1.67195868E+00  0.00000000E+00
  3.03734928E+05  7.43778379E+06  1.67247390E-09  5.67392167E+04  1.67616796E+00  0.00000000E+00
  3.04095658E+05  7.43889227E+06  1.67222472E-09  5.67766404E+04  1.68037763E+00  0.00000000E+00
  3.04456388E+05  7.44000076E+06  1.67197562E-09  5.68139946E+04  1.68458768E+00  0.00000000E+00
  3.04817119E+05  7.44110924E+06  1.67172659E-09  5.68512793E+04  1.68879805E+00  0.00000000E+00
  3.05177849E+05  7.44221772E+06  1.67147764E-09  5.68884944E+04  1.69300874E+00  0.00000000E+00
  3.05538579E+05  7.44332620E+06  1.67122876E-09  5.69256400E+04  1.69721969E+00  0.00000000E+00
  3.05899310E+05  7.44443468E+06  1.67097996E-09  5.69627161E+04  1.70143089E+00  0.00000000E+00
  3.06260040E+05  7.44554316E+06  1.67073123E-09  5.69997226E+04  1.70564230E+00  0.00000000E+00
  3.06620770E+05  7.44665164E+06  1.67048257E-09  5.70366596E+04  1.70985389E+00  0.00000000E+00
  3.06981501E+05  7.44776012E+06  1.67023399E-09  5.70735271E+04  1.71406563E+00  0.00000000E+00
  3.07342231E+05  7.44886860E+06  1.66998549E-09  5.71103251E+04  1.71827749E+00  0.00000000E+00
  3.07702961E+05  7.44997708E+06  1.66973705E-09  5.71470535E+04  1.72248944E+00  0.00000000E+00
  3.08063692E+05  7.45108556E+06  1.66948869E-09  5.71837124E+04  1.72670144E+00  0.00000000E+00
  3.08424422E+05  7.45219404E+06  1.66924041E-09  5.72203018E+04  1.73091347E+00  0.00000000E+00
  3.08785152E+05  7.45330253E+06  1.66899220E-09  5.72568216E+04  1.73512549E+00  0.00000000E+00
  3.09145883E+05  7.45441101E+06  1.66874406E-09  5.72932720E+04  1.73933748E+00  0.00000000E+00
  3.09506613E+05  7.45551949E+06  1.66849600E-09  5.73296527E+04  1.74354940E+00  0.00000000E+00
  3.09867343E+05  7.45662797E+06  1.66824801E-09  5.73659640E+04  1.74776122E+00  0.00000000E+00
  3.10228073E+05  7.45773645E+06  1.66800010E-09  5.74022057E+04  1.75197291E+00  0.00000000E+00
  3.10588804E+05  7.45884493E+06  1.66775226E-09  5.74383779E+04  1.75618445E+00  0.00000000E+00
  3.10949534E+05  7.45995341E+06  1.66750449E-09  5.74744806E+04  1.76039579E+00  0.00000000E+00
  3.11310264E+05  7.46106189E+06  1.66725680E-09  5.75105138E+04  1.76460690E+00  0.00000000E+00
  3.11670995E+05  7.46217037E+06  1.66700918E-09  5.75464774E+04  1.76881777E+00  0.00000000E+00
  3.12031725E+05  7.46327885E+06  1.66676163E-09  5.75823715E+04  1.77302834E+00  0.00000000E+00
  3.12392455E+05  7.46438733E+06  1.66651416E-09  5.76181960E+04  1.77723860E+00  0.00000000E+00
  3.12753186E+05  7.46549581E+06  1.66626677E-09  5.76539511E+04  1.78144852E+00  0.00000000E+00
  3.13113916E+05  7.46660430E+06  1.66601944E-09  5.76896366E+04  1.78565805E+00  0.00000000E+00
  3.13474646E+05  7.46771278E+06  1.66577219E-09  5.77252525E+04  1.78986718E+00  0.00000000E+00
  3.13835377E+05  7.46882126E+06  1.66552502E-09  5.77607990E+04  1.79407586E+00  0.00000000E+00
  3.14196107E+05  7.46992974E+06  1.66527792E-09  5.77962759E+04  1.79828407E+00  0.00000000E+00
  3.14556837E+05  7.47103822E+06  1.66503089E-09  5.78316833E+04  1.80249178E+00  0.00000000E+00
  3.14917568E+05  7.47214670E+06  1.66478393E-09  5.78670211E+04  1.80669895E+00  0.00000000E+00
  3.15278298E+05  7.47325518E+06  1.66453705E-09  5.79022895E+04  1.81090556E+00  0.00000000E+00
  3.15639028E+05  7.47436366E+06  1.66429024E-09  5.79374883E+04  1.81511157E+00  0.00000000E+00
  3.15999759E+05  7.47547214E+06  1.66404351E-09  5.79726175E+04  1.81931695E+00  0.00000000E+00
  3.16360489E+05  7.47658062E+06  1.66379685E-09  5.80076773E+04  1.82352168E+00  0.00000000E+00
  3.16721219E+05  7.47768910E+06  1.66355026E-09  5.80426675E+04  1.82772571E+00  0.00000000E+00
  3.17081949E+05  7.47879758E+06  1.66330375E-09  5.80775882E+04  1.83192902E+00  0.00000000E+00
  3.17442680E+05  7.47990607E+06  1.66305731E-09  5.81124393E+04  1.83613157E+00  0.00000000E+00
  3.17803410E+05  7.48101455E+06  1.66281094E-09  5.81472210E+04  1.84033334E+00  0.00000000E+00
  3.18164140E+05  7.48212303E+06  1.66256465E-09  5.81819331E+04  1.84453430E+00  0.00000000E+00
  3.18524871E+05  7.48323151E+06  1.66231843E-09  5.82165756E+04  1.84873440E+00  0.00000000E+00
  3.18885601E+05  7.48433999E+06  1.66207228E-09  5.82511487E+04  1.85293363E+00  0.00000000E+00
  3.19246331E+05  7.48544847E+06  1.66182621E-09  5.82856522E+04  1.85713195E+00  0.00000000E+00
  3.19607062E+05  7.48655695E+06  1.66158021E-09  5.83200862E+04  1.86132933E+00  0.00000000E+00
  3.19967792E+05  7.48766543E+06  1.66133428E-09  5.83544506E+04  1.86552573E+00  0.00000000E+00
  3.20328522E+05  7.48877391E+06  1.66108843E-09  5.83887456E+04  1.86972113E+00  0.00000000E+00
  3.20689253E+05  7.48988239E+06  1.66084265E-09  5.84229710E+04  1.87391550E+00  0.00000000E+00
  3.21049983E+05  7.49099087E+06  1.66059694E-09  5.84571268E+04  1.87810879E+00  0.00000000E+00
  3.21410713E+05  7.49209935E+06  1.66035131E-09  5.84912132E+04  1.88230099E+00  0.00000000E+00
  3.21771444E+05  7.49320784E+06  1.66010575E-09  5.85252300E+04  1.88649207E+00  0.00000000E+00
  3.22132174E+05  7.49431632E+06  1.65986026E-09  5.85591773E+04  1.89068198E+00  0.00000000E+00
  3.22492904E+05  7.49542480E+06  1.65961484E-09  5.85930550E+04  1.89487069E+00  0.00000000E+00
  3.22853635E+05  7.49653328E+06  1.65936950E-09  5.86268633E+04  1.89905819E+00  0.00000000E+00
  3.23214365E+05  7.49764176E+06  1.65912423E-09  5.86606020E+04  1.90324443E+00  0.00000000E+00
  3.23575095E+05  7.49875024E+06  1.65887904E-09  5.86942711E+04  1.90742939E+00  0.00000000E+00
  3.23935826E+05  7.49985872E+06  1.65863392E-09  5.87278708E+04  1.91161302E+00  0.00000000E+00
  3.24296556E+05  7.50096720E+06  1.65838887E-09  5.87614009E+04  1.91579531E+00  0.00000000E+00
  3.24657286E+05  7.50207568E+06  1.65814389E-09  5.87948615E+04  1.91997622E+00  0.00000000E+00
  3.25018016E+05  7.50318416E+06  1.65789899E-09  5.88282525E+04  1.92415572E+00  0.00000000E+00
  3.25378747E+05  7.50429264E+06  1.65765416E-09  5.88615740E+04  1.92833377E+00  0.00000000E+00
  3.25739477E+05  7.50540112E+06  1.65740940E-09  5.88948260E+04  1.93251035E+00  0.00000000E+00
  3.26100207E+05  7.50650960E+06  1.65716471E-09  5.89280085E+04  1.93668543E+00  0.00000000E+00
  3.26460938E+05  7.50761809E+06  1.65692010E-09  5.89611215E+04  1.94085897E+00  0.00000000E+00
  3.26821668E+05  7.50872657E+06  1.65667556E-09  5.89941649E+04  1.94503094E+00  0.00000000E+00
  3.27182398E+05  7.50983505E+06  1.65643109E-09  5.90271387E+04  1.94920131E+00  0.00000000E+00
  3.27543129E+05  7.51094353E+06  1.65618670E-09  5.90600431E+04  1.95337005E+00  0.00000000E+00
  3.27903859E+05  7.51205201E+06  1.65594238E-09  5.90928779E+04  1.95753713E+00  0.00000000E+00
  3.28264589E+05  7.51316049E+06  1.65569813E-09  5.91256432E+04  1.96170251E+00  0.00000000E+00
  3.28625320E+05  7.51426897E+06  1.65545395E-09  5.91583390E+04  1.96586617E+00  0.00000000E+00
  3.28986050E+05  7.51537745E+06  1.65520985E-09  5.91909652E+04  1.97002808E+00  0.00000000E+00
  3.29346780E+05  7.51648593E+06  1.65496582E-09  5.92235219E+04  1.97418819E+00  0.00000000E+00
  3.29707511E+05  7.51759441E+06  1.65472186E-09  5.92560091E+04  1.97834649E+00  0.00000000E+00
  3.30068241E+05  7.51870289E+06  1.65447798E-09  5.92884268E+04  1.98250294E+00  0.00000000E+00
  3.30428971E+05  7.51981137E+06  1.65423417E-09  5.93207749E+04  1.98665750E+00  0.00000000E+00
  3.30789702E+05  7.52091986E+06  1.65399042E-09  5.93530535E+04  1.99081016E+00  0.00000000E+00
  3.31150432E+05  7.52202834E+06  1.65374676E-09  5.93852626E+04  1.99496087E+00  0.00000000E+00
  3.31511162E+05  7.52313682E+06  1.65350316E-09  5.94174021E+04  1.99910960E+00  0.00000000E+00
  3.31871893E+05  7.52424530E+06  1.65325964E-09  5.94494721E+04  2.00325633E+00  0.00000000E+00
  3.32232623E+05  7.52535378E+06  1.65301619E-09  5.94814726E+04  2.00740102E+00  0.00000000E+00
  3.32593353E+05  7.52646226E+06  1.65277281E-09  5.95134035E+04  2.01154363E+00  0.00000000E+00
  3.32954083E+05  7.52757074E+06  1.65252951E-09  5.95452650E+04  2.01568415E+00  0.00000000E+00
  3.33314814E+05  7.52867922E+06  1.65228627E-09  5.95770569E+04  2.01982254E+00  0.00000000E+00
  3.33675544E+05  7.52978770E+06  1.65204311E-09  5.96087792E+04  2.02395876E+00  0.00000000E+00
  3.34036274E+05  7.53089618E+06  1.65180003E-09  5.96404321E+04  2.02809279E+00  0.00000000E+00
  3.34397005E+05  7.53200466E+06  1.65155701E-09  5.96720154E+04  2.03222460E+00  0.00000000E+00
  3.34757735E+05  7.53311314E+06  1.65131407E-09  5.97035292E+04  2.03635414E+00  0.00000000E+00
  3.35118465E+05  7.53422163E+06  1.65107120E-09  5.97349734E+04  2.04048140E+00  0.00000000E+00
  3.35479196E+05  7.53533011E+06  1.65082840E-09  5.97663481E+04  2.04460634E+00  0.00000000E+00
  3.35839926E+05  7.53643859E+06  1.65058567E-09  5.97976533E+04  2.04872893E+00  0.00000000E+00
  3.36200656E+05  7.53754707E+06  1.65034302E-09  5.98288890E+04  2.05284914E+00  0.00000000E+00
  3.36561387E+05  7.53865555E+06  1.65010043E-09  5.98600551E+04  2.05696693E+00  0.00000000E+00
  3.36922117E+05  7.53976403E+06  1.64985792E-09  5.98911517E+04  2.06108228E+00  0.00000000E+00
  3.37282847E+05  7.54087251E+06  1.64961549E-09  5.99221788E+04  2.06519515E+00  0.00000000E+00
  3.37643578E+05  7.54198099E+06  1.64937312E-09  5.99531364E+04  2.06930552E+00  0.00000000E+00
  3.38004308E+05  7.54308947E+06  1.64913083E-09  5.99840244E+04  2.07341334E+00  0.00000000E+00
  3.38365038E+05  7.54419795E+06  1.64888861E-09  6.00148429E+04  2.07751860E+00  0.00000000E+00
  3.38725769E+05  7.54530643E+06  1.64864646E-09  6.00455918E+04  2.08162126E+00  0.00000000E+00
  3.39086499E+05  7.54641491E+06  1.64840438E-09  6.00762713E+04  2.08572129E+00  0.00000000E+00
  3.39447229E+05  7.54752340E+06  1.64816238E-09  6.01068812E+04  2.08981865E+00  0.00000000E+00
  3.39807960E+05  7.54863188E+06  1.64792044E-09  6.01374216E+04  2.09391332E+00  0.00000000E+00
  3.40168690E+05  7.54974036E+06  1.64767858E-09  6.01678924E+04  2.09800527E+00  0.00000000E+00
  3.40529420E+05  7.55084884E+06  1.64743680E-09  6.01982937E+04  2.10209446E+00  0.00000000E+00
  3.40890150E+05  7.55195732E+06  1.64719508E-09  6.02286255E+04  2.10618086E+00  0.00000000E+00
  3.41250881E+05  7.55306580E+06  1.64695344E-09  6.02588878E+04  2.11026445E+00  0.00000000E+00
  3.41611611E+05  7.55417428E+06  1.64671186E-09  6.02890805E+04  2.11434518E+00  0.00000000E+00
  3.41972341E+05  7.55528276E+06  1.64647036E-09  6.03192037E+04  2.11842304E+00  0.00000000E+00
  3.42333072E+05  7.55639124E+06  1.64622894E-09  6.03492574E+04  2.12249798E+00  0.00000000E+00
  3.42693802E+05  7.55749972E+06  1.64598758E-09  6.03792416E+04  2.12656998E+00  0.00000000E+00
  3.43054532E+05  7.55860820E+06  1.64574630E-09  6.04091562E+04  2.13063901E+00  0.00000000E+00
  3.43415263E+05  7.55971668E+06  1.64550508E-09  6.04390013E+04  2.13470503E+00  0.00000000E+00
  3.43775993E+05  7.56082517E+06  1.64526394E-09  6.04687768E+04  2.13876802E+00  0.00000000E+00
  3.44136723E+05  7.56193365E+06  1.64502288E-09  6.04984829E+04  2.14282794E+00  0.00000000E+00
  3.44497454E+05  7.56304213E+06  1.64478188E-09  6.05281194E+04  2.14688476E+00  0.00000000E+00
  3.44858184E+05  7.56415061E+06  1.64454095E-09  6.05576864E+04  2.15093846E+00  0.00000000E+00
  3.45218914E+05  7.56525909E+06  1.64430010E-09  6.05871838E+04  2.15498899E+00  0.00000000E+00
  3.45579645E+05  7.56636757E+06  1.64405932E-09  6.06166117E+04  2.15903634E+00  0.00000000E+00
  3.45940375E+05  7.56747605E+06  1.64381861E-09  6.06459701E+04  2.16308046E+00  0.00000000E+00
  3.46301105E+05  7.56858453E+06  1.64357798E-09  6.06752590E+04  2.16712134E+00  0.00000000E+00
  3.46661836E+05  7.56969301E+06  1.64333741E-09  6.07044783E+04  2.17115892E+00  0.00000000E+00
  3.47022566E+05  7.57080149E+06  1.64309692E-09  6.07336281E+04  2.17519320E+00  0.00000000E+00
  3.47383296E+05  7.57190997E+06  1.64285650E-09  6.07627084E+04  2.17922413E+00  0.00000000E+00
  3.47744027E+05  7.57301845E+06  1.64261615E-09  6.07917191E+04  2.18325168E+00  0.00000000E+00
  3.48104757E+05  7.57412693E+06  1.64237587E-09  6.08206604E+04  2.18727583E+00  0.00000000E+00
  3.48465487E+05  7.57523542E+06  1.64213567E-09  6.08495321E+04  2.19129654E+00  0.00000000E+00
  3.48826217E+05  7.57634390E+06  1.64189553E-09  6.08783342E+04  2.19531379E+00  0.00000000E+00
  3.49186948E+05  7.57745238E+06  1.64165547E-09  6.09070668E+04  2.19932753E+00  0.00000000E+00
  3.49547678E+05  7.57856086E+06  1.64141548E-09  6.09357299E+04  2.20333774E+00  0.00000000E+00
  3.49908408E+05  7.57966934E+06  1.64117556E-09  6.09643235E+04  2.20734440E+00  0.00000000E+00
  3.50269139E+05  7.58077782E+06  1.64093572E-09  6.09928476E+04  2.21134746E+00  0.00000000E+00
  3.50629869E+05  7.58188630E+06  1.64069594E-09  6.10213021E+04  2.21534690E+00  0.00000000E+00
  3.50990599E+05  7.58299478E+06  1.64045624E-09  6.10496871E+04  2.21934269E+00  0.00000000E+00
  3.51351330E+05  7.58410326E+06  1.64021661E-09  6.10780025E+04  2.22333480E+00  0.00000000E+00
  3.51712060E+05  7.58521174E+06  1.63997705E-09  6.11062485E+04  2.22732319E+00  0.00000000E+00
  3.52072790E+05  7.58632022E+06  1.63973756E-09  6.11344249E+04  2.23130784E+00  0.00000000E+00
  3.52433521E+05  7.58742870E+06  1.63949815E-09  6.11625317E+04  2.23528871E+00  0.00000000E+00
  3.52794251E+05  7.58853719E+06  1.63925880E-09  6.11905691E+04  2.23926578E+00  0.00000000E+00
  3.53154981E+05  7.58964567E+06  1.63901953E-09  6.12185369E+04  2.24323901E+00  0.00000000E+00
  3.53515712E+05  7.59075415E+06  1.63878033E-09  6.12464352E+04  2.24720838E+00  0.00000000E+00
  3.53876442E+05  7.59186263E+06  1.63854120E-09  6.12742640E+04  2.25117385E+00  0.00000000E+00
  3.54237172E+05  7.59297111E+06  1.63830215E-09  6.13020232E+04  2.25513539E+00  0.00000000E+00
  3.54597903E+05  7.59407959E+06  1.63806316E-09  6.13297129E+04  2.25909297E+00  0.00000000E+00
  3.54958633E+05  7.59518807E+06  1.63782425E-09  6.13573331E+04  2.26304657E+00  0.00000000E+00
  3.55319363E+05  7.59629655E+06  1.63758541E-09  6.13848837E+04  2.26699614E+00  0.00000000E+00
  3.55680094E+05  7.59740503E+06  1.63734664E-09  6.14123648E+04  2.27094167E+00  0.00000000E+00
  3.56040824E+05  7.59851351E+06  1.63710794E-09  6.14397764E+04  2.27488311E+00  0.00000000E+00
  3.56401554E+05  7.59962199E+06  1.63686932E-09  6.14671185E+04  2.27882045E+00  0.00000000E+00
  3.56762284E+05  7.60073047E+06  1.63663077E-09  6.14943910E+04  2.28275364E+00  0.00000000E+00
  3.57123015E+05  7.60183896E+06  1.63639229E-09  6.15215940E+04  2.28668267E+00  0.00000000E+00
  3.57483745E+05  7.60294744E+06  1.63615388E-09  6.15487275E+04  2.29060749E+00  0.00000000E+00
  3.57844475E+05  7.60405592E+06  1.63591554E-09  6.15757914E+04  2.29452808E+00  0.00000000E+00
  3.58205206E+05  7.60516440E+06  1.63567727E-09  6.16027858E+04  2.29844441E+00  0.00000000E+00
  3.58565936E+05  7.60627288E+06  1.63543908E-09  6.16297107E+04  2.30235645E+00  0.00000000E+00
  3.58926666E+05  7.60738136E+06  1.63520096E-09  6.16565661E+04  2.30626417E+00  0.00000000E+00
  3.59287397E+05  7.60848984E+06  1.63496291E-09  6.16833519E+04  2.31016753E+00  0.00000000E+00
  3.59648127E+05  7.60959832E+06  1.63472493E-09  6.17100682E+04  2.31406651E+00  0.00000000E+00
  3.60008857E+05  7.61070680E+06  1.63448702E-09  6.17367150E+04  2.31796108E+00  0.00000000E+00
  3.60369588E+05  7.61181528E+06  1.63424919E-09  6.17632922E+04  2.32185121E+00  0.00000000E+00
  3.60730318E+05  7.61292376E+06  1.63401143E-09  6.17897999E+04  2.32573686E+00  0.00000000E+00
  3.61091048E+05  7.61403224E+06  1.63377373E-09  6.18162381E+04  2.32961801E+00  0.00000000E+00
  3.61451779E+05  7.61514073E+06  1.63353612E-09  6.18426068E+04  2.33349463E+00  0.00000000E+00
  3.61812509E+05  7.61624921E+06  1.63329857E-09  6.18689059E+04  2.33736668E+00  0.00000000E+00
  3.62173239E+05  7.61735769E+06  1.63306110E-09  6.18951355E+04  2.34123414E+00  0.00000000E+00
  3.62533970E+05  7.61846617E+06  1.63282369E-09  6.19212956E+04  2.34509698E+00  0.00000000E+00
  3.62894700E+05  7.61957465E+06  1.63258636E-09  6.19473861E+04  2.34895517E+00  0.00000000E+00
  3.63255430E+05  7.62068313E+06  1.63234911E-09  6.19734071E+04  2.35280867E+00  0.00000000E+00
  3.63616161E+05  7.62179161E+06  1.63211192E-09  6.19993586E+04  2.35665746E+00  0.00000000E+00
  3.63976891E+05  7.62290009E+06  1.63187481E-09  6.20252406E+04  2.36050151E+00  0.00000000E+00
  3.64337621E+05  7.62400857E+06  1.63163776E-09  6.20510530E+04  2.36434079E+00  0.00000000E+00
  3.64698351E+05  7.62511705E+06  1.63140079E-09  6.20767959E+04  2.36817526E+00  0.00000000E+00
  3.65059082E+05  7.62622553E+06  1.63116390E-09  6.21024693E+04  2.37200490E+00  0.00000000E+00
  3.65419812E+05  7.62733401E+06  1.63092707E-09  6.21280731E+04  2.37582968E+00  0.00000000E+00
  3.65780542E+05  7.62844250E+06  1.63069032E-09  6.21536074E+04  2.37964957E+00  0.00000000E+00
  3.66141273E+05  7.62955098E+06  1.63045364E-09  6.21790722E+04  2.38346454E+00  0.00000000E+00
  3.66502003E+05  7.63065946E+06  1.63021703E-09  6.22044675E+04  2.38727456E+00  0.00000000E+00
  3.66862733E+05  7.63176794E+06  1.62998050E-09  6.22297932E+04  2.39107960E+00  0.00000000E+00
  3.67223464E+05  7.63287642E+06  1.62974403E-09  6.22550494E+04  2.39487963E+00  0.00000000E+00
  3.67584194E+05  7.63398490E+06  1.62950764E-09  6.22802361E+04  2.39867461E+00  0.00000000E+00
  3.67944924E+05  7.63509338E+06  1.62927132E-09  6.23053532E+04  2.40246453E+00  0.00000000E+00
  3.68305655E+05  7.63620186E+06  1.62903508E-09  6.23304008E+04  2.40624936E+00  0.00000000E+00
  3.68666385E+05  7.63731034E+06  1.62879890E-09  6.23553789E+04  2.41002905E+00  0.00000000E+00
  3.69027115E+05  7.63841882E+06  1.62856280E-09  6.23802875E+04  2.41380359E+00  0.00000000E+00
  3.69387846E+05  7.63952730E+06  1.62832677E-09  6.24051265E+04  2.41757294E+00  0.00000000E+00
  3.69748576E+05  7.64063578E+06  1.62809082E-09  6.24298960E+04  2.42133707E+00  0.00000000E+00
  3.70109306E+05  7.64174426E+06  1.62785493E-09  6.24545960E+04  2.42509596E+00  0.00000000E+00
  3.70470037E+05  7.64285275E+06  1.62761912E-09  6.24792264E+04  2.42884957E+00  0.00000000E+00
  3.70830767E+05  7.64396123E+06  1.62738339E-09  6.25037873E+04  2.43259788E+00  0.00000000E+00
  3.71191497E+05  7.64506971E+06  1.62714772E-09  6.25282787E+04  2.43634086E+00  0.00000000E+00
  3.71552228E+05  7.64617819E+06  1.62691213E-09  6.25527005E+04  2.44007847E+00  0.00000000E+00
  3.71912958E+05  7.64728667E+06  1.62667661E-09  6.25770529E+04  2.44381069E+00  0.00000000E+00
  3.72273688E+05  7.64839515E+06  1.62644116E-09  6.26013357E+04  2.44753749E+00  0.00000000E+00
  3.72634418E+05  7.64950363E+06  1.62620579E-09  6.26255489E+04  2.45125884E+00  0.00000000E+00
  3.72995149E+05  7.65061211E+06  1.62597049E-09  6.26496927E+04  2.45497471E+00  0.00000000E+00
  3.73355879E+05  7.65172059E+06  1.62573526E-09  6.26737669E+04  2.45868508E+00  0.00000000E+00
  3.73716609E+05  7.65282907E+06  1.62550011E-09  6.26977716E+04  2.46238990E+00  0.00000000E+00
  3.74077340E+05  7.65393755E+06  1.62526503E-09  6.27217067E+04  2.46608916E+00  0.00000000E+00
  3.74438070E+05  7.65504603E+06  1.62503002E-09  6.27455723E+04  2.46978282E+00  0.00000000E+00
  3.74798800E+05  7.65615452E+06  1.62479508E-09  6.27693684E+04  2.47347086E+00  0.00000000E+00
  3.75159531E+05  7.65726300E+06  1.62456022E-09  6.27930950E+04  2.47715325E+00  0.00000000E+00
  3.75520261E+05  7.65837148E+06  1.62432543E-09  6.28167520E+04  2.48082996E+00  0.00000000E+00
  3.75880991E+05  7.65947996E+06  1.62409072E-09  6.28403396E+04  2.48450095E+00  0.00000000E+00
  3.76241722E+05  7.66058844E+06  1.62385608E-09  6.28638575E+04  2.48816621E+00  0.00000000E+00
  3.76602452E+05  7.66169692E+06  1.62362151E-09  6.28873060E+04  2.49182569E+00  0.00000000E+00
  3.76963182E+05  7.66280540E+06  1.62338702E-09  6.29106849E+04  2.49547938E+00  0.00000000E+00
  3.77323913E+05  7.66391388E+06  1.62315260E-09  6.29339943E+04  2.49912724E+00  0.00000000E+00
  3.77684643E+05  7.66502236E+06  1.62291825E-09  6.29572342E+04  2.50276925E+00  0.00000000E+00
  3.78045373E+05  7.66613084E+06  1.62268398E-09  6.29804045E+04  2.50640538E+00  0.00000000E+00
  3.78406104E+05  7.66723932E+06  1.62244978E-09  6.30035053E+04  2.51003559E+00  0.00000000E+00
  3.78766834E+05  7.66834780E+06  1.62221566E-09  6.30265366E+04  2.51365987E+00  0.00000000E+00
  3.79127564E+05  7.66945629E+06  1.62198161E-09  6.30494984E+04  2.51727817E+00  0.00000000E+00
  3.79488295E+05  7.67056477E+06  1.62174763E-09  6.30723906E+04  2.52089048E+00  0.00000000E+00
  3.79849025E+05  7.67167325E+06  1.62151373E-09  6.30952133E+04  2.52449676E+00  0.00000000E+00
  3.80209755E+05  7.67278173E+06  1.62127990E-09  6.31179664E+04  2.52809699E+00  0.00000000E+00
  3.80570485E+05  7.67389021E+06  1.62104615E-09  6.31406501E+04  2.53169114E+00  0.00000000E+00
  3.80931216E+05  7.67499869E+06  1.62081247E-09  6.31632642E+04  2.53527917E+00  0.00000000E+00
  3.81291946E+05  7.67610717E+06  1.62057887E-09  6.31858088E+04  2.53886107E+00  0.00000000E+00
  3.81652676E+05  7.67721565E+06  1.62034534E-09  6.32082838E+04  2.54243680E+00  0.00000000E+00
  3.82013407E+05  7.67832413E+06  1.62011188E-09  6.32306893E+04  2.54600633E+00  0.00000000E+00
  3.82374137E+05  7.67943261E+06  1.61987850E-09  6.32530253E+04  2.54956964E+00  0.00000000E+00
  3.82734867E+05  7.68054109E+06  1.61964520E-09  6.32752918E+04  2.55312670E+00  0.00000000E+00
  3.83095598E+05  7.68164957E+06  1.61941197E-09  6.32974887E+04  2.55667748E+00  0.00000000E+00
  3.83456328E+05  7.68275806E+06  1.61917882E-09  6.33196161E+04  2.56022195E+00  0.00000000E+00
  3.83817058E+05  7.68386654E+06  1.61894574E-09  6.33416740E+04  2.56376008E+00  0.00000000E+00
  3.84177789E+05  7.68497502E+06  1.61871273E-09  6.33636624E+04  2.56729185E+00  0.00000000E+00
  3.84538519E+05  7.68608350E+06  1.61847980E-09  6.33855812E+04  2.57081723E+00  0.00000000E+00
  3.84899249E+05  7.68719198E+06  1.61824695E-09  6.34074305E+04  2.57433619E+00  0.00000000E+00
  3.85259980E+05  7.68830046E+06  1.61801417E-09  6.34292102E+04  2.57784869E+00  0.00000000E+00
  3.85620710E+05  7.68940894E+06  1.61778147E-09  6.34509205E+04  2.58135473E+00  0.00000000E+00
  3.85981440E+05  7.69051742E+06  1.61754885E-09  6.34725612E+04  2.58485426E+00  0.00000000E+00
  3.86342171E+05  7.69162590E+06  1.61731630E-09  6.34941324E+04  2.58834726E+00  0.00000000E+00
  3.86702901E+05  7.69273438E+06  1.61708383E-09  6.35156340E+04  2.59183370E+00  0.00000000E+00
  3.87063631E+05  7.69384286E+06  1.61685143E-09  6.35370661E+04  2.59531355E+00  0.00000000E+00
  3.87424361E+05  7.69495134E+06  1.61661911E-09  6.35584287E+04  2.59878679E+00  0.00000000E+00
  3.87785092E+05  7.69605983E+06  1.61638687E-09  6.35797218E+04  2.60225338E+00  0.00000000E+00
  3.88145822E+05  7.69716831E+06  1.61615470E-09  6.36009453E+04  2.60571331E+00  0.00000000E+00
  3.88506552E+05  7.69827679E+06  1.61592261E-09  6.36220993E+04  2.60916654E+00  0.00000000E+00
  3.88867283E+05  7.69938527E+06  1.61569059E-09  6.36431838E+04  2.61261304E+00  0.00000000E+00
  3.89228013E+05  7.70049375E+06  1.61545866E-09  6.36641987E+04  2.61605280E+00  0.00000000E+00
  3.89588743E+05  7.70160223E+06  1.61522680E-09  6.36851442E+04  2.61948577E+00  0.00000000E+00
  3.89949474E+05  7.70271071E+06  1.61499502E-09  6.37060201E+04  2.62291194E+00  0.00000000E+00
  3.90310204E+05  7.70381919E+06  1.61476331E-09  6.37268264E+04  2.62633127E+00  0.00000000E+00
  3.90670934E+05  7.70492767E+06  1.61453169E-09  6.37475632E+04  2.62974374E+00  0.00000000E+00
  3.91031665E+05  7.70603615E+06  1.61430014E-09  6.37682306E+04  2.63314932E+00  0.00000000E+00
  3.91392395E+05  7.70714463E+06  1.61406867E-09  6.37888283E+04  2.63654798E+00  0.00000000E+00
  3.91753125E+05  7.70825311E+06  1.61383728E-09  6.38093566E+04  2.63993971E+00  0.00000000E+00
  3.92113856E+05  7.70936159E+06  1.61360596E-09  6.38298153E+04  2.64332446E+00  0.00000000E+00
  3.92474586E+05  7.71047008E+06  1.61337473E-09  6.38502045E+04  2.64670221E+00  0.00000000E+00
  3.92835316E+05  7.71157856E+06  1.61314357E-09  6.38705241E+04  2.65007294E+00  0.00000000E+00
  3.93196047E+05  7.71268704E+06  1.61291249E-09  6.38907743E+04  2.65343662E+00  0.00000000E+00
  3.93556777E+05  7.71379552E+06  1.61268149E-09  6.39109549E+04  2.65679322E+00  0.00000000E+00
  3.93917507E+05  7.71490400E+06  1.61245057E-09  6.39310660E+04  2.66014272E+00  0.00000000E+00
  3.94278238E+05  7.71601248E+06  1.61221973E-09  6.39511075E+04  2.66348508E+00  0.00000000E+00
  3.94638968E+05  7.71712096E+06  1.61198897E-09  6.39710795E+04  2.66682028E+00  0.00000000E+00
  3.94999698E+05  7.71822944E+06  1.61175829E-09  6.39909820E+04  2.67014830E+00  0.00000000E+00
  3.95360428E+05  7.71933792E+06  1.61152769E-09  6.40108150E+04  2.67346911E+00  0.00000000E+00
  3.95721159E+05  7.72044640E+06  1.61129717E-09  6.40305784E+04  2.67678267E+00  0.00000000E+00
  3.96081889E+05  7.72155488E+06  1.61106673E-09  6.40502723E+04  2.68008897E+00  0.00000000E+00
  3.96442619E+05  7.72266336E+06  1.61083637E-09  6.40698967E+04  2.68338798E+00  0.00000000E+00
  3.96803350E+05  7.72377185E+06  1.61060609E-09  6.40894515E+04  2.68667967E+00  0.00000000E+00
  3.97164080E+05  7.72488033E+06  1.61037590E-09  6.41089368E+04  2.68996401E+00  0.00000000E+00
  3.97524810E+05  7.72598881E+06  1.61014578E-09  6.41283526E+04  2.69324098E+00  0.00000000E+00
  3.97885541E+05  7.72709729E+06  1.60991575E-09  6.41476989E+04  2.69651055E+00  0.00000000E+00
  3.98246271E+05  7.72820577E+06  1.60968579E-09  6.41669756E+04  2.69977269E+00  0.00000000E+00
  3.98607001E+05  7.72931425E+06  1.60945592E-09  6.41861828E+04  2.70302738E+00  0.00000000E+00
  3.98967732E+05  7.73042273E+06  1.60922613E-09  6.42053205E+04  2.70627460E+00  0.00000000E+00
  3.99328462E+05  7.73153121E+06  1.60899643E-09  6.42243886E+04  2.70951431E+00  0.00000000E+00
  3.99689192E+05  7.73263969E+06  1.60876680E-09  6.42433873E+04  2.71274649E+00  0.00000000E+00
  4.00049923E+05  7.73374817E+06  1.60853726E-09  6.42623163E+04  2.71597112E+00  0.00000000E+00
  4.00410653E+05  7.73485665E+06  1.60830780E-09  6.42811759E+04  2.71918816E+00  0.00000000E+00
  4.00771383E+05  7.73596513E+06  1.60807843E-09  6.42999659E+04  2.72239759E+00  0.00000000E+00
  4.01132114E+05  7.73707362E+06  1.60784914E-09  6.43186864E+04  2.72559938E+00  0.00000000E+00
  4.01492844E+05  7.73818210E+06  1.60761994E-09  6.43373374E+04  2.72879352E+00  0.00000000E+00
  4.01853574E+05  7.73929058E+06  1.60739081E-09  6.43559189E+04  2.73197997E+00  0.00000000E+00
  4.02214305E+05  7.74039906E+06  1.60716178E-09  6.43744308E+04  2.73515870E+00  0.00000000E+00
  4.02575035E+05  7.74150754E+06  1.60693282E-09  6.43928732E+04  2.73832970E+00  0.00000000E+00
  4.02935765E+05  7.74261602E+06  1.60670396E-09  6.44112460E+04  2.74149293E+00  0.00000000E+00
  4.03296495E+05  7.74372450E+06  1.60647518E-09  6.44295493E+04  2.74464837E+00  0.00000000E+00
  4.03657226E+05  7.74483298E+06  1.60624648E-09  6.44477831E+04  2.74779599E+00  0.00000000E+00
  4.04017956E+05  7.74594146E+06  1.60601787E-09  6.44659474E+04  2.75093578E+00  0.00000000E+00
  4.04378686E+05  7.74704994E+06  1.60578935E-09  6.44840422E+04  2.75406769E+00  0.00000000E+00
  4.04739417E+05  7.74815842E+06  1.60556091E-09  6.45020674E+04  2.75719171E+00  0.00000000E+00
  4.05100147E+05  7.74926690E+06  1.60533256E-09  6.45200231E+04  2.76030781E+00  0.00000000E+00
  4.05460877E+05  7.75037539E+06  1.60510430E-09  6.45379092E+04  2.76341596E+00  0.00000000E+00
  4.05821608E+05  7.75148387E+06  1.60487613E-09  6.45557258E+04  2.76651615E+00  0.00000000E+00
  4.06182338E+05  7.75259235E+06  1.60464804E-09  6.45734729E+04  2.76960834E+00  0.00000000E+00
  4.06543068E+05  7.75370083E+06  1.60442005E-09  6.45911505E+04  2.77269250E+00  0.00000000E+00
  4.06903799E+05  7.75480931E+06  1.60419214E-09  6.46087586E+04  2.77576863E+00  0.00000000E+00
  4.07264529E+05  7.75591779E+06  1.60396432E-09  6.46262971E+04  2.77883667E+00  0.00000000E+00
  4.07625259E+05  7.75702627E+06  1.60373659E-09  6.46437661E+04  2.78189662E+00  0.00000000E+00
  4.07985990E+05  7.75813475E+06  1.60350895E-09  6.46611655E+04  2.78494845E+00  0.00000000E+00
  4.08346720E+05  7.75924323E+06  1.60328140E-09  6.46784954E+04  2.78799213E+00  0.00000000E+00
  4.08707450E+05  7.76035171E+06  1.60305394E-09  6.46957558E+04  2.79102764E+00  0.00000000E+00
  4.09068181E+05  7.76146019E+06  1.60282658E-09  6.47129467E+04  2.79405495E+00  0.00000000E+00
  4.09428911E+05  7.76256867E+06  1.60259930E-09  6.47300681E+04  2.79707403E+00  0.00000000E+00
  4.09789641E+05  7.76367716E+06  1.60237212E-09  6.47471199E+04  2.80008487E+00  0.00000000E+00
  4.10150372E+05  7.76478564E+06  1.60214503E-09  6.47641021E+04  2.80308743E+00  0.00000000E+00
  4.10511102E+05  7.76589412E+06  1.60191803E-09  6.47810149E+04  2.80608170E+00  0.00000000E+00
  4.10871832E+05  7.76700260E+06  1.60169112E-09  6.47978581E+04  2.80906764E+00  0.00000000E+00
  4.11232562E+05  7.76811108E+06  1.60146431E-09  6.48146318E+04  2.81204523E+00  0.00000000E+00
  4.11593293E+05  7.76921956E+06  1.60123760E-09  6.48313360E+04  2.81501445E+00  0.00000000E+00
  4.11954023E+05  7.77032804E+06  1.60101098E-09  6.48479706E+04  2.81797527E+00  0.00000000E+00
  4.12314753E+05  7.77143652E+06  1.60078445E-09  6.48645358E+04  2.82092767E+00  0.00000000E+00
  4.12675484E+05  7.77254500E+06  1.60055802E-09  6.48810313E+04  2.82387162E+00  0.00000000E+00
  4.13036214E+05  7.77365348E+06  1.60033169E-09  6.48974574E+04  2.82680710E+00  0.00000000E+00
  4.13396944E+05  7.77476196E+06  1.60010545E-09  6.49138139E+04  2.82973408E+00  0.00000000E+00
  4.13757675E+05  7.77587044E+06  1.59987931E-09  6.49301009E+04  2.83265254E+00  0.00000000E+00
  4.14118405E+05  7.77697892E+06  1.59965327E-09  6.49463184E+04  2.83556246E+00  0.00000000E+00
  4.14479135E+05  7.77808741E+06  1.59942732E-09  6.49624663E+04  2.83846380E+00  0.00000000E+00
  4.14839866E+05  7.77919589E+06  1.59920148E-09  6.49785447E+04  2.84135655E+00  0.00000000E+00
  4.15200596E+05  7.78030437E+06  1.59897573E-09  6.49945536E+04  2.84424067E+00  0.00000000E+00
  4.15561326E+05  7.78141285E+06  1.59875008E-09  6.50104930E+04  2.84711616E+00  0.00000000E+00
  4.15922057E+05  7.78252133E+06  1.59852454E-09  6.50263628E+04  2.84998297E+00  0.00000000E+00
  4.16282787E+05  7.78362981E+06  1.59829909E-09  6.50421631E+04  2.85284110E+00  0.00000000E+00
  4.16643517E+05  7.78473829E+06  1.59807375E-09  6.50578939E+04  2.85569050E+00  0.00000000E+00
  4.17004248E+05  7.78584677E+06  1.59784851E-09  6.50735551E+04  2.85853117E+00  0.00000000E+00
  4.17364978E+05  7.78695525E+06  1.59762337E-09  6.50891468E+04  2.86136307E+00  0.00000000E+00
  4.17725708E+05  7.78806373E+06  1.59739834E-09  6.51046690E+04  2.86418617E+00  0.00000000E+00
  4.18086439E+05  7.78917221E+06  1.59717341E-09  6.51201216E+04  2.86700047E+00  0.00000000E+00
  4.18447169E+05  7.79028069E+06  1.59694859E-09  6.51355048E+04  2.86980593E+00  0.00000000E+00
  4.18807899E+05  7.79138918E+06  1.59672387E-09  6.51508184E+04  2.87260252E+00  0.00000000E+00
  4.19168629E+05  7.79249766E+06  1.59649925E-09  6.51660624E+04  2.87539023E+00  0.00000000E+00
  4.19529360E+05  7.79360614E+06  1.59627475E-09  6.51812370E+04  2.87816903E+00  0.00000000E+00
  4.19890090E+05  7.79471462E+06  1.59605035E-09  6.51963420E+04  2.88093890E+00  0.00000000E+00
  4.20250820E+05  7.79582310E+06  1.59582606E-09  6.52113775E+04  2.88369980E+00  0.00000000E+00
  4.20611551E+05  7.79693158E+06  1.59560188E-09  6.52263434E+04  2.88645173E+00  0.00000000E+00
  4.20972281E+05  7.79804006E+06  1.59537781E-09  6.52412398E+04  2.88919465E+00  0.00000000E+00
  4.21333011E+05  7.79914854E+06  1.59515384E-09  6.52560667E+04  2.89192854E+00  0.00000000E+00
  4.21693742E+05  7.80025702E+06  1.59492999E-09  6.52708241E+04  2.89465338E+00  0.00000000E+00
  4.22054472E+05  7.80136550E+06  1.59470626E-09  6.52855119E+04  2.89736914E+00  0.00000000E+00
  4.22415202E+05  7.80247398E+06  1.59448263E-09  6.53001302E+04  2.90007579E+00  0.00000000E+00
  4.22775933E+05  7.80358246E+06  1.59425912E-09  6.53146790E+04  2.90277333E+00  0.00000000E+00
  4.23136663E+05  7.80469095E+06  1.59403572E-09  6.53291583E+04  2.90546172E+00  0.00000000E+00
  4.23497393E+05  7.80579943E+06  1.59381244E-09  6.53435680E+04  2.90814093E+00  0.00000000E+00
  4.23858124E+05  7.80690791E+06  1.59358928E-09  6.53579082E+04  2.91081095E+00  0.00000000E+00
  4.24218854E+05  7.80801639E+06  1.59336623E-09  6.53721789E+04  2.91347175E+00  0.00000000E+00
  4.24579584E+05  7.80912487E+06  1.59314330E-09  6.53863800E+04  2.91612331E+00  0.00000000E+00
  4.24940315E+05  7.81023335E+06  1.59292049E-09  6.54005116E+04  2.91876561E+00  0.00000000E+00
  4.25301045E+05  7.81134183E+06  1.59269779E-09  6.54145737E+04  2.92139861E+00  0.00000000E+00
  4.25661775E+05  7.81245031E+06  1.59247522E-09  6.54285662E+04  2.92402231E+00  0.00000000E+00
  4.26022506E+05  7.81355879E+06  1.59225277E-09  6.54424892E+04  2.92663666E+00  0.00000000E+00
  4.26383236E+05  7.81466727E+06  1.59203045E-09  6.54563427E+04  2.92924166E+00  0.00000000E+00
  4.26743966E+05  7.81577575E+06  1.59180824E-09  6.54701267E+04  2.93183727E+00  0.00000000E+00
  4.27104696E+05  7.81688423E+06  1.59158616E-09  6.54838411E+04  2.93442348E+00  0.00000000E+00
  4.27465427E+05  7.81799272E+06  1.59136421E-09  6.54974861E+04  2.93700026E+00  0.00000000E+00
  4.27826157E+05  7.81910120E+06  1.59114238E-09  6.55110614E+04  2.93956759E+00  0.00000000E+00
  4.28186887E+05  7.82020968E+06  1.59092068E-09  6.55245673E+04  2.94212545E+00  0.00000000E+00
  4.28547618E+05  7.82131816E+06  1.59069911E-09  6.55380036E+04  2.94467380E+00  0.00000000E+00
  4.28908348E+05  7.82242664E+06  1.59047767E-09  6.55513704E+04  2.94721263E+00  0.00000000E+00
  4.29269078E+05  7.82353512E+06  1.59025636E-09  6.55646677E+04  2.94974192E+00  0.00000000E+00
  4.29629809E+05  7.82464360E+06  1.59003518E-09  6.55778954E+04  2.95226164E+00  0.00000000E+00
  4.29990539E+05  7.82575208E+06  1.58981413E-09  6.55910536E+04  2.95477177E+00  0.00000000E+00
  4.30351269E+05  7.82686056E+06  1.58959322E-09  6.56041423E+04  2.95727228E+00  0.00000000E+00
  4.30712000E+05  7.82796904E+06  1.58937245E-09  6.56171614E+04  2.95976316E+00  0.00000000E+00
  4.31072730E+05  7.82907752E+06  1.58915181E-09  6.56301110E+04  2.96224438E+00  0.00000000E+00
  4.31433460E+05  7.83018600E+06  1.58893131E-09  6.56429911E+04  2.96471592E+00  0.00000000E+00
  4.31794191E+05  7.83129449E+06  1.58871094E-09  6.56558017E+04  2.96717775E+00  0.00000000E+00
  4.32154921E+05  7.83240297E+06  1.58849072E-09  6.56685427E+04  2.96962985E+00  0.00000000E+00
  4.32515651E+05  7.83351145E+06  1.58827064E-09  6.56812142E+04  2.97207220E+00  0.00000000E+00
  4.32876382E+05  7.83461993E+06  1.58805070E-09  6.56938162E+04  2.97450477E+00  0.00000000E+00
  4.33237112E+05  7.83572841E+06  1.58783091E-09  6.57063487E+04  2.97692755E+00  0.00000000E+00
  4.33597842E+05  7.83683689E+06  1.58761126E-09  6.57188116E+04  2.97934051E+00  0.00000000E+00
  4.33958573E+05  7.83794537E+06  1.58739176E-09  6.57312050E+04  2.98174362E+00  0.00000000E+00
  4.34319303E+05  7.83905385E+06  1.58717241E-09  6.57435288E+04  2.98413687E+00  0.00000000E+00
  4.34680033E+05  7.84016233E+06  1.58695321E-09  6.57557832E+04  2.98652023E+00  0.00000000E+00
  4.35040763E+05  7.84127081E+06  1.58673416E-09  6.57679680E+04  2.98889368E+00  0.00000000E+00
  4.35401494E+05  7.84237929E+06  1.58651526E-09  6.57800832E+04  2.99125720E+00  0.00000000E+00
  4.35762224E+05  7.84348777E+06  1.58629652E-09  6.57921290E+04  2.99361076E+00  0.00000000E+00
  4.36122954E+05  7.84459625E+06  1.58607793E-09  6.58041052E+04  2.99595433E+00  0.00000000E+00
  4.36483685E+05  7.84570474E+06  1.58585950E-09  6.58160119E+04  2.99828791E+00  0.00000000E+00
  4.36844415E+05  7.84681322E+06  1.58564123E-09  6.58278491E+04  3.00061146E+00  0.00000000E+00
  4.37205145E+05  7.84792170E+06  1.58542312E-09  6.58396167E+04  3.00292497E+00  0.00000000E+00
  4.37565876E+05  7.84903018E+06  1.58520517E-09  6.58513148E+04  3.00522840E+00  0.00000000E+00
  4.37926606E+05  7.85013866E+06  1.58498738E-09  6.58629434E+04  3.00752175E+00  0.00000000E+00
  4.38287336E+05  7.85124714E+06  1.58476977E-09  6.58745024E+04  3.00980497E+00  0.00000000E+00
  4.38648067E+05  7.85235562E+06  1.58455232E-09  6.58859919E+04  3.01207806E+00  0.00000000E+00
  4.39008797E+05  7.85346410E+06  1.58433503E-09  6.58974119E+04  3.01434099E+00  0.00000000E+00
  4.39369527E+05  7.85457258E+06  1.58411792E-09  6.59087624E+04  3.01659374E+00  0.00000000E+00
  4.39730258E+05  7.85568106E+06  1.58390098E-09  6.59200433E+04  3.01883627E+00  0.00000000E+00
  4.40090988E+05  7.85678954E+06  1.58368422E-09  6.59312547E+04  3.02106859E+00  0.00000000E+00
  4.40451718E+05  7.85789802E+06  1.58346763E-09  6.59423966E+04  3.02329065E+00  0.00000000E+00
  4.40812449E+05  7.85900651E+06  1.58325122E-09  6.59534689E+04  3.02550243E+00  0.00000000E+00
  4.41173179E+05  7.86011499E+06  1.58303500E-09  6.59644718E+04  3.02770392E+00  0.00000000E+00
  4.41533909E+05  7.86122347E+06  1.58281895E-09  6.59754050E+04  3.02989509E+00  0.00000000E+00
  4.41894640E+05  7.86233195E+06  1.58260309E-09  6.59862688E+04  3.03207592E+00  0.00000000E+00
  4.42255370E+05  7.86344043E+06  1.58238741E-09  6.59970630E+04  3.03424639E+00  0.00000000E+00
  4.42616100E+05  7.86454891E+06  1.58217193E-09  6.60077877E+04  3.03640647E+00  0.00000000E+00
  4.42976830E+05  7.86565739E+06  1.58195663E-09  6.60184429E+04  3.03855614E+00  0.00000000E+00
  4.43337561E+05  7.86676587E+06  1.58174153E-09  6.60290286E+04  3.04069538E+00  0.00000000E+00
  4.43698291E+05  7.86787435E+06  1.58152662E-09  6.60395447E+04  3.04282416E+00  0.00000000E+00
  4.44059021E+05  7.86898283E+06  1.58131191E-09  6.60499913E+04  3.04494247E+00  0.00000000E+00
  4.44419752E+05  7.87009131E+06  1.58109740E-09  6.60603683E+04  3.04705027E+00  0.00000000E+00
  4.44780482E+05  7.87119979E+06  1.58088309E-09  6.60706758E+04  3.04914756E+00  0.00000000E+00
  4.45141212E+05  7.87230828E+06  1.58066898E-09  6.60809139E+04  3.05123430E+00  0.00000000E+00
  4.45501943E+05  7.87341676E+06  1.58045509E-09  6.60910823E+04  3.05331047E+00  0.00000000E+00
  4.45862673E+05  7.87452524E+06  1.58024140E-09  6.61011813E+04  3.05537605E+00  0.00000000E+00
  4.46223403E+05  7.87563372E+06  1.58002792E-09  6.61112107E+04  3.05743102E+00  0.00000000E+00
  4.46584134E+05  7.87674220E+06  1.57981466E-09  6.61211706E+04  3.05947535E+00  0.00000000E+00
  4.46944864E+05  7.87785068E+06  1.57960161E-09  6.61310609E+04  3.06150903E+00  0.00000000E+00
  4.47305594E+05  7.87895916E+06  1.57938878E-09  6.61408818E+04  3.06353202E+00  0.00000000E+00
  4.47666325E+05  7.88006764E+06  1.57917618E-09  6.61506331E+04  3.06554431E+00  0.00000000E+00
  4.48027055E+05  7.88117612E+06  1.57896380E-09  6.61603148E+04  3.06754587E+00  0.00000000E+00
  4.48387785E+05  7.88228460E+06  1.57875165E-09  6.61699271E+04  3.06953669E+00  0.00000000E+00
  4.48748516E+05  7.88339308E+06  1.57853972E-09  6.61794698E+04  3.07151673E+00  0.00000000E+00
  4.49109246E+05  7.88450156E+06  1.57832804E-09  6.61889430E+04  3.07348597E+00  0.00000000E+00
  4.49469976E+05  7.88561005E+06  1.57811658E-09  6.61983466E+04  3.07544440E+00  0.00000000E+00
  4.49830707E+05  7.88671853E+06  1.57790537E-09  6.62076808E+04  3.07739199E+00  0.00000000E+00
  4.50191437E+05  7.88782701E+06  1.57769440E-09  6.62169454E+04  3.07932871E+00  0.00000000E+00
  4.50552167E+05  7.88893549E+06  1.57748367E-09  6.62261404E+04  3.08125455E+00  0.00000000E+00
  4.50912897E+05  7.89004397E+06  1.57727319E-09  6.62352660E+04  3.08316947E+00  0.00000000E+00
  4.51273628E+05  7.89115245E+06  1.57706296E-09  6.62443220E+04  3.08507346E+00  0.00000000E+00
  4.51634358E+05  7.89226093E+06  1.57685299E-09  6.62533085E+04  3.08696650E+00  0.00000000E+00
  4.51995088E+05  7.89336941E+06  1.57664328E-09  6.62622254E+04  3.08884855E+00  0.00000000E+00
  4.52355819E+05  7.89447789E+06  1.57643382E-09  6.62710729E+04  3.09071961E+00  0.00000000E+00
  4.52716549E+05  7.89558637E+06  1.57622463E-09  6.62798507E+04  3.09257964E+00  0.00000000E+00
  4.53077279E+05  7.89669485E+06  1.57601571E-09  6.62885591E+04  3.09442861E+00  0.00000000E+00
  4.53438010E+05  7.89780333E+06  1.57580706E-09  6.62971980E+04  3.09626652E+00  0.00000000E+00
  4.53798740E+05  7.89891182E+06  1.57559869E-09  6.63057673E+04  3.09809333E+00  0.00000000E+00
  4.54159470E+05  7.90002030E+06  1.57539059E-09  6.63142671E+04  3.09990902E+00  0.00000000E+00
  4.54520201E+05  7.90112878E+06  1.57518278E-09  6.63226973E+04  3.10171357E+00  0.00000000E+00
  4.54880931E+05  7.90223726E+06  1.57497525E-09  6.63310580E+04  3.10350695E+00  0.00000000E+00
  4.55241661E+05  7.90334574E+06  1.57476801E-09  6.63393492E+04  3.10528914E+00  0.00000000E+00
  4.55602392E+05  7.90445422E+06  1.57456107E-09  6.63475709E+04  3.10706012E+00  0.00000000E+00
  4.55963122E+05  7.90556270E+06  1.57435443E-09  6.63557230E+04  3.10881986E+00  0.00000000E+00
  4.56323852E+05  7.90667118E+06  1.57414808E-09  6.63638057E+04  3.11056834E+00  0.00000000E+00
  4.56684583E+05  7.90777966E+06  1.57394205E-09  6.63718187E+04  3.11230553E+00  0.00000000E+00
  4.57045313E+05  7.90888814E+06  1.57373632E-09  6.63797623E+04  3.11403142E+00  0.00000000E+00
  4.57406043E+05  7.90999662E+06  1.57353091E-09  6.63876363E+04  3.11574597E+00  0.00000000E+00
  4.57766774E+05  7.91110510E+06  1.57332581E-09  6.63954408E+04  3.11744916E+00  0.00000000E+00
  4.58127504E+05  7.91221359E+06  1.57312104E-09  6.64031758E+04  3.11914098E+00  0.00000000E+00
  4.58488234E+05  7.91332207E+06  1.57291660E-09  6.64108412E+04  3.12082138E+00  0.00000000E+00
  4.58848964E+05  7.91443055E+06  1.57271249E-09  6.64184371E+04  3.12249036E+00  0.00000000E+00
  4.59209695E+05  7.91553903E+06  1.57250871E-09  6.64259635E+04  3.12414788E+00  0.00000000E+00
  4.59570425E+05  7.91664751E+06  1.57230528E-09  6.64334204E+04  3.12579393E+00  0.00000000E+00
  4.59931155E+05  7.91775599E+06  1.57210219E-09  6.64408077E+04  3.12742847E+00  0.00000000E+00
  4.60291886E+05  7.91886447E+06  1.57189945E-09  6.64481255E+04  3.12905148E+00  0.00000000E+00
  4.60652616E+05  7.91997295E+06  1.57169707E-09  6.64553738E+04  3.13066294E+00  0.00000000E+00
  4.61013346E+05  7.92108143E+06  1.57149506E-09  6.64625525E+04  3.13226282E+00  0.00000000E+00
  4.61374077E+05  7.92218991E+06  1.57129340E-09  6.64696617E+04  3.13385110E+00  0.00000000E+00
  4.61734807E+05  7.92329839E+06  1.57109212E-09  6.64767014E+04  3.13542775E+00  0.00000000E+00
  4.62095537E+05  7.92440687E+06  1.57089122E-09  6.64836715E+04  3.13699275E+00  0.00000000E+00
  4.62456268E+05  7.92551535E+06  1.57069069E-09  6.64905722E+04  3.13854607E+00  0.00000000E+00
  4.62816998E+05  7.92662384E+06  1.57049056E-09  6.64974033E+04  3.14008768E+00  0.00000000E+00
  4.63177728E+05  7.92773232E+06  1.57029081E-09  6.65041648E+04  3.14161757E+00  0.00000000E+00
  4.63538459E+05  7.92884080E+06  1.57009147E-09  6.65108569E+04  3.14313570E+00  0.00000000E+00
  4.63899189E+05  7.92994928E+06  1.56989253E-09  6.65174794E+04  3.14464205E+00  0.00000000E+00
  4.64259919E+05  7.93105776E+06  1.56969400E-09  6.65240324E+04  3.14613659E+00  0.00000000E+00
  4.64620650E+05  7.93216624E+06  1.56949589E-09  6.65305158E+04  3.14761930E+00  0.00000000E+00
  4.64981380E+05  7.93327472E+06  1.56929820E-09  6.65369297E+04  3.14909015E+00  0.00000000E+00
  4.65342110E+05  7.93438320E+06  1.56910093E-09  6.65432741E+04  3.15054911E+00  0.00000000E+00
  4.65702840E+05  7.93549168E+06  1.56890411E-09  6.65495490E+04  3.15199616E+00  0.00000000E+00
  4.66063571E+05  7.93660016E+06  1.56870772E-09  6.65557543E+04  3.15343128E+00  0.00000000E+00
  4.66424301E+05  7.93770864E+06  1.56851178E-09  6.65618901E+04  3.15485443E+00  0.00000000E+00
  4.66785031E+05  7.93881712E+06  1.56831630E-09  6.65679564E+04  3.15626558E+00  0.00000000E+00
  4.67145762E+05  7.93992561E+06  1.56812127E-09  6.65739532E+04  3.15766472E+00  0.00000000E+00
  4.67506492E+05  7.94103409E+06  1.56792672E-09  6.65798804E+04  3.15905181E+00  0.00000000E+00
  4.67867222E+05  7.94214257E+06  1.56773264E-09  6.65857381E+04  3.16042682E+00  0.00000000E+00
  4.68227953E+05  7.94325105E+06  1.56753904E-09  6.65915263E+04  3.16178973E+00  0.00000000E+00
  4.68588683E+05  7.94435953E+06  1.56734593E-09  6.65972449E+04  3.16314052E+00  0.00000000E+00
  4.68949413E+05  7.94546801E+06  1.56715332E-09  6.66028940E+04  3.16447914E+00  0.00000000E+00
  4.69310144E+05  7.94657649E+06  1.56696121E-09  6.66084736E+04  3.16580558E+00  0.00000000E+00
  4.69670874E+05  7.94768497E+06  1.56676961E-09  6.66139836E+04  3.16711981E+00  0.00000000E+00
  4.70031604E+05  7.94879345E+06  1.56657853E-09  6.66194242E+04  3.16842179E+00  0.00000000E+00
  4.70392335E+05  7.94990193E+06  1.56638798E-09  6.66247951E+04  3.16971151E+00  0.00000000E+00
  4.70753065E+05  7.95101041E+06  1.56619796E-09  6.66300966E+04  3.17098892E+00  0.00000000E+00
  4.71113795E+05  7.95211889E+06  1.56600848E-09  6.66353285E+04  3.17225400E+00  0.00000000E+00
  4.71474526E+05  7.95322738E+06  1.56581956E-09  6.66404910E+04  3.17350673E+00  0.00000000E+00
  4.71835256E+05  7.95433586E+06  1.56563120E-09  6.66455838E+04  3.17474707E+00  0.00000000E+00
  4.72195986E+05  7.95544434E+06  1.56544340E-09  6.66506072E+04  3.17597499E+00  0.00000000E+00
  4.72556717E+05  7.95655282E+06  1.56525618E-09  6.66555610E+04  3.17719046E+00  0.00000000E+00
  4.72917447E+05  7.95766130E+06  1.56506955E-09  6.66604453E+04  3.17839346E+00  0.00000000E+00
  4.73278177E+05  7.95876978E+06  1.56488351E-09  6.66652601E+04  3.17958394E+00  0.00000000E+00
  4.73638907E+05  7.95987826E+06  1.56469807E-09  6.66700053E+04  3.18076189E+00  0.00000000E+00
  4.73999638E+05  7.96098674E+06  1.56451325E-09  6.66746810E+04  3.18192727E+00  0.00000000E+00
  4.74360368E+05  7.96209522E+06  1.56432905E-09  6.66792872E+04  3.18308005E+00  0.00000000E+00
  4.74721098E+05  7.96320370E+06  1.56414548E-09  6.66838238E+04  3.18422020E+00  0.00000000E+00
  4.75081829E+05  7.96431218E+06  1.56396256E-09  6.66882909E+04  3.18534768E+00  0.00000000E+00
  4.75442559E+05  7.96542066E+06  1.56378028E-09  6.66926885E+04  3.18646247E+00  0.00000000E+00
  4.75803289E+05  7.96652915E+06  1.56359867E-09  6.66970166E+04  3.18756453E+00  0.00000000E+00
  4.76164020E+05  7.96763763E+06  1.56341773E-09  6.67012751E+04  3.18865382E+00  0.00000000E+00
  4.76524750E+05  7.96874611E+06  1.56323747E-09  6.67054641E+04  3.18973033E+00  0.00000000E+00
  4.76885480E+05  7.96985459E+06  1.56305791E-09  6.67095836E+04  3.19079401E+00  0.00000000E+00
  4.77246211E+05  7.97096307E+06  1.56287905E-09  6.67136336E+04  3.19184483E+00  0.00000000E+00
  4.77606941E+05  7.97207155E+06  1.56270090E-09  6.67176140E+04  3.19288276E+00  0.00000000E+00
  4.77967671E+05  7.97318003E+06  1.56252349E-09  6.67215249E+04  3.19390776E+00  0.00000000E+00
  4.78328402E+05  7.97428851E+06  1.56234680E-09  6.67253662E+04  3.19491980E+00  0.00000000E+00
  4.78689132E+05  7.97539699E+06  1.56217087E-09  6.67291381E+04  3.19591884E+00  0.00000000E+00
  4.79049862E+05  7.97650547E+06  1.56199570E-09  6.67328404E+04  3.19690486E+00  0.00000000E+00
  4.79410593E+05  7.97761395E+06  1.56182130E-09  6.67364731E+04  3.19787781E+00  0.00000000E+00
  4.79771323E+05  7.97872243E+06  1.56164769E-09  6.67400364E+04  3.19883765E+00  0.00000000E+00
  4.80132053E+05  7.97983092E+06  1.56147487E-09  6.67435301E+04  3.19978436E+00  0.00000000E+00
  4.80492784E+05  7.98093940E+06  1.56130287E-09  6.67469543E+04  3.20071790E+00  0.00000000E+00
  4.80853514E+05  7.98204788E+06  1.56113169E-09  6.67503090E+04  3.20163823E+00  0.00000000E+00
  4.81214244E+05  7.98315636E+06  1.56096134E-09  6.67535941E+04  3.20254531E+00  0.00000000E+00
  4.81574974E+05  7.98426484E+06  1.56079184E-09  6.67568097E+04  3.20343911E+00  0.00000000E+00
  4.81935705E+05  7.98537332E+06  1.56062321E-09  6.67599558E+04  3.20431958E+00  0.00000000E+00
  4.82296435E+05  7.98648180E+06  1.56045545E-09  6.67630323E+04  3.20518670E+00  0.00000000E+00
  4.82657165E+05  7.98759028E+06  1.56028858E-09  6.67660393E+04  3.20604041E+00  0.00000000E+00
  4.83017896E+05  7.98869876E+06  1.56012262E-09  6.67689768E+04  3.20688069E+00  0.00000000E+00
  4.83378626E+05  7.98980724E+06  1.55995758E-09  6.67718448E+04  3.20770749E+00  0.00000000E+00
  4.83739356E+05  7.99091572E+06  1.55979347E-09  6.67746432E+04  3.20852078E+00  0.00000000E+00
  4.84100087E+05  7.99202420E+06  1.55963031E-09  6.67773902E+04  3.20932359E+00  0.00000000E+00
  4.84460817E+05  7.99313268E+06  1.55946811E-09  6.67801345E+04  3.21012416E+00  0.00000000E+00
  4.84821547E+05  7.99424117E+06  1.55930689E-09  6.67828787E+04  3.21092293E+00  0.00000000E+00
  4.85182278E+05  7.99534965E+06  1.55914667E-09  6.67856230E+04  3.21171987E+00  0.00000000E+00
  4.85543008E+05  7.99645813E+06  1.55898746E-09  6.67883673E+04  3.21251493E+00  0.00000000E+00
  4.85903738E+05  7.99756661E+06  1.55882927E-09  6.67911115E+04  3.21330808E+00  0.00000000E+00
  4.86264469E+05  7.99867509E+06  1.55867213E-09  6.67938558E+04  3.21409930E+00  0.00000000E+00
  4.86625199E+05  7.99978357E+06  1.55851605E-09  6.67966001E+04  3.21488853E+00  0.00000000E+00
  4.86985929E+05  8.00089205E+06  1.55836105E-09  6.67993443E+04  3.21567574E+00  0.00000000E+00
  4.87346660E+05  8.00200053E+06  1.55820714E-09  6.68020886E+04  3.21646089E+00  0.00000000E+00
  4.87707390E+05  8.00310901E+06  1.55805435E-09  6.68048329E+04  3.21724395E+00  0.00000000E+00
  4.88068120E+05  8.00421749E+06  1.55790268E-09  6.68075771E+04  3.21802488E+00  0.00000000E+00
  4.88428851E+05  8.00532597E+06  1.55775217E-09  6.68103214E+04  3.21880363E+00  0.00000000E+00
  4.88789581E+05  8.00643445E+06  1.55760282E-09  6.68130657E+04  3.21958016E+00  0.00000000E+00
  4.89150311E+05  8.00754294E+06  1.55745466E-09  6.68158099E+04  3.22035444E+00  0.00000000E+00
  4.89511041E+05  8.00865142E+06  1.55730771E-09  6.68185542E+04  3.22112642E+00  0.00000000E+00
  4.89871772E+05  8.00975990E+06  1.55716198E-09  6.68212985E+04  3.22189605E+00  0.00000000E+00
  4.90232502E+05  8.01086838E+06  1.55701749E-09  6.68240428E+04  3.22266330E+00  0.00000000E+00
  4.90593232E+05  8.01197686E+06  1.55687427E-09  6.68267870E+04  3.22342812E+00  0.00000000E+00
  4.90953963E+05  8.01308534E+06  1.55673234E-09  6.68295313E+04  3.22419047E+00  0.00000000E+00
  4.91314693E+05  8.01419382E+06  1.55659172E-09  6.68322756E+04  3.22495029E+00  0.00000000E+00
  4.91675423E+05  8.01530230E+06  1.55645242E-09  6.68350198E+04  3.22570754E+00  0.00000000E+00
  4.92036154E+05  8.01641078E+06  1.55631448E-09  6.68377641E+04  3.22646218E+00  0.00000000E+00
  4.92396884E+05  8.01751926E+06  1.55617790E-09  6.68405084E+04  3.22721415E+00  0.00000000E+00
  4.92757614E+05  8.01862774E+06  1.55604272E-09  6.68432526E+04  3.22796341E+00  0.00000000E+00
  4.93118345E+05  8.01973622E+06  1.55590896E-09  6.68459969E+04  3.22870991E+00  0.00000000E+00
  4.93479075E+05  8.02084471E+06  1.55577664E-09  6.68487412E+04  3.22945359E+00  0.00000000E+00
  4.93839805E+05  8.02195319E+06  1.55564578E-09  6.68514854E+04  3.23019441E+00  0.00000000E+00
  4.94200536E+05  8.02306167E+06  1.55551641E-09  6.68542297E+04  3.23093231E+00  0.00000000E+00
  4.94561266E+05  8.02417015E+06  1.55538855E-09  6.68569740E+04  3.23166723E+00  0.00000000E+00
  4.94921996E+05  8.02527863E+06  1.55526223E-09  6.68597182E+04  3.23239913E+00  0.00000000E+00
  4.95282727E+05  8.02638711E+06  1.55513748E-09  6.68624625E+04  3.23312795E+00  0.00000000E+00
  4.95643457E+05  8.02749559E+06  1.55501431E-09  6.68652068E+04  3.23385363E+00  0.00000000E+00
  4.96004187E+05  8.02860407E+06  1.55489275E-09  6.68679511E+04  3.23457611E+00  0.00000000E+00
  4.96364918E+05  8.02971255E+06  1.55477284E-09  6.68706953E+04  3.23529534E+00  0.00000000E+00
  4.96725648E+05  8.03082103E+06  1.55465459E-09  6.68734396E+04  3.23601126E+00  0.00000000E+00
  4.97086378E+05  8.03192951E+06  1.55453804E-09  6.68761839E+04  3.23672381E+00  0.00000000E+00
  4.97447108E+05  8.03303799E+06  1.55442321E-09  6.68789281E+04  3.23743292E+00  0.00000000E+00
  4.97807839E+05  8.03414648E+06  1.55431013E-09  6.68816724E+04  3.23813853E+00  0.00000000E+00
  4.98168569E+05  8.03525496E+06  1.55419883E-09  6.68844167E+04  3.23884059E+00  0.00000000E+00
  4.98529299E+05  8.03636344E+06  1.55408934E-09  6.68871609E+04  3.23953902E+00  0.00000000E+00
  4.98890030E+05  8.03747192E+06  1.55398169E-09  6.68899052E+04  3.24023377E+00  0.00000000E+00
  4.99250760E+05  8.03858040E+06  1.55387592E-09  6.68926495E+04  3.24092475E+00  0.00000000E+00
  4.99611490E+05  8.03968888E+06  1.55377204E-09  6.68953937E+04  3.24161192E+00  0.00000000E+00
  4.99972221E+05  8.04079736E+06  1.55367009E-09  6.68981380E+04  3.24229519E+00  0.00000000E+00
  5.00332951E+05  8.04190584E+06  1.55357011E-09  6.69008823E+04  3.24297450E+00  0.00000000E+00
  5.00693681E+05  8.04301432E+06  1.55347212E-09  6.69036265E+04  3.24364978E+00  0.00000000E+00
  5.01054412E+05  8.04412280E+06  1.55337616E-09  6.69063708E+04  3.24432095E+00  0.00000000E+00
  5.01415142E+05  8.04523128E+06  1.55328227E-09  6.69091151E+04  3.24498795E+00  0.00000000E+00
  5.01775872E+05  8.04633976E+06  1.55319047E-09  6.69118594E+04  3.24565069E+00  0.00000000E+00
  5.02136603E+05  8.04744825E+06  1.55310080E-09  6.69146036E+04  3.24630910E+00  0.00000000E+00
  5.02497333E+05  8.04855673E+06  1.55301330E-09  6.69173479E+04  3.24696310E+00  0.00000000E+00
  5.02858063E+05  8.04966521E+06  1.55292800E-09  6.69200922E+04  3.24761262E+00  0.00000000E+00
  5.03218794E+05  8.05077369E+06  1.55284494E-09  6.69228364E+04  3.24825758E+00  0.00000000E+00
  5.03579524E+05  8.05188217E+06  1.55276416E-09  6.69255807E+04  3.24889789E+00  0.00000000E+00
  5.03940254E+05  8.05299065E+06  1.55268569E-09  6.69283250E+04  3.24953347E+00  0.00000000E+00
  5.04300985E+05  8.05409913E+06  1.55260958E-09  6.69310692E+04  3.25016424E+00  0.00000000E+00
  5.04661715E+05  8.05520761E+06  1.55253585E-09  6.69338135E+04  3.25079011E+00  0.00000000E+00
  5.05022445E+05  8.05631609E+06  1.55246456E-09  6.69365578E+04  3.25141100E+00  0.00000000E+00
  5.05383175E+05  8.05742457E+06  1.55239573E-09  6.69393020E+04  3.25202682E+00  0.00000000E+00
  5.05743906E+05  8.05853305E+06  1.55232942E-09  6.69420463E+04  3.25263747E+00  0.00000000E+00
  5.06104636E+05  8.05964153E+06  1.55226567E-09  6.69447906E+04  3.25324287E+00  0.00000000E+00
  5.06465366E+05  8.06075001E+06  1.55220451E-09  6.69475348E+04  3.25384293E+00  0.00000000E+00
  5.06826097E+05  8.06185850E+06  1.55214599E-09  6.69502791E+04  3.25443755E+00  0.00000000E+00
  5.07186827E+05  8.06296698E+06  1.55209015E-09  6.69530234E+04  3.25502663E+00  0.00000000E+00
  5.07547557E+05  8.06407546E+06  1.55203704E-09  6.69557676E+04  3.25561008E+00  0.00000000E+00
  5.07908288E+05  8.06518394E+06  1.55198670E-09  6.69585119E+04  3.25618780E+00  0.00000000E+00
  5.08269018E+05  8.06629242E+06  1.55193918E-09  6.69612562E+04  3.25675969E+00  0.00000000E+00
  5.08629748E+05  8.06740090E+06  1.55189453E-09  6.69640005E+04  3.25732565E+00  0.00000000E+00
  5.08990479E+05  8.06850938E+06  1.55185279E-09  6.69667447E+04  3.25788557E+00  0.00000000E+00
  5.09351209E+05  8.06961786E+06  1.55181402E-09  6.69694890E+04  3.25843935E+00  0.00000000E+00
  5.09711939E+05  8.07072634E+06  1.55177825E-09  6.69722333E+04  3.25898688E+00  0.00000000E+00
  5.10072670E+05  8.07183482E+06  1.55174555E-09  6.69749775E+04  3.25952805E+00  0.00000000E+00
  5.10433400E+05  8.07294330E+06  1.55171596E-09  6.69777218E+04  3.26006276E+00  0.00000000E+00
  5.10794130E+05  8.07405178E+06  1.55168953E-09  6.69804661E+04  3.26059088E+00  0.00000000E+00
  5.11154861E+05  8.07516027E+06  1.55166632E-09  6.69832103E+04  3.26111231E+00  0.00000000E+00
  5.11515591E+05  8.07626875E+06  1.55164638E-09  6.69859546E+04  3.26162693E+00  0.00000000E+00
  5.11876321E+05  8.07737723E+06  1.55162977E-09  6.69886989E+04  3.26213462E+00  0.00000000E+00
  5.12237052E+05  8.07848571E+06  1.55161653E-09  6.69914431E+04  3.26263527E+00  0.00000000E+00
  5.12597782E+05  8.07959419E+06  1.55160673E-09  6.69941874E+04  3.26312874E+00  0.00000000E+00
  5.12958512E+05  8.08070267E+06  1.55160042E-09  6.69969317E+04  3.26361492E+00  0.00000000E+00
  5.13319242E+05  8.08181115E+06  1.55159767E-09  6.69996759E+04  3.26409368E+00  0.00000000E+00
  5.13679973E+05  8.08291963E+06  1.55159852E-09  6.70024202E+04  3.26456489E+00  0.00000000E+00
  5.14040703E+05  8.08402811E+06  1.55160305E-09  6.70051645E+04  3.26502843E+00  0.00000000E+00
  5.14401433E+05  8.08513659E+06  1.55161130E-09  6.70079088E+04  3.26548416E+00  0.00000000E+00
  5.14762164E+05  8.08624507E+06  1.55162335E-09  6.70106530E+04  3.26593195E+00  0.00000000E+00
  5.15122894E+05  8.08735355E+06  1.55163926E-09  6.70133973E+04  3.26637166E+00  0.00000000E+00
  5.15483624E+05  8.08846204E+06  1.55165909E-09  6.70161416E+04  3.26680315E+00  0.00000000E+00
  5.15844355E+05  8.08957052E+06  1.55168290E-09  6.70188858E+04  3.26722629E+00  0.00000000E+00
  5.16205085E+05  8.09067900E+06  1.55171077E-09  6.70216301E+04  3.26764093E+00  0.00000000E+00
  5.16565815E+05  8.09178748E+06  1.55174275E-09  6.70243744E+04  3.26804693E+00  0.00000000E+00
  5.16926546E+05  8.09289596E+06  1.55177893E-09  6.70271186E+04  3.26844413E+00  0.00000000E+00
  5.17287276E+05  8.09400444E+06  1.55181936E-09  6.70298629E+04  3.26883240E+00  0.00000000E+00
  5.17648006E+05  8.09511292E+06  1.55186412E-09  6.70326072E+04  3.26921157E+00  0.00000000E+00
  5.18008737E+05  8.09622140E+06  1.55191328E-09  6.70353514E+04  3.26958150E+00  0.00000000E+00
  5.18369467E+05  8.09732988E+06  1.55196692E-09  6.70380957E+04  3.26994203E+00  0.00000000E+00
  5.18730197E+05  8.09843836E+06  1.55202510E-09  6.70408400E+04  3.27029299E+00  0.00000000E+00
  5.19090928E+05  8.09954684E+06  1.55208791E-09  6.70435842E+04  3.27063424E+00  0.00000000E+00
  5.19451658E+05  8.10065532E+06  1.55215542E-09  6.70463285E+04  3.27096559E+00  0.00000000E+00
  5.19812388E+05  8.10176381E+06  1.55222770E-09  6.70490728E+04  3.27128690E+00  0.00000000E+00
  5.20173119E+05  8.10287229E+06  1.55230485E-09  6.70518170E+04  3.27159798E+00  0.00000000E+00
  5.20533849E+05  8.10398077E+06  1.55238693E-09  6.70545613E+04  3.27189868E+00  0.00000000E+00
  5.20894579E+05  8.10508925E+06  1.55247404E-09  6.70573056E+04  3.27218880E+00  0.00000000E+00
  5.21255309E+05  8.10619773E+06  1.55256625E-09  6.70600499E+04  3.27246819E+00  0.00000000E+00
  5.21616040E+05  8.10730621E+06  1.55266364E-09  6.70627941E+04  3.27273665E+00  0.00000000E+00
  5.21976770E+05  8.10841469E+06  1.55276632E-09  6.70655384E+04  3.27299400E+00  0.00000000E+00
  5.22337500E+05  8.10952317E+06  1.55287435E-09  6.70682827E+04  3.27324007E+00  0.00000000E+00
  5.22698231E+05  8.11063165E+06  1.55298784E-09  6.70710269E+04  3.27347465E+00  0.00000000E+00
  5.23058961E+05  8.11174013E+06  1.55310687E-09  6.70737712E+04  3.27369757E+00  0.00000000E+00
  5.23419691E+05  8.11284861E+06  1.55323153E-09  6.70765155E+04  3.27390863E+00  0.00000000E+00
  5.23780422E+05  8.11395709E+06  1.55336192E-09  6.70792597E+04  3.27410763E+00  0.00000000E+00
  5.24141152E+05  8.11506558E+06  1.55349814E-09  6.70820040E+04  3.27429437E+00  0.00000000E+00
  5.24501882E+05  8.11617406E+06  1.55364027E-09  6.70847483E+04  3.27446865E+00  0.00000000E+00
  5.24862613E+05  8.11728254E+06  1.55378842E-09  6.70874925E+04  3.27463027E+00  0.00000000E+00
  5.25223343E+05  8.11839102E+06  1.55394268E-09  6.70902368E+04  3.27477901E+00  0.00000000E+00
  5.25584073E+05  8.11949950E+06  1.55410317E-09  6.70929811E+04  3.27491468E+00  0.00000000E+00
  5.25944804E+05  8.12060798E+06  1.55426997E-09  6.70957253E+04  3.27503704E+00  0.00000000E+00
  5.26305534E+05  8.12171646E+06  1.55444320E-09  6.70984696E+04  3.27514588E+00  0.00000000E+00
  5.26666264E+05  8.12282494E+06  1.55462296E-09  6.71012139E+04  3.27524099E+00  0.00000000E+00
  5.27026995E+05  8.12393342E+06  1.55480936E-09  6.71039582E+04  3.27532214E+00  0.00000000E+00
  5.27387725E+05  8.12504190E+06  1.55500251E-09  6.71067024E+04  3.27538910E+00  0.00000000E+00
  5.27748455E+05  8.12615038E+06  1.55520252E-09  6.71094467E+04  3.27544165E+00  0.00000000E+00
  5.28109186E+05  8.12725886E+06  1.55540950E-09  6.71121910E+04  3.27547954E+00  0.00000000E+00
  5.28469916E+05  8.12836734E+06  1.55562358E-09  6.71149352E+04  3.27550254E+00  0.00000000E+00
  5.28830646E+05  8.12947583E+06  1.55584485E-09  6.71176795E+04  3.27551041E+00  0.00000000E+00
  5.29191376E+05  8.13058431E+06  1.55607346E-09  6.71204238E+04  3.27550291E+00  0.00000000E+00
  5.29552107E+05  8.13169279E+06  1.55630951E-09  6.71231680E+04  3.27547979E+00  0.00000000E+00
  5.29912837E+05  8.13280127E+06  1.55655312E-09  6.71259123E+04  3.27544080E+00  0.00000000E+00
  5.30273567E+05  8.13390975E+06  1.55680443E-09  6.71286566E+04  3.27538568E+00  0.00000000E+00
  5.30634298E+05  8.13501823E+06  1.55706356E-09  6.71314008E+04  3.27531418E+00  0.00000000E+00
  5.30995028E+05  8.13612671E+06  1.55733064E-09  6.71341451E+04  3.27522604E+00  0.00000000E+00
  5.31355758E+05  8.13723519E+06  1.55760580E-09  6.71368894E+04  3.27512098E+00  0.00000000E+00
  5.31716489E+05  8.13834367E+06  1.55788917E-09  6.71396336E+04  3.27499875E+00  0.00000000E+00
  5.32077219E+05  8.13945215E+06  1.55818088E-09  6.71423779E+04  3.27485907E+00  0.00000000E+00
  5.32437949E+05  8.14056063E+06  1.55848108E-09  6.71451222E+04  3.27470166E+00  0.00000000E+00
  5.32798680E+05  8.14166911E+06  1.55878990E-09  6.71478665E+04  3.27452625E+00  0.00000000E+00
  5.33159410E+05  8.14277760E+06  1.55910749E-09  6.71506107E+04  3.27433255E+00  0.00000000E+00
  5.33520140E+05  8.14388608E+06  1.55943399E-09  6.71533550E+04  3.27412027E+00  0.00000000E+00
  5.33880871E+05  8.14499456E+06  1.55976953E-09  6.71560993E+04  3.27388912E+00  0.00000000E+00
  5.34241601E+05  8.14610304E+06  1.56011428E-09  6.71588435E+04  3.27363882E+00  0.00000000E+00
  5.34602331E+05  8.14721152E+06  1.56046839E-09  6.71615878E+04  3.27336905E+00  0.00000000E+00
  5.34963062E+05  8.14832000E+06  1.56083199E-09  6.71643321E+04  3.27307952E+00  0.00000000E+00
  5.35323792E+05  8.14942848E+06  1.56120526E-09  6.71670763E+04  3.27276992E+00  0.00000000E+00
  5.35684522E+05  8.15053696E+06  1.56158835E-09  6.71698206E+04  3.27243994E+00  0.00000000E+00
  5.36045253E+05  8.15164544E+06  1.56198142E-09  6.71725649E+04  3.27208926E+00  0.00000000E+00
  5.36405983E+05  8.15275392E+06  1.56238462E-09  6.71753091E+04  3.27171757E+00  0.00000000E+00
  5.36766713E+05  8.15386240E+06  1.56279814E-09  6.71780534E+04  3.27132455E+00  0.00000000E+00
  5.37127443E+05  8.15497088E+06  1.56322213E-09  6.71807977E+04  3.27090987E+00  0.00000000E+00
  5.37488174E+05  8.15607937E+06  1.56365676E-09  6.71835419E+04  3.27047320E+00  0.00000000E+00
  5.37848904E+05  8.15718785E+06  1.56410221E-09  6.71862862E+04  3.27001419E+00  0.00000000E+00
  5.38209634E+05  8.15829633E+06  1.56455865E-09  6.71890305E+04  3.26953253E+00  0.00000000E+00
  5.38570365E+05  8.15940481E+06  1.56502627E-09  6.71917747E+04  3.26902786E+00  0.00000000E+00
  5.38931095E+05  8.16051329E+06  1.56550524E-09  6.71945190E+04  3.26849983E+00  0.00000000E+00
  5.39291825E+05  8.16162177E+06  1.56599575E-09  6.71972633E+04  3.26794810E+00  0.00000000E+00
  5.39652556E+05  8.16273025E+06  1.56649798E-09  6.72000076E+04  3.26737230E+00  0.00000000E+00
  5.40013286E+05  8.16383873E+06  1.56701212E-09  6.72027518E+04  3.26677209E+00  0.00000000E+00
  5.40374016E+05  8.16494721E+06  1.56753837E-09  6.72054961E+04  3.26614710E+00  0.00000000E+00
  5.40734747E+05  8.16605569E+06  1.56807692E-09  6.72082404E+04  3.26549696E+00  0.00000000E+00
  5.41095477E+05  8.16716417E+06  1.56862797E-09  6.72109846E+04  3.26482129E+00  0.00000000E+00
  5.41456207E+05  8.16827265E+06  1.56919172E-09  6.72137289E+04  3.26411973E+00  0.00000000E+00
  5.41816938E+05  8.16938114E+06  1.56976838E-09  6.72164732E+04  3.26339189E+00  0.00000000E+00
  5.42177668E+05  8.17048962E+06  1.57035814E-09  6.72192174E+04  3.26263738E+00  0.00000000E+00
  5.42538398E+05  8.17159810E+06  1.57096124E-09  6.72219617E+04  3.26185583E+00  0.00000000E+00
  5.42899129E+05  8.17270658E+06  1.57157787E-09  6.72247060E+04  3.26104683E+00  0.00000000E+00
  5.43259859E+05  8.17381506E+06  1.57220825E-09  6.72274502E+04  3.26021000E+00  0.00000000E+00
  5.43620589E+05  8.17492354E+06  1.57285261E-09  6.72301945E+04  3.25934492E+00  0.00000000E+00
  5.43981319E+05  8.17603202E+06  1.57351116E-09  6.72329388E+04  3.25845120E+00  0.00000000E+00
  5.44342050E+05  8.17714050E+06  1.57418414E-09  6.72356830E+04  3.25752843E+00  0.00000000E+00
  5.44702780E+05  8.17824898E+06  1.57487178E-09  6.72384273E+04  3.25657618E+00  0.00000000E+00
  5.45063510E+05  8.17935746E+06  1.57557430E-09  6.72411716E+04  3.25559405E+00  0.00000000E+00
  5.45424241E+05  8.18046594E+06  1.57629195E-09  6.72439159E+04  3.25458162E+00  0.00000000E+00
  5.45784971E+05  8.18157442E+06  1.57702497E-09  6.72466601E+04  3.25353845E+00  0.00000000E+00
  5.46145701E+05  8.18268291E+06  1.57777359E-09  6.72494044E+04  3.25246411E+00  0.00000000E+00
  5.46506432E+05  8.18379139E+06  1.57853808E-09  6.72521487E+04  3.25135819E+00  0.00000000E+00
  5.46867162E+05  8.18489987E+06  1.57931867E-09  6.72548929E+04  3.25022023E+00  0.00000000E+00
  5.47227892E+05  8.18600835E+06  1.58011562E-09  6.72576372E+04  3.24904979E+00  0.00000000E+00
  5.47588623E+05  8.18711683E+06  1.58092920E-09  6.72603815E+04  3.24784643E+00  0.00000000E+00
  5.47949353E+05  8.18822531E+06  1.58175966E-09  6.72631257E+04  3.24660971E+00  0.00000000E+00
  5.48310083E+05  8.18933379E+06  1.58260727E-09  6.72658700E+04  3.24533916E+00  0.00000000E+00
  5.48670814E+05  8.19044227E+06  1.58347230E-09  6.72686143E+04  3.24403433E+00  0.00000000E+00
  5.49031544E+05  8.19155075E+06  1.58435502E-09  6.72713585E+04  3.24269476E+00  0.00000000E+00
  5.49392274E+05  8.19265923E+06  1.58525571E-09  6.72741028E+04  3.24131999E+00  0.00000000E+00
  5.49753005E+05  8.19376771E+06  1.58617466E-09  6.72768471E+04  3.23990954E+00  0.00000000E+00
  5.50113735E+05  8.19487619E+06  1.58711214E-09  6.72795913E+04  3.23846295E+00  0.00000000E+00
  5.50474465E+05  8.19598467E+06  1.58806845E-09  6.72823356E+04  3.23697974E+00  0.00000000E+00
  5.50835196E+05  8.19709316E+06  1.58904388E-09  6.72850799E+04  3.23545943E+00  0.00000000E+00
  5.51195926E+05  8.19820164E+06  1.59003872E-09  6.72878242E+04  3.23390154E+00  0.00000000E+00
  5.51556656E+05  8.19931012E+06  1.59105328E-09  6.72905684E+04  3.23230559E+00  0.00000000E+00
  5.51917386E+05  8.20041860E+06  1.59208787E-09  6.72933127E+04  3.23067108E+00  0.00000000E+00
  5.52278117E+05  8.20152708E+06  1.59314279E-09  6.72960570E+04  3.22899753E+00  0.00000000E+00
  5.52638847E+05  8.20263556E+06  1.59421836E-09  6.72988012E+04  3.22728444E+00  0.00000000E+00
  5.52999577E+05  8.20374404E+06  1.59531490E-09  6.73015455E+04  3.22553132E+00  0.00000000E+00
  5.53360308E+05  8.20485252E+06  1.59643273E-09  6.73042898E+04  3.22373766E+00  0.00000000E+00
  5.53721038E+05  8.20596100E+06  1.59757217E-09  6.73070340E+04  3.22190296E+00  0.00000000E+00
  5.54081768E+05  8.20706948E+06  1.59873356E-09  6.73097783E+04  3.22002672E+00  0.00000000E+00
  5.54442499E+05  8.20817796E+06  1.59991723E-09  6.73125226E+04  3.21810843E+00  0.00000000E+00
  5.54803229E+05  8.20928644E+06  1.60112353E-09  6.73152668E+04  3.21614758E+00  0.00000000E+00
  5.55163959E+05  8.21039493E+06  1.60235279E-09  6.73180111E+04  3.21414366E+00  0.00000000E+00
  5.55524690E+05  8.21150341E+06  1.60360537E-09  6.73207554E+04  3.21209614E+00  0.00000000E+00
  5.55885420E+05  8.21261189E+06  1.60488163E-09  6.73234996E+04  3.21000453E+00  0.00000000E+00
  5.56246150E+05  8.21372037E+06  1.60618191E-09  6.73262439E+04  3.20786829E+00  0.00000000E+00
  5.56606881E+05  8.21482885E+06  1.60750659E-09  6.73289882E+04  3.20568691E+00  0.00000000E+00
  5.56967611E+05  8.21593733E+06  1.60885602E-09  6.73317324E+04  3.20345986E+00  0.00000000E+00
  5.57328341E+05  8.21704581E+06  1.61023059E-09  6.73344767E+04  3.20118663E+00  0.00000000E+00
  5.57689072E+05  8.21815429E+06  1.61163067E-09  6.73372210E+04  3.19886669E+00  0.00000000E+00
  5.58049802E+05  8.21926277E+06  1.61305664E-09  6.73399653E+04  3.19649952E+00  0.00000000E+00
  5.58410532E+05  8.22037125E+06  1.61450889E-09  6.73427095E+04  3.19408458E+00  0.00000000E+00
  5.58771263E+05  8.22147973E+06  1.61598781E-09  6.73454538E+04  3.19162136E+00  0.00000000E+00
  5.59131993E+05  8.22258821E+06  1.61749379E-09  6.73481981E+04  3.18910933E+00  0.00000000E+00
  5.59492723E+05  8.22369670E+06  1.61902724E-09  6.73509423E+04  3.18654796E+00  0.00000000E+00
  5.59853453E+05  8.22480518E+06  1.62058856E-09  6.73536866E+04  3.18393672E+00  0.00000000E+00
  5.60214184E+05  8.22591366E+06  1.62217816E-09  6.73564309E+04  3.18127509E+00  0.00000000E+00
  5.60574914E+05  8.22702214E+06  1.62379646E-09  6.73591751E+04  3.17856254E+00  0.00000000E+00
  5.60935644E+05  8.22813062E+06  1.62544388E-09  6.73619194E+04  3.17579854E+00  0.00000000E+00
  5.61296375E+05  8.22923910E+06  1.62712084E-09  6.73646637E+04  3.17298257E+00  0.00000000E+00
  5.61657105E+05  8.23034758E+06  1.62882778E-09  6.73674079E+04  3.17011411E+00  0.00000000E+00
  5.62017835E+05  8.23145606E+06  1.63056513E-09  6.73701522E+04  3.16719263E+00  0.00000000E+00
  5.62378566E+05  8.23256454E+06  1.63233332E-09  6.73728965E+04  3.16421762E+00  0.00000000E+00
  5.62739296E+05  8.23367302E+06  1.63413282E-09  6.73756407E+04  3.16118854E+00  0.00000000E+00
  5.63100026E+05  8.23478150E+06  1.63596405E-09  6.73783850E+04  3.15810490E+00  0.00000000E+00
  5.63460757E+05  8.23588998E+06  1.63782749E-09  6.73811293E+04  3.15496616E+00  0.00000000E+00
  5.63821487E+05  8.23699847E+06  1.63972359E-09  6.73838736E+04  3.15177183E+00  0.00000000E+00
  5.64182217E+05  8.23810695E+06  1.64165282E-09  6.73866178E+04  3.14852138E+00  0.00000000E+00
  5.64542948E+05  8.23921543E+06  1.64361564E-09  6.73893621E+04  3.14521433E+00  0.00000000E+00
  5.64903678E+05  8.24032391E+06  1.64561253E-09  6.73921064E+04  3.14185015E+00  0.00000000E+00
  5.65264408E+05  8.24143239E+06  1.64764398E-09  6.73948506E+04  3.13842836E+00  0.00000000E+00
  5.65625139E+05  8.24254087E+06  1.64971046E-09  6.73975949E+04  3.13494846E+00  0.00000000E+00
  5.65985869E+05  8.24364935E+06  1.65181247E-09  6.74003392E+04  3.13140996E+00  0.00000000E+00
  5.66346599E+05  8.24475783E+06  1.65395051E-09  6.74030834E+04  3.12781238E+00  0.00000000E+00
  5.66707330E+05  8.24586631E+06  1.65612506E-09  6.74058277E+04  3.12415523E+00  0.00000000E+00
  5.67068060E+05  8.24697479E+06  1.65833664E-09  6.74085720E+04  3.12043804E+00  0.00000000E+00
  5.67428790E+05  8.24808327E+06  1.66058576E-09  6.74113162E+04  3.11666035E+00  0.00000000E+00
  5.67789520E+05  8.24919175E+06  1.66287294E-09  6.74140605E+04  3.11282169E+00  0.00000000E+00
  5.68150251E+05  8.25030024E+06  1.66519868E-09  6.74168048E+04  3.10892160E+00  0.00000000E+00
  5.68510981E+05  8.25140872E+06  1.66756352E-09  6.74195490E+04  3.10495965E+00  0.00000000E+00
  5.68871711E+05  8.25251720E+06  1.66996798E-09  6.74222933E+04  3.10093537E+00  0.00000000E+00
  5.69232442E+05  8.25362568E+06  1.67241261E-09  6.74250376E+04  3.09684835E+00  0.00000000E+00
  5.69593172E+05  8.25473416E+06  1.67489793E-09  6.74277818E+04  3.09269815E+00  0.00000000E+00
  5.69953902E+05  8.25584264E+06  1.67742449E-09  6.74305261E+04  3.08848436E+00  0.00000000E+00
  5.70314633E+05  8.25695112E+06  1.67999285E-09  6.74332704E+04  3.08420657E+00  0.00000000E+00
  5.70675363E+05  8.25805960E+06  1.68260354E-09  6.74360147E+04  3.07986438E+00  0.00000000E+00
  5.71036093E+05  8.25916808E+06  1.68525713E-09  6.74387589E+04  3.07545741E+00  0.00000000E+00
  5.71396824E+05  8.26027656E+06  1.68795418E-09  6.74415032E+04  3.07098526E+00  0.00000000E+00
  5.71757554E+05  8.26138504E+06  1.69069526E-09  6.74442475E+04  3.06644757E+00  0.00000000E+00
  5.72118284E+05  8.26249352E+06  1.69348093E-09  6.74469917E+04  3.06184398E+00  0.00000000E+00
  5.72479015E+05  8.26360200E+06  1.69631178E-09  6.74497360E+04  3.05717416E+00  0.00000000E+00
  5.72839745E+05  8.26471049E+06  1.69918837E-09  6.74524803E+04  3.05243775E+00  0.00000000E+00
  5.73200475E+05  8.26581897E+06  1.70211129E-09  6.74552245E+04  3.04763444E+00  0.00000000E+00
  5.73561206E+05  8.26692745E+06  1.70508113E-09  6.74579688E+04  3.04276391E+00  0.00000000E+00
  5.73921936E+05  8.26803593E+06  1.70809847E-09  6.74607131E+04  3.03782587E+00  0.00000000E+00
  5.74282666E+05  8.26914441E+06  1.71116392E-09  6.74634573E+04  3.03282004E+00  0.00000000E+00
  5.74643397E+05  8.27025289E+06  1.71427806E-09  6.74662016E+04  3.02774614E+00  0.00000000E+00
  5.75004127E+05  8.27136137E+06  1.71744151E-09  6.74689459E+04  3.02260392E+00  0.00000000E+00
  5.75364857E+05  8.27246985E+06  1.72065485E-09  6.74716901E+04  3.01739314E+00  0.00000000E+00
  5.75725587E+05  8.27357833E+06  1.72391871E-09  6.74744344E+04  3.01211357E+00  0.00000000E+00
  5.76086318E+05  8.27468681E+06  1.72723370E-09  6.74771787E+04  3.00676499E+00  0.00000000E+00
  5.76447048E+05  8.27579529E+06  1.73060042E-09  6.74799230E+04  3.00134723E+00  0.00000000E+00
  5.76807778E+05  8.27690377E+06  1.73401949E-09  6.74826672E+04  2.99586008E+00  0.00000000E+00
  5.77168509E+05  8.27801226E+06  1.73749154E-09  6.74854115E+04  2.99030341E+00  0.00000000E+00
  5.77529239E+05  8.27912074E+06  1.74101718E-09  6.74881558E+04  2.98467706E+00  0.00000000E+00
  5.77889969E+05  8.28022922E+06  1.74459705E-09  6.74909000E+04  2.97898091E+00  0.00000000E+00
  5.78250700E+05  8.28133770E+06  1.74823176E-09  6.74936443E+04  2.97321484E+00  0.00000000E+00
  5.78611430E+05  8.28244618E+06  1.75192195E-09  6.74963886E+04  2.96737878E+00  0.00000000E+00
  5.78972160E+05  8.28355466E+06  1.75566825E-09  6.74991328E+04  2.96147264E+00  0.00000000E+00
  5.79332891E+05  8.28466314E+06  1.75947129E-09  6.75018771E+04  2.95549639E+00  0.00000000E+00
  5.79693621E+05  8.28577162E+06  1.76333170E-09  6.75046214E+04  2.94944999E+00  0.00000000E+00
  5.80054351E+05  8.28688010E+06  1.76725012E-09  6.75073656E+04  2.94333343E+00  0.00000000E+00
  5.80415082E+05  8.28798858E+06  1.77122719E-09  6.75101099E+04  2.93714672E+00  0.00000000E+00
  5.80775812E+05  8.28909706E+06  1.77526355E-09  6.75128542E+04  2.93088989E+00  0.00000000E+00
  5.81136542E+05  8.29020554E+06  1.77935983E-09  6.75155984E+04  2.92456300E+00  0.00000000E+00
  5.81497273E+05  8.29131403E+06  1.78351667E-09  6.75183427E+04  2.91816613E+00  0.00000000E+00
  5.81858003E+05  8.29242251E+06  1.78773471E-09  6.75210870E+04  2.91169936E+00  0.00000000E+00
  5.82218733E+05  8.29353099E+06  1.79201459E-09  6.75238313E+04  2.90516282E+00  0.00000000E+00
  5.82579464E+05  8.29463947E+06  1.79635695E-09  6.75265755E+04  2.89855665E+00  0.00000000E+00
  5.82940194E+05  8.29574795E+06  1.80076243E-09  6.75293198E+04  2.89188103E+00  0.00000000E+00
  5.83300924E+05  8.29685643E+06  1.80523166E-09  6.75320641E+04  2.88513614E+00  0.00000000E+00
  5.83661654E+05  8.29796491E+06  1.80976528E-09  6.75348083E+04  2.87832219E+00  0.00000000E+00
  5.84022385E+05  8.29907339E+06  1.81436392E-09  6.75375526E+04  2.87143942E+00  0.00000000E+00
  5.84383115E+05  8.30018187E+06  1.81902822E-09  6.75402969E+04  2.86448810E+00  0.00000000E+00
  5.84743845E+05  8.30129035E+06  1.82375881E-09  6.75430411E+04  2.85746852E+00  0.00000000E+00
  5.85104576E+05  8.30239883E+06  1.82855632E-09  6.75457854E+04  2.85038098E+00  0.00000000E+00
  5.85465306E+05  8.30350731E+06  1.83342137E-09  6.75485297E+04  2.84322583E+00  0.00000000E+00
  5.85826036E+05  8.30461580E+06  1.83835459E-09  6.75512739E+04  2.83600343E+00  0.00000000E+00
  5.86186767E+05  8.30572428E+06  1.84335659E-09  6.75540182E+04  2.82871417E+00  0.00000000E+00
  5.86547497E+05  8.30683276E+06  1.84842799E-09  6.75567625E+04  2.82135847E+00  0.00000000E+00
  5.86908227E+05  8.30794124E+06  1.85356941E-09  6.75595067E+04  2.81393676E+00  0.00000000E+00
  5.87268958E+05  8.30904972E+06  1.85878145E-09  6.75622510E+04  2.80644953E+00  0.00000000E+00
  5.87629688E+05  8.31015820E+06  1.86406472E-09  6.75649953E+04  2.79889726E+00  0.00000000E+00
  5.87990418E+05  8.31126668E+06  1.86941981E-09  6.75677395E+04  2.79128047E+00  0.00000000E+00
  5.88351149E+05  8.31237516E+06  1.87484731E-09  6.75704838E+04  2.78359972E+00  0.00000000E+00
  5.88711879E+05  8.31348364E+06  1.88034782E-09  6.75732281E+04  2.77585557E+00  0.00000000E+00
  5.89072609E+05  8.31459212E+06  1.88592191E-09  6.75759724E+04  2.76804864E+00  0.00000000E+00
  5.89433340E+05  8.31570060E+06  1.89157015E-09  6.75787166E+04  2.76017955E+00  0.00000000E+00
  5.89794070E+05  8.31680908E+06  1.89729312E-09  6.75814609E+04  2.75224896E+00  0.00000000E+00
  5.90154800E+05  8.31791757E+06  1.90309136E-09  6.75842052E+04  2.74425754E+00  0.00000000E+00
  5.90515531E+05  8.31902605E+06  1.90896544E-09  6.75869494E+04  2.73620602E+00  0.00000000E+00
  5.90876261E+05  8.32013453E+06  1.91491589E-09  6.75896937E+04  2.72809512E+00  0.00000000E+00
  5.91236991E+05  8.32124301E+06  1.92094325E-09  6.75924380E+04  2.71992562E+00  0.00000000E+00
  5.91597721E+05  8.32235149E+06  1.92704804E-09  6.75951822E+04  2.71169830E+00  0.00000000E+00
  5.91958452E+05  8.32345997E+06  1.93323078E-09  6.75979265E+04  2.70341398E+00  0.00000000E+00
  5.92319182E+05  8.32456845E+06  1.93949196E-09  6.76006708E+04  2.69507350E+00  0.00000000E+00
  5.92679912E+05  8.32567693E+06  1.94583209E-09  6.76034150E+04  2.68667774E+00  0.00000000E+00
  5.93040643E+05  8.32678541E+06  1.95225164E-09  6.76061593E+04  2.67822759E+00  0.00000000E+00
  5.93401373E+05  8.32789389E+06  1.95875109E-09  6.76089036E+04  2.66972396E+00  0.00000000E+00
  5.93762103E+05  8.32900237E+06  1.96533088E-09  6.76116478E+04  2.66116782E+00  0.00000000E+00
  5.94122834E+05  8.33011085E+06  1.97199147E-09  6.76143921E+04  2.65256014E+00  0.00000000E+00
  5.94483564E+05  8.33121933E+06  1.97873329E-09  6.76171364E+04  2.64390190E+00  0.00000000E+00
  5.94844294E+05  8.33232782E+06  1.98555676E-09  6.76198807E+04  2.63519414E+00  0.00000000E+00
  5.95205025E+05  8.33343630E+06  1.99246227E-09  6.76226249E+04  2.62643790E+00  0.00000000E+00
  5.95565755E+05  8.33454478E+06  1.99945023E-09  6.76253692E+04  2.61763425E+00  0.00000000E+00
  5.95926485E+05  8.33565326E+06  2.00652099E-09  6.76281135E+04  2.60878429E+00  0.00000000E+00
  5.96287216E+05  8.33676174E+06  2.01367492E-09  6.76308577E+04  2.59988914E+00  0.00000000E+00
  5.96647946E+05  8.33787022E+06  2.02091237E-09  6.76336020E+04  2.59094994E+00  0.00000000E+00
  5.97008676E+05  8.33897870E+06  2.02823364E-09  6.76363463E+04  2.58196785E+00  0.00000000E+00
  5.97369407E+05  8.34008718E+06  2.03563905E-09  6.76390905E+04  2.57294405E+00  0.00000000E+00
  5.97730137E+05  8.34119566E+06  2.04312890E-09  6.76418348E+04  2.56387976E+00  0.00000000E+00
  5.98090867E+05  8.34230414E+06  2.05070343E-09  6.76445791E+04  2.55477620E+00  0.00000000E+00
  5.98451598E+05  8.34341262E+06  2.05836292E-09  6.76473233E+04  2.54563462E+00  0.00000000E+00
  5.98812328E+05  8.34452110E+06  2.06610758E-09  6.76500676E+04  2.53645629E+00  0.00000000E+00
  5.99173058E+05  8.34562959E+06  2.07393764E-09  6.76528119E+04  2.52724248E+00  0.00000000E+00
  5.99533788E+05  8.34673807E+06  2.08185327E-09  6.76555561E+04  2.51799452E+00  0.00000000E+00
  5.99894519E+05  8.34784655E+06  2.08985464E-09  6.76583004E+04  2.50871372E+00  0.00000000E+00
  6.00255249E+05  8.34895503E+06  2.09794191E-09  6.76610447E+04  2.49940141E+00  0.00000000E+00
  6.00615979E+05  8.35006351E+06  2.10611519E-09  6.76637890E+04  2.49005896E+00  0.00000000E+00
  6.00976710E+05  8.35117199E+06  2.11437459E-09  6.76665332E+04  2.48068774E+00  0.00000000E+00
  6.01337440E+05  8.35228047E+06  2.12272019E-09  6.76692775E+04  2.47128912E+00  0.00000000E+00
  6.01698170E+05  8.35338895E+06  2.13115203E-09  6.76720218E+04  2.46186453E+00  0.00000000E+00
  6.02058901E+05  8.35449743E+06  2.13967015E-09  6.76747660E+04  2.45241536E+00  0.00000000E+00
  6.02419631E+05  8.35560591E+06  2.14827454E-09  6.76775103E+04  2.44294304E+00  0.00000000E+00
  6.02780361E+05  8.35671439E+06  2.15696520E-09  6.76802546E+04  2.43344902E+00  0.00000000E+00
  6.03141092E+05  8.35782287E+06  2.16574206E-09  6.76829988E+04  2.42393475E+00  0.00000000E+00
  6.03501822E+05  8.35893136E+06  2.17460505E-09  6.76857431E+04  2.41440167E+00  0.00000000E+00
  6.03862552E+05  8.36003984E+06  2.18355408E-09  6.76884874E+04  2.40485127E+00  0.00000000E+00
  6.04223283E+05  8.36114832E+06  2.19258901E-09  6.76912316E+04  2.39528502E+00  0.00000000E+00
  6.04584013E+05  8.36225680E+06  2.20170968E-09  6.76939759E+04  2.38570440E+00  0.00000000E+00
  6.04944743E+05  8.36336528E+06  2.21091592E-09  6.76967202E+04  2.37611091E+00  0.00000000E+00
  6.05305474E+05  8.36447376E+06  2.22020749E-09  6.76994644E+04  2.36650605E+00  0.00000000E+00
  6.05666204E+05  8.36558224E+06  2.22958417E-09  6.77022087E+04  2.35689132E+00  0.00000000E+00
  6.06026934E+05  8.36669072E+06  2.23904567E-09  6.77049530E+04  2.34726823E+00  0.00000000E+00
  6.06387665E+05  8.36779920E+06  2.24859169E-09  6.77076972E+04  2.33763829E+00  0.00000000E+00
  6.06748395E+05  8.36890768E+06  2.25822190E-09  6.77104415E+04  2.32800301E+00  0.00000000E+00
  6.07109125E+05  8.37001616E+06  2.26793593E-09  6.77131858E+04  2.31836390E+00  0.00000000E+00
  6.07469855E+05  8.37112464E+06  2.27773338E-09  6.77159301E+04  2.30872249E+00  0.00000000E+00
  6.07830586E+05  8.37223313E+06  2.28761382E-09  6.77186743E+04  2.29908029E+00  0.00000000E+00
  6.08191316E+05  8.37334161E+06  2.29757679E-09  6.77214186E+04  2.28943882E+00  0.00000000E+00
  6.08552046E+05  8.37445009E+06  2.30762181E-09  6.77241629E+04  2.27979957E+00  0.00000000E+00
  6.08912777E+05  8.37555857E+06  2.31774833E-09  6.77269071E+04  2.27016408E+00  0.00000000E+00
  6.09273507E+05  8.37666705E+06  2.32795582E-09  6.77296514E+04  2.26053383E+00  0.00000000E+00
  6.09634237E+05  8.37777553E+06  2.33824366E-09  6.77323957E+04  2.25091034E+00  0.00000000E+00
  6.09994968E+05  8.37888401E+06  2.34861125E-09  6.77351399E+04  2.24129509E+00  0.00000000E+00
  6.10355698E+05  8.37999249E+06  2.35905791E-09  6.77378842E+04  2.23168958E+00  0.00000000E+00
  6.10716428E+05  8.38110097E+06  2.36958297E-09  6.77406285E+04  2.22209528E+00  0.00000000E+00
  6.11077159E+05  8.38220945E+06  2.38018569E-09  6.77433727E+04  2.21251368E+00  0.00000000E+00
  6.11437889E+05  8.38331793E+06  2.39086531E-09  6.77461170E+04  2.20294623E+00  0.00000000E+00
  6.11798619E+05  8.38442641E+06  2.40162104E-09  6.77488613E+04  2.19339440E+00  0.00000000E+00
  6.12159350E+05  8.38553490E+06  2.41245205E-09  6.77516055E+04  2.18385962E+00  0.00000000E+00
  6.12520080E+05  8.38664338E+06  2.42335749E-09  6.77543498E+04  2.17434332E+00  0.00000000E+00
  6.12880810E+05  8.38775186E+06  2.43433645E-09  6.77570941E+04  2.16484694E+00  0.00000000E+00
  6.13241541E+05  8.38886034E+06  2.44538801E-09  6.77598384E+04  2.15537187E+00  0.00000000E+00
  6.13602271E+05  8.38996882E+06  2.45651120E-09  6.77625826E+04  2.14591951E+00  0.00000000E+00
  6.13963001E+05  8.39107730E+06  2.46770502E-09  6.77653269E+04  2.13649125E+00  0.00000000E+00
  6.14323732E+05  8.39218578E+06  2.47896845E-09  6.77680712E+04  2.12708844E+00  0.00000000E+00
  6.14684462E+05  8.39329426E+06  2.49030042E-09  6.77708154E+04  2.11771243E+00  0.00000000E+00
  6.15045192E+05  8.39440274E+06  2.50169982E-09  6.77735597E+04  2.10836455E+00  0.00000000E+00
  6.15405922E+05  8.39551122E+06  2.51316554E-09  6.77763040E+04  2.09904613E+00  0.00000000E+00
  6.15766653E+05  8.39661970E+06  2.52469639E-09  6.77790482E+04  2.08975846E+00  0.00000000E+00
  6.16127383E+05  8.39772818E+06  2.53629120E-09  6.77817925E+04  2.08050281E+00  0.00000000E+00
  6.16488113E+05  8.39883667E+06  2.54794872E-09  6.77845368E+04  2.07128045E+00  0.00000000E+00
  6.16848844E+05  8.39994515E+06  2.55966769E-09  6.77872810E+04  2.06209262E+00  0.00000000E+00
  6.17209574E+05  8.40105363E+06  2.57144682E-09  6.77900253E+04  2.05294053E+00  0.00000000E+00
  6.17570304E+05  8.40216211E+06  2.58328478E-09  6.77927696E+04  2.04382539E+00  0.00000000E+00
  6.17931035E+05  8.40327059E+06  2.59518022E-09  6.77955138E+04  2.03474837E+00  0.00000000E+00
  6.18291765E+05  8.40437907E+06  2.60713175E-09  6.77982581E+04  2.02571063E+00  0.00000000E+00
  6.18652495E+05  8.40548755E+06  2.61913795E-09  6.78010024E+04  2.01671331E+00  0.00000000E+00
  6.19013226E+05  8.40659603E+06  2.63119738E-09  6.78037466E+04  2.00775751E+00  0.00000000E+00
  6.19373956E+05  8.40770451E+06  2.64330856E-09  6.78064909E+04  1.99884432E+00  0.00000000E+00
  6.19734686E+05  8.40881299E+06  2.65546998E-09  6.78092352E+04  1.98997482E+00  0.00000000E+00
  6.20095417E+05  8.40992147E+06  2.66768011E-09  6.78119795E+04  1.98115003E+00  0.00000000E+00
  6.20456147E+05  8.41102995E+06  2.67993740E-09  6.78147237E+04  1.97237099E+00  0.00000000E+00
  6.20816877E+05  8.41213843E+06  2.69224026E-09  6.78174680E+04  1.96363867E+00  0.00000000E+00
  6.21177608E+05  8.41324692E+06  2.70458707E-09  6.78202123E+04  1.95495406E+00  0.00000000E+00
  6.21538338E+05  8.41435540E+06  2.71697621E-09  6.78229565E+04  1.94631809E+00  0.00000000E+00
  6.21899068E+05  8.41546388E+06  2.72940600E-09  6.78257008E+04  1.93773168E+00  0.00000000E+00
  6.22259798E+05  8.41657236E+06  2.74187477E-09  6.78284451E+04  1.92919572E+00  0.00000000E+00
  6.22620529E+05  8.41768084E+06  2.75438082E-09  6.78311893E+04  1.92071109E+00  0.00000000E+00
  6.22981259E+05  8.41878932E+06  2.76692240E-09  6.78339336E+04  1.91227862E+00  0.00000000E+00
  6.23341989E+05  8.41989780E+06  2.77949777E-09  6.78366779E+04  1.90389913E+00  0.00000000E+00
  6.23702720E+05  8.42100628E+06  2.79210516E-09  6.78394221E+04  1.89557341E+00  0.00000000E+00
  6.24063450E+05  8.42211476E+06  2.80474279E-09  6.78421664E+04  1.88730222E+00  0.00000000E+00
  6.24424180E+05  8.42322324E+06  2.81740884E-09  6.78449107E+04  1.87908630E+00  0.00000000E+00
  6.24784911E+05  8.42433172E+06  2.83010150E-09  6.78476549E+04  1.87092637E+00  0.00000000E+00
  6.25145641E+05  8.42544020E+06  2.84281892E-09  6.78503992E+04  1.86282310E+00  0.00000000E+00
  6.25506371E+05  8.42654869E+06  2.85555924E-09  6.78531435E+04  1.85477715E+00  0.00000000E+00
  6.25867102E+05  8.42765717E+06  2.86832060E-09  6.78558878E+04  1.84678917E+00  0.00000000E+00
  6.26227832E+05  8.42876565E+06  2.88110111E-09  6.78586320E+04  1.83885975E+00  0.00000000E+00
  6.26588562E+05  8.42987413E+06  2.89389888E-09  6.78613763E+04  1.83098947E+00  0.00000000E+00
  6.26949293E+05  8.43098261E+06  2.90671200E-09  6.78641206E+04  1.82317889E+00  0.00000000E+00
  6.27310023E+05  8.43209109E+06  2.91953857E-09  6.78668648E+04  1.81542855E+00  0.00000000E+00
  6.27670753E+05  8.43319957E+06  2.93237664E-09  6.78696091E+04  1.80773893E+00  0.00000000E+00
  6.28031484E+05  8.43430805E+06  2.94522429E-09  6.78723534E+04  1.80011052E+00  0.00000000E+00
  6.28392214E+05  8.43541653E+06  2.95807958E-09  6.78750976E+04  1.79254377E+00  0.00000000E+00
  6.28752944E+05  8.43652501E+06  2.97094057E-09  6.78778419E+04  1.78503911E+00  0.00000000E+00
  6.29113675E+05  8.43763349E+06  2.98380531E-09  6.78805862E+04  1.77759693E+00  0.00000000E+00
  6.29474405E+05  8.43874197E+06  2.99667184E-09  6.78833304E+04  1.77021762E+00  0.00000000E+00
  6.29835135E+05  8.43985046E+06  3.00953821E-09  6.78860747E+04  1.76290152E+00  0.00000000E+00
  6.30195865E+05  8.44095894E+06  3.02251641E-09  6.78888190E+04  1.75558278E+00  0.00000000E+00
  6.30556596E+05  8.44206742E+06  3.03569951E-09  6.78915632E+04  1.74820865E+00  0.00000000E+00
  6.30917326E+05  8.44317590E+06  3.04887651E-09  6.78943075E+04  1.74090179E+00  0.00000000E+00
  6.31278056E+05  8.44428438E+06  3.06204545E-09  6.78970518E+04  1.73366241E+00  0.00000000E+00
  6.31638787E+05  8.44539286E+06  3.07520438E-09  6.78997961E+04  1.72649066E+00  0.00000000E+00
  6.31999517E+05  8.44650134E+06  3.08835137E-09  6.79025403E+04  1.71938671E+00  0.00000000E+00
  6.32360247E+05  8.44760982E+06  3.10148448E-09  6.79052846E+04  1.71235068E+00  0.00000000E+00
  6.32720978E+05  8.44871830E+06  3.11460178E-09  6.79080289E+04  1.70538266E+00  0.00000000E+00
  6.33081708E+05  8.44982678E+06  3.12770135E-09  6.79107731E+04  1.69848274E+00  0.00000000E+00
  6.33442438E+05  8.45093526E+06  3.14078128E-09  6.79135174E+04  1.69165097E+00  0.00000000E+00
  6.33803169E+05  8.45204374E+06  3.15383967E-09  6.79162617E+04  1.68488741E+00  0.00000000E+00
  6.34163899E+05  8.45315223E+06  3.16687462E-09  6.79190059E+04  1.67819206E+00  0.00000000E+00
  6.34524629E+05  8.45426071E+06  3.17988427E-09  6.79217502E+04  1.67156494E+00  0.00000000E+00
  6.34885360E+05  8.45536919E+06  3.19286674E-09  6.79244945E+04  1.66500601E+00  0.00000000E+00
  6.35246090E+05  8.45647767E+06  3.20582020E-09  6.79272387E+04  1.65851523E+00  0.00000000E+00
  6.35606820E+05  8.45758615E+06  3.21874281E-09  6.79299830E+04  1.65209256E+00  0.00000000E+00
  6.35967551E+05  8.45869463E+06  3.23163275E-09  6.79327273E+04  1.64573791E+00  0.00000000E+00
  6.36328281E+05  8.45980311E+06  3.24448823E-09  6.79354715E+04  1.63945119E+00  0.00000000E+00
  6.36689011E+05  8.46091159E+06  3.25730747E-09  6.79382158E+04  1.63323229E+00  0.00000000E+00
  6.37049742E+05  8.46202007E+06  3.27008871E-09  6.79409601E+04  1.62708107E+00  0.00000000E+00
  6.37410472E+05  8.46312855E+06  3.28283021E-09  6.79437043E+04  1.62099740E+00  0.00000000E+00
  6.37771202E+05  8.46423703E+06  3.29553025E-09  6.79464486E+04  1.61498111E+00  0.00000000E+00
  6.38131932E+05  8.46534551E+06  3.30818714E-09  6.79491929E+04  1.60903202E+00  0.00000000E+00
  6.38492663E+05  8.46645400E+06  3.32079920E-09  6.79519372E+04  1.60314994E+00  0.00000000E+00
  6.38853393E+05  8.46756248E+06  3.33336480E-09  6.79546814E+04  1.59733466E+00  0.00000000E+00
  6.39214123E+05  8.46867096E+06  3.34588230E-09  6.79574257E+04  1.59158596E+00  0.00000000E+00
  6.39574854E+05  8.46977944E+06  3.35835012E-09  6.79601700E+04  1.58590359E+00  0.00000000E+00
  6.39935584E+05  8.47088792E+06  3.37076667E-09  6.79629142E+04  1.58028732E+00  0.00000000E+00
  6.40296314E+05  8.47199640E+06  3.38313042E-09  6.79656585E+04  1.57473687E+00  0.00000000E+00
  6.40657045E+05  8.47310488E+06  3.39543985E-09  6.79684028E+04  1.56925197E+00  0.00000000E+00
  6.41017775E+05  8.47421336E+06  3.40769348E-09  6.79711470E+04  1.56383232E+00  0.00000000E+00
  6.41378505E+05  8.47532184E+06  3.41988983E-09  6.79738913E+04  1.55847763E+00  0.00000000E+00
  6.41739236E+05  8.47643032E+06  3.43202750E-09  6.79766356E+04  1.55318759E+00  0.00000000E+00
  6.42099966E+05  8.47753880E+06  3.44410507E-09  6.79793798E+04  1.54796185E+00  0.00000000E+00
  6.42460696E+05  8.47864728E+06  3.45612117E-09  6.79821241E+04  1.54280010E+00  0.00000000E+00
  6.42821427E+05  8.47975576E+06  3.46807448E-09  6.79848684E+04  1.53770198E+00  0.00000000E+00
  6.43182157E+05  8.48086425E+06  3.47996368E-09  6.79876126E+04  1.53266714E+00  0.00000000E+00
  6.43542887E+05  8.48197273E+06  3.49178750E-09  6.79903569E+04  1.52769521E+00  0.00000000E+00
  6.43903618E+05  8.48308121E+06  3.50354471E-09  6.79931012E+04  1.52278581E+00  0.00000000E+00
  6.44264348E+05  8.48418969E+06  3.51523408E-09  6.79958455E+04  1.51793857E+00  0.00000000E+00
  6.44625078E+05  8.48529817E+06  3.52685445E-09  6.79985897E+04  1.51315308E+00  0.00000000E+00
  6.44985809E+05  8.48640665E+06  3.53840467E-09  6.80013340E+04  1.50842894E+00  0.00000000E+00
  6.45346539E+05  8.48751513E+06  3.54988364E-09  6.80040783E+04  1.50376575E+00  0.00000000E+00
  6.45707269E+05  8.48862361E+06  3.56129027E-09  6.80068225E+04  1.49916310E+00  0.00000000E+00
  6.46067999E+05  8.48973209E+06  3.57262353E-09  6.80095668E+04  1.49462054E+00  0.00000000E+00
  6.46428730E+05  8.49084057E+06  3.58388242E-09  6.80123111E+04  1.49013767E+00  0.00000000E+00
  6.46789460E+05  8.49194905E+06  3.59506596E-09  6.80150553E+04  1.48571402E+00  0.00000000E+00
  6.47150190E+05  8.49305753E+06  3.60617320E-09  6.80177996E+04  1.48134918E+00  0.00000000E+00
  6.47510921E+05  8.49416602E+06  3.61720326E-09  6.80205439E+04  1.47704268E+00  0.00000000E+00
  6.47871651E+05  8.49527450E+06  3.62815525E-09  6.80232881E+04  1.47279407E+00  0.00000000E+00
  6.48232381E+05  8.49638298E+06  3.63902835E-09  6.80260324E+04  1.46860290E+00  0.00000000E+00
  6.48593112E+05  8.49749146E+06  3.64982175E-09  6.80287767E+04  1.46446869E+00  0.00000000E+00
  6.48953842E+05  8.49859994E+06  3.66053469E-09  6.80315209E+04  1.46039098E+00  0.00000000E+00
  6.49314572E+05  8.49970842E+06  3.67116644E-09  6.80342652E+04  1.45636930E+00  0.00000000E+00
  6.49675303E+05  8.50081690E+06  3.68171630E-09  6.80370095E+04  1.45240317E+00  0.00000000E+00
  6.50036033E+05  8.50192538E+06  3.69218361E-09  6.80397537E+04  1.44849211E+00  0.00000000E+00
  6.50396763E+05  8.50303386E+06  3.70256774E-09  6.80424980E+04  1.44463564E+00  0.00000000E+00
  6.50757494E+05  8.50414234E+06  3.71286809E-09  6.80452423E+04  1.44083326E+00  0.00000000E+00
  6.51118224E+05  8.50525082E+06  3.72308411E-09  6.80479866E+04  1.43708450E+00  0.00000000E+00
  6.51478954E+05  8.50635930E+06  3.73321526E-09  6.80507308E+04  1.43338886E+00  0.00000000E+00
  6.51839685E+05  8.50746779E+06  3.74326106E-09  6.80534751E+04  1.42974584E+00  0.00000000E+00
  6.52200415E+05  8.50857627E+06  3.75322103E-09  6.80562194E+04  1.42615496E+00  0.00000000E+00
  6.52561145E+05  8.50968475E+06  3.76309476E-09  6.80589636E+04  1.42261571E+00  0.00000000E+00
  6.52921876E+05  8.51079323E+06  3.77288184E-09  6.80617079E+04  1.41912759E+00  0.00000000E+00
  6.53282606E+05  8.51190171E+06  3.78258191E-09  6.80644522E+04  1.41569010E+00  0.00000000E+00
  6.53643336E+05  8.51301019E+06  3.79219463E-09  6.80671964E+04  1.41230275E+00  0.00000000E+00
  6.54004066E+05  8.51411867E+06  3.80171971E-09  6.80699407E+04  1.40896503E+00  0.00000000E+00
  6.54364797E+05  8.51522715E+06  3.81115688E-09  6.80726850E+04  1.40567644E+00  0.00000000E+00
  6.54725527E+05  8.51633563E+06  3.82050589E-09  6.80754292E+04  1.40243647E+00  0.00000000E+00
  6.55086257E+05  8.51744411E+06  3.82976653E-09  6.80781735E+04  1.39924463E+00  0.00000000E+00
  6.55446988E+05  8.51855259E+06  3.83893862E-09  6.80809178E+04  1.39610040E+00  0.00000000E+00
  6.55807718E+05  8.51966107E+06  3.84802201E-09  6.80836620E+04  1.39300329E+00  0.00000000E+00
  6.56168448E+05  8.52076956E+06  3.85701658E-09  6.80864063E+04  1.38995280E+00  0.00000000E+00
  6.56529179E+05  8.52187804E+06  3.86592224E-09  6.80891506E+04  1.38694842E+00  0.00000000E+00
  6.56889909E+05  8.52298652E+06  3.87473891E-09  6.80918949E+04  1.38398965E+00  0.00000000E+00
  6.57250639E+05  8.52409500E+06  3.88346655E-09  6.80946391E+04  1.38107600E+00  0.00000000E+00
  6.57611370E+05  8.52520348E+06  3.89210516E-09  6.80973834E+04  1.37820696E+00  0.00000000E+00
  6.57972100E+05  8.52631196E+06  3.90065474E-09  6.81001277E+04  1.37538203E+00  0.00000000E+00
  6.58332830E+05  8.52742044E+06  3.90911534E-09  6.81028719E+04  1.37260073E+00  0.00000000E+00
  6.58693561E+05  8.52852892E+06  3.91748703E-09  6.81056162E+04  1.36986255E+00  0.00000000E+00
  6.59054291E+05  8.52963740E+06  3.92576988E-09  6.81083605E+04  1.36716700E+00  0.00000000E+00
  6.59415021E+05  8.53074588E+06  3.93396401E-09  6.81111047E+04  1.36451359E+00  0.00000000E+00
  6.59775752E+05  8.53185436E+06  3.94206956E-09  6.81138490E+04  1.36190183E+00  0.00000000E+00
  6.60136482E+05  8.53296284E+06  3.95008669E-09  6.81165933E+04  1.35933124E+00  0.00000000E+00
  6.60497212E+05  8.53407133E+06  3.95801559E-09  6.81193375E+04  1.35680133E+00  0.00000000E+00
  6.60857943E+05  8.53517981E+06  3.96585645E-09  6.81220818E+04  1.35431161E+00  0.00000000E+00
  6.61218673E+05  8.53628829E+06  3.97360950E-09  6.81248261E+04  1.35186161E+00  0.00000000E+00
  6.61579403E+05  8.53739677E+06  3.98127499E-09  6.81275703E+04  1.34945085E+00  0.00000000E+00
  6.61940133E+05  8.53850525E+06  3.98885319E-09  6.81303146E+04  1.34707886E+00  0.00000000E+00
  6.62300864E+05  8.53961373E+06  3.99634438E-09  6.81330589E+04  1.34474515E+00  0.00000000E+00
  6.62661594E+05  8.54072221E+06  4.00374887E-09  6.81358032E+04  1.34244927E+00  0.00000000E+00
  6.63022324E+05  8.54183069E+06  4.01106698E-09  6.81385474E+04  1.34019074E+00  0.00000000E+00
  6.63383055E+05  8.54293917E+06  4.01829906E-09  6.81412917E+04  1.33796910E+00  0.00000000E+00
  6.63743785E+05  8.54404765E+06  4.02544546E-09  6.81440360E+04  1.33578389E+00  0.00000000E+00
  6.64104515E+05  8.54515613E+06  4.03250656E-09  6.81467802E+04  1.33363466E+00  0.00000000E+00
  6.64465246E+05  8.54626461E+06  4.03948276E-09  6.81495245E+04  1.33152094E+00  0.00000000E+00
  6.64825976E+05  8.54737309E+06  4.04637447E-09  6.81522688E+04  1.32944229E+00  0.00000000E+00
  6.65186706E+05  8.54848158E+06  4.05318210E-09  6.81550130E+04  1.32739826E+00  0.00000000E+00
  6.65547437E+05  8.54959006E+06  4.05990610E-09  6.81577573E+04  1.32538841E+00  0.00000000E+00
  6.65908167E+05  8.55069854E+06  4.06654692E-09  6.81605016E+04  1.32341229E+00  0.00000000E+00
  6.66268897E+05  8.55180702E+06  4.07310503E-09  6.81632458E+04  1.32146946E+00  0.00000000E+00
  6.66629628E+05  8.55291550E+06  4.07958091E-09  6.81659901E+04  1.31955950E+00  0.00000000E+00
  6.66990358E+05  8.55402398E+06  4.08597505E-09  6.81687344E+04  1.31768197E+00  0.00000000E+00
  6.67351088E+05  8.55513246E+06  4.09228796E-09  6.81714786E+04  1.31583644E+00  0.00000000E+00
  6.67711819E+05  8.55624094E+06  4.09852015E-09  6.81742229E+04  1.31402250E+00  0.00000000E+00
  6.68072549E+05  8.55734942E+06  4.10467215E-09  6.81769672E+04  1.31223971E+00  0.00000000E+00
  6.68433279E+05  8.55845790E+06  4.11074450E-09  6.81797114E+04  1.31048768E+00  0.00000000E+00
  6.68794010E+05  8.55956638E+06  4.11673774E-09  6.81824557E+04  1.30876598E+00  0.00000000E+00
  6.69154740E+05  8.56067486E+06  4.12265244E-09  6.81852000E+04  1.30707420E+00  0.00000000E+00
  6.69515470E+05  8.56178335E+06  4.12848917E-09  6.81879443E+04  1.30541195E+00  0.00000000E+00
  6.69876200E+05  8.56289183E+06  4.13424848E-09  6.81906885E+04  1.30377881E+00  0.00000000E+00
  6.70236931E+05  8.56400031E+06  4.13993098E-09  6.81934328E+04  1.30217440E+00  0.00000000E+00
  6.70597661E+05  8.56510879E+06  4.14553726E-09  6.81961771E+04  1.30059832E+00  0.00000000E+00
  6.70958391E+05  8.56621727E+06  4.15106790E-09  6.81989213E+04  1.29905019E+00  0.00000000E+00
  6.71319122E+05  8.56732575E+06  4.15652352E-09  6.82016656E+04  1.29752961E+00  0.00000000E+00
  6.71679852E+05  8.56843423E+06  4.16190474E-09  6.82044099E+04  1.29603620E+00  0.00000000E+00
  6.72040582E+05  8.56954271E+06  4.16721216E-09  6.82071541E+04  1.29456960E+00  0.00000000E+00
  6.72401313E+05  8.57065119E+06  4.17244641E-09  6.82098984E+04  1.29312942E+00  0.00000000E+00
  6.72762043E+05  8.57175967E+06  4.17760813E-09  6.82126427E+04  1.29171529E+00  0.00000000E+00
  6.73122773E+05  8.57286815E+06  4.18269794E-09  6.82153869E+04  1.29032685E+00  0.00000000E+00
  6.73483504E+05  8.57397663E+06  4.18771648E-09  6.82181312E+04  1.28896375E+00  0.00000000E+00
  6.73844234E+05  8.57508512E+06  4.19266440E-09  6.82208755E+04  1.28762561E+00  0.00000000E+00
  6.74204964E+05  8.57619360E+06  4.19754235E-09  6.82236197E+04  1.28631209E+00  0.00000000E+00
  6.74565695E+05  8.57730208E+06  4.20235096E-09  6.82263640E+04  1.28502283E+00  0.00000000E+00
  6.74926425E+05  8.57841056E+06  4.20709090E-09  6.82291083E+04  1.28375750E+00  0.00000000E+00
  6.75287155E+05  8.57951904E+06  4.21176282E-09  6.82318526E+04  1.28251574E+00  0.00000000E+00
  6.75647886E+05  8.58062752E+06  4.21636738E-09  6.82345968E+04  1.28129722E+00  0.00000000E+00
  6.76008616E+05  8.58173600E+06  4.22090523E-09  6.82373411E+04  1.28010161E+00  0.00000000E+00
  6.76369346E+05  8.58284448E+06  4.22537704E-09  6.82400854E+04  1.27892857E+00  0.00000000E+00
  6.76730077E+05  8.58395296E+06  4.22978348E-09  6.82428296E+04  1.27777779E+00  0.00000000E+00
  6.77090807E+05  8.58506144E+06  4.23412519E-09  6.82455739E+04  1.27664892E+00  0.00000000E+00
  6.77451537E+05  8.58616992E+06  4.23840285E-09  6.82483182E+04  1.27554167E+00  0.00000000E+00
  6.77812267E+05  8.58727840E+06  4.24261713E-09  6.82510624E+04  1.27445570E+00  0.00000000E+00
  6.78172998E+05  8.58838689E+06  4.24676868E-09  6.82538067E+04  1.27339072E+00  0.00000000E+00
  6.78533728E+05  8.58949537E+06  4.25085818E-09  6.82565510E+04  1.27234641E+00  0.00000000E+00
  6.78894458E+05  8.59060385E+06  4.25488628E-09  6.82592952E+04  1.27132246E+00  0.00000000E+00
  6.79255189E+05  8.59171233E+06  4.25885365E-09  6.82620395E+04  1.27031859E+00  0.00000000E+00
  6.79615919E+05  8.59282081E+06  4.26276096E-09  6.82647838E+04  1.26933449E+00  0.00000000E+00
  6.79976649E+05  8.59392929E+06  4.26660886E-09  6.82675280E+04  1.26836986E+00  0.00000000E+00
  6.80337380E+05  8.59503777E+06  4.27039802E-09  6.82702723E+04  1.26742443E+00  0.00000000E+00
  6.80698110E+05  8.59614625E+06  4.27412910E-09  6.82730166E+04  1.26649790E+00  0.00000000E+00
  6.81058840E+05  8.59725473E+06  4.27780275E-09  6.82757609E+04  1.26559000E+00  0.00000000E+00
  6.81419571E+05  8.59836321E+06  4.28141963E-09  6.82785051E+04  1.26470044E+00  0.00000000E+00
  6.81780301E+05  8.59947169E+06  4.28498039E-09  6.82812494E+04  1.26382894E+00  0.00000000E+00
  6.82141031E+05  8.60058017E+06  4.28848569E-09  6.82839937E+04  1.26297525E+00  0.00000000E+00
  6.82501762E+05  8.60168866E+06  4.29193618E-09  6.82867379E+04  1.26213909E+00  0.00000000E+00
  6.82862492E+05  8.60279714E+06  4.29533249E-09  6.82894822E+04  1.26132020E+00  0.00000000E+00
  6.83223222E+05  8.60390562E+06  4.29867528E-09  6.82922265E+04  1.26051832E+00  0.00000000E+00
  6.83583953E+05  8.60501410E+06  4.30196519E-09  6.82949707E+04  1.25973318E+00  0.00000000E+00
  6.83944683E+05  8.60612258E+06  4.30520285E-09  6.82977150E+04  1.25896454E+00  0.00000000E+00
  6.84305413E+05  8.60723106E+06  4.30838889E-09  6.83004593E+04  1.25821214E+00  0.00000000E+00
  6.84666144E+05  8.60833954E+06  4.31152395E-09  6.83032035E+04  1.25747575E+00  0.00000000E+00
  6.85026874E+05  8.60944802E+06  4.31460866E-09  6.83059478E+04  1.25675511E+00  0.00000000E+00
  6.85387604E+05  8.61055650E+06  4.31764364E-09  6.83086921E+04  1.25604998E+00  0.00000000E+00
  6.85748334E+05  8.61166498E+06  4.32062951E-09  6.83114363E+04  1.25536013E+00  0.00000000E+00
  6.86109065E+05  8.61277346E+06  4.32356688E-09  6.83141806E+04  1.25468532E+00  0.00000000E+00
  6.86469795E+05  8.61388194E+06  4.32645637E-09  6.83169249E+04  1.25402533E+00  0.00000000E+00
  6.86830525E+05  8.61499042E+06  4.32929859E-09  6.83196691E+04  1.25337992E+00  0.00000000E+00
  6.87191256E+05  8.61609891E+06  4.33209413E-09  6.83224134E+04  1.25274887E+00  0.00000000E+00
  6.87551986E+05  8.61720739E+06  4.33484361E-09  6.83251577E+04  1.25213195E+00  0.00000000E+00
  6.87912716E+05  8.61831587E+06  4.33754761E-09  6.83279020E+04  1.25152896E+00  0.00000000E+00
  6.88273447E+05  8.61942435E+06  4.34020672E-09  6.83306462E+04  1.25093968E+00  0.00000000E+00
  6.88634177E+05  8.62053283E+06  4.34282153E-09  6.83333905E+04  1.25036389E+00  0.00000000E+00
  6.88994907E+05  8.62164131E+06  4.34539263E-09  6.83361348E+04  1.24980138E+00  0.00000000E+00
  6.89355638E+05  8.62274979E+06  4.34792059E-09  6.83388790E+04  1.24925195E+00  0.00000000E+00
  6.89716368E+05  8.62385827E+06  4.35040598E-09  6.83416233E+04  1.24871539E+00  0.00000000E+00
  6.90077098E+05  8.62496675E+06  4.35284937E-09  6.83443676E+04  1.24819151E+00  0.00000000E+00
  6.90437829E+05  8.62607523E+06  4.35525132E-09  6.83471118E+04  1.24768010E+00  0.00000000E+00
  6.90798559E+05  8.62718371E+06  4.35761239E-09  6.83498561E+04  1.24718098E+00  0.00000000E+00
  6.91159289E+05  8.62829219E+06  4.35993314E-09  6.83526004E+04  1.24669394E+00  0.00000000E+00
  6.91520020E+05  8.62940068E+06  4.36221410E-09  6.83553446E+04  1.24621881E+00  0.00000000E+00
  6.91880750E+05  8.63050916E+06  4.36445583E-09  6.83580889E+04  1.24575538E+00  0.00000000E+00
  6.92241480E+05  8.63161764E+06  4.36665885E-09  6.83608332E+04  1.24530349E+00  0.00000000E+00
  6.92602211E+05  8.63272612E+06  4.36882371E-09  6.83635774E+04  1.24486295E+00  0.00000000E+00
  6.92962941E+05  8.63383460E+06  4.37095093E-09  6.83663217E+04  1.24443357E+00  0.00000000E+00
  6.93323671E+05  8.63494308E+06  4.37304103E-09  6.83690660E+04  1.24401519E+00  0.00000000E+00
  6.93684401E+05  8.63605156E+06  4.37509452E-09  6.83718103E+04  1.24360764E+00  0.00000000E+00
  6.94045132E+05  8.63716004E+06  4.37711193E-09  6.83745545E+04  1.24321073E+00  0.00000000E+00
  6.94405862E+05  8.63826852E+06  4.37909376E-09  6.83772988E+04  1.24282430E+00  0.00000000E+00
  6.94766592E+05  8.63937700E+06  4.38104051E-09  6.83800431E+04  1.24244819E+00  0.00000000E+00
  6.95127323E+05  8.64048548E+06  4.38295267E-09  6.83827873E+04  1.24208223E+00  0.00000000E+00
  6.95488053E+05  8.64159396E+06  4.38483073E-09  6.83855316E+04  1.24172626E+00  0.00000000E+00
  6.95848783E+05  8.64270245E+06  4.38667519E-09  6.83882759E+04  1.24138012E+00  0.00000000E+00
  6.96209514E+05  8.64381093E+06  4.38848652E-09  6.83910201E+04  1.24104367E+00  0.00000000E+00
  6.96570244E+05  8.64491941E+06  4.39026519E-09  6.83937644E+04  1.24071673E+00  0.00000000E+00
  6.96930974E+05  8.64602789E+06  4.39201168E-09  6.83965087E+04  1.24039917E+00  0.00000000E+00
  6.97291705E+05  8.64713637E+06  4.39372646E-09  6.83992529E+04  1.24009082E+00  0.00000000E+00
  6.97652435E+05  8.64824485E+06  4.39540997E-09  6.84019972E+04  1.23979156E+00  0.00000000E+00
  6.98013165E+05  8.64935333E+06  4.39706268E-09  6.84047415E+04  1.23950122E+00  0.00000000E+00
  6.98373896E+05  8.65046181E+06  4.39868503E-09  6.84074857E+04  1.23921967E+00  0.00000000E+00
  6.98734626E+05  8.65157029E+06  4.40027747E-09  6.84102300E+04  1.23894677E+00  0.00000000E+00
  6.99095356E+05  8.65267877E+06  4.40184044E-09  6.84129743E+04  1.23868237E+00  0.00000000E+00
  6.99456087E+05  8.65378725E+06  4.40337437E-09  6.84157185E+04  1.23842635E+00  0.00000000E+00
  6.99816817E+05  8.65489573E+06  4.40487968E-09  6.84184628E+04  1.23817857E+00  0.00000000E+00
  7.00177547E+05  8.65600422E+06  4.40635680E-09  6.84212071E+04  1.23793889E+00  0.00000000E+00
  7.00538277E+05  8.65711270E+06  4.40780616E-09  6.84239514E+04  1.23770719E+00  0.00000000E+00
  7.00899008E+05  8.65822118E+06  4.40922815E-09  6.84266956E+04  1.23748333E+00  0.00000000E+00
  7.01259738E+05  8.65932966E+06  4.41062320E-09  6.84294399E+04  1.23726720E+00  0.00000000E+00
  7.01620468E+05  8.66043814E+06  4.41199170E-09  6.84321842E+04  1.23705867E+00  0.00000000E+00
  7.01981199E+05  8.66154662E+06  4.41333405E-09  6.84349284E+04  1.23685761E+00  0.00000000E+00
  7.02341929E+05  8.66265510E+06  4.41465064E-09  6.84376727E+04  1.23666390E+00  0.00000000E+00
  7.02702659E+05  8.66376358E+06  4.41594187E-09  6.84404170E+04  1.23647743E+00  0.00000000E+00
  7.03063390E+05  8.66487206E+06  4.41720811E-09  6.84431612E+04  1.23629808E+00  0.00000000E+00
  7.03424120E+05  8.66598054E+06  4.41844974E-09  6.84459055E+04  1.23612573E+00  0.00000000E+00
  7.03784850E+05  8.66708902E+06  4.41966714E-09  6.84486498E+04  1.23596028E+00  0.00000000E+00
  7.04145581E+05  8.66819750E+06  4.42086067E-09  6.84513940E+04  1.23580160E+00  0.00000000E+00
  7.04506311E+05  8.66930599E+06  4.42203070E-09  6.84541383E+04  1.23564960E+00  0.00000000E+00
  7.04867041E+05  8.67041447E+06  4.42317759E-09  6.84568826E+04  1.23550415E+00  0.00000000E+00
  7.05227772E+05  8.67152295E+06  4.42430168E-09  6.84596268E+04  1.23536516E+00  0.00000000E+00
  7.05588502E+05  8.67263143E+06  4.42540334E-09  6.84623711E+04  1.23523253E+00  0.00000000E+00
  7.05949232E+05  8.67373991E+06  4.42648291E-09  6.84651154E+04  1.23510614E+00  0.00000000E+00
  7.06309963E+05  8.67484839E+06  4.42754072E-09  6.84678597E+04  1.23498590E+00  0.00000000E+00
  7.06670693E+05  8.67595687E+06  4.42857711E-09  6.84706039E+04  1.23487170E+00  0.00000000E+00
  7.07031423E+05  8.67706535E+06  4.42959242E-09  6.84733482E+04  1.23476345E+00  0.00000000E+00
  7.07392154E+05  8.67817383E+06  4.43058696E-09  6.84760925E+04  1.23466106E+00  0.00000000E+00
  7.07752884E+05  8.67928231E+06  4.43156107E-09  6.84788367E+04  1.23456442E+00  0.00000000E+00
  7.08113614E+05  8.68039079E+06  4.43251505E-09  6.84815810E+04  1.23447345E+00  0.00000000E+00
  7.08474344E+05  8.68149927E+06  4.43344923E-09  6.84843253E+04  1.23438804E+00  0.00000000E+00
  7.08835075E+05  8.68260775E+06  4.43436391E-09  6.84870695E+04  1.23430812E+00  0.00000000E+00
  7.09195805E+05  8.68371624E+06  4.43525940E-09  6.84898138E+04  1.23423359E+00  0.00000000E+00
  7.09556535E+05  8.68482472E+06  4.43613600E-09  6.84925581E+04  1.23416436E+00  0.00000000E+00
  7.09917266E+05  8.68593320E+06  4.43699400E-09  6.84953023E+04  1.23410035E+00  0.00000000E+00
  7.10277996E+05  8.68704168E+06  4.43783369E-09  6.84980466E+04  1.23404147E+00  0.00000000E+00
  7.10638726E+05  8.68815016E+06  4.43865537E-09  6.85007909E+04  1.23398764E+00  0.00000000E+00
  7.10999457E+05  8.68925864E+06  4.43945932E-09  6.85035351E+04  1.23393877E+00  0.00000000E+00
  7.11360187E+05  8.69036712E+06  4.44024582E-09  6.85062794E+04  1.23389479E+00  0.00000000E+00
  7.11720917E+05  8.69147560E+06  4.44101515E-09  6.85090237E+04  1.23385561E+00  0.00000000E+00
  7.12081648E+05  8.69258408E+06  4.44176757E-09  6.85117680E+04  1.23382116E+00  0.00000000E+00
  7.12442378E+05  8.69369256E+06  4.44250335E-09  6.85145122E+04  1.23379135E+00  0.00000000E+00
  7.12803108E+05  8.69480104E+06  4.44322277E-09  6.85172565E+04  1.23376612E+00  0.00000000E+00
  7.13163839E+05  8.69590952E+06  4.44392607E-09  6.85200008E+04  1.23374539E+00  0.00000000E+00
  7.13524569E+05  8.69701801E+06  4.44461353E-09  6.85227450E+04  1.23372908E+00  0.00000000E+00
  7.13885299E+05  8.69812649E+06  4.44528538E-09  6.85254893E+04  1.23371712E+00  0.00000000E+00
  7.14246030E+05  8.69923497E+06  4.44594188E-09  6.85282336E+04  1.23370945E+00  0.00000000E+00
  7.14606760E+05  8.70034345E+06  4.44658328E-09  6.85309778E+04  1.23370598E+00  0.00000000E+00
  7.14967490E+05  8.70145193E+06  4.44720981E-09  6.85337221E+04  1.23370666E+00  0.00000000E+00
  7.15328221E+05  8.70256041E+06  4.44782172E-09  6.85364664E+04  1.23371140E+00  0.00000000E+00
  7.15688951E+05  8.70366889E+06  4.44841924E-09  6.85392106E+04  1.23372016E+00  0.00000000E+00
  7.16049681E+05  8.70477737E+06  4.44900260E-09  6.85419549E+04  1.23373286E+00  0.00000000E+00
  7.16410411E+05  8.70588585E+06  4.44957203E-09  6.85446992E+04  1.23374943E+00  0.00000000E+00
  7.16771142E+05  8.70699433E+06  4.45012776E-09  6.85474434E+04  1.23376981E+00  0.00000000E+00
  7.17131872E+05  8.70810281E+06  4.45067000E-09  6.85501877E+04  1.23379395E+00  0.00000000E+00
  7.17492602E+05  8.70921129E+06  4.45119898E-09  6.85529320E+04  1.23382177E+00  0.00000000E+00
  7.17853333E+05  8.71031978E+06  4.45171490E-09  6.85556762E+04  1.23385322E+00  0.00000000E+00
  7.18214063E+05  8.71142826E+06  4.45221799E-09  6.85584205E+04  1.23388824E+00  0.00000000E+00
  7.18574793E+05  8.71253674E+06  4.45270844E-09  6.85611648E+04  1.23392677E+00  0.00000000E+00
  7.18935524E+05  8.71364522E+06  4.45318647E-09  6.85639091E+04  1.23396875E+00  0.00000000E+00
  7.19296254E+05  8.71475370E+06  4.45365228E-09  6.85666533E+04  1.23401412E+00  0.00000000E+00
  7.19656984E+05  8.71586218E+06  4.45410606E-09  6.85693976E+04  1.23406284E+00  0.00000000E+00
  7.20017715E+05  8.71697066E+06  4.45454801E-09  6.85721419E+04  1.23411484E+00  0.00000000E+00
  7.20378445E+05  8.71807914E+06  4.45497833E-09  6.85748861E+04  1.23417007E+00  0.00000000E+00
  7.20739175E+05  8.71918762E+06  4.45539720E-09  6.85776304E+04  1.23422847E+00  0.00000000E+00
  7.21099906E+05  8.72029610E+06  4.45580481E-09  6.85803747E+04  1.23429001E+00  0.00000000E+00
  7.21460636E+05  8.72140458E+06  4.45620135E-09  6.85831189E+04  1.23435461E+00  0.00000000E+00
  7.21821366E+05  8.72251306E+06  4.45658700E-09  6.85858632E+04  1.23442224E+00  0.00000000E+00
  7.22182097E+05  8.72362155E+06  4.45696193E-09  6.85886075E+04  1.23449284E+00  0.00000000E+00
  7.22542827E+05  8.72473003E+06  4.45732632E-09  6.85913517E+04  1.23456636E+00  0.00000000E+00
  7.22903557E+05  8.72583851E+06  4.45768035E-09  6.85940960E+04  1.23464276E+00  0.00000000E+00
  7.23264288E+05  8.72694699E+06  4.45802418E-09  6.85968403E+04  1.23472199E+00  0.00000000E+00
  7.23625018E+05  8.72805547E+06  4.45835799E-09  6.85995845E+04  1.23480400E+00  0.00000000E+00
  7.23985748E+05  8.72916395E+06  4.45868193E-09  6.86023288E+04  1.23488875E+00  0.00000000E+00
  7.24346478E+05  8.73027243E+06  4.45899618E-09  6.86050731E+04  1.23497619E+00  0.00000000E+00
  7.24707209E+05  8.73138091E+06  4.45930089E-09  6.86078174E+04  1.23506627E+00  0.00000000E+00
  7.25067939E+05  8.73248939E+06  4.45959621E-09  6.86105616E+04  1.23515896E+00  0.00000000E+00
  7.25428669E+05  8.73359787E+06  4.45988231E-09  6.86133059E+04  1.23525421E+00  0.00000000E+00
  7.25789400E+05  8.73470635E+06  4.46015934E-09  6.86160502E+04  1.23535198E+00  0.00000000E+00
  7.26150130E+05  8.73581483E+06  4.46042745E-09  6.86187944E+04  1.23545222E+00  0.00000000E+00
  7.26510860E+05  8.73692332E+06  4.46068677E-09  6.86215387E+04  1.23555490E+00  0.00000000E+00
  7.26871591E+05  8.73803180E+06  4.46093747E-09  6.86242830E+04  1.23565997E+00  0.00000000E+00
  7.27232321E+05  8.73914028E+06  4.46117969E-09  6.86270272E+04  1.23576740E+00  0.00000000E+00
  7.27593051E+05  8.74024876E+06  4.46141356E-09  6.86297715E+04  1.23587715E+00  0.00000000E+00
  7.27953782E+05  8.74135724E+06  4.46163922E-09  6.86325158E+04  1.23598918E+00  0.00000000E+00
  7.28314512E+05  8.74246572E+06  4.46185681E-09  6.86352600E+04  1.23610344E+00  0.00000000E+00
  7.28675242E+05  8.74357420E+06  4.46206647E-09  6.86380043E+04  1.23621992E+00  0.00000000E+00
  7.29035973E+05  8.74468268E+06  4.46226832E-09  6.86407486E+04  1.23633856E+00  0.00000000E+00
  7.29396703E+05  8.74579116E+06  4.46246250E-09  6.86434928E+04  1.23645933E+00  0.00000000E+00
  7.29757433E+05  8.74689964E+06  4.46264914E-09  6.86462371E+04  1.23658220E+00  0.00000000E+00
  7.30118164E+05  8.74800812E+06  4.46282836E-09  6.86489814E+04  1.23670713E+00  0.00000000E+00
  7.30478894E+05  8.74911660E+06  4.46300028E-09  6.86517257E+04  1.23683409E+00  0.00000000E+00
  7.30839624E+05  8.75022508E+06  4.46316504E-09  6.86544699E+04  1.23696305E+00  0.00000000E+00
  7.31200355E+05  8.75133357E+06  4.46332274E-09  6.86572142E+04  1.23709397E+00  0.00000000E+00
  7.31561085E+05  8.75244205E+06  4.46347350E-09  6.86599585E+04  1.23722682E+00  0.00000000E+00
  7.31921815E+05  8.75355053E+06  4.46361745E-09  6.86627027E+04  1.23736156E+00  0.00000000E+00
  7.32282545E+05  8.75465901E+06  4.46375469E-09  6.86654470E+04  1.23749818E+00  0.00000000E+00
  7.32643276E+05  8.75576749E+06  4.46388535E-09  6.86681913E+04  1.23763663E+00  0.00000000E+00
  7.33004006E+05  8.75687597E+06  4.46400952E-09  6.86709355E+04  1.23777688E+00  0.00000000E+00
  7.33364736E+05  8.75798445E+06  4.46412732E-09  6.86736798E+04  1.23791891E+00  0.00000000E+00
  7.33725467E+05  8.75909293E+06  4.46423886E-09  6.86764241E+04  1.23806269E+00  0.00000000E+00
  7.34086197E+05  8.76020141E+06  4.46434424E-09  6.86791683E+04  1.23820819E+00  0.00000000E+00
  7.34446927E+05  8.76130989E+06  4.46444357E-09  6.86819126E+04  1.23835537E+00  0.00000000E+00
  7.34807658E+05  8.76241837E+06  4.46453694E-09  6.86846569E+04  1.23850422E+00  0.00000000E+00
  7.35168388E+05  8.76352685E+06  4.46462446E-09  6.86874011E+04  1.23865470E+00  0.00000000E+00
  7.35529118E+05  8.76463534E+06  4.46470623E-09  6.86901454E+04  1.23880679E+00  0.00000000E+00
  7.35889849E+05  8.76574382E+06  4.46478234E-09  6.86928897E+04  1.23896047E+00  0.00000000E+00
  7.36250579E+05  8.76685230E+06  4.46485290E-09  6.86956339E+04  1.23911569E+00  0.00000000E+00
  7.36611309E+05  8.76796078E+06  4.46491798E-09  6.86983782E+04  1.23927245E+00  0.00000000E+00
  7.36972040E+05  8.76906926E+06  4.46497769E-09  6.87011225E+04  1.23943071E+00  0.00000000E+00
  7.37332770E+05  8.77017774E+06  4.46503212E-09  6.87038668E+04  1.23959045E+00  0.00000000E+00
  7.37693500E+05  8.77128622E+06  4.46508136E-09  6.87066110E+04  1.23975164E+00  0.00000000E+00
  7.38054231E+05  8.77239470E+06  4.46512549E-09  6.87093553E+04  1.23991427E+00  0.00000000E+00
  7.38414961E+05  8.77350318E+06  4.46516460E-09  6.87120996E+04  1.24007830E+00  0.00000000E+00
  7.38775691E+05  8.77461166E+06  4.46519878E-09  6.87148438E+04  1.24024372E+00  0.00000000E+00
  7.39136422E+05  8.77572014E+06  4.46522811E-09  6.87175881E+04  1.24041050E+00  0.00000000E+00
  7.39497152E+05  8.77682862E+06  4.46525267E-09  6.87203324E+04  1.24057862E+00  0.00000000E+00
  7.39857882E+05  8.77793711E+06  4.46527255E-09  6.87230766E+04  1.24074806E+00  0.00000000E+00
  7.40218612E+05  8.77904559E+06  4.46528782E-09  6.87258209E+04  1.24091879E+00  0.00000000E+00
  7.40579343E+05  8.78015407E+06  4.46529856E-09  6.87285652E+04  1.24109080E+00  0.00000000E+00
  7.40940073E+05  8.78126255E+06  4.46530485E-09  6.87313094E+04  1.24126406E+00  0.00000000E+00
  7.41300803E+05  8.78237103E+06  4.46530677E-09  6.87340537E+04  1.24143855E+00  0.00000000E+00
  7.41661534E+05  8.78347951E+06  4.46530438E-09  6.87367980E+04  1.24161426E+00  0.00000000E+00
  7.42022264E+05  8.78458799E+06  4.46529777E-09  6.87395422E+04  1.24179116E+00  0.00000000E+00
  7.42382994E+05  8.78569647E+06  4.46528701E-09  6.87422865E+04  1.24196923E+00  0.00000000E+00
  7.42743725E+05  8.78680495E+06  4.46527216E-09  6.87450308E+04  1.24214846E+00  0.00000000E+00
  7.43104455E+05  8.78791343E+06  4.46525329E-09  6.87477751E+04  1.24232882E+00  0.00000000E+00
  7.43465185E+05  8.78902191E+06  4.46523049E-09  6.87505193E+04  1.24251030E+00  0.00000000E+00
  7.43825916E+05  8.79013039E+06  4.46520380E-09  6.87532636E+04  1.24269287E+00  0.00000000E+00
  7.44186646E+05  8.79123888E+06  4.46517330E-09  6.87560079E+04  1.24287653E+00  0.00000000E+00
  7.44547376E+05  8.79234736E+06  4.46513906E-09  6.87587521E+04  1.24306125E+00  0.00000000E+00
  7.44908107E+05  8.79345584E+06  4.46510114E-09  6.87614964E+04  1.24324701E+00  0.00000000E+00
  7.45268837E+05  8.79456432E+06  4.46505960E-09  6.87642407E+04  1.24343381E+00  0.00000000E+00
  7.45629567E+05  8.79567280E+06  4.46501450E-09  6.87669849E+04  1.24362161E+00  0.00000000E+00
  7.45990298E+05  8.79678128E+06  4.46496590E-09  6.87697292E+04  1.24381041E+00  0.00000000E+00
  7.46351028E+05  8.79788976E+06  4.46491387E-09  6.87724735E+04  1.24400019E+00  0.00000000E+00
  7.46711758E+05  8.79899824E+06  4.46485847E-09  6.87752177E+04  1.24419093E+00  0.00000000E+00
  7.47072489E+05  8.80010672E+06  4.46479975E-09  6.87779620E+04  1.24438261E+00  0.00000000E+00
  7.47433219E+05  8.80121520E+06  4.46473776E-09  6.87807063E+04  1.24457523E+00  0.00000000E+00
  7.47793949E+05  8.80232368E+06  4.46467257E-09  6.87834505E+04  1.24476876E+00  0.00000000E+00
  7.48154679E+05  8.80343216E+06  4.46460424E-09  6.87861948E+04  1.24496320E+00  0.00000000E+00
  7.48515410E+05  8.80454065E+06  4.46453280E-09  6.87889391E+04  1.24515852E+00  0.00000000E+00
  7.48876140E+05  8.80564913E+06  4.46445833E-09  6.87916833E+04  1.24535471E+00  0.00000000E+00
  7.49236870E+05  8.80675761E+06  4.46438086E-09  6.87944276E+04  1.24555176E+00  0.00000000E+00
  7.49597601E+05  8.80786609E+06  4.46430046E-09  6.87971719E+04  1.24574965E+00  0.00000000E+00
  7.49958331E+05  8.80897457E+06  4.46421717E-09  6.87999162E+04  1.24594838E+00  0.00000000E+00
  7.50319061E+05  8.81008305E+06  4.46413105E-09  6.88026604E+04  1.24614792E+00  0.00000000E+00
  7.50679792E+05  8.81119153E+06  4.46404213E-09  6.88054047E+04  1.24634826E+00  0.00000000E+00
  7.51040522E+05  8.81230001E+06  4.46395048E-09  6.88081490E+04  1.24654940E+00  0.00000000E+00
  7.51401252E+05  8.81340849E+06  4.46385614E-09  6.88108932E+04  1.24675131E+00  0.00000000E+00
  7.51761983E+05  8.81451697E+06  4.46375915E-09  6.88136375E+04  1.24695398E+00  0.00000000E+00
  7.52122713E+05  8.81562545E+06  4.46365956E-09  6.88163818E+04  1.24715741E+00  0.00000000E+00
  7.52483443E+05  8.81673393E+06  4.46355741E-09  6.88191260E+04  1.24736158E+00  0.00000000E+00
  7.52844174E+05  8.81784241E+06  4.46345276E-09  6.88218703E+04  1.24756648E+00  0.00000000E+00
  7.53204904E+05  8.81895090E+06  4.46334564E-09  6.88246146E+04  1.24777209E+00  0.00000000E+00
  7.53565634E+05  8.82005938E+06  4.46323610E-09  6.88273588E+04  1.24797841E+00  0.00000000E+00
  7.53926365E+05  8.82116786E+06  4.46312417E-09  6.88301031E+04  1.24818542E+00  0.00000000E+00
  7.54287095E+05  8.82227634E+06  4.46300991E-09  6.88328474E+04  1.24839311E+00  0.00000000E+00
  7.54647825E+05  8.82338482E+06  4.46289334E-09  6.88355916E+04  1.24860148E+00  0.00000000E+00
  7.55008556E+05  8.82449330E+06  4.46277452E-09  6.88383359E+04  1.24881050E+00  0.00000000E+00
  7.55369286E+05  8.82560178E+06  4.46265348E-09  6.88410802E+04  1.24902018E+00  0.00000000E+00
  7.55730016E+05  8.82671026E+06  4.46253025E-09  6.88438245E+04  1.24923049E+00  0.00000000E+00
  7.56090746E+05  8.82781874E+06  4.46240489E-09  6.88465687E+04  1.24944143E+00  0.00000000E+00
  7.56451477E+05  8.82892722E+06  4.46227742E-09  6.88493130E+04  1.24965299E+00  0.00000000E+00
  7.56812207E+05  8.83003570E+06  4.46214788E-09  6.88520573E+04  1.24986516E+00  0.00000000E+00
  7.57172937E+05  8.83114418E+06  4.46201631E-09  6.88548015E+04  1.25007793E+00  0.00000000E+00
  7.57533668E+05  8.83225267E+06  4.46188274E-09  6.88575458E+04  1.25029129E+00  0.00000000E+00
  7.57894398E+05  8.83336115E+06  4.46174721E-09  6.88602901E+04  1.25050522E+00  0.00000000E+00
  7.58255128E+05  8.83446963E+06  4.46160975E-09  6.88630343E+04  1.25071973E+00  0.00000000E+00
  7.58615859E+05  8.83557811E+06  4.46147040E-09  6.88657786E+04  1.25093480E+00  0.00000000E+00
  7.58976589E+05  8.83668659E+06  4.46132919E-09  6.88685229E+04  1.25115042E+00  0.00000000E+00
  7.59337319E+05  8.83779507E+06  4.46118615E-09  6.88712671E+04  1.25136659E+00  0.00000000E+00
  7.59698050E+05  8.83890355E+06  4.46104131E-09  6.88740114E+04  1.25158329E+00  0.00000000E+00
  7.60058780E+05  8.84001203E+06  4.46089472E-09  6.88767557E+04  1.25180052E+00  0.00000000E+00
  7.60419510E+05  8.84112051E+06  4.46074639E-09  6.88794999E+04  1.25201826E+00  0.00000000E+00
  7.60780241E+05  8.84222899E+06  4.46059635E-09  6.88822442E+04  1.25223651E+00  0.00000000E+00
  7.61140971E+05  8.84333747E+06  4.46044465E-09  6.88849885E+04  1.25245527E+00  0.00000000E+00
  7.61501701E+05  8.84444595E+06  4.46029130E-09  6.88877328E+04  1.25267452E+00  0.00000000E+00
  7.61862432E+05  8.84555444E+06  4.46013634E-09  6.88904770E+04  1.25289425E+00  0.00000000E+00
  7.62223162E+05  8.84666292E+06  4.45997979E-09  6.88932213E+04  1.25311446E+00  0.00000000E+00
  7.62583892E+05  8.84777140E+06  4.45982169E-09  6.88959656E+04  1.25333515E+00  0.00000000E+00
  7.62944623E+05  8.84887988E+06  4.45966206E-09  6.88987098E+04  1.25355629E+00  0.00000000E+00
  7.63305353E+05  8.84998836E+06  4.45950092E-09  6.89014541E+04  1.25377789E+00  0.00000000E+00
  7.63666083E+05  8.85109684E+06  4.45933831E-09  6.89041984E+04  1.25399994E+00  0.00000000E+00
  7.64026813E+05  8.85220532E+06  4.45917425E-09  6.89069426E+04  1.25422243E+00  0.00000000E+00
  7.64387544E+05  8.85331380E+06  4.45900877E-09  6.89096869E+04  1.25444536E+00  0.00000000E+00
  7.64748274E+05  8.85442228E+06  4.45884188E-09  6.89124312E+04  1.25466871E+00  0.00000000E+00
  7.65109004E+05  8.85553076E+06  4.45867363E-09  6.89151754E+04  1.25489248E+00  0.00000000E+00
  7.65469735E+05  8.85663924E+06  4.45850402E-09  6.89179197E+04  1.25511667E+00  0.00000000E+00
  7.65830465E+05  8.85774772E+06  4.45833309E-09  6.89206640E+04  1.25534126E+00  0.00000000E+00
  7.66191195E+05  8.85885621E+06  4.45816086E-09  6.89234082E+04  1.25556626E+00  0.00000000E+00
  7.66551926E+05  8.85996469E+06  4.45798735E-09  6.89261525E+04  1.25579165E+00  0.00000000E+00
  7.66912656E+05  8.86107317E+06  4.45781258E-09  6.89288968E+04  1.25601743E+00  0.00000000E+00
  7.67273386E+05  8.86218165E+06  4.45763659E-09  6.89316410E+04  1.25624359E+00  0.00000000E+00
  7.67634117E+05  8.86329013E+06  4.45745938E-09  6.89343853E+04  1.25647013E+00  0.00000000E+00
  7.67994847E+05  8.86439861E+06  4.45728098E-09  6.89371296E+04  1.25669703E+00  0.00000000E+00
  7.68355577E+05  8.86550709E+06  4.45710141E-09  6.89398739E+04  1.25692431E+00  0.00000000E+00
  7.68716308E+05  8.86661557E+06  4.45692070E-09  6.89426181E+04  1.25715194E+00  0.00000000E+00
  7.69077038E+05  8.86772405E+06  4.45673886E-09  6.89453624E+04  1.25737992E+00  0.00000000E+00
  7.69437768E+05  8.86883253E+06  4.45655591E-09  6.89481067E+04  1.25760826E+00  0.00000000E+00
  7.69798499E+05  8.86994101E+06  4.45637188E-09  6.89508509E+04  1.25783693E+00  0.00000000E+00
  7.70159229E+05  8.87104949E+06  4.45618678E-09  6.89535952E+04  1.25806595E+00  0.00000000E+00
  7.70519959E+05  8.87215798E+06  4.45600064E-09  6.89563395E+04  1.25829529E+00  0.00000000E+00
  7.70880690E+05  8.87326646E+06  4.45581346E-09  6.89590837E+04  1.25852496E+00  0.00000000E+00
  7.71241420E+05  8.87437494E+06  4.45562528E-09  6.89618280E+04  1.25875496E+00  0.00000000E+00
  7.71602150E+05  8.87548342E+06  4.45543611E-09  6.89645723E+04  1.25898527E+00  0.00000000E+00
  7.71962880E+05  8.87659190E+06  4.45524596E-09  6.89673165E+04  1.25921589E+00  0.00000000E+00
  7.72323611E+05  8.87770038E+06  4.45505485E-09  6.89700608E+04  1.25944682E+00  0.00000000E+00
  7.72684341E+05  8.87880886E+06  4.45486281E-09  6.89728051E+04  1.25967805E+00  0.00000000E+00
  7.73045071E+05  8.87991734E+06  4.45466985E-09  6.89755493E+04  1.25990959E+00  0.00000000E+00
  7.73405802E+05  8.88102582E+06  4.45447598E-09  6.89782936E+04  1.26014141E+00  0.00000000E+00
  7.73766532E+05  8.88213430E+06  4.45428122E-09  6.89810379E+04  1.26037352E+00  0.00000000E+00
  7.74127262E+05  8.88324278E+06  4.45408559E-09  6.89837822E+04  1.26060592E+00  0.00000000E+00
  7.74487993E+05  8.88435126E+06  4.45388911E-09  6.89865264E+04  1.26083860E+00  0.00000000E+00
  7.74848723E+05  8.88545975E+06  4.45369178E-09  6.89892707E+04  1.26107155E+00  0.00000000E+00
  7.75209453E+05  8.88656823E+06  4.45349363E-09  6.89920150E+04  1.26130477E+00  0.00000000E+00
  7.75570184E+05  8.88767671E+06  4.45329467E-09  6.89947592E+04  1.26153827E+00  0.00000000E+00
  7.75930914E+05  8.88878519E+06  4.45309492E-09  6.89975035E+04  1.26177202E+00  0.00000000E+00
  7.76291644E+05  8.88989367E+06  4.45289438E-09  6.90002478E+04  1.26200604E+00  0.00000000E+00
  7.76652375E+05  8.89100215E+06  4.45269308E-09  6.90029920E+04  1.26224031E+00  0.00000000E+00
  7.77013105E+05  8.89211063E+06  4.45249103E-09  6.90057363E+04  1.26247483E+00  0.00000000E+00
  7.77373835E+05  8.89321911E+06  4.45228824E-09  6.90084806E+04  1.26270960E+00  0.00000000E+00
  7.77734566E+05  8.89432759E+06  4.45208472E-09  6.90112248E+04  1.26294461E+00  0.00000000E+00
  7.78095296E+05  8.89543607E+06  4.45188050E-09  6.90139691E+04  1.26317987E+00  0.00000000E+00
  7.78456026E+05  8.89654455E+06  4.45167557E-09  6.90167134E+04  1.26341536E+00  0.00000000E+00
  7.78816756E+05  8.89765303E+06  4.45146997E-09  6.90194576E+04  1.26365108E+00  0.00000000E+00
  7.79177487E+05  8.89876151E+06  4.45126369E-09  6.90222019E+04  1.26388704E+00  0.00000000E+00
  7.79538217E+05  8.89987000E+06  4.45105675E-09  6.90249462E+04  1.26412322E+00  0.00000000E+00
  7.79898947E+05  8.90097848E+06  4.45084916E-09  6.90276904E+04  1.26435963E+00  0.00000000E+00
  7.80259678E+05  8.90208696E+06  4.45064094E-09  6.90304347E+04  1.26459625E+00  0.00000000E+00
  7.80620408E+05  8.90319544E+06  4.45043209E-09  6.90331790E+04  1.26483309E+00  0.00000000E+00
  7.80981138E+05  8.90430392E+06  4.45022264E-09  6.90359233E+04  1.26507015E+00  0.00000000E+00
  7.81341869E+05  8.90541240E+06  4.45001258E-09  6.90386675E+04  1.26530741E+00  0.00000000E+00
  7.81702599E+05  8.90652088E+06  4.44980194E-09  6.90414118E+04  1.26554488E+00  0.00000000E+00
  7.82063329E+05  8.90762936E+06  4.44959072E-09  6.90441561E+04  1.26578256E+00  0.00000000E+00
  7.82424060E+05  8.90873784E+06  4.44937893E-09  6.90469003E+04  1.26602043E+00  0.00000000E+00
  7.82784790E+05  8.90984632E+06  4.44916658E-09  6.90496446E+04  1.26625851E+00  0.00000000E+00
  7.83145520E+05  8.91095480E+06  4.44895369E-09  6.90523889E+04  1.26649678E+00  0.00000000E+00
  7.83506251E+05  8.91206328E+06  4.44874027E-09  6.90551331E+04  1.26673524E+00  0.00000000E+00
  7.83866981E+05  8.91317177E+06  4.44852632E-09  6.90578774E+04  1.26697390E+00  0.00000000E+00
  7.84227711E+05  8.91428025E+06  4.44831185E-09  6.90606217E+04  1.26721274E+00  0.00000000E+00
  7.84588442E+05  8.91538873E+06  4.44809688E-09  6.90633659E+04  1.26745176E+00  0.00000000E+00
  7.84949172E+05  8.91649721E+06  4.44788142E-09  6.90661102E+04  1.26769097E+00  0.00000000E+00
  7.85309902E+05  8.91760569E+06  4.44766547E-09  6.90688545E+04  1.26793035E+00  0.00000000E+00
  7.85670633E+05  8.91871417E+06  4.44744904E-09  6.90715987E+04  1.26816991E+00  0.00000000E+00
  7.86031363E+05  8.91982265E+06  4.44723215E-09  6.90743430E+04  1.26840965E+00  0.00000000E+00
  7.86392093E+05  8.92093113E+06  4.44701479E-09  6.90770873E+04  1.26864956E+00  0.00000000E+00
  7.86752823E+05  8.92203961E+06  4.44679699E-09  6.90798316E+04  1.26888963E+00  0.00000000E+00
  7.87113554E+05  8.92314809E+06  4.44657875E-09  6.90825758E+04  1.26912988E+00  0.00000000E+00
  7.87474284E+05  8.92425657E+06  4.44636007E-09  6.90853201E+04  1.26937028E+00  0.00000000E+00
  7.87835014E+05  8.92536505E+06  4.44614098E-09  6.90880644E+04  1.26961085E+00  0.00000000E+00
  7.88195745E+05  8.92647354E+06  4.44592146E-09  6.90908086E+04  1.26985158E+00  0.00000000E+00
  7.88556475E+05  8.92758202E+06  4.44570154E-09  6.90935529E+04  1.27009247E+00  0.00000000E+00
  7.88917205E+05  8.92869050E+06  4.44548122E-09  6.90962972E+04  1.27033351E+00  0.00000000E+00
  7.89277936E+05  8.92979898E+06  4.44526051E-09  6.90990414E+04  1.27057470E+00  0.00000000E+00
  7.89638666E+05  8.93090746E+06  4.44503941E-09  6.91017857E+04  1.27081605E+00  0.00000000E+00
  7.89999396E+05  8.93201594E+06  4.44481794E-09  6.91045300E+04  1.27105754E+00  0.00000000E+00
  7.90360127E+05  8.93312442E+06  4.44459610E-09  6.91072742E+04  1.27129919E+00  0.00000000E+00
  7.90720857E+05  8.93423290E+06  4.44437390E-09  6.91100185E+04  1.27154097E+00  0.00000000E+00
  7.91081587E+05  8.93534138E+06  4.44415134E-09  6.91127628E+04  1.27178290E+00  0.00000000E+00
  7.91442318E+05  8.93644986E+06  4.44392844E-09  6.91155070E+04  1.27202497E+00  0.00000000E+00
  7.91803048E+05  8.93755834E+06  4.44370520E-09  6.91182513E+04  1.27226718E+00  0.00000000E+00
  7.92163778E+05  8.93866682E+06  4.44348162E-09  6.91209956E+04  1.27250953E+00  0.00000000E+00
  7.92524509E+05  8.93977531E+06  4.44325772E-09  6.91237399E+04  1.27275201E+00  0.00000000E+00
  7.92885239E+05  8.94088379E+06  4.44303350E-09  6.91264841E+04  1.27299463E+00  0.00000000E+00
  7.93245969E+05  8.94199227E+06  4.44280896E-09  6.91292284E+04  1.27323737E+00  0.00000000E+00
  7.93606700E+05  8.94310075E+06  4.44258412E-09  6.91319727E+04  1.27348025E+00  0.00000000E+00
  7.93967430E+05  8.94420923E+06  4.44235898E-09  6.91347169E+04  1.27372326E+00  0.00000000E+00
  7.94328160E+05  8.94531771E+06  4.44213354E-09  6.91374612E+04  1.27396639E+00  0.00000000E+00
  7.94688890E+05  8.94642619E+06  4.44190782E-09  6.91402055E+04  1.27420964E+00  0.00000000E+00
  7.95049621E+05  8.94753467E+06  4.44168181E-09  6.91429497E+04  1.27445302E+00  0.00000000E+00
  7.95410351E+05  8.94864315E+06  4.44145552E-09  6.91456940E+04  1.27469653E+00  0.00000000E+00
  7.95771081E+05  8.94975163E+06  4.44122897E-09  6.91484383E+04  1.27494015E+00  0.00000000E+00
  7.96131812E+05  8.95086011E+06  4.44100215E-09  6.91511825E+04  1.27518389E+00  0.00000000E+00
  7.96492542E+05  8.95196859E+06  4.44077507E-09  6.91539268E+04  1.27542774E+00  0.00000000E+00
  7.96853272E+05  8.95307708E+06  4.44054773E-09  6.91566711E+04  1.27567172E+00  0.00000000E+00
  7.97214003E+05  8.95418556E+06  4.44032015E-09  6.91594153E+04  1.27591580E+00  0.00000000E+00
  7.97574733E+05  8.95529404E+06  4.44009232E-09  6.91621596E+04  1.27616000E+00  0.00000000E+00
  7.97935463E+05  8.95640252E+06  4.43986426E-09  6.91649039E+04  1.27640431E+00  0.00000000E+00
  7.98296194E+05  8.95751100E+06  4.43963596E-09  6.91676481E+04  1.27664873E+00  0.00000000E+00
  7.98656924E+05  8.95861948E+06  4.43940743E-09  6.91703924E+04  1.27689326E+00  0.00000000E+00
  7.99017654E+05  8.95972796E+06  4.43917868E-09  6.91731367E+04  1.27713789E+00  0.00000000E+00
  7.99378385E+05  8.96083644E+06  4.43894971E-09  6.91758810E+04  1.27738263E+00  0.00000000E+00
  7.99739115E+05  8.96194492E+06  4.43872053E-09  6.91786252E+04  1.27762748E+00  0.00000000E+00
  8.00099845E+05  8.96305340E+06  4.43849114E-09  6.91813695E+04  1.27787242E+00  0.00000000E+00
  8.00460576E+05  8.96416188E+06  4.43826154E-09  6.91841138E+04  1.27811747E+00  0.00000000E+00
  8.00821306E+05  8.96527036E+06  4.43803175E-09  6.91868580E+04  1.27836262E+00  0.00000000E+00
  8.01182036E+05  8.96637884E+06  4.43780176E-09  6.91896023E+04  1.27860787E+00  0.00000000E+00
  8.01542767E+05  8.96748733E+06  4.43757158E-09  6.91923466E+04  1.27885321E+00  0.00000000E+00
  8.01903497E+05  8.96859581E+06  4.43734121E-09  6.91950908E+04  1.27909866E+00  0.00000000E+00
  8.02264227E+05  8.96970429E+06  4.43711065E-09  6.91978351E+04  1.27934420E+00  0.00000000E+00
  8.02624957E+05  8.97081277E+06  4.43687992E-09  6.92005794E+04  1.27958983E+00  0.00000000E+00
  8.02985688E+05  8.97192125E+06  4.43664902E-09  6.92033236E+04  1.27983556E+00  0.00000000E+00
  8.03346418E+05  8.97302973E+06  4.43641795E-09  6.92060679E+04  1.28008137E+00  0.00000000E+00
  8.03707148E+05  8.97413821E+06  4.43618670E-09  6.92088122E+04  1.28032728E+00  0.00000000E+00
  8.04067879E+05  8.97524669E+06  4.43595530E-09  6.92115564E+04  1.28057328E+00  0.00000000E+00
  8.04428609E+05  8.97635517E+06  4.43572374E-09  6.92143007E+04  1.28081937E+00  0.00000000E+00
  8.04789339E+05  8.97746365E+06  4.43549202E-09  6.92170450E+04  1.28106555E+00  0.00000000E+00
  8.05150070E+05  8.97857213E+06  4.43526015E-09  6.92197893E+04  1.28131181E+00  0.00000000E+00
  8.05510800E+05  8.97968061E+06  4.43502814E-09  6.92225335E+04  1.28155816E+00  0.00000000E+00
  8.05871530E+05  8.98078910E+06  4.43479597E-09  6.92252778E+04  1.28180460E+00  0.00000000E+00
  8.06232261E+05  8.98189758E+06  4.43456367E-09  6.92280221E+04  1.28205111E+00  0.00000000E+00
  8.06592991E+05  8.98300606E+06  4.43433123E-09  6.92307663E+04  1.28229772E+00  0.00000000E+00
  8.06953721E+05  8.98411454E+06  4.43409866E-09  6.92335106E+04  1.28254440E+00  0.00000000E+00
  8.07314452E+05  8.98522302E+06  4.43386596E-09  6.92362549E+04  1.28279116E+00  0.00000000E+00
  8.07675182E+05  8.98633150E+06  4.43363313E-09  6.92389991E+04  1.28303801E+00  0.00000000E+00
  8.08035912E+05  8.98743998E+06  4.43340017E-09  6.92417434E+04  1.28328493E+00  0.00000000E+00
  8.08396643E+05  8.98854846E+06  4.43316709E-09  6.92444877E+04  1.28353194E+00  0.00000000E+00
  8.08757373E+05  8.98965694E+06  4.43293390E-09  6.92472319E+04  1.28377902E+00  0.00000000E+00
  8.09118103E+05  8.99076542E+06  4.43270059E-09  6.92499762E+04  1.28402617E+00  0.00000000E+00
  8.09478834E+05  8.99187390E+06  4.43246717E-09  6.92527205E+04  1.28427341E+00  0.00000000E+00
  8.09839564E+05  8.99298238E+06  4.43223364E-09  6.92554647E+04  1.28452072E+00  0.00000000E+00
  8.10200294E+05  8.99409087E+06  4.43200000E-09  6.92582090E+04  1.28476810E+00  0.00000000E+00
  8.10561024E+05  8.99519935E+06  4.43176626E-09  6.92609533E+04  1.28501556E+00  0.00000000E+00
  8.10921755E+05  8.99630783E+06  4.43153242E-09  6.92636976E+04  1.28526309E+00  0.00000000E+00
  8.11282485E+05  8.99741631E+06  4.43129848E-09  6.92664418E+04  1.28551069E+00  0.00000000E+00
  8.11643215E+05  8.99852479E+06  4.43106445E-09  6.92691861E+04  1.28575836E+00  0.00000000E+00
  8.12003946E+05  8.99963327E+06  4.43083032E-09  6.92719304E+04  1.28600610E+00  0.00000000E+00
  8.12364676E+05  9.00074175E+06  4.43059610E-09  6.92746746E+04  1.28625392E+00  0.00000000E+00
  8.12725406E+05  9.00185023E+06  4.43036180E-09  6.92774189E+04  1.28650180E+00  0.00000000E+00
  8.13086137E+05  9.00295871E+06  4.43012741E-09  6.92801632E+04  1.28674975E+00  0.00000000E+00
  8.13446867E+05  9.00406719E+06  4.42989294E-09  6.92829074E+04  1.28699777E+00  0.00000000E+00
  8.13807597E+05  9.00517567E+06  4.42965839E-09  6.92856517E+04  1.28724585E+00  0.00000000E+00
  8.14168328E+05  9.00628415E+06  4.42942376E-09  6.92883960E+04  1.28749400E+00  0.00000000E+00
  8.14529058E+05  9.00739264E+06  4.42918906E-09  6.92911402E+04  1.28774222E+00  0.00000000E+00
  8.14889788E+05  9.00850112E+06  4.42895428E-09  6.92938845E+04  1.28799050E+00  0.00000000E+00
  8.15250519E+05  9.00960960E+06  4.42871943E-09  6.92966288E+04  1.28823885E+00  0.00000000E+00
  8.15611249E+05  9.01071808E+06  4.42848451E-09  6.92993730E+04  1.28848726E+00  0.00000000E+00
  8.15971979E+05  9.01182656E+06  4.42824953E-09  6.93021173E+04  1.28873573E+00  0.00000000E+00
  8.16332710E+05  9.01293504E+06  4.42801448E-09  6.93048616E+04  1.28898427E+00  0.00000000E+00
  8.16693440E+05  9.01404352E+06  4.42777937E-09  6.93076058E+04  1.28923287E+00  0.00000000E+00
  8.17054170E+05  9.01515200E+06  4.42754421E-09  6.93103501E+04  1.28948153E+00  0.00000000E+00
  8.17414901E+05  9.01626048E+06  4.42730898E-09  6.93130944E+04  1.28973025E+00  0.00000000E+00
  8.17775631E+05  9.01736896E+06  4.42707369E-09  6.93158387E+04  1.28997903E+00  0.00000000E+00
  8.18136361E+05  9.01847744E+06  4.42683836E-09  6.93185829E+04  1.29022787E+00  0.00000000E+00
  8.18497091E+05  9.01958592E+06  4.42660297E-09  6.93213272E+04  1.29047677E+00  0.00000000E+00
  8.18857822E+05  9.02069441E+06  4.42636753E-09  6.93240715E+04  1.29072573E+00  0.00000000E+00
  8.19218552E+05  9.02180289E+06  4.42613204E-09  6.93268157E+04  1.29097475E+00  0.00000000E+00
  8.19579282E+05  9.02291137E+06  4.42589650E-09  6.93295600E+04  1.29122382E+00  0.00000000E+00
  8.19940013E+05  9.02401985E+06  4.42566092E-09  6.93323043E+04  1.29147295E+00  0.00000000E+00
  8.20300743E+05  9.02512833E+06  4.42542530E-09  6.93350485E+04  1.29172214E+00  0.00000000E+00
  8.20661473E+05  9.02623681E+06  4.42518963E-09  6.93377928E+04  1.29197139E+00  0.00000000E+00
  8.21022204E+05  9.02734529E+06  4.42495393E-09  6.93405371E+04  1.29222069E+00  0.00000000E+00
  8.21382934E+05  9.02845377E+06  4.42471819E-09  6.93432813E+04  1.29247004E+00  0.00000000E+00
  8.21743664E+05  9.02956225E+06  4.42448241E-09  6.93460256E+04  1.29271945E+00  0.00000000E+00
  8.22104395E+05  9.03067073E+06  4.42424660E-09  6.93487699E+04  1.29296892E+00  0.00000000E+00
  8.22465125E+05  9.03177921E+06  4.42401075E-09  6.93515141E+04  1.29321844E+00  0.00000000E+00
  8.22825855E+05  9.03288769E+06  4.42377487E-09  6.93542584E+04  1.29346801E+00  0.00000000E+00
  8.23186586E+05  9.03399617E+06  4.42353896E-09  6.93570027E+04  1.29371763E+00  0.00000000E+00
  8.23547316E+05  9.03510466E+06  4.42330303E-09  6.93597470E+04  1.29396731E+00  0.00000000E+00
  8.23908046E+05  9.03621314E+06  4.42306706E-09  6.93624912E+04  1.29421704E+00  0.00000000E+00
  8.24268777E+05  9.03732162E+06  4.42283107E-09  6.93652355E+04  1.29446682E+00  0.00000000E+00
  8.24629507E+05  9.03843010E+06  4.42259506E-09  6.93679798E+04  1.29471665E+00  0.00000000E+00
  8.24990237E+05  9.03953858E+06  4.42235903E-09  6.93707240E+04  1.29496654E+00  0.00000000E+00
  8.25350968E+05  9.04064706E+06  4.42212297E-09  6.93734683E+04  1.29521647E+00  0.00000000E+00
  8.25711698E+05  9.04175554E+06  4.42188689E-09  6.93762126E+04  1.29546646E+00  0.00000000E+00
  8.26072428E+05  9.04286402E+06  4.42165080E-09  6.93789568E+04  1.29571649E+00  0.00000000E+00
  8.26433158E+05  9.04397250E+06  4.42141468E-09  6.93817011E+04  1.29596657E+00  0.00000000E+00
  8.26793889E+05  9.04508098E+06  4.42117855E-09  6.93844454E+04  1.29621670E+00  0.00000000E+00
  8.27154619E+05  9.04618946E+06  4.42094241E-09  6.93871896E+04  1.29646689E+00  0.00000000E+00
  8.27515349E+05  9.04729794E+06  4.42070625E-09  6.93899339E+04  1.29671711E+00  0.00000000E+00
  8.27876080E+05  9.04840643E+06  4.42047008E-09  6.93926782E+04  1.29696739E+00  0.00000000E+00
  8.28236810E+05  9.04951491E+06  4.42023390E-09  6.93954224E+04  1.29721772E+00  0.00000000E+00
  8.28597540E+05  9.05062339E+06  4.41999771E-09  6.93981667E+04  1.29746809E+00  0.00000000E+00
  8.28958271E+05  9.05173187E+06  4.41976151E-09  6.94009110E+04  1.29771851E+00  0.00000000E+00
  8.29319001E+05  9.05284035E+06  4.41952530E-09  6.94036552E+04  1.29796897E+00  0.00000000E+00
  8.29679731E+05  9.05394883E+06  4.41928909E-09  6.94063995E+04  1.29821949E+00  0.00000000E+00
  8.30040462E+05  9.05505731E+06  4.41905287E-09  6.94091438E+04  1.29847004E+00  0.00000000E+00
  8.30401192E+05  9.05616579E+06  4.41881665E-09  6.94118881E+04  1.29872065E+00  0.00000000E+00
  8.30761922E+05  9.05727427E+06  4.41858042E-09  6.94146323E+04  1.29897130E+00  0.00000000E+00
  8.31122653E+05  9.05838275E+06  4.41834419E-09  6.94173766E+04  1.29922199E+00  0.00000000E+00
  8.31483383E+05  9.05949123E+06  4.41810796E-09  6.94201209E+04  1.29947273E+00  0.00000000E+00
  8.31844113E+05  9.06059971E+06  4.41787173E-09  6.94228651E+04  1.29972351E+00  0.00000000E+00
  8.32204844E+05  9.06170820E+06  4.41763550E-09  6.94256094E+04  1.29997434E+00  0.00000000E+00
  8.32565574E+05  9.06281668E+06  4.41739927E-09  6.94283537E+04  1.30022521E+00  0.00000000E+00
  8.32926304E+05  9.06392516E+06  4.41716305E-09  6.94310979E+04  1.30047613E+00  0.00000000E+00
  8.33287035E+05  9.06503364E+06  4.41692682E-09  6.94338422E+04  1.30072708E+00  0.00000000E+00
  8.33647765E+05  9.06614212E+06  4.41669061E-09  6.94365865E+04  1.30097809E+00  0.00000000E+00
  8.34008495E+05  9.06725060E+06  4.41645439E-09  6.94393307E+04  1.30122913E+00  0.00000000E+00
  8.34369225E+05  9.06835908E+06  4.41621819E-09  6.94420750E+04  1.30148022E+00  0.00000000E+00
  8.34729956E+05  9.06946756E+06  4.41598199E-09  6.94448193E+04  1.30173135E+00  0.00000000E+00
  8.35090686E+05  9.07057604E+06  4.41574580E-09  6.94475635E+04  1.30198252E+00  0.00000000E+00
  8.35451416E+05  9.07168452E+06  4.41550962E-09  6.94503078E+04  1.30223373E+00  0.00000000E+00
  8.35812147E+05  9.07279300E+06  4.41527345E-09  6.94530521E+04  1.30248499E+00  0.00000000E+00
  8.36172877E+05  9.07390148E+06  4.41503728E-09  6.94557964E+04  1.30273628E+00  0.00000000E+00
  8.36533607E+05  9.07500997E+06  4.41480114E-09  6.94585406E+04  1.30298762E+00  0.00000000E+00
  8.36894338E+05  9.07611845E+06  4.41456500E-09  6.94612849E+04  1.30323900E+00  0.00000000E+00
  8.37255068E+05  9.07722693E+06  4.41432887E-09  6.94640292E+04  1.30349042E+00  0.00000000E+00
  8.37615798E+05  9.07833541E+06  4.41409276E-09  6.94667734E+04  1.30374188E+00  0.00000000E+00
  8.37976529E+05  9.07944389E+06  4.41385666E-09  6.94695177E+04  1.30399338E+00  0.00000000E+00
  8.38337259E+05  9.08055237E+06  4.41362058E-09  6.94722620E+04  1.30424492E+00  0.00000000E+00
  8.38697989E+05  9.08166085E+06  4.41338452E-09  6.94750062E+04  1.30449650E+00  0.00000000E+00
  8.39058720E+05  9.08276933E+06  4.41314847E-09  6.94777505E+04  1.30474812E+00  0.00000000E+00
  8.39419450E+05  9.08387781E+06  4.41291244E-09  6.94804948E+04  1.30499978E+00  0.00000000E+00
  8.39780180E+05  9.08498629E+06  4.41267642E-09  6.94832390E+04  1.30525148E+00  0.00000000E+00
  8.40140911E+05  9.08609477E+06  4.41244043E-09  6.94859833E+04  1.30550322E+00  0.00000000E+00
  8.40501641E+05  9.08720325E+06  4.41220445E-09  6.94887276E+04  1.30575499E+00  0.00000000E+00
  8.40862371E+05  9.08831174E+06  4.41196849E-09  6.94914718E+04  1.30600681E+00  0.00000000E+00
  8.41223102E+05  9.08942022E+06  4.41173256E-09  6.94942161E+04  1.30625866E+00  0.00000000E+00
  8.41583832E+05  9.09052870E+06  4.41149664E-09  6.94969604E+04  1.30651056E+00  0.00000000E+00
  8.41944562E+05  9.09163718E+06  4.41126075E-09  6.94997047E+04  1.30676249E+00  0.00000000E+00
  8.42305292E+05  9.09274566E+06  4.41102488E-09  6.95024489E+04  1.30701445E+00  0.00000000E+00
  8.42666023E+05  9.09385414E+06  4.41078903E-09  6.95051932E+04  1.30726646E+00  0.00000000E+00
  8.43026753E+05  9.09496262E+06  4.41055321E-09  6.95079375E+04  1.30751851E+00  0.00000000E+00
  8.43387483E+05  9.09607110E+06  4.41031741E-09  6.95106817E+04  1.30777059E+00  0.00000000E+00
  8.43748214E+05  9.09717958E+06  4.41008163E-09  6.95134260E+04  1.30802271E+00  0.00000000E+00
  8.44108944E+05  9.09828806E+06  4.40984588E-09  6.95161703E+04  1.30827486E+00  0.00000000E+00
  8.44469674E+05  9.09939654E+06  4.40961016E-09  6.95189145E+04  1.30852705E+00  0.00000000E+00
  8.44830405E+05  9.10050502E+06  4.40937446E-09  6.95216588E+04  1.30877928E+00  0.00000000E+00
  8.45191135E+05  9.10161350E+06  4.40913879E-09  6.95244031E+04  1.30903155E+00  0.00000000E+00
  8.45551865E+05  9.10272199E+06  4.40890315E-09  6.95271473E+04  1.30928385E+00  0.00000000E+00
  8.45912596E+05  9.10383047E+06  4.40866753E-09  6.95298916E+04  1.30953619E+00  0.00000000E+00
  8.46273326E+05  9.10493895E+06  4.40843194E-09  6.95326359E+04  1.30978857E+00  0.00000000E+00
  8.46634056E+05  9.10604743E+06  4.40819638E-09  6.95353801E+04  1.31004098E+00  0.00000000E+00
  8.46994787E+05  9.10715591E+06  4.40796085E-09  6.95381244E+04  1.31029343E+00  0.00000000E+00
  8.47355517E+05  9.10826439E+06  4.40772535E-09  6.95408687E+04  1.31054591E+00  0.00000000E+00
  8.47716247E+05  9.10937287E+06  4.40748988E-09  6.95436129E+04  1.31079843E+00  0.00000000E+00
  8.48076978E+05  9.11048135E+06  4.40725444E-09  6.95463572E+04  1.31105099E+00  0.00000000E+00
  8.48437708E+05  9.11158983E+06  4.40701904E-09  6.95491015E+04  1.31130358E+00  0.00000000E+00
  8.48798438E+05  9.11269831E+06  4.40678366E-09  6.95518458E+04  1.31155620E+00  0.00000000E+00
  8.49159169E+05  9.11380679E+06  4.40654832E-09  6.95545900E+04  1.31180886E+00  0.00000000E+00
  8.49519899E+05  9.11491527E+06  4.40631300E-09  6.95573343E+04  1.31206156E+00  0.00000000E+00
  8.49880629E+05  9.11602376E+06  4.40607772E-09  6.95600786E+04  1.31231429E+00  0.00000000E+00
  8.50241359E+05  9.11713224E+06  4.40584248E-09  6.95628228E+04  1.31256705E+00  0.00000000E+00
  8.50602090E+05  9.11824072E+06  4.40560727E-09  6.95655671E+04  1.31281986E+00  0.00000000E+00
  8.50962820E+05  9.11934920E+06  4.40537209E-09  6.95683114E+04  1.31307269E+00  0.00000000E+00
  8.51323550E+05  9.12045768E+06  4.40513694E-09  6.95710556E+04  1.31332556E+00  0.00000000E+00
  8.51684281E+05  9.12156616E+06  4.40490183E-09  6.95737999E+04  1.31357846E+00  0.00000000E+00
  8.52045011E+05  9.12267464E+06  4.40466676E-09  6.95765442E+04  1.31383140E+00  0.00000000E+00
  8.52405741E+05  9.12378312E+06  4.40443172E-09  6.95792884E+04  1.31408437E+00  0.00000000E+00
  8.52766472E+05  9.12489160E+06  4.40419672E-09  6.95820327E+04  1.31433738E+00  0.00000000E+00
  8.53127202E+05  9.12600008E+06  4.40396175E-09  6.95847770E+04  1.31459042E+00  0.00000000E+00
  8.53487932E+05  9.12710856E+06  4.40372682E-09  6.95875212E+04  1.31484349E+00  0.00000000E+00
  8.53848663E+05  9.12821704E+06  4.40349193E-09  6.95902655E+04  1.31509660E+00  0.00000000E+00
  8.54209393E+05  9.12932553E+06  4.40325707E-09  6.95930098E+04  1.31534974E+00  0.00000000E+00
  8.54570123E+05  9.13043401E+06  4.40302225E-09  6.95957541E+04  1.31560292E+00  0.00000000E+00
  8.54930854E+05  9.13154249E+06  4.40278747E-09  6.95984983E+04  1.31585613E+00  0.00000000E+00
  8.55291584E+05  9.13265097E+06  4.40255273E-09  6.96012426E+04  1.31610937E+00  0.00000000E+00
  8.55652314E+05  9.13285299E+06  4.40275496E-09  6.96039869E+04  1.31623200E+00  0.00000000E+00
  8.56013045E+05  9.13282020E+06  4.40307038E-09  6.96067311E+04  1.31632081E+00  0.00000000E+00
  8.56373775E+05  9.13276238E+06  4.40339784E-09  6.96094754E+04  1.31640602E+00  0.00000000E+00
  8.56734505E+05  9.13267955E+06  4.40373735E-09  6.96122197E+04  1.31648764E+00  0.00000000E+00
  8.57095235E+05  9.13257170E+06  4.40408892E-09  6.96149639E+04  1.31656565E+00  0.00000000E+00
  8.57455966E+05  9.13243884E+06  4.40445254E-09  6.96177082E+04  1.31664007E+00  0.00000000E+00
  8.57816696E+05  9.13228097E+06  4.40482822E-09  6.96204525E+04  1.31671089E+00  0.00000000E+00
  8.58177426E+05  9.13209809E+06  4.40521595E-09  6.96231967E+04  1.31677811E+00  0.00000000E+00
  8.58538157E+05  9.13189022E+06  4.40561575E-09  6.96259410E+04  1.31684173E+00  0.00000000E+00
  8.58898887E+05  9.13165737E+06  4.40602760E-09  6.96286853E+04  1.31690175E+00  0.00000000E+00
  8.59259617E+05  9.13139953E+06  4.40645151E-09  6.96314295E+04  1.31695818E+00  0.00000000E+00
  8.59620348E+05  9.13111673E+06  4.40688748E-09  6.96341738E+04  1.31701101E+00  0.00000000E+00
  8.59981078E+05  9.13080896E+06  4.40733551E-09  6.96369181E+04  1.31706024E+00  0.00000000E+00
  8.60341808E+05  9.13047625E+06  4.40779560E-09  6.96396624E+04  1.31710588E+00  0.00000000E+00
  8.60702539E+05  9.13011861E+06  4.40826774E-09  6.96424066E+04  1.31714792E+00  0.00000000E+00
  8.61063269E+05  9.12973604E+06  4.40875194E-09  6.96451509E+04  1.31718637E+00  0.00000000E+00
  8.61423999E+05  9.12932857E+06  4.40924820E-09  6.96478952E+04  1.31722123E+00  0.00000000E+00
  8.61784730E+05  9.12889621E+06  4.40975651E-09  6.96506394E+04  1.31725250E+00  0.00000000E+00
  8.62145460E+05  9.12843897E+06  4.41027688E-09  6.96533837E+04  1.31728017E+00  0.00000000E+00
  8.62506190E+05  9.12795687E+06  4.41080929E-09  6.96561280E+04  1.31730426E+00  0.00000000E+00
  8.62866921E+05  9.12744994E+06  4.41135376E-09  6.96588722E+04  1.31732477E+00  0.00000000E+00
  8.63227651E+05  9.12691818E+06  4.41191027E-09  6.96616165E+04  1.31734169E+00  0.00000000E+00
  8.63588381E+05  9.12636163E+06  4.41247882E-09  6.96643608E+04  1.31735502E+00  0.00000000E+00
  8.63949112E+05  9.12578029E+06  4.41305941E-09  6.96671050E+04  1.31736478E+00  0.00000000E+00
  8.64309842E+05  9.12279415E+06  4.41480352E-09  6.96698493E+04  1.31702737E+00  0.00000000E+00
  8.64670572E+05  9.11942063E+06  4.41673636E-09  6.96725936E+04  1.31663397E+00  0.00000000E+00
  8.65031302E+05  9.11605276E+06  4.41866789E-09  6.96753378E+04  1.31624133E+00  0.00000000E+00
  8.65392033E+05  9.11269052E+06  4.42059810E-09  6.96780821E+04  1.31584944E+00  0.00000000E+00
  8.65752763E+05  9.10933391E+06  4.42252699E-09  6.96808264E+04  1.31545830E+00  0.00000000E+00
  8.66113493E+05  9.10598292E+06  4.42445456E-09  6.96835706E+04  1.31506791E+00  0.00000000E+00
  8.66474224E+05  9.10263752E+06  4.42638082E-09  6.96863149E+04  1.31467828E+00  0.00000000E+00
  8.66834954E+05  9.09929772E+06  4.42830576E-09  6.96890592E+04  1.31428938E+00  0.00000000E+00
  8.67195684E+05  9.09596350E+06  4.43022938E-09  6.96918035E+04  1.31390124E+00  0.00000000E+00
  8.67556415E+05  9.09263485E+06  4.43215169E-09  6.96945477E+04  1.31351384E+00  0.00000000E+00
  8.67917145E+05  9.08931176E+06  4.43407269E-09  6.96972920E+04  1.31312718E+00  0.00000000E+00
  8.68277875E+05  9.08599422E+06  4.43599237E-09  6.97000363E+04  1.31274126E+00  0.00000000E+00
  8.68638606E+05  9.08268221E+06  4.43791074E-09  6.97027805E+04  1.31235609E+00  0.00000000E+00
  8.68999336E+05  9.07937573E+06  4.43982780E-09  6.97055248E+04  1.31197165E+00  0.00000000E+00
  8.69360066E+05  9.07607476E+06  4.44174355E-09  6.97082691E+04  1.31158794E+00  0.00000000E+00
  8.69720797E+05  9.07277930E+06  4.44365798E-09  6.97110133E+04  1.31120498E+00  0.00000000E+00
  8.70081527E+05  9.06948933E+06  4.44557110E-09  6.97137576E+04  1.31082274E+00  0.00000000E+00
  8.70442257E+05  9.06620484E+06  4.44748292E-09  6.97165019E+04  1.31044124E+00  0.00000000E+00
  8.70802988E+05  9.06292583E+06  4.44939342E-09  6.97192461E+04  1.31006047E+00  0.00000000E+00
  8.71163718E+05  9.05965227E+06  4.45130262E-09  6.97219904E+04  1.30968043E+00  0.00000000E+00
  8.71524448E+05  9.05638416E+06  4.45321050E-09  6.97247347E+04  1.30930112E+00  0.00000000E+00
  8.71885179E+05  9.05312150E+06  4.45511708E-09  6.97274789E+04  1.30892254E+00  0.00000000E+00
  8.72245909E+05  9.04986426E+06  4.45702236E-09  6.97302232E+04  1.30854468E+00  0.00000000E+00
  8.72606639E+05  9.04661243E+06  4.45892632E-09  6.97329675E+04  1.30816754E+00  0.00000000E+00
  8.72967369E+05  9.04336602E+06  4.46082898E-09  6.97357118E+04  1.30779113E+00  0.00000000E+00
  8.73328100E+05  9.04012499E+06  4.46273034E-09  6.97384560E+04  1.30741543E+00  0.00000000E+00
  8.73688830E+05  9.03688936E+06  4.46463039E-09  6.97412003E+04  1.30704046E+00  0.00000000E+00
  8.74049560E+05  9.03365909E+06  4.46652914E-09  6.97439446E+04  1.30666620E+00  0.00000000E+00
  8.74410291E+05  9.03043420E+06  4.46842658E-09  6.97466888E+04  1.30629266E+00  0.00000000E+00
  8.74771021E+05  9.02721465E+06  4.47032272E-09  6.97494331E+04  1.30591984E+00  0.00000000E+00
  8.75131751E+05  9.02400044E+06  4.47221756E-09  6.97521774E+04  1.30554773E+00  0.00000000E+00
  8.75492482E+05  9.02079157E+06  4.47411110E-09  6.97549216E+04  1.30517633E+00  0.00000000E+00
  8.75853212E+05  9.01758802E+06  4.47600334E-09  6.97576659E+04  1.30480564E+00  0.00000000E+00
  8.76213942E+05  9.01438978E+06  4.47789428E-09  6.97604102E+04  1.30443566E+00  0.00000000E+00
  8.76574673E+05  9.01119684E+06  4.47978392E-09  6.97631544E+04  1.30406640E+00  0.00000000E+00
  8.76935403E+05  9.00800918E+06  4.48167226E-09  6.97658987E+04  1.30369783E+00  0.00000000E+00
  8.77296133E+05  9.00482681E+06  4.48355930E-09  6.97686430E+04  1.30332997E+00  0.00000000E+00
  8.77656864E+05  9.00164971E+06  4.48544504E-09  6.97713872E+04  1.30296282E+00  0.00000000E+00
  8.78017594E+05  8.99847786E+06  4.48732949E-09  6.97741315E+04  1.30259637E+00  0.00000000E+00
  8.78378324E+05  8.99531126E+06  4.48921264E-09  6.97768758E+04  1.30223062E+00  0.00000000E+00
  8.78739055E+05  8.99214989E+06  4.49109450E-09  6.97796200E+04  1.30186557E+00  0.00000000E+00
  8.79099785E+05  8.98899376E+06  4.49297506E-09  6.97823643E+04  1.30150122E+00  0.00000000E+00
  8.79460515E+05  8.98584284E+06  4.49485432E-09  6.97851086E+04  1.30113756E+00  0.00000000E+00
  8.79821246E+05  8.98269712E+06  4.49673229E-09  6.97878529E+04  1.30077460E+00  0.00000000E+00
  8.80181976E+05  8.97955660E+06  4.49860897E-09  6.97905971E+04  1.30041233E+00  0.00000000E+00
  8.80542706E+05  8.97642127E+06  4.50048436E-09  6.97933414E+04  1.30005076E+00  0.00000000E+00
  8.80903436E+05  8.97329111E+06  4.50235846E-09  6.97960857E+04  1.29968988E+00  0.00000000E+00
  8.81264167E+05  8.97016612E+06  4.50423126E-09  6.97988299E+04  1.29932969E+00  0.00000000E+00
  8.81624897E+05  8.96704628E+06  4.50610278E-09  6.98015742E+04  1.29897019E+00  0.00000000E+00
  8.81985627E+05  8.96393158E+06  4.50797300E-09  6.98043185E+04  1.29861137E+00  0.00000000E+00
  8.82346358E+05  8.96082202E+06  4.50984194E-09  6.98070627E+04  1.29825324E+00  0.00000000E+00
  8.82707088E+05  8.95771758E+06  4.51170959E-09  6.98098070E+04  1.29789580E+00  0.00000000E+00
  8.83067818E+05  8.95461826E+06  4.51357595E-09  6.98125513E+04  1.29753904E+00  0.00000000E+00
  8.83428549E+05  8.95152403E+06  4.51544102E-09  6.98152955E+04  1.29718296E+00  0.00000000E+00
  8.83789279E+05  8.94843491E+06  4.51730481E-09  6.98180398E+04  1.29682756E+00  0.00000000E+00
  8.84150009E+05  8.94535086E+06  4.51916731E-09  6.98207841E+04  1.29647284E+00  0.00000000E+00
  8.84510740E+05  8.94227189E+06  4.52102852E-09  6.98235283E+04  1.29611880E+00  0.00000000E+00
  8.84871470E+05  8.93919798E+06  4.52288846E-09  6.98262726E+04  1.29576544E+00  0.00000000E+00
  8.85232200E+05  8.93612912E+06  4.52474710E-09  6.98290169E+04  1.29541275E+00  0.00000000E+00
  8.85592931E+05  8.93306531E+06  4.52660447E-09  6.98317612E+04  1.29506073E+00  0.00000000E+00
  8.85953661E+05  8.93000653E+06  4.52846055E-09  6.98345054E+04  1.29470939E+00  0.00000000E+00
  8.86314391E+05  8.92695277E+06  4.53031536E-09  6.98372497E+04  1.29435872E+00  0.00000000E+00
  8.86675122E+05  8.92390403E+06  4.53216888E-09  6.98399940E+04  1.29400872E+00  0.00000000E+00
  8.87035852E+05  8.92086028E+06  4.53402112E-09  6.98427382E+04  1.29365939E+00  0.00000000E+00
  8.87396582E+05  8.91782153E+06  4.53587208E-09  6.98454825E+04  1.29331072E+00  0.00000000E+00
  8.87757313E+05  8.91478777E+06  4.53772176E-09  6.98482268E+04  1.29296272E+00  0.00000000E+00
  8.88118043E+05  8.91175897E+06  4.53957017E-09  6.98509710E+04  1.29261539E+00  0.00000000E+00
  8.88478773E+05  8.90873514E+06  4.54141730E-09  6.98537153E+04  1.29226872E+00  0.00000000E+00
  8.88839503E+05  8.90571627E+06  4.54326315E-09  6.98564596E+04  1.29192271E+00  0.00000000E+00
  8.89200234E+05  8.90270234E+06  4.54510772E-09  6.98592038E+04  1.29157736E+00  0.00000000E+00
  8.89560964E+05  8.89969334E+06  4.54695102E-09  6.98619481E+04  1.29123267E+00  0.00000000E+00
  8.89921694E+05  8.89668926E+06  4.54879305E-09  6.98646924E+04  1.29088864E+00  0.00000000E+00
  8.90282425E+05  8.89369010E+06  4.55063380E-09  6.98674366E+04  1.29054527E+00  0.00000000E+00
  8.90643155E+05  8.89069584E+06  4.55247328E-09  6.98701809E+04  1.29020255E+00  0.00000000E+00
  8.91003885E+05  8.88770648E+06  4.55431149E-09  6.98729252E+04  1.28986049E+00  0.00000000E+00
  8.91364616E+05  8.88472201E+06  4.55614842E-09  6.98756695E+04  1.28951908E+00  0.00000000E+00
  8.91725346E+05  8.88174240E+06  4.55798409E-09  6.98784137E+04  1.28917832E+00  0.00000000E+00
  8.92086076E+05  8.87876767E+06  4.55981848E-09  6.98811580E+04  1.28883822E+00  0.00000000E+00
  8.92446807E+05  8.87579779E+06  4.56165161E-09  6.98839023E+04  1.28849876E+00  0.00000000E+00
  8.92807537E+05  8.87283275E+06  4.56348346E-09  6.98866465E+04  1.28815995E+00  0.00000000E+00
  8.93168267E+05  8.86987256E+06  4.56531405E-09  6.98893908E+04  1.28782179E+00  0.00000000E+00
  8.93528998E+05  8.86691719E+06  4.56714337E-09  6.98921351E+04  1.28748427E+00  0.00000000E+00
  8.93889728E+05  8.86396663E+06  4.56897143E-09  6.98948793E+04  1.28714740E+00  0.00000000E+00
  8.94250458E+05  8.86102089E+06  4.57079822E-09  6.98976236E+04  1.28681117E+00  0.00000000E+00
  8.94611189E+05  8.85807994E+06  4.57262374E-09  6.99003679E+04  1.28647558E+00  0.00000000E+00
  8.94971919E+05  8.85514378E+06  4.57444800E-09  6.99031121E+04  1.28614063E+00  0.00000000E+00
  8.95332649E+05  8.85221241E+06  4.57627100E-09  6.99058564E+04  1.28580632E+00  0.00000000E+00
  8.95693380E+05  8.84928580E+06  4.57809273E-09  6.99086007E+04  1.28547265E+00  0.00000000E+00
  8.96054110E+05  8.84636395E+06  4.57991321E-09  6.99113449E+04  1.28513961E+00  0.00000000E+00
  8.96414840E+05  8.84344685E+06  4.58173242E-09  6.99140892E+04  1.28480722E+00  0.00000000E+00
  8.96775570E+05  8.84053449E+06  4.58355037E-09  6.99168335E+04  1.28447545E+00  0.00000000E+00
  8.97136301E+05  8.83762687E+06  4.58536706E-09  6.99195777E+04  1.28414432E+00  0.00000000E+00
  8.97497031E+05  8.83472397E+06  4.58718249E-09  6.99223220E+04  1.28381382E+00  0.00000000E+00
  8.97857761E+05  8.83182578E+06  4.58899667E-09  6.99250663E+04  1.28348395E+00  0.00000000E+00
  8.98218492E+05  8.82893230E+06  4.59080958E-09  6.99278106E+04  1.28315471E+00  0.00000000E+00
  8.98579222E+05  8.82604351E+06  4.59262124E-09  6.99305548E+04  1.28282610E+00  0.00000000E+00
  8.98939952E+05  8.82315940E+06  4.59443165E-09  6.99332991E+04  1.28249811E+00  0.00000000E+00
  8.99300683E+05  8.82027997E+06  4.59624080E-09  6.99360434E+04  1.28217075E+00  0.00000000E+00
  8.99661413E+05  8.81740521E+06  4.59804869E-09  6.99387876E+04  1.28184402E+00  0.00000000E+00
  9.00022143E+05  8.81453510E+06  4.59985533E-09  6.99415319E+04  1.28151790E+00  0.00000000E+00
  9.00382874E+05  8.81166965E+06  4.60166072E-09  6.99442762E+04  1.28119241E+00  0.00000000E+00
  9.00743604E+05  8.80880883E+06  4.60346486E-09  6.99470204E+04  1.28086754E+00  0.00000000E+00
  9.01104334E+05  8.80595264E+06  4.60526774E-09  6.99497647E+04  1.28054329E+00  0.00000000E+00
  9.01465065E+05  8.80310107E+06  4.60706938E-09  6.99525090E+04  1.28021966E+00  0.00000000E+00
  9.01825795E+05  8.80025412E+06  4.60886976E-09  6.99552532E+04  1.27989665E+00  0.00000000E+00
  9.02186525E+05  8.79741176E+06  4.61066890E-09  6.99579975E+04  1.27957425E+00  0.00000000E+00
  9.02547256E+05  8.79457400E+06  4.61246679E-09  6.99607418E+04  1.27925247E+00  0.00000000E+00
  9.02907986E+05  8.79174082E+06  4.61426343E-09  6.99634860E+04  1.27893129E+00  0.00000000E+00
  9.03268716E+05  8.78891222E+06  4.61605883E-09  6.99662303E+04  1.27861074E+00  0.00000000E+00
  9.03629447E+05  8.78608818E+06  4.61785297E-09  6.99689746E+04  1.27829079E+00  0.00000000E+00
  9.03990177E+05  8.78326870E+06  4.61964588E-09  6.99717189E+04  1.27797145E+00  0.00000000E+00
  9.04350907E+05  8.78045377E+06  4.62143754E-09  6.99744631E+04  1.27765272E+00  0.00000000E+00
  9.04711637E+05  8.77764337E+06  4.62322796E-09  6.99772074E+04  1.27733460E+00  0.00000000E+00
  9.05072368E+05  8.77483751E+06  4.62501713E-09  6.99799517E+04  1.27701709E+00  0.00000000E+00
  9.05433098E+05  8.77203616E+06  4.62680507E-09  6.99826959E+04  1.27670018E+00  0.00000000E+00
  9.05793828E+05  8.76923933E+06  4.62859176E-09  6.99854402E+04  1.27638387E+00  0.00000000E+00
  9.06154559E+05  8.76644700E+06  4.63037721E-09  6.99881845E+04  1.27606817E+00  0.00000000E+00
  9.06515289E+05  8.76365916E+06  4.63216143E-09  6.99909287E+04  1.27575307E+00  0.00000000E+00
  9.06876019E+05  8.76087581E+06  4.63394440E-09  6.99936730E+04  1.27543857E+00  0.00000000E+00
  9.07236750E+05  8.75809693E+06  4.63572614E-09  6.99964173E+04  1.27512467E+00  0.00000000E+00
  9.07597480E+05  8.75532252E+06  4.63750664E-09  6.99991615E+04  1.27481136E+00  0.00000000E+00
  9.07958210E+05  8.75255257E+06  4.63928591E-09  7.00019058E+04  1.27449866E+00  0.00000000E+00
  9.08318941E+05  8.74978707E+06  4.64106394E-09  7.00046501E+04  1.27418655E+00  0.00000000E+00
  9.08679671E+05  8.74702601E+06  4.64284074E-09  7.00073943E+04  1.27387503E+00  0.00000000E+00
  9.09040401E+05  8.74426937E+06  4.64461630E-09  7.00101386E+04  1.27356411E+00  0.00000000E+00
  9.09401132E+05  8.74151717E+06  4.64639063E-09  7.00128829E+04  1.27325378E+00  0.00000000E+00
  9.09761862E+05  8.73876937E+06  4.64816373E-09  7.00156271E+04  1.27294404E+00  0.00000000E+00
  9.10122592E+05  8.73602598E+06  4.64993560E-09  7.00183714E+04  1.27263489E+00  0.00000000E+00
  9.10483323E+05  8.73328699E+06  4.65170624E-09  7.00211157E+04  1.27232633E+00  0.00000000E+00
  9.10844053E+05  8.73055239E+06  4.65347565E-09  7.00238600E+04  1.27201836E+00  0.00000000E+00
  9.11204783E+05  8.72782216E+06  4.65524383E-09  7.00266042E+04  1.27171097E+00  0.00000000E+00
  9.11565514E+05  8.72509630E+06  4.65701078E-09  7.00293485E+04  1.27140417E+00  0.00000000E+00
  9.11926244E+05  8.72237481E+06  4.65877651E-09  7.00320928E+04  1.27109795E+00  0.00000000E+00
  9.12286974E+05  8.71965767E+06  4.66054101E-09  7.00348370E+04  1.27079232E+00  0.00000000E+00
  9.12647704E+05  8.71694487E+06  4.66230429E-09  7.00375813E+04  1.27048727E+00  0.00000000E+00
  9.13008435E+05  8.71423641E+06  4.66406634E-09  7.00403256E+04  1.27018280E+00  0.00000000E+00
  9.13369165E+05  8.71153228E+06  4.66582717E-09  7.00430698E+04  1.26987891E+00  0.00000000E+00
  9.13729895E+05  8.70883246E+06  4.66758678E-09  7.00458141E+04  1.26957559E+00  0.00000000E+00
  9.14090626E+05  8.70613695E+06  4.66934517E-09  7.00485584E+04  1.26927286E+00  0.00000000E+00
  9.14451356E+05  8.70344575E+06  4.67110233E-09  7.00513026E+04  1.26897070E+00  0.00000000E+00
  9.14812086E+05  8.70075884E+06  4.67285828E-09  7.00540469E+04  1.26866912E+00  0.00000000E+00
  9.15172817E+05  8.69807621E+06  4.67461301E-09  7.00567912E+04  1.26836811E+00  0.00000000E+00
  9.15533547E+05  8.69539786E+06  4.67636652E-09  7.00595354E+04  1.26806767E+00  0.00000000E+00
  9.15894277E+05  8.69272377E+06  4.67811881E-09  7.00622797E+04  1.26776781E+00  0.00000000E+00
  9.16255008E+05  8.69005395E+06  4.67986989E-09  7.00650240E+04  1.26746852E+00  0.00000000E+00
  9.16615738E+05  8.68738837E+06  4.68161975E-09  7.00677683E+04  1.26716979E+00  0.00000000E+00
  9.16976468E+05  8.68472704E+06  4.68336839E-09  7.00705125E+04  1.26687164E+00  0.00000000E+00
  9.17337199E+05  8.68206994E+06  4.68511583E-09  7.00732568E+04  1.26657405E+00  0.00000000E+00
  9.17697929E+05  8.67941706E+06  4.68686205E-09  7.00760011E+04  1.26627703E+00  0.00000000E+00
  9.18058659E+05  8.67676840E+06  4.68860706E-09  7.00787453E+04  1.26598057E+00  0.00000000E+00
  9.18419390E+05  8.67412395E+06  4.69035085E-09  7.00814896E+04  1.26568468E+00  0.00000000E+00
  9.18780120E+05  8.67148370E+06  4.69209344E-09  7.00842339E+04  1.26538935E+00  0.00000000E+00
  9.19140850E+05  8.66884764E+06  4.69383482E-09  7.00869781E+04  1.26509459E+00  0.00000000E+00
  9.19501581E+05  8.66621577E+06  4.69557499E-09  7.00897224E+04  1.26480038E+00  0.00000000E+00
  9.19862311E+05  8.66358807E+06  4.69731396E-09  7.00924667E+04  1.26450673E+00  0.00000000E+00
  9.20223041E+05  8.66096453E+06  4.69905171E-09  7.00952109E+04  1.26421365E+00  0.00000000E+00
  9.20583771E+05  8.65834516E+06  4.70078827E-09  7.00979552E+04  1.26392112E+00  0.00000000E+00
  9.20944502E+05  8.65572993E+06  4.70252361E-09  7.01006995E+04  1.26362914E+00  0.00000000E+00
  9.21305232E+05  8.65311885E+06  4.70425776E-09  7.01034437E+04  1.26333772E+00  0.00000000E+00
  9.21665962E+05  8.65051190E+06  4.70599070E-09  7.01061880E+04  1.26304686E+00  0.00000000E+00
  9.22026693E+05  8.64790907E+06  4.70772244E-09  7.01089323E+04  1.26275655E+00  0.00000000E+00
  9.22387423E+05  8.64531036E+06  4.70945298E-09  7.01116766E+04  1.26246679E+00  0.00000000E+00
  9.22748153E+05  8.64271576E+06  4.71118231E-09  7.01144208E+04  1.26217758E+00  0.00000000E+00
  9.23108884E+05  8.64012527E+06  4.71291045E-09  7.01171651E+04  1.26188893E+00  0.00000000E+00
  9.23469614E+05  8.63753886E+06  4.71463739E-09  7.01199094E+04  1.26160082E+00  0.00000000E+00
  9.23830344E+05  8.63495654E+06  4.71636314E-09  7.01226536E+04  1.26131326E+00  0.00000000E+00
  9.24191075E+05  8.63237830E+06  4.71808769E-09  7.01253979E+04  1.26102624E+00  0.00000000E+00
  9.24551805E+05  8.62980412E+06  4.71981104E-09  7.01281422E+04  1.26073978E+00  0.00000000E+00
  9.24912535E+05  8.62723400E+06  4.72153320E-09  7.01308864E+04  1.26045385E+00  0.00000000E+00
  9.25273266E+05  8.62466794E+06  4.72325416E-09  7.01336307E+04  1.26016847E+00  0.00000000E+00
  9.25633996E+05  8.62210592E+06  4.72497393E-09  7.01363750E+04  1.25988364E+00  0.00000000E+00
  9.25994726E+05  8.61954794E+06  4.72669251E-09  7.01391192E+04  1.25959934E+00  0.00000000E+00
  9.26355457E+05  8.61699399E+06  4.72840990E-09  7.01418635E+04  1.25931559E+00  0.00000000E+00
  9.26716187E+05  8.61444405E+06  4.73012610E-09  7.01446078E+04  1.25903237E+00  0.00000000E+00
  9.27076917E+05  8.61189813E+06  4.73184111E-09  7.01473520E+04  1.25874969E+00  0.00000000E+00
  9.27437648E+05  8.60935621E+06  4.73355493E-09  7.01500963E+04  1.25846755E+00  0.00000000E+00
  9.27798378E+05  8.60681829E+06  4.73526757E-09  7.01528406E+04  1.25818595E+00  0.00000000E+00
  9.28159108E+05  8.60428436E+06  4.73697902E-09  7.01555848E+04  1.25790488E+00  0.00000000E+00
  9.28519838E+05  8.60175440E+06  4.73868929E-09  7.01583291E+04  1.25762435E+00  0.00000000E+00
  9.28880569E+05  8.59922842E+06  4.74039837E-09  7.01610734E+04  1.25734435E+00  0.00000000E+00
  9.29241299E+05  8.59670641E+06  4.74210626E-09  7.01638177E+04  1.25706488E+00  0.00000000E+00
  9.29602029E+05  8.59418835E+06  4.74381298E-09  7.01665619E+04  1.25678594E+00  0.00000000E+00
  9.29962760E+05  8.59167424E+06  4.74551851E-09  7.01693062E+04  1.25650753E+00  0.00000000E+00
  9.30323490E+05  8.58916407E+06  4.74722287E-09  7.01720505E+04  1.25622965E+00  0.00000000E+00
  9.30684220E+05  8.58665783E+06  4.74892604E-09  7.01747947E+04  1.25595230E+00  0.00000000E+00
  9.31044951E+05  8.58415552E+06  4.75062804E-09  7.01775390E+04  1.25567548E+00  0.00000000E+00
  9.31405681E+05  8.58165713E+06  4.75232886E-09  7.01802833E+04  1.25539918E+00  0.00000000E+00
  9.31766411E+05  8.57916264E+06  4.75402850E-09  7.01830275E+04  1.25512341E+00  0.00000000E+00
  9.32127142E+05  8.57667206E+06  4.75572696E-09  7.01857718E+04  1.25484816E+00  0.00000000E+00
  9.32487872E+05  8.57418537E+06  4.75742426E-09  7.01885161E+04  1.25457343E+00  0.00000000E+00
  9.32848602E+05  8.57170257E+06  4.75912037E-09  7.01912603E+04  1.25429923E+00  0.00000000E+00
  9.33209333E+05  8.56922365E+06  4.76081532E-09  7.01940046E+04  1.25402555E+00  0.00000000E+00
  9.33570063E+05  8.56674860E+06  4.76250909E-09  7.01967489E+04  1.25375238E+00  0.00000000E+00
  9.33930793E+05  8.56427741E+06  4.76420170E-09  7.01994931E+04  1.25347974E+00  0.00000000E+00
  9.34291524E+05  8.56181008E+06  4.76589313E-09  7.02022374E+04  1.25320761E+00  0.00000000E+00
  9.34652254E+05  8.55934660E+06  4.76758340E-09  7.02049817E+04  1.25293600E+00  0.00000000E+00
  9.35012984E+05  8.55688696E+06  4.76927249E-09  7.02077260E+04  1.25266491E+00  0.00000000E+00
  9.35373714E+05  8.55443115E+06  4.77096043E-09  7.02104702E+04  1.25239433E+00  0.00000000E+00
  9.35734445E+05  8.55197916E+06  4.77264719E-09  7.02132145E+04  1.25212426E+00  0.00000000E+00
  9.36095175E+05  8.54953099E+06  4.77433279E-09  7.02159588E+04  1.25185471E+00  0.00000000E+00
  9.36455905E+05  8.54708664E+06  4.77601723E-09  7.02187030E+04  1.25158567E+00  0.00000000E+00
  9.36816636E+05  8.54464608E+06  4.77770050E-09  7.02214473E+04  1.25131714E+00  0.00000000E+00
  9.37177366E+05  8.54220932E+06  4.77938261E-09  7.02241916E+04  1.25104912E+00  0.00000000E+00
  9.37538096E+05  8.53977635E+06  4.78106356E-09  7.02269358E+04  1.25078160E+00  0.00000000E+00
  9.37898827E+05  8.53734716E+06  4.78274335E-09  7.02296801E+04  1.25051460E+00  0.00000000E+00
  9.38259557E+05  8.53492174E+06  4.78442199E-09  7.02324244E+04  1.25024810E+00  0.00000000E+00
  9.38620287E+05  8.53250008E+06  4.78609946E-09  7.02351686E+04  1.24998211E+00  0.00000000E+00
  9.38981018E+05  8.53008218E+06  4.78777578E-09  7.02379129E+04  1.24971663E+00  0.00000000E+00
  9.39341748E+05  8.52766803E+06  4.78945094E-09  7.02406572E+04  1.24945164E+00  0.00000000E+00
  9.39702478E+05  8.52525763E+06  4.79112494E-09  7.02434014E+04  1.24918716E+00  0.00000000E+00
  9.40063209E+05  8.52285096E+06  4.79279780E-09  7.02461457E+04  1.24892319E+00  0.00000000E+00
  9.40423939E+05  8.52044802E+06  4.79446950E-09  7.02488900E+04  1.24865971E+00  0.00000000E+00
  9.40784669E+05  8.51804879E+06  4.79614004E-09  7.02516343E+04  1.24839673E+00  0.00000000E+00
  9.41145400E+05  8.51565328E+06  4.79780944E-09  7.02543785E+04  1.24813426E+00  0.00000000E+00
  9.41506130E+05  8.51326148E+06  4.79947769E-09  7.02571228E+04  1.24787228E+00  0.00000000E+00
  9.41866860E+05  8.51087337E+06  4.80114479E-09  7.02598671E+04  1.24761079E+00  0.00000000E+00
  9.42227591E+05  8.50848896E+06  4.80281074E-09  7.02626113E+04  1.24734981E+00  0.00000000E+00
  9.42588321E+05  8.50610822E+06  4.80447554E-09  7.02653556E+04  1.24708931E+00  0.00000000E+00
  9.42949051E+05  8.50373117E+06  4.80613920E-09  7.02680999E+04  1.24682932E+00  0.00000000E+00
  9.43309781E+05  8.50135778E+06  4.80780171E-09  7.02708441E+04  1.24656981E+00  0.00000000E+00
  9.43670512E+05  8.49898806E+06  4.80946308E-09  7.02735884E+04  1.24631080E+00  0.00000000E+00
  9.44031242E+05  8.49662198E+06  4.81112331E-09  7.02763327E+04  1.24605228E+00  0.00000000E+00
  9.44391972E+05  8.49425956E+06  4.81278239E-09  7.02790769E+04  1.24579425E+00  0.00000000E+00
  9.44752703E+05  8.49190077E+06  4.81444034E-09  7.02818212E+04  1.24553671E+00  0.00000000E+00
  9.45113433E+05  8.48954562E+06  4.81609714E-09  7.02845655E+04  1.24527966E+00  0.00000000E+00
  9.45474163E+05  8.48719409E+06  4.81775281E-09  7.02873097E+04  1.24502309E+00  0.00000000E+00
  9.45834894E+05  8.48484619E+06  4.81940734E-09  7.02900540E+04  1.24476702E+00  0.00000000E+00
  9.46195624E+05  8.48250189E+06  4.82106073E-09  7.02927983E+04  1.24451142E+00  0.00000000E+00
  9.46556354E+05  8.48016119E+06  4.82271298E-09  7.02955425E+04  1.24425631E+00  0.00000000E+00
  9.46917085E+05  8.47782410E+06  4.82436411E-09  7.02982868E+04  1.24400169E+00  0.00000000E+00
  9.47277815E+05  8.47549059E+06  4.82601409E-09  7.03010311E+04  1.24374755E+00  0.00000000E+00
  9.47638545E+05  8.47316066E+06  4.82766295E-09  7.03037754E+04  1.24349389E+00  0.00000000E+00
  9.47999276E+05  8.47083431E+06  4.82931067E-09  7.03065196E+04  1.24324071E+00  0.00000000E+00
  9.48360006E+05  8.46851153E+06  4.83095727E-09  7.03092639E+04  1.24298801E+00  0.00000000E+00
  9.48720736E+05  8.46619231E+06  4.83260273E-09  7.03120082E+04  1.24273579E+00  0.00000000E+00
  9.49081467E+05  8.46387664E+06  4.83424707E-09  7.03147524E+04  1.24248405E+00  0.00000000E+00
  9.49442197E+05  8.46156452E+06  4.83589028E-09  7.03174967E+04  1.24223279E+00  0.00000000E+00
  9.49802927E+05  8.45925594E+06  4.83753236E-09  7.03202410E+04  1.24198200E+00  0.00000000E+00
  9.50163658E+05  8.45695089E+06  4.83917331E-09  7.03229852E+04  1.24173168E+00  0.00000000E+00
  9.50524388E+05  8.45464937E+06  4.84081315E-09  7.03257295E+04  1.24148184E+00  0.00000000E+00
  9.50885118E+05  8.45235136E+06  4.84245186E-09  7.03284738E+04  1.24123248E+00  0.00000000E+00
  9.51245848E+05  8.45005687E+06  4.84408944E-09  7.03312180E+04  1.24098359E+00  0.00000000E+00
  9.51606579E+05  8.44776588E+06  4.84572591E-09  7.03339623E+04  1.24073517E+00  0.00000000E+00
  9.51967309E+05  8.44547839E+06  4.84736126E-09  7.03367066E+04  1.24048721E+00  0.00000000E+00
  9.52328039E+05  8.44319440E+06  4.84899549E-09  7.03394508E+04  1.24023973E+00  0.00000000E+00
  9.52688770E+05  8.44091388E+06  4.85062860E-09  7.03421951E+04  1.23999272E+00  0.00000000E+00
  9.53049500E+05  8.43863684E+06  4.85226059E-09  7.03449394E+04  1.23974618E+00  0.00000000E+00
  9.53410230E+05  8.43636328E+06  4.85389147E-09  7.03476837E+04  1.23950010E+00  0.00000000E+00
  9.53770961E+05  8.43409317E+06  4.85552123E-09  7.03504279E+04  1.23925449E+00  0.00000000E+00
  9.54131691E+05  8.43182653E+06  4.85714988E-09  7.03531722E+04  1.23900935E+00  0.00000000E+00
  9.54492421E+05  8.42956333E+06  4.85877741E-09  7.03559165E+04  1.23876466E+00  0.00000000E+00
  9.54853152E+05  8.42730357E+06  4.86040384E-09  7.03586607E+04  1.23852045E+00  0.00000000E+00
  9.55213882E+05  8.42504725E+06  4.86202915E-09  7.03614050E+04  1.23827669E+00  0.00000000E+00
  9.55574612E+05  8.42279436E+06  4.86365336E-09  7.03641493E+04  1.23803340E+00  0.00000000E+00
  9.55935343E+05  8.42054489E+06  4.86527645E-09  7.03668935E+04  1.23779056E+00  0.00000000E+00
  9.56296073E+05  8.41829884E+06  4.86689844E-09  7.03696378E+04  1.23754819E+00  0.00000000E+00
  9.56656803E+05  8.41605620E+06  4.86851932E-09  7.03723821E+04  1.23730628E+00  0.00000000E+00
  9.57017534E+05  8.41381695E+06  4.87013910E-09  7.03751263E+04  1.23706482E+00  0.00000000E+00
  9.57378264E+05  8.41158111E+06  4.87175778E-09  7.03778706E+04  1.23682382E+00  0.00000000E+00
  9.57738994E+05  8.40934865E+06  4.87337535E-09  7.03806149E+04  1.23658328E+00  0.00000000E+00
  9.58099725E+05  8.40711957E+06  4.87499181E-09  7.03833591E+04  1.23634319E+00  0.00000000E+00
  9.58460455E+05  8.40489387E+06  4.87660718E-09  7.03861034E+04  1.23610356E+00  0.00000000E+00
  9.58821185E+05  8.40267153E+06  4.87822145E-09  7.03888477E+04  1.23586438E+00  0.00000000E+00
  9.59181915E+05  8.40045256E+06  4.87983462E-09  7.03915919E+04  1.23562565E+00  0.00000000E+00
  9.59542646E+05  8.39823694E+06  4.88144669E-09  7.03943362E+04  1.23538738E+00  0.00000000E+00
  9.59903376E+05  8.39602467E+06  4.88305767E-09  7.03970805E+04  1.23514955E+00  0.00000000E+00
  9.60264106E+05  8.39381574E+06  4.88466755E-09  7.03998248E+04  1.23491218E+00  0.00000000E+00
  9.60624837E+05  8.39161015E+06  4.88627633E-09  7.04025690E+04  1.23467525E+00  0.00000000E+00
  9.60985567E+05  8.38940788E+06  4.88788402E-09  7.04053133E+04  1.23443878E+00  0.00000000E+00
  9.61346297E+05  8.38720894E+06  4.88949062E-09  7.04080576E+04  1.23420275E+00  0.00000000E+00
  9.61707028E+05  8.38501331E+06  4.89109613E-09  7.04108018E+04  1.23396717E+00  0.00000000E+00
  9.62067758E+05  8.38282099E+06  4.89270055E-09  7.04135461E+04  1.23373203E+00  0.00000000E+00
  9.62428488E+05  8.38063197E+06  4.89430388E-09  7.04162904E+04  1.23349734E+00  0.00000000E+00
  9.62789219E+05  8.37844625E+06  4.89590612E-09  7.04190346E+04  1.23326309E+00  0.00000000E+00
  9.63149949E+05  8.37626382E+06  4.89750727E-09  7.04217789E+04  1.23302929E+00  0.00000000E+00
  9.63510679E+05  8.37408466E+06  4.89910734E-09  7.04245232E+04  1.23279592E+00  0.00000000E+00
  9.63871410E+05  8.37190879E+06  4.90070632E-09  7.04272674E+04  1.23256300E+00  0.00000000E+00
  9.64232140E+05  8.36973618E+06  4.90230422E-09  7.04300117E+04  1.23233052E+00  0.00000000E+00
  9.64592870E+05  8.36756684E+06  4.90390104E-09  7.04327560E+04  1.23209848E+00  0.00000000E+00
  9.64953601E+05  8.36540075E+06  4.90549678E-09  7.04355002E+04  1.23186688E+00  0.00000000E+00
  9.65314331E+05  8.36323791E+06  4.90709144E-09  7.04382445E+04  1.23163571E+00  0.00000000E+00
  9.65675061E+05  8.36107832E+06  4.90868501E-09  7.04409888E+04  1.23140499E+00  0.00000000E+00
  9.66035792E+05  8.35892196E+06  4.91027751E-09  7.04437331E+04  1.23117470E+00  0.00000000E+00
  9.66396522E+05  8.35676883E+06  4.91186893E-09  7.04464773E+04  1.23094484E+00  0.00000000E+00
  9.66757252E+05  8.35461893E+06  4.91345928E-09  7.04492216E+04  1.23071542E+00  0.00000000E+00
  9.67117982E+05  8.35247224E+06  4.91504855E-09  7.04519659E+04  1.23048643E+00  0.00000000E+00
  9.67478713E+05  8.35032877E+06  4.91663675E-09  7.04547101E+04  1.23025788E+00  0.00000000E+00
  9.67839443E+05  8.34818850E+06  4.91822387E-09  7.04574544E+04  1.23002976E+00  0.00000000E+00
  9.68200173E+05  8.34605142E+06  4.91980992E-09  7.04601987E+04  1.22980206E+00  0.00000000E+00
  9.68560904E+05  8.34391755E+06  4.92139491E-09  7.04629429E+04  1.22957480E+00  0.00000000E+00
  9.68921634E+05  8.34178685E+06  4.92297882E-09  7.04656872E+04  1.22934797E+00  0.00000000E+00
  9.69282364E+05  8.33965934E+06  4.92456166E-09  7.04684315E+04  1.22912157E+00  0.00000000E+00
  9.69643095E+05  8.33753500E+06  4.92614344E-09  7.04711757E+04  1.22889560E+00  0.00000000E+00
  9.70003825E+05  8.33541382E+06  4.92772415E-09  7.04739200E+04  1.22867005E+00  0.00000000E+00
  9.70364555E+05  8.33329581E+06  4.92930380E-09  7.04766643E+04  1.22844493E+00  0.00000000E+00
  9.70725286E+05  8.33118095E+06  4.93088239E-09  7.04794085E+04  1.22822023E+00  0.00000000E+00
  9.71086016E+05  8.32906924E+06  4.93245991E-09  7.04821528E+04  1.22799596E+00  0.00000000E+00
  9.71446746E+05  8.32696067E+06  4.93403636E-09  7.04848971E+04  1.22777211E+00  0.00000000E+00
  9.71807477E+05  8.32485524E+06  4.93561176E-09  7.04876414E+04  1.22754868E+00  0.00000000E+00
  9.72168207E+05  8.32275293E+06  4.93718610E-09  7.04903856E+04  1.22732568E+00  0.00000000E+00
  9.72528937E+05  8.32065375E+06  4.93875938E-09  7.04931299E+04  1.22710310E+00  0.00000000E+00
  9.72889668E+05  8.31855769E+06  4.94033161E-09  7.04958742E+04  1.22688094E+00  0.00000000E+00
  9.73250398E+05  8.31646473E+06  4.94190277E-09  7.04986184E+04  1.22665919E+00  0.00000000E+00
  9.73611128E+05  8.31437488E+06  4.94347289E-09  7.05013627E+04  1.22643787E+00  0.00000000E+00
  9.73971859E+05  8.31228813E+06  4.94504195E-09  7.05041070E+04  1.22621697E+00  0.00000000E+00
  9.74332589E+05  8.31020448E+06  4.94660995E-09  7.05068512E+04  1.22599648E+00  0.00000000E+00
  9.74693319E+05  8.30812390E+06  4.94817691E-09  7.05095955E+04  1.22577640E+00  0.00000000E+00
  9.75054049E+05  8.30604641E+06  4.94974281E-09  7.05123398E+04  1.22555675E+00  0.00000000E+00
  9.75414780E+05  8.30397199E+06  4.95130767E-09  7.05150840E+04  1.22533751E+00  0.00000000E+00
  9.75775510E+05  8.30190064E+06  4.95287147E-09  7.05178283E+04  1.22511868E+00  0.00000000E+00
  9.76136240E+05  8.29983235E+06  4.95443423E-09  7.05205726E+04  1.22490026E+00  0.00000000E+00
  9.76496971E+05  8.29776712E+06  4.95599595E-09  7.05233168E+04  1.22468226E+00  0.00000000E+00
  9.76857701E+05  8.29570493E+06  4.95755661E-09  7.05260611E+04  1.22446467E+00  0.00000000E+00
  9.77218431E+05  8.29364579E+06  4.95911624E-09  7.05288054E+04  1.22424749E+00  0.00000000E+00
  9.77579162E+05  8.29158969E+06  4.96067482E-09  7.05315496E+04  1.22403072E+00  0.00000000E+00
  9.77939892E+05  8.28953662E+06  4.96223236E-09  7.05342939E+04  1.22381436E+00  0.00000000E+00
  9.78300622E+05  8.28748657E+06  4.96378886E-09  7.05370382E+04  1.22359840E+00  0.00000000E+00
  9.78661353E+05  8.28543954E+06  4.96534432E-09  7.05397825E+04  1.22338286E+00  0.00000000E+00
  9.79022083E+05  8.28339553E+06  4.96689875E-09  7.05425267E+04  1.22316772E+00  0.00000000E+00
  9.79382813E+05  8.28135452E+06  4.96845213E-09  7.05452710E+04  1.22295298E+00  0.00000000E+00
  9.79743544E+05  8.27931651E+06  4.97000448E-09  7.05480153E+04  1.22273865E+00  0.00000000E+00
  9.80104274E+05  8.27728150E+06  4.97155580E-09  7.05507595E+04  1.22252473E+00  0.00000000E+00
  9.80465004E+05  8.27524948E+06  4.97310608E-09  7.05535038E+04  1.22231121E+00  0.00000000E+00
  9.80825735E+05  8.27322044E+06  4.97465533E-09  7.05562481E+04  1.22209809E+00  0.00000000E+00
  9.81186465E+05  8.27119438E+06  4.97620355E-09  7.05589923E+04  1.22188538E+00  0.00000000E+00
  9.81547195E+05  8.26917130E+06  4.97775074E-09  7.05617366E+04  1.22167306E+00  0.00000000E+00
  9.81907926E+05  8.26715117E+06  4.97929690E-09  7.05644809E+04  1.22146115E+00  0.00000000E+00
  9.82268656E+05  8.26513401E+06  4.98084203E-09  7.05672251E+04  1.22124963E+00  0.00000000E+00
  9.82629386E+05  8.26311980E+06  4.98238613E-09  7.05699694E+04  1.22103852E+00  0.00000000E+00
  9.82990116E+05  8.26110854E+06  4.98392921E-09  7.05727137E+04  1.22082780E+00  0.00000000E+00
  9.83350847E+05  8.25910022E+06  4.98547126E-09  7.05754579E+04  1.22061748E+00  0.00000000E+00
  9.83711577E+05  8.25709484E+06  4.98701229E-09  7.05782022E+04  1.22040755E+00  0.00000000E+00
  9.84072307E+05  8.25509239E+06  4.98855230E-09  7.05809465E+04  1.22019802E+00  0.00000000E+00
  9.84433038E+05  8.25309287E+06  4.99009129E-09  7.05836908E+04  1.21998889E+00  0.00000000E+00
  9.84793768E+05  8.25109626E+06  4.99162926E-09  7.05864350E+04  1.21978015E+00  0.00000000E+00
  9.85154498E+05  8.24910256E+06  4.99316620E-09  7.05891793E+04  1.21957180E+00  0.00000000E+00
  9.85515229E+05  8.24711178E+06  4.99470213E-09  7.05919236E+04  1.21936385E+00  0.00000000E+00
  9.85875959E+05  8.24512389E+06  4.99623705E-09  7.05946678E+04  1.21915629E+00  0.00000000E+00
  9.86236689E+05  8.24313890E+06  4.99777095E-09  7.05974121E+04  1.21894912E+00  0.00000000E+00
  9.86597420E+05  8.24115680E+06  4.99930383E-09  7.06001564E+04  1.21874234E+00  0.00000000E+00
  9.86958150E+05  8.23917759E+06  5.00083570E-09  7.06029006E+04  1.21853595E+00  0.00000000E+00
  9.87318880E+05  8.23720125E+06  5.00236656E-09  7.06056449E+04  1.21832995E+00  0.00000000E+00
  9.87679611E+05  8.23522779E+06  5.00389641E-09  7.06083892E+04  1.21812433E+00  0.00000000E+00
  9.88040341E+05  8.23325719E+06  5.00542525E-09  7.06111334E+04  1.21791910E+00  0.00000000E+00
  9.88401071E+05  8.23128946E+06  5.00695307E-09  7.06138777E+04  1.21771426E+00  0.00000000E+00
  9.88761802E+05  8.22932458E+06  5.00847990E-09  7.06166220E+04  1.21750981E+00  0.00000000E+00
  9.89122532E+05  8.22736255E+06  5.01000571E-09  7.06193662E+04  1.21730574E+00  0.00000000E+00
  9.89483262E+05  8.22540336E+06  5.01153052E-09  7.06221105E+04  1.21710206E+00  0.00000000E+00
  9.89843993E+05  8.22344702E+06  5.01305433E-09  7.06248548E+04  1.21689875E+00  0.00000000E+00
  9.90204723E+05  8.22149351E+06  5.01457713E-09  7.06275991E+04  1.21669584E+00  0.00000000E+00
  9.90565453E+05  8.21954282E+06  5.01609893E-09  7.06303433E+04  1.21649330E+00  0.00000000E+00
  9.90926183E+05  8.21759496E+06  5.01761974E-09  7.06330876E+04  1.21629114E+00  0.00000000E+00
  9.91286914E+05  8.21564991E+06  5.01913954E-09  7.06358319E+04  1.21608937E+00  0.00000000E+00
  9.91647644E+05  8.21370768E+06  5.02065834E-09  7.06385761E+04  1.21588797E+00  0.00000000E+00
  9.92008374E+05  8.21176825E+06  5.02217615E-09  7.06413204E+04  1.21568696E+00  0.00000000E+00
  9.92369105E+05  8.20983161E+06  5.02369296E-09  7.06440647E+04  1.21548632E+00  0.00000000E+00
  9.92729835E+05  8.20789778E+06  5.02520877E-09  7.06468089E+04  1.21528606E+00  0.00000000E+00
  9.93090565E+05  8.20596673E+06  5.02672359E-09  7.06495532E+04  1.21508618E+00  0.00000000E+00
  9.93451296E+05  8.20403846E+06  5.02823742E-09  7.06522975E+04  1.21488667E+00  0.00000000E+00
  9.93812026E+05  8.20211298E+06  5.02975026E-09  7.06550417E+04  1.21468754E+00  0.00000000E+00
  9.94172756E+05  8.20019026E+06  5.03126211E-09  7.06577860E+04  1.21448878E+00  0.00000000E+00
  9.94533487E+05  8.19827031E+06  5.03277296E-09  7.06605303E+04  1.21429040E+00  0.00000000E+00
  9.94894217E+05  8.19635312E+06  5.03428283E-09  7.06632745E+04  1.21409239E+00  0.00000000E+00
  9.95254947E+05  8.19443869E+06  5.03579172E-09  7.06660188E+04  1.21389475E+00  0.00000000E+00
  9.95615678E+05  8.19252700E+06  5.03729962E-09  7.06687631E+04  1.21369749E+00  0.00000000E+00
  9.95976408E+05  8.19061806E+06  5.03880653E-09  7.06715073E+04  1.21350059E+00  0.00000000E+00
  9.96337138E+05  8.18871186E+06  5.04031246E-09  7.06742516E+04  1.21330407E+00  0.00000000E+00
  9.96697869E+05  8.18680840E+06  5.04181741E-09  7.06769959E+04  1.21310791E+00  0.00000000E+00
  9.97058599E+05  8.18490766E+06  5.04332137E-09  7.06797402E+04  1.21291212E+00  0.00000000E+00
  9.97419329E+05  8.18300964E+06  5.04482436E-09  7.06824844E+04  1.21271671E+00  0.00000000E+00
  9.97780060E+05  8.18111435E+06  5.04632637E-09  7.06852287E+04  1.21252166E+00  0.00000000E+00
  9.98140790E+05  8.17922176E+06  5.04782740E-09  7.06879730E+04  1.21232697E+00  0.00000000E+00
  9.98501520E+05  8.17733188E+06  5.04932745E-09  7.06907172E+04  1.21213265E+00  0.00000000E+00
  9.98862250E+05  8.17544470E+06  5.05082653E-09  7.06934615E+04  1.21193870E+00  0.00000000E+00
  9.99222981E+05  8.17356022E+06  5.05232463E-09  7.06962058E+04  1.21174511E+00  0.00000000E+00
  9.99583711E+05  8.17167843E+06  5.05382176E-09  7.06989500E+04  1.21155189E+00  0.00000000E+00
  9.99944441E+05  8.16979932E+06  5.05531792E-09  7.07016943E+04  1.21135903E+00  0.00000000E+00
  1.00030517E+06  8.16792289E+06  5.05681311E-09  7.07044386E+04  1.21116653E+00  0.00000000E+00
  1.00066590E+06  8.16604914E+06  5.05830733E-09  7.07071828E+04  1.21097439E+00  0.00000000E+00
  1.00102663E+06  8.16417806E+06  5.05980058E-09  7.07099271E+04  1.21078261E+00  0.00000000E+00
  1.00138736E+06  8.16230964E+06  5.06129286E-09  7.07126714E+04  1.21059120E+00  0.00000000E+00
  1.00174809E+06  8.16044388E+06  5.06278418E-09  7.07154156E+04  1.21040014E+00  0.00000000E+00
  1.00210882E+06  8.15858077E+06  5.06427453E-09  7.07181599E+04  1.21020944E+00  0.00000000E+00
  1.00246955E+06  8.15672031E+06  5.06576392E-09  7.07209042E+04  1.21001910E+00  0.00000000E+00
  1.00283028E+06  8.15486249E+06  5.06725235E-09  7.07236485E+04  1.20982912E+00  0.00000000E+00
  1.00319101E+06  8.15300731E+06  5.06873981E-09  7.07263927E+04  1.20963950E+00  0.00000000E+00
  1.00355174E+06  8.15115476E+06  5.07022632E-09  7.07291370E+04  1.20945023E+00  0.00000000E+00
  1.00391247E+06  8.14930484E+06  5.07171186E-09  7.07318813E+04  1.20926131E+00  0.00000000E+00
  1.00427321E+06  8.14745754E+06  5.07319645E-09  7.07346255E+04  1.20907275E+00  0.00000000E+00
  1.00463394E+06  8.14561286E+06  5.07468008E-09  7.07373698E+04  1.20888455E+00  0.00000000E+00
  1.00499467E+06  8.14377079E+06  5.07616276E-09  7.07401141E+04  1.20869670E+00  0.00000000E+00
  1.00535540E+06  8.14193133E+06  5.07764448E-09  7.07428583E+04  1.20850920E+00  0.00000000E+00
  1.00571613E+06  8.14009446E+06  5.07912525E-09  7.07456026E+04  1.20832205E+00  0.00000000E+00
  1.00607686E+06  8.13826020E+06  5.08060506E-09  7.07483469E+04  1.20813525E+00  0.00000000E+00
  1.00643759E+06  8.13642852E+06  5.08208392E-09  7.07510911E+04  1.20794881E+00  0.00000000E+00
  1.00679832E+06  8.13459943E+06  5.08356184E-09  7.07538354E+04  1.20776271E+00  0.00000000E+00
  1.00715905E+06  8.13277292E+06  5.08503880E-09  7.07565797E+04  1.20757697E+00  0.00000000E+00
  1.00751978E+06  8.13094898E+06  5.08651482E-09  7.07593239E+04  1.20739157E+00  0.00000000E+00
  1.00788051E+06  8.12912762E+06  5.08798989E-09  7.07620682E+04  1.20720652E+00  0.00000000E+00
  1.00824124E+06  8.12730882E+06  5.08946402E-09  7.07648125E+04  1.20702181E+00  0.00000000E+00
  1.00860197E+06  8.12549258E+06  5.09093720E-09  7.07675567E+04  1.20683746E+00  0.00000000E+00
  1.00896270E+06  8.12367889E+06  5.09240944E-09  7.07703010E+04  1.20665345E+00  0.00000000E+00
  1.00932343E+06  8.12186776E+06  5.09388074E-09  7.07730453E+04  1.20646978E+00  0.00000000E+00
  1.00968416E+06  8.12005917E+06  5.09535110E-09  7.07757896E+04  1.20628646E+00  0.00000000E+00
  1.01004489E+06  8.11825312E+06  5.09682052E-09  7.07785338E+04  1.20610348E+00  0.00000000E+00
  1.01040562E+06  8.11644960E+06  5.09828900E-09  7.07812781E+04  1.20592085E+00  0.00000000E+00
  1.01076635E+06  8.11464861E+06  5.09975654E-09  7.07840224E+04  1.20573855E+00  0.00000000E+00
  1.01112708E+06  8.11285015E+06  5.10122315E-09  7.07867666E+04  1.20555660E+00  0.00000000E+00
  1.01148781E+06  8.11105421E+06  5.10268882E-09  7.07895109E+04  1.20537499E+00  0.00000000E+00
  1.01184854E+06  8.10926078E+06  5.10415356E-09  7.07922552E+04  1.20519372E+00  0.00000000E+00
  1.01220927E+06  8.10746986E+06  5.10561736E-09  7.07949994E+04  1.20501279E+00  0.00000000E+00
  1.01257000E+06  8.10568145E+06  5.10708024E-09  7.07977437E+04  1.20483220E+00  0.00000000E+00
  1.01293073E+06  8.10389554E+06  5.10854218E-09  7.08004880E+04  1.20465195E+00  0.00000000E+00
  1.01329146E+06  8.10211212E+06  5.11000320E-09  7.08032322E+04  1.20447204E+00  0.00000000E+00
  1.01365219E+06  8.10033119E+06  5.11146329E-09  7.08059765E+04  1.20429246E+00  0.00000000E+00
  1.01401292E+06  8.09855274E+06  5.11292245E-09  7.08087208E+04  1.20411322E+00  0.00000000E+00
  1.01437365E+06  8.09677678E+06  5.11438069E-09  7.08114650E+04  1.20393431E+00  0.00000000E+00
  1.01473438E+06  8.09500329E+06  5.11583800E-09  7.08142093E+04  1.20375574E+00  0.00000000E+00
  1.01509511E+06  8.09323227E+06  5.11729439E-09  7.08169536E+04  1.20357751E+00  0.00000000E+00
  1.01545585E+06  8.09146372E+06  5.11874985E-09  7.08196979E+04  1.20339961E+00  0.00000000E+00
  1.01581658E+06  8.08969762E+06  5.12020440E-09  7.08224421E+04  1.20322204E+00  0.00000000E+00
  1.01617731E+06  8.08793398E+06  5.12165803E-09  7.08251864E+04  1.20304480E+00  0.00000000E+00
  1.01653804E+06  8.08617279E+06  5.12311073E-09  7.08279307E+04  1.20286790E+00  0.00000000E+00
  1.01689877E+06  8.08441405E+06  5.12456253E-09  7.08306749E+04  1.20269132E+00  0.00000000E+00
  1.01725950E+06  8.08265775E+06  5.12601340E-09  7.08334192E+04  1.20251508E+00  0.00000000E+00
  1.01762023E+06  8.08090388E+06  5.12746336E-09  7.08361635E+04  1.20233917E+00  0.00000000E+00
  1.01798096E+06  8.07915245E+06  5.12891241E-09  7.08389077E+04  1.20216359E+00  0.00000000E+00
  1.01834169E+06  8.07740344E+06  5.13036054E-09  7.08416520E+04  1.20198833E+00  0.00000000E+00
  1.01870242E+06  8.07565685E+06  5.13180776E-09  7.08443963E+04  1.20181340E+00  0.00000000E+00
  1.01906315E+06  8.07391268E+06  5.13325407E-09  7.08471405E+04  1.20163880E+00  0.00000000E+00
  1.01942388E+06  8.07217092E+06  5.13469948E-09  7.08498848E+04  1.20146453E+00  0.00000000E+00
  1.01978461E+06  8.07043157E+06  5.13614397E-09  7.08526291E+04  1.20129058E+00  0.00000000E+00
  1.02014534E+06  8.06869462E+06  5.13758756E-09  7.08553733E+04  1.20111696E+00  0.00000000E+00
  1.02050607E+06  8.06696006E+06  5.13903024E-09  7.08581176E+04  1.20094367E+00  0.00000000E+00
  1.02086680E+06  8.06522790E+06  5.14047202E-09  7.08608619E+04  1.20077069E+00  0.00000000E+00
  1.02122753E+06  8.06349813E+06  5.14191289E-09  7.08636062E+04  1.20059804E+00  0.00000000E+00
  1.02158826E+06  8.06177074E+06  5.14335287E-09  7.08663504E+04  1.20042572E+00  0.00000000E+00
  1.02194899E+06  8.06004573E+06  5.14479194E-09  7.08690947E+04  1.20025371E+00  0.00000000E+00
  1.02230972E+06  8.05832309E+06  5.14623011E-09  7.08718390E+04  1.20008203E+00  0.00000000E+00
  1.02267045E+06  8.05660283E+06  5.14766738E-09  7.08745832E+04  1.19991067E+00  0.00000000E+00
  1.02303118E+06  8.05488492E+06  5.14910376E-09  7.08773275E+04  1.19973963E+00  0.00000000E+00
  1.02339191E+06  8.05316938E+06  5.15053924E-09  7.08800718E+04  1.19956891E+00  0.00000000E+00
  1.02375264E+06  8.05145619E+06  5.15197382E-09  7.08828160E+04  1.19939850E+00  0.00000000E+00
  1.02411337E+06  8.04974535E+06  5.15340751E-09  7.08855603E+04  1.19922842E+00  0.00000000E+00
  1.02447410E+06  8.04803686E+06  5.15484031E-09  7.08883046E+04  1.19905865E+00  0.00000000E+00
  1.02483483E+06  8.04633071E+06  5.15627221E-09  7.08910488E+04  1.19888920E+00  0.00000000E+00
  1.02519556E+06  8.04462689E+06  5.15770323E-09  7.08937931E+04  1.19872007E+00  0.00000000E+00
  1.02555629E+06  8.04292541E+06  5.15913335E-09  7.08965374E+04  1.19855125E+00  0.00000000E+00
  1.02591702E+06  8.04122625E+06  5.16056259E-09  7.08992816E+04  1.19838275E+00  0.00000000E+00
  1.02627775E+06  8.03952941E+06  5.16199094E-09  7.09020259E+04  1.19821457E+00  0.00000000E+00
  1.02663848E+06  8.03783490E+06  5.16341841E-09  7.09047702E+04  1.19804669E+00  0.00000000E+00
  1.02699922E+06  8.03614269E+06  5.16484499E-09  7.09075144E+04  1.19787914E+00  0.00000000E+00
  1.02735995E+06  8.03445280E+06  5.16627068E-09  7.09102587E+04  1.19771189E+00  0.00000000E+00
  1.02772068E+06  8.03276520E+06  5.16769550E-09  7.09130030E+04  1.19754496E+00  0.00000000E+00
  1.02808141E+06  8.03107991E+06  5.16911943E-09  7.09157473E+04  1.19737833E+00  0.00000000E+00
  1.02844214E+06  8.02939691E+06  5.17054248E-09  7.09184915E+04  1.19721202E+00  0.00000000E+00
  1.02880287E+06  8.02771621E+06  5.17196466E-09  7.09212358E+04  1.19704602E+00  0.00000000E+00
  1.02916360E+06  8.02603779E+06  5.17338595E-09  7.09239801E+04  1.19688033E+00  0.00000000E+00
  1.02952433E+06  8.02436165E+06  5.17480637E-09  7.09267243E+04  1.19671495E+00  0.00000000E+00
  1.02988506E+06  8.02268778E+06  5.17622592E-09  7.09294686E+04  1.19654988E+00  0.00000000E+00
  1.03024579E+06  8.02101619E+06  5.17764459E-09  7.09322129E+04  1.19638511E+00  0.00000000E+00
  1.03060652E+06  8.01934687E+06  5.17906238E-09  7.09349571E+04  1.19622065E+00  0.00000000E+00
  1.03096725E+06  8.01767981E+06  5.18047931E-09  7.09377014E+04  1.19605650E+00  0.00000000E+00
  1.03132798E+06  8.01601500E+06  5.18189536E-09  7.09404457E+04  1.19589266E+00  0.00000000E+00
  1.03168871E+06  8.01435246E+06  5.18331055E-09  7.09431899E+04  1.19572912E+00  0.00000000E+00
  1.03204944E+06  8.01269216E+06  5.18472486E-09  7.09459342E+04  1.19556588E+00  0.00000000E+00
  1.03241017E+06  8.01103411E+06  5.18613831E-09  7.09486785E+04  1.19540295E+00  0.00000000E+00
  1.03277090E+06  8.00937829E+06  5.18755090E-09  7.09514227E+04  1.19524033E+00  0.00000000E+00
  1.03313163E+06  8.00772472E+06  5.18896261E-09  7.09541670E+04  1.19507800E+00  0.00000000E+00
  1.03349236E+06  8.00607337E+06  5.19037347E-09  7.09569113E+04  1.19491598E+00  0.00000000E+00
  1.03385309E+06  8.00442426E+06  5.19178346E-09  7.09596556E+04  1.19475427E+00  0.00000000E+00
  1.03421382E+06  8.00277736E+06  5.19319259E-09  7.09623998E+04  1.19459285E+00  0.00000000E+00
  1.03457455E+06  8.00113269E+06  5.19460086E-09  7.09651441E+04  1.19443173E+00  0.00000000E+00
  1.03493528E+06  7.99949023E+06  5.19600827E-09  7.09678884E+04  1.19427092E+00  0.00000000E+00
  1.03529601E+06  7.99784998E+06  5.19741482E-09  7.09706326E+04  1.19411040E+00  0.00000000E+00
  1.03565674E+06  7.99621193E+06  5.19882052E-09  7.09733769E+04  1.19395018E+00  0.00000000E+00
  1.03601747E+06  7.99457608E+06  5.20022536E-09  7.09761212E+04  1.19379027E+00  0.00000000E+00
  1.03637820E+06  7.99294244E+06  5.20162935E-09  7.09788654E+04  1.19363064E+00  0.00000000E+00
  1.03673893E+06  7.99131098E+06  5.20303248E-09  7.09816097E+04  1.19347132E+00  0.00000000E+00
  1.03709966E+06  7.98968171E+06  5.20443476E-09  7.09843540E+04  1.19331229E+00  0.00000000E+00
  1.03746039E+06  7.98805463E+06  5.20583619E-09  7.09870982E+04  1.19315356E+00  0.00000000E+00
  1.03782112E+06  7.98642972E+06  5.20723677E-09  7.09898425E+04  1.19299513E+00  0.00000000E+00
  1.03818186E+06  7.98480699E+06  5.20863650E-09  7.09925868E+04  1.19283699E+00  0.00000000E+00
  1.03854259E+06  7.98318643E+06  5.21003539E-09  7.09953310E+04  1.19267914E+00  0.00000000E+00
  1.03890332E+06  7.98156804E+06  5.21143342E-09  7.09980753E+04  1.19252159E+00  0.00000000E+00
  1.03926405E+06  7.97995181E+06  5.21283061E-09  7.10008196E+04  1.19236433E+00  0.00000000E+00
  1.03962478E+06  7.97833773E+06  5.21422696E-09  7.10035639E+04  1.19220737E+00  0.00000000E+00
  1.03998551E+06  7.97672581E+06  5.21562247E-09  7.10063081E+04  1.19205069E+00  0.00000000E+00
  1.04034624E+06  7.97511604E+06  5.21701713E-09  7.10090524E+04  1.19189431E+00  0.00000000E+00
  1.04070697E+06  7.97350841E+06  5.21841095E-09  7.10117967E+04  1.19173822E+00  0.00000000E+00
  1.04106770E+06  7.97190293E+06  5.21980394E-09  7.10145409E+04  1.19158242E+00  0.00000000E+00
  1.04142843E+06  7.97029958E+06  5.22119608E-09  7.10172852E+04  1.19142691E+00  0.00000000E+00
  1.04178916E+06  7.96869836E+06  5.22258739E-09  7.10200295E+04  1.19127168E+00  0.00000000E+00
  1.04214989E+06  7.96709927E+06  5.22397786E-09  7.10227737E+04  1.19111675E+00  0.00000000E+00
  1.04251062E+06  7.96550230E+06  5.22536750E-09  7.10255180E+04  1.19096210E+00  0.00000000E+00
  1.04287135E+06  7.96390746E+06  5.22675630E-09  7.10282623E+04  1.19080775E+00  0.00000000E+00
  1.04323208E+06  7.96231473E+06  5.22814427E-09  7.10310065E+04  1.19065368E+00  0.00000000E+00
  1.04359281E+06  7.96072411E+06  5.22953141E-09  7.10337508E+04  1.19049989E+00  0.00000000E+00
  1.04395354E+06  7.95913559E+06  5.23091772E-09  7.10364951E+04  1.19034639E+00  0.00000000E+00
  1.04431427E+06  7.95754918E+06  5.23230320E-09  7.10392393E+04  1.19019318E+00  0.00000000E+00
  1.04467500E+06  7.95596487E+06  5.23368785E-09  7.10419836E+04  1.19004025E+00  0.00000000E+00
  1.04503573E+06  7.95438265E+06  5.23507168E-09  7.10447279E+04  1.18988761E+00  0.00000000E+00
  1.04539646E+06  7.95280252E+06  5.23645468E-09  7.10474721E+04  1.18973525E+00  0.00000000E+00
  1.04575719E+06  7.95122448E+06  5.23783685E-09  7.10502164E+04  1.18958317E+00  0.00000000E+00
  1.04611792E+06  7.94964852E+06  5.23921821E-09  7.10529607E+04  1.18943137E+00  0.00000000E+00
  1.04647865E+06  7.94807464E+06  5.24059874E-09  7.10557050E+04  1.18927986E+00  0.00000000E+00
  1.04683938E+06  7.94650283E+06  5.24197844E-09  7.10584492E+04  1.18912863E+00  0.00000000E+00
  1.04720011E+06  7.94493309E+06  5.24335733E-09  7.10611935E+04  1.18897767E+00  0.00000000E+00
  1.04756084E+06  7.94336541E+06  5.24473540E-09  7.10639378E+04  1.18882700E+00  0.00000000E+00
  1.04792157E+06  7.94179980E+06  5.24611266E-09  7.10666820E+04  1.18867661E+00  0.00000000E+00
  1.04828230E+06  7.94023624E+06  5.24748909E-09  7.10694263E+04  1.18852650E+00  0.00000000E+00
  1.04864303E+06  7.93867474E+06  5.24886472E-09  7.10721706E+04  1.18837667E+00  0.00000000E+00
  1.04900376E+06  7.93711528E+06  5.25023952E-09  7.10749148E+04  1.18822711E+00  0.00000000E+00
  1.04936449E+06  7.93555788E+06  5.25161352E-09  7.10776591E+04  1.18807783E+00  0.00000000E+00
  1.04972523E+06  7.93400251E+06  5.25298670E-09  7.10804034E+04  1.18792883E+00  0.00000000E+00
  1.05008596E+06  7.93244918E+06  5.25435907E-09  7.10831476E+04  1.18778011E+00  0.00000000E+00
  1.05044669E+06  7.93089788E+06  5.25573063E-09  7.10858919E+04  1.18763166E+00  0.00000000E+00
  1.05080742E+06  7.92934861E+06  5.25710139E-09  7.10886362E+04  1.18748348E+00  0.00000000E+00
  1.05116815E+06  7.92780136E+06  5.25847134E-09  7.10913804E+04  1.18733559E+00  0.00000000E+00
  1.05152888E+06  7.92625614E+06  5.25984048E-09  7.10941247E+04  1.18718796E+00  0.00000000E+00
  1.05188961E+06  7.92471293E+06  5.26120881E-09  7.10968690E+04  1.18704061E+00  0.00000000E+00
  1.05225034E+06  7.92317173E+06  5.26257634E-09  7.10996133E+04  1.18689353E+00  0.00000000E+00
  1.05261107E+06  7.92163254E+06  5.26394307E-09  7.11023575E+04  1.18674673E+00  0.00000000E+00
  1.05297180E+06  7.92009536E+06  5.26530900E-09  7.11051018E+04  1.18660020E+00  0.00000000E+00
  1.05333253E+06  7.91856018E+06  5.26667413E-09  7.11078461E+04  1.18645393E+00  0.00000000E+00
  1.05369326E+06  7.91702700E+06  5.26803846E-09  7.11105903E+04  1.18630794E+00  0.00000000E+00
  1.05405399E+06  7.91549580E+06  5.26940199E-09  7.11133346E+04  1.18616222E+00  0.00000000E+00
  1.05441472E+06  7.91396660E+06  5.27076472E-09  7.11160789E+04  1.18601677E+00  0.00000000E+00
  1.05477545E+06  7.91243938E+06  5.27212666E-09  7.11188231E+04  1.18587159E+00  0.00000000E+00
  1.05513618E+06  7.91091414E+06  5.27348780E-09  7.11215674E+04  1.18572668E+00  0.00000000E+00
  1.05549691E+06  7.90939088E+06  5.27484815E-09  7.11243117E+04  1.18558204E+00  0.00000000E+00
  1.05585764E+06  7.90786959E+06  5.27620771E-09  7.11270559E+04  1.18543766E+00  0.00000000E+00
  1.05621837E+06  7.90635028E+06  5.27756648E-09  7.11298002E+04  1.18529356E+00  0.00000000E+00
  1.05657910E+06  7.90483292E+06  5.27892445E-09  7.11325445E+04  1.18514972E+00  0.00000000E+00
  1.05693983E+06  7.90331753E+06  5.28028164E-09  7.11352887E+04  1.18500614E+00  0.00000000E+00
  1.05730056E+06  7.90180409E+06  5.28163804E-09  7.11380330E+04  1.18486283E+00  0.00000000E+00
  1.05766129E+06  7.90029261E+06  5.28299365E-09  7.11407773E+04  1.18471979E+00  0.00000000E+00
  1.05802202E+06  7.89878308E+06  5.28434848E-09  7.11435215E+04  1.18457701E+00  0.00000000E+00
  1.05838275E+06  7.89727550E+06  5.28570252E-09  7.11462658E+04  1.18443449E+00  0.00000000E+00
  1.05874348E+06  7.89576985E+06  5.28705578E-09  7.11490101E+04  1.18429224E+00  0.00000000E+00
  1.05910421E+06  7.89426614E+06  5.28840826E-09  7.11517544E+04  1.18415025E+00  0.00000000E+00
  1.05946494E+06  7.89276437E+06  5.28975996E-09  7.11544986E+04  1.18400853E+00  0.00000000E+00
  1.05982567E+06  7.89126453E+06  5.29111087E-09  7.11572429E+04  1.18386707E+00  0.00000000E+00
  1.06018640E+06  7.88976662E+06  5.29246101E-09  7.11599872E+04  1.18372586E+00  0.00000000E+00
  1.06054713E+06  7.88827062E+06  5.29381037E-09  7.11627314E+04  1.18358492E+00  0.00000000E+00
  1.06090787E+06  7.88677655E+06  5.29515896E-09  7.11654757E+04  1.18344424E+00  0.00000000E+00
  1.06126860E+06  7.88528439E+06  5.29650676E-09  7.11682200E+04  1.18330382E+00  0.00000000E+00
  1.06162933E+06  7.88379414E+06  5.29785380E-09  7.11709642E+04  1.18316366E+00  0.00000000E+00
  1.06199006E+06  7.88230580E+06  5.29920006E-09  7.11737085E+04  1.18302376E+00  0.00000000E+00
  1.06235079E+06  7.88081937E+06  5.30054555E-09  7.11764528E+04  1.18288412E+00  0.00000000E+00
  1.06271152E+06  7.87933483E+06  5.30189027E-09  7.11791970E+04  1.18274473E+00  0.00000000E+00
  1.06307225E+06  7.87785219E+06  5.30323422E-09  7.11819413E+04  1.18260560E+00  0.00000000E+00
  1.06343298E+06  7.87637144E+06  5.30457740E-09  7.11846856E+04  1.18246673E+00  0.00000000E+00
  1.06379371E+06  7.87489258E+06  5.30591981E-09  7.11874298E+04  1.18232812E+00  0.00000000E+00
  1.06415444E+06  7.87341561E+06  5.30726146E-09  7.11901741E+04  1.18218976E+00  0.00000000E+00
  1.06451517E+06  7.87194052E+06  5.30860234E-09  7.11929184E+04  1.18205166E+00  0.00000000E+00
  1.06487590E+06  7.87046730E+06  5.30994246E-09  7.11956627E+04  1.18191381E+00  0.00000000E+00
  1.06523663E+06  7.86899596E+06  5.31128182E-09  7.11984069E+04  1.18177622E+00  0.00000000E+00
  1.06559736E+06  7.86752648E+06  5.31262041E-09  7.12011512E+04  1.18163888E+00  0.00000000E+00
  1.06595809E+06  7.86605888E+06  5.31395825E-09  7.12038955E+04  1.18150179E+00  0.00000000E+00
  1.06631882E+06  7.86459313E+06  5.31529532E-09  7.12066397E+04  1.18136496E+00  0.00000000E+00
  1.06667955E+06  7.86312925E+06  5.31663164E-09  7.12093840E+04  1.18122838E+00  0.00000000E+00
  1.06704028E+06  7.86166722E+06  5.31796719E-09  7.12121283E+04  1.18109205E+00  0.00000000E+00
  1.06740101E+06  7.86020704E+06  5.31930200E-09  7.12148725E+04  1.18095597E+00  0.00000000E+00
  1.06776174E+06  7.85874871E+06  5.32063604E-09  7.12176168E+04  1.18082015E+00  0.00000000E+00
  1.06812247E+06  7.85729222E+06  5.32196934E-09  7.12203611E+04  1.18068457E+00  0.00000000E+00
  1.06848320E+06  7.85583757E+06  5.32330188E-09  7.12231053E+04  1.18054925E+00  0.00000000E+00
  1.06884393E+06  7.85438476E+06  5.32463367E-09  7.12258496E+04  1.18041417E+00  0.00000000E+00
  1.06920466E+06  7.85293379E+06  5.32596471E-09  7.12285939E+04  1.18027934E+00  0.00000000E+00
  1.06956539E+06  7.85148464E+06  5.32729499E-09  7.12313381E+04  1.18014476E+00  0.00000000E+00
  1.06992612E+06  7.85003732E+06  5.32862454E-09  7.12340824E+04  1.18001043E+00  0.00000000E+00
  1.07028685E+06  7.84859182E+06  5.32995333E-09  7.12368267E+04  1.17987635E+00  0.00000000E+00
  1.07064758E+06  7.84714814E+06  5.33128138E-09  7.12395710E+04  1.17974251E+00  0.00000000E+00
  1.07100831E+06  7.84570627E+06  5.33260868E-09  7.12423152E+04  1.17960892E+00  0.00000000E+00
  1.07136904E+06  7.84426622E+06  5.33393524E-09  7.12450595E+04  1.17947558E+00  0.00000000E+00
  1.07172977E+06  7.84282797E+06  5.33526106E-09  7.12478038E+04  1.17934248E+00  0.00000000E+00
  1.07209051E+06  7.84139153E+06  5.33658613E-09  7.12505480E+04  1.17920963E+00  0.00000000E+00
  1.07245124E+06  7.83995689E+06  5.33791047E-09  7.12532923E+04  1.17907702E+00  0.00000000E+00
  1.07281197E+06  7.83852404E+06  5.33923406E-09  7.12560366E+04  1.17894466E+00  0.00000000E+00
  1.07317270E+06  7.83709299E+06  5.34055692E-09  7.12587808E+04  1.17881254E+00  0.00000000E+00
  1.07353343E+06  7.83566373E+06  5.34187904E-09  7.12615251E+04  1.17868066E+00  0.00000000E+00
  1.07389416E+06  7.83423625E+06  5.34320043E-09  7.12642694E+04  1.17854902E+00  0.00000000E+00
  1.07425489E+06  7.83281056E+06  5.34452108E-09  7.12670136E+04  1.17841763E+00  0.00000000E+00
  1.07461562E+06  7.83138665E+06  5.34584099E-09  7.12697579E+04  1.17828648E+00  0.00000000E+00
  1.07497635E+06  7.82996451E+06  5.34716018E-09  7.12725022E+04  1.17815557E+00  0.00000000E+00
  1.07533708E+06  7.82854414E+06  5.34847863E-09  7.12752464E+04  1.17802490E+00  0.00000000E+00
  1.07569781E+06  7.82712555E+06  5.34979635E-09  7.12779907E+04  1.17789447E+00  0.00000000E+00
  1.07605854E+06  7.82570872E+06  5.35111334E-09  7.12807350E+04  1.17776429E+00  0.00000000E+00
  1.07641927E+06  7.82429364E+06  5.35242961E-09  7.12834792E+04  1.17763434E+00  0.00000000E+00
  1.07678000E+06  7.82288033E+06  5.35374515E-09  7.12862235E+04  1.17750463E+00  0.00000000E+00
  1.07714073E+06  7.82146878E+06  5.35505996E-09  7.12889678E+04  1.17737515E+00  0.00000000E+00
  1.07750146E+06  7.82005897E+06  5.35637404E-09  7.12917121E+04  1.17724592E+00  0.00000000E+00
  1.07786219E+06  7.81865091E+06  5.35768741E-09  7.12944563E+04  1.17711692E+00  0.00000000E+00
  1.07822292E+06  7.81724460E+06  5.35900005E-09  7.12972006E+04  1.17698816E+00  0.00000000E+00
  1.07858365E+06  7.81584002E+06  5.36031197E-09  7.12999449E+04  1.17685964E+00  0.00000000E+00
  1.07894438E+06  7.81443719E+06  5.36162317E-09  7.13026891E+04  1.17673135E+00  0.00000000E+00
  1.07930511E+06  7.81303608E+06  5.36293365E-09  7.13054334E+04  1.17660330E+00  0.00000000E+00
  1.07966584E+06  7.81163671E+06  5.36424341E-09  7.13081777E+04  1.17647548E+00  0.00000000E+00
  1.08002657E+06  7.81023907E+06  5.36555245E-09  7.13109219E+04  1.17634790E+00  0.00000000E+00
  1.08038730E+06  7.80884314E+06  5.36686078E-09  7.13136662E+04  1.17622055E+00  0.00000000E+00
  1.08074803E+06  7.80744894E+06  5.36816839E-09  7.13164105E+04  1.17609344E+00  0.00000000E+00
  1.08110876E+06  7.80605646E+06  5.36947529E-09  7.13191547E+04  1.17596656E+00  0.00000000E+00
  1.08146949E+06  7.80466569E+06  5.37078148E-09  7.13218990E+04  1.17583991E+00  0.00000000E+00
  1.08183022E+06  7.80327662E+06  5.37208696E-09  7.13246433E+04  1.17571350E+00  0.00000000E+00
  1.08219095E+06  7.80188927E+06  5.37339172E-09  7.13273875E+04  1.17558731E+00  0.00000000E+00
  1.08255168E+06  7.80050362E+06  5.37469578E-09  7.13301318E+04  1.17546136E+00  0.00000000E+00
  1.08291241E+06  7.79911966E+06  5.37599912E-09  7.13328761E+04  1.17533564E+00  0.00000000E+00
  1.08327314E+06  7.79773741E+06  5.37730176E-09  7.13356204E+04  1.17521015E+00  0.00000000E+00
  1.08363388E+06  7.79635684E+06  5.37860370E-09  7.13383646E+04  1.17508489E+00  0.00000000E+00
  1.08399461E+06  7.79497797E+06  5.37990493E-09  7.13411089E+04  1.17495986E+00  0.00000000E+00
  1.08435534E+06  7.79360078E+06  5.38120545E-09  7.13438532E+04  1.17483505E+00  0.00000000E+00
  1.08471607E+06  7.79222528E+06  5.38250528E-09  7.13465974E+04  1.17471048E+00  0.00000000E+00
  1.08507680E+06  7.79085145E+06  5.38380440E-09  7.13493417E+04  1.17458614E+00  0.00000000E+00
  1.08543753E+06  7.78947931E+06  5.38510282E-09  7.13520860E+04  1.17446202E+00  0.00000000E+00
  1.08579826E+06  7.78810883E+06  5.38640054E-09  7.13548302E+04  1.17433813E+00  0.00000000E+00
  1.08615899E+06  7.78674002E+06  5.38769756E-09  7.13575745E+04  1.17421447E+00  0.00000000E+00
  1.08651972E+06  7.78537288E+06  5.38899389E-09  7.13603188E+04  1.17409103E+00  0.00000000E+00
  1.08688045E+06  7.78400741E+06  5.39028952E-09  7.13630630E+04  1.17396782E+00  0.00000000E+00
  1.08724118E+06  7.78264359E+06  5.39158445E-09  7.13658073E+04  1.17384483E+00  0.00000000E+00
  1.08760191E+06  7.78128143E+06  5.39287869E-09  7.13685516E+04  1.17372207E+00  0.00000000E+00
  1.08796264E+06  7.77992092E+06  5.39417224E-09  7.13712958E+04  1.17359954E+00  0.00000000E+00
  1.08832337E+06  7.77856206E+06  5.39546509E-09  7.13740401E+04  1.17347723E+00  0.00000000E+00
  1.08868410E+06  7.77720485E+06  5.39675726E-09  7.13767844E+04  1.17335514E+00  0.00000000E+00
  1.08904483E+06  7.77584928E+06  5.39804873E-09  7.13795286E+04  1.17323327E+00  0.00000000E+00
  1.08940556E+06  7.77449535E+06  5.39933952E-09  7.13822729E+04  1.17311163E+00  0.00000000E+00
  1.08976629E+06  7.77314306E+06  5.40062962E-09  7.13850172E+04  1.17299021E+00  0.00000000E+00
  1.09012702E+06  7.77179240E+06  5.40191903E-09  7.13877615E+04  1.17286902E+00  0.00000000E+00
  1.09048775E+06  7.77044337E+06  5.40320776E-09  7.13905057E+04  1.17274804E+00  0.00000000E+00
  1.09084848E+06  7.76909597E+06  5.40449580E-09  7.13932500E+04  1.17262729E+00  0.00000000E+00
  1.09120921E+06  7.76775019E+06  5.40578316E-09  7.13959943E+04  1.17250675E+00  0.00000000E+00
  1.09156994E+06  7.76640603E+06  5.40706984E-09  7.13987385E+04  1.17238644E+00  0.00000000E+00
  1.09193067E+06  7.76506349E+06  5.40835584E-09  7.14014828E+04  1.17226635E+00  0.00000000E+00
  1.09229140E+06  7.76372257E+06  5.40964115E-09  7.14042271E+04  1.17214647E+00  0.00000000E+00
  1.09265213E+06  7.76238325E+06  5.41092579E-09  7.14069713E+04  1.17202682E+00  0.00000000E+00
  1.09301286E+06  7.76104555E+06  5.41220975E-09  7.14097156E+04  1.17190738E+00  0.00000000E+00
  1.09337359E+06  7.75970944E+06  5.41349303E-09  7.14124599E+04  1.17178816E+00  0.00000000E+00
  1.09373432E+06  7.75837494E+06  5.41477564E-09  7.14152041E+04  1.17166916E+00  0.00000000E+00
  1.09409505E+06  7.75704204E+06  5.41605758E-09  7.14179484E+04  1.17155038E+00  0.00000000E+00
  1.09445578E+06  7.75571073E+06  5.41733884E-09  7.14206927E+04  1.17143181E+00  0.00000000E+00
  1.09481652E+06  7.75438101E+06  5.41861942E-09  7.14234369E+04  1.17131346E+00  0.00000000E+00
  1.09517725E+06  7.75305288E+06  5.41989934E-09  7.14261812E+04  1.17119532E+00  0.00000000E+00
  1.09553798E+06  7.75172634E+06  5.42117859E-09  7.14289255E+04  1.17107741E+00  0.00000000E+00
  1.09589871E+06  7.75040138E+06  5.42245716E-09  7.14316698E+04  1.17095970E+00  0.00000000E+00
  1.09625944E+06  7.74907800E+06  5.42373507E-09  7.14344140E+04  1.17084221E+00  0.00000000E+00
  1.09662017E+06  7.74775619E+06  5.42501232E-09  7.14371583E+04  1.17072494E+00  0.00000000E+00
  1.09698090E+06  7.74643596E+06  5.42628889E-09  7.14399026E+04  1.17060787E+00  0.00000000E+00
  1.09734163E+06  7.74511730E+06  5.42756480E-09  7.14426468E+04  1.17049103E+00  0.00000000E+00
  1.09770236E+06  7.74380020E+06  5.42884005E-09  7.14453911E+04  1.17037439E+00  0.00000000E+00
  1.09806309E+06  7.74248467E+06  5.43011464E-09  7.14481354E+04  1.17025797E+00  0.00000000E+00
  1.09842382E+06  7.74117070E+06  5.43138856E-09  7.14508796E+04  1.17014176E+00  0.00000000E+00
  1.09878455E+06  7.73985828E+06  5.43266182E-09  7.14536239E+04  1.17002576E+00  0.00000000E+00
  1.09914528E+06  7.73854742E+06  5.43393443E-09  7.14563682E+04  1.16990997E+00  0.00000000E+00
  1.09950601E+06  7.73723811E+06  5.43520637E-09  7.14591124E+04  1.16979439E+00  0.00000000E+00
  1.09986674E+06  7.73593035E+06  5.43647766E-09  7.14618567E+04  1.16967902E+00  0.00000000E+00
  1.10022747E+06  7.73462413E+06  5.43774829E-09  7.14646010E+04  1.16956387E+00  0.00000000E+00
  1.10058820E+06  7.73331946E+06  5.43901827E-09  7.14673452E+04  1.16944892E+00  0.00000000E+00
  1.10094893E+06  7.73201632E+06  5.44028759E-09  7.14700895E+04  1.16933418E+00  0.00000000E+00
  1.10130966E+06  7.73071472E+06  5.44155626E-09  7.14728338E+04  1.16921965E+00  0.00000000E+00
  1.10167039E+06  7.72941466E+06  5.44282427E-09  7.14755781E+04  1.16910533E+00  0.00000000E+00
  1.10203112E+06  7.72811612E+06  5.44409164E-09  7.14783223E+04  1.16899122E+00  0.00000000E+00
  1.10239185E+06  7.72681911E+06  5.44535836E-09  7.14810666E+04  1.16887731E+00  0.00000000E+00
  1.10275258E+06  7.72552362E+06  5.44662442E-09  7.14838109E+04  1.16876362E+00  0.00000000E+00
  1.10311331E+06  7.72422966E+06  5.44788984E-09  7.14865551E+04  1.16865012E+00  0.00000000E+00
  1.10347404E+06  7.72293721E+06  5.44915461E-09  7.14892994E+04  1.16853684E+00  0.00000000E+00
  1.10383477E+06  7.72164627E+06  5.45041874E-09  7.14920437E+04  1.16842376E+00  0.00000000E+00
  1.10419550E+06  7.72035685E+06  5.45168222E-09  7.14947879E+04  1.16831088E+00  0.00000000E+00
  1.10455623E+06  7.71906894E+06  5.45294506E-09  7.14975322E+04  1.16819821E+00  0.00000000E+00
  1.10491696E+06  7.71778253E+06  5.45420726E-09  7.15002765E+04  1.16808575E+00  0.00000000E+00
  1.10527769E+06  7.71649762E+06  5.45546881E-09  7.15030207E+04  1.16797349E+00  0.00000000E+00
  1.10563842E+06  7.71521421E+06  5.45672973E-09  7.15057650E+04  1.16786143E+00  0.00000000E+00
  1.10599915E+06  7.71393230E+06  5.45799000E-09  7.15085093E+04  1.16774958E+00  0.00000000E+00
  1.10635989E+06  7.71265189E+06  5.45924964E-09  7.15112535E+04  1.16763793E+00  0.00000000E+00
  1.10672062E+06  7.71137296E+06  5.46050864E-09  7.15139978E+04  1.16752648E+00  0.00000000E+00
  1.10708135E+06  7.71009553E+06  5.46176700E-09  7.15167421E+04  1.16741524E+00  0.00000000E+00
  1.10744208E+06  7.70881957E+06  5.46302473E-09  7.15194863E+04  1.16730419E+00  0.00000000E+00
  1.10780281E+06  7.70754510E+06  5.46428182E-09  7.15222306E+04  1.16719335E+00  0.00000000E+00
  1.10816354E+06  7.70627211E+06  5.46553828E-09  7.15249749E+04  1.16708271E+00  0.00000000E+00
  1.10852427E+06  7.70500059E+06  5.46679411E-09  7.15277192E+04  1.16697227E+00  0.00000000E+00
  1.10888500E+06  7.70373055E+06  5.46804931E-09  7.15304634E+04  1.16686203E+00  0.00000000E+00
  1.10924573E+06  7.70246198E+06  5.46930388E-09  7.15332077E+04  1.16675199E+00  0.00000000E+00
  1.10960646E+06  7.70119487E+06  5.47055781E-09  7.15359520E+04  1.16664215E+00  0.00000000E+00
  1.10996719E+06  7.69992923E+06  5.47181113E-09  7.15386962E+04  1.16653250E+00  0.00000000E+00
  1.11032792E+06  7.69866505E+06  5.47306381E-09  7.15414405E+04  1.16642306E+00  0.00000000E+00
  1.11068865E+06  7.69740233E+06  5.47431587E-09  7.15441848E+04  1.16631382E+00  0.00000000E+00
  1.11104938E+06  7.69614106E+06  5.47556730E-09  7.15469290E+04  1.16620477E+00  0.00000000E+00
  1.11141011E+06  7.69488125E+06  5.47681811E-09  7.15496733E+04  1.16609592E+00  0.00000000E+00
  1.11177084E+06  7.69362288E+06  5.47806830E-09  7.15524176E+04  1.16598726E+00  0.00000000E+00
  1.11213157E+06  7.69236596E+06  5.47931786E-09  7.15551618E+04  1.16587881E+00  0.00000000E+00
  1.11249230E+06  7.69111049E+06  5.48056681E-09  7.15579061E+04  1.16577055E+00  0.00000000E+00
  1.11285303E+06  7.68985646E+06  5.48181514E-09  7.15606504E+04  1.16566248E+00  0.00000000E+00
  1.11321376E+06  7.68860386E+06  5.48306284E-09  7.15633946E+04  1.16555461E+00  0.00000000E+00
  1.11357449E+06  7.68735271E+06  5.48430993E-09  7.15661389E+04  1.16544694E+00  0.00000000E+00
  1.11393522E+06  7.68610298E+06  5.48555641E-09  7.15688832E+04  1.16533946E+00  0.00000000E+00
  1.11429595E+06  7.68485468E+06  5.48680226E-09  7.15716275E+04  1.16523218E+00  0.00000000E+00
  1.11465668E+06  7.68360782E+06  5.48804751E-09  7.15743717E+04  1.16512509E+00  0.00000000E+00
  1.11501741E+06  7.68236237E+06  5.48929214E-09  7.15771160E+04  1.16501819E+00  0.00000000E+00
  1.11537814E+06  7.68111835E+06  5.49053616E-09  7.15798603E+04  1.16491148E+00  0.00000000E+00
  1.11573887E+06  7.67987574E+06  5.49177956E-09  7.15826045E+04  1.16480497E+00  0.00000000E+00
  1.11609960E+06  7.67863455E+06  5.49302236E-09  7.15853488E+04  1.16469865E+00  0.00000000E+00
  1.11646033E+06  7.67739477E+06  5.49426455E-09  7.15880931E+04  1.16459253E+00  0.00000000E+00
  1.11682106E+06  7.67615641E+06  5.49550613E-09  7.15908373E+04  1.16448659E+00  0.00000000E+00
  1.11718179E+06  7.67491945E+06  5.49674710E-09  7.15935816E+04  1.16438085E+00  0.00000000E+00
  1.11754253E+06  7.67368389E+06  5.49798746E-09  7.15963259E+04  1.16427529E+00  0.00000000E+00
  1.11790326E+06  7.67244974E+06  5.49922723E-09  7.15990701E+04  1.16416993E+00  0.00000000E+00
  1.11826399E+06  7.67121698E+06  5.50046638E-09  7.16018144E+04  1.16406476E+00  0.00000000E+00
  1.11862472E+06  7.66998562E+06  5.50170494E-09  7.16045587E+04  1.16395977E+00  0.00000000E+00
  1.11898545E+06  7.66875566E+06  5.50294289E-09  7.16073029E+04  1.16385498E+00  0.00000000E+00
  1.11934618E+06  7.66752708E+06  5.50418024E-09  7.16100472E+04  1.16375038E+00  0.00000000E+00
  1.11970691E+06  7.66629989E+06  5.50541699E-09  7.16127915E+04  1.16364596E+00  0.00000000E+00
  1.12006764E+06  7.66507409E+06  5.50665314E-09  7.16155358E+04  1.16354173E+00  0.00000000E+00
  1.12042837E+06  7.66384967E+06  5.50788870E-09  7.16182800E+04  1.16343769E+00  0.00000000E+00
  1.12078910E+06  7.66262663E+06  5.50912365E-09  7.16210243E+04  1.16333384E+00  0.00000000E+00
  1.12114983E+06  7.66140496E+06  5.51035801E-09  7.16237686E+04  1.16323017E+00  0.00000000E+00
  1.12151056E+06  7.66018467E+06  5.51159178E-09  7.16265128E+04  1.16312669E+00  0.00000000E+00
  1.12187129E+06  7.65896575E+06  5.51282495E-09  7.16292571E+04  1.16302340E+00  0.00000000E+00
  1.12223202E+06  7.65774820E+06  5.51405753E-09  7.16320014E+04  1.16292029E+00  0.00000000E+00
  1.12259275E+06  7.65653202E+06  5.51528952E-09  7.16347456E+04  1.16281737E+00  0.00000000E+00
  1.12295348E+06  7.65531719E+06  5.51652092E-09  7.16374899E+04  1.16271464E+00  0.00000000E+00
  1.12331421E+06  7.65410373E+06  5.51775172E-09  7.16402342E+04  1.16261209E+00  0.00000000E+00
  1.12367494E+06  7.65289163E+06  5.51898194E-09  7.16429784E+04  1.16250972E+00  0.00000000E+00
  1.12403567E+06  7.65168088E+06  5.52021157E-09  7.16457227E+04  1.16240754E+00  0.00000000E+00
  1.12439640E+06  7.65047148E+06  5.52144062E-09  7.16484670E+04  1.16230554E+00  0.00000000E+00
  1.12475713E+06  7.64926344E+06  5.52266907E-09  7.16512112E+04  1.16220372E+00  0.00000000E+00
  1.12511786E+06  7.64805674E+06  5.52389695E-09  7.16539555E+04  1.16210209E+00  0.00000000E+00
  1.12547859E+06  7.64685138E+06  5.52512424E-09  7.16566998E+04  1.16200064E+00  0.00000000E+00
  1.12583932E+06  7.64564737E+06  5.52635094E-09  7.16594440E+04  1.16189937E+00  0.00000000E+00
  1.12620005E+06  7.64444469E+06  5.52757707E-09  7.16621883E+04  1.16179829E+00  0.00000000E+00
  1.12656078E+06  7.64324335E+06  5.52880261E-09  7.16649326E+04  1.16169738E+00  0.00000000E+00
  1.12692151E+06  7.64204335E+06  5.53002758E-09  7.16676769E+04  1.16159666E+00  0.00000000E+00
  1.12728224E+06  7.64084467E+06  5.53125196E-09  7.16704211E+04  1.16149612E+00  0.00000000E+00
  1.12764297E+06  7.63964733E+06  5.53247577E-09  7.16731654E+04  1.16139576E+00  0.00000000E+00
  1.12800370E+06  7.63845131E+06  5.53369900E-09  7.16759097E+04  1.16129558E+00  0.00000000E+00
  1.12836443E+06  7.63725661E+06  5.53492166E-09  7.16786539E+04  1.16119557E+00  0.00000000E+00
  1.12872516E+06  7.63606323E+06  5.53614374E-09  7.16813982E+04  1.16109575E+00  0.00000000E+00
  1.12908590E+06  7.63487118E+06  5.53736524E-09  7.16841425E+04  1.16099611E+00  0.00000000E+00
  1.12944663E+06  7.63368043E+06  5.53858618E-09  7.16868867E+04  1.16089664E+00  0.00000000E+00
  1.12980736E+06  7.63249100E+06  5.53980654E-09  7.16896310E+04  1.16079736E+00  0.00000000E+00
  1.13016809E+06  7.63130288E+06  5.54102633E-09  7.16923753E+04  1.16069825E+00  0.00000000E+00
  1.13052882E+06  7.63011607E+06  5.54224555E-09  7.16951195E+04  1.16059932E+00  0.00000000E+00
  1.13088955E+06  7.62893056E+06  5.54346421E-09  7.16978638E+04  1.16050057E+00  0.00000000E+00
  1.13125028E+06  7.62774635E+06  5.54468229E-09  7.17006081E+04  1.16040199E+00  0.00000000E+00
  1.13161101E+06  7.62656344E+06  5.54589981E-09  7.17033523E+04  1.16030359E+00  0.00000000E+00
  1.13197174E+06  7.62538183E+06  5.54711676E-09  7.17060966E+04  1.16020536E+00  0.00000000E+00
  1.13233247E+06  7.62420152E+06  5.54833315E-09  7.17088409E+04  1.16010732E+00  0.00000000E+00
  1.13269320E+06  7.62302249E+06  5.54954898E-09  7.17115852E+04  1.16000944E+00  0.00000000E+00
  1.13305393E+06  7.62184476E+06  5.55076424E-09  7.17143294E+04  1.15991175E+00  0.00000000E+00
  1.13341466E+06  7.62066831E+06  5.55197894E-09  7.17170737E+04  1.15981422E+00  0.00000000E+00
  1.13377539E+06  7.61949315E+06  5.55319308E-09  7.17198180E+04  1.15971688E+00  0.00000000E+00
  1.13413612E+06  7.61831926E+06  5.55440666E-09  7.17225622E+04  1.15961970E+00  0.00000000E+00
  1.13449685E+06  7.61714666E+06  5.55561968E-09  7.17253065E+04  1.15952270E+00  0.00000000E+00
  1.13485758E+06  7.61597533E+06  5.55683214E-09  7.17280508E+04  1.15942587E+00  0.00000000E+00
  1.13521831E+06  7.61480528E+06  5.55804405E-09  7.17307950E+04  1.15932922E+00  0.00000000E+00
  1.13557904E+06  7.61363650E+06  5.55925540E-09  7.17335393E+04  1.15923274E+00  0.00000000E+00
  1.13593977E+06  7.61246899E+06  5.56046619E-09  7.17362836E+04  1.15913643E+00  0.00000000E+00
  1.13630050E+06  7.61130274E+06  5.56167643E-09  7.17390278E+04  1.15904029E+00  0.00000000E+00
  1.13666123E+06  7.61013776E+06  5.56288612E-09  7.17417721E+04  1.15894433E+00  0.00000000E+00
  1.13702196E+06  7.60897404E+06  5.56409525E-09  7.17445164E+04  1.15884853E+00  0.00000000E+00
  1.13738269E+06  7.60781158E+06  5.56530384E-09  7.17472606E+04  1.15875291E+00  0.00000000E+00
  1.13774342E+06  7.60665037E+06  5.56651187E-09  7.17500049E+04  1.15865746E+00  0.00000000E+00
  1.13810415E+06  7.60549042E+06  5.56771936E-09  7.17527492E+04  1.15856218E+00  0.00000000E+00
  1.13846488E+06  7.60433172E+06  5.56892630E-09  7.17554934E+04  1.15846707E+00  0.00000000E+00
  1.13882561E+06  7.60317427E+06  5.57013269E-09  7.17582377E+04  1.15837212E+00  0.00000000E+00
  1.13918634E+06  7.60201807E+06  5.57133853E-09  7.17609820E+04  1.15827735E+00  0.00000000E+00
  1.13954707E+06  7.60086311E+06  5.57254383E-09  7.17637263E+04  1.15818275E+00  0.00000000E+00
  1.13990780E+06  7.59970939E+06  5.57374859E-09  7.17664705E+04  1.15808831E+00  0.00000000E+00
  1.14026854E+06  7.59855691E+06  5.57495280E-09  7.17692148E+04  1.15799404E+00  0.00000000E+00
  1.14062927E+06  7.59740567E+06  5.57615647E-09  7.17719591E+04  1.15789994E+00  0.00000000E+00
  1.14099000E+06  7.59625566E+06  5.57735960E-09  7.17747033E+04  1.15780601E+00  0.00000000E+00
  1.14135073E+06  7.59510688E+06  5.57856218E-09  7.17774476E+04  1.15771225E+00  0.00000000E+00
  1.14171146E+06  7.59395933E+06  5.57976423E-09  7.17801919E+04  1.15761865E+00  0.00000000E+00
  1.14207219E+06  7.59281301E+06  5.58096574E-09  7.17829361E+04  1.15752522E+00  0.00000000E+00
  1.14243292E+06  7.59166791E+06  5.58216672E-09  7.17856804E+04  1.15743195E+00  0.00000000E+00
  1.14279365E+06  7.59052404E+06  5.58336715E-09  7.17884247E+04  1.15733885E+00  0.00000000E+00
  1.14315438E+06  7.58938138E+06  5.58456705E-09  7.17911689E+04  1.15724592E+00  0.00000000E+00
  1.14351511E+06  7.58823994E+06  5.58576642E-09  7.17939132E+04  1.15715315E+00  0.00000000E+00
  1.14387584E+06  7.58709972E+06  5.58696525E-09  7.17966575E+04  1.15706055E+00  0.00000000E+00
  1.14423657E+06  7.58596071E+06  5.58816355E-09  7.17994017E+04  1.15696811E+00  0.00000000E+00
  1.14459730E+06  7.58482290E+06  5.58936132E-09  7.18021460E+04  1.15687583E+00  0.00000000E+00
  1.14495803E+06  7.58368631E+06  5.59055856E-09  7.18048903E+04  1.15678372E+00  0.00000000E+00
  1.14531876E+06  7.58255092E+06  5.59175527E-09  7.18076346E+04  1.15669178E+00  0.00000000E+00
  1.14567949E+06  7.58141673E+06  5.59295145E-09  7.18103788E+04  1.15659999E+00  0.00000000E+00
  1.14604022E+06  7.58028375E+06  5.59414710E-09  7.18131231E+04  1.15650837E+00  0.00000000E+00
  1.14640095E+06  7.57915196E+06  5.59534222E-09  7.18158674E+04  1.15641691E+00  0.00000000E+00
  1.14676168E+06  7.57802136E+06  5.59653682E-09  7.18186116E+04  1.15632562E+00  0.00000000E+00
  1.14712241E+06  7.57689196E+06  5.59773090E-09  7.18213559E+04  1.15623448E+00  0.00000000E+00
  1.14748314E+06  7.57576375E+06  5.59892445E-09  7.18241002E+04  1.15614351E+00  0.00000000E+00
  1.14784387E+06  7.57463673E+06  5.60011747E-09  7.18268444E+04  1.15605270E+00  0.00000000E+00
  1.14820460E+06  7.57351090E+06  5.60130998E-09  7.18295887E+04  1.15596205E+00  0.00000000E+00
  1.14856533E+06  7.57238625E+06  5.60250196E-09  7.18323330E+04  1.15587156E+00  0.00000000E+00
  1.14892606E+06  7.57126278E+06  5.60369342E-09  7.18350772E+04  1.15578123E+00  0.00000000E+00
  1.14928679E+06  7.57014049E+06  5.60488437E-09  7.18378215E+04  1.15569106E+00  0.00000000E+00
  1.14964752E+06  7.56901937E+06  5.60607479E-09  7.18405658E+04  1.15560105E+00  0.00000000E+00
  1.15000825E+06  7.56789943E+06  5.60726470E-09  7.18433100E+04  1.15551120E+00  0.00000000E+00
  1.15036898E+06  7.56678066E+06  5.60845409E-09  7.18460543E+04  1.15542151E+00  0.00000000E+00
  1.15072971E+06  7.56566306E+06  5.60964297E-09  7.18487986E+04  1.15533198E+00  0.00000000E+00
  1.15109044E+06  7.56454663E+06  5.61083133E-09  7.18515429E+04  1.15524261E+00  0.00000000E+00
  1.15145117E+06  7.56343137E+06  5.61201918E-09  7.18542871E+04  1.15515339E+00  0.00000000E+00
  1.15181191E+06  7.56231726E+06  5.61320652E-09  7.18570314E+04  1.15506433E+00  0.00000000E+00
  1.15217264E+06  7.56120432E+06  5.61439334E-09  7.18597757E+04  1.15497543E+00  0.00000000E+00
  1.15253337E+06  7.56009253E+06  5.61557966E-09  7.18625199E+04  1.15488669E+00  0.00000000E+00
  1.15289410E+06  7.55898190E+06  5.61676546E-09  7.18652642E+04  1.15479810E+00  0.00000000E+00
  1.15325483E+06  7.55787243E+06  5.61795075E-09  7.18680085E+04  1.15470967E+00  0.00000000E+00
  1.15361556E+06  7.55676410E+06  5.61913554E-09  7.18707527E+04  1.15462140E+00  0.00000000E+00
  1.15397629E+06  7.55565693E+06  5.62031982E-09  7.18734970E+04  1.15453328E+00  0.00000000E+00
  1.15433702E+06  7.55455090E+06  5.62150359E-09  7.18762413E+04  1.15444532E+00  0.00000000E+00
  1.15469775E+06  7.55344601E+06  5.62268686E-09  7.18789855E+04  1.15435751E+00  0.00000000E+00
  1.15505848E+06  7.55234227E+06  5.62386963E-09  7.18817298E+04  1.15426986E+00  0.00000000E+00
  1.15541921E+06  7.55123966E+06  5.62505189E-09  7.18844741E+04  1.15418236E+00  0.00000000E+00
  1.15577994E+06  7.55013820E+06  5.62623365E-09  7.18872183E+04  1.15409502E+00  0.00000000E+00
  1.15614067E+06  7.54903787E+06  5.62741490E-09  7.18899626E+04  1.15400783E+00  0.00000000E+00
  1.15650140E+06  7.54793867E+06  5.62859566E-09  7.18927069E+04  1.15392079E+00  0.00000000E+00
  1.15686213E+06  7.54684060E+06  5.62977592E-09  7.18954511E+04  1.15383391E+00  0.00000000E+00
  1.15722286E+06  7.54574367E+06  5.63095568E-09  7.18981954E+04  1.15374718E+00  0.00000000E+00
  1.15758359E+06  7.54464785E+06  5.63213494E-09  7.19009397E+04  1.15366061E+00  0.00000000E+00
  1.15794432E+06  7.54355317E+06  5.63331370E-09  7.19036840E+04  1.15357418E+00  0.00000000E+00
  1.15830505E+06  7.54245960E+06  5.63449197E-09  7.19064282E+04  1.15348791E+00  0.00000000E+00
  1.15866578E+06  7.54136715E+06  5.63566974E-09  7.19091725E+04  1.15340179E+00  0.00000000E+00
  1.15902651E+06  7.54027582E+06  5.63684702E-09  7.19119168E+04  1.15331582E+00  0.00000000E+00
  1.15938724E+06  7.53918561E+06  5.63802381E-09  7.19146610E+04  1.15323000E+00  0.00000000E+00
  1.15974797E+06  7.53809651E+06  5.63920010E-09  7.19174053E+04  1.15314434E+00  0.00000000E+00
  1.16010870E+06  7.53700852E+06  5.64037591E-09  7.19201496E+04  1.15305882E+00  0.00000000E+00
  1.16046943E+06  7.53592163E+06  5.64155122E-09  7.19228938E+04  1.15297346E+00  0.00000000E+00
  1.16083016E+06  7.53483586E+06  5.64272604E-09  7.19256381E+04  1.15288824E+00  0.00000000E+00
  1.16119089E+06  7.53375119E+06  5.64390038E-09  7.19283824E+04  1.15280318E+00  0.00000000E+00
  1.16155162E+06  7.53266762E+06  5.64507422E-09  7.19311266E+04  1.15271826E+00  0.00000000E+00
  1.16191235E+06  7.53158515E+06  5.64624758E-09  7.19338709E+04  1.15263349E+00  0.00000000E+00
  1.16227308E+06  7.53050377E+06  5.64742046E-09  7.19366152E+04  1.15254888E+00  0.00000000E+00
  1.16263381E+06  7.52942350E+06  5.64859285E-09  7.19393594E+04  1.15246441E+00  0.00000000E+00
  1.16299455E+06  7.52834431E+06  5.64976476E-09  7.19421037E+04  1.15238008E+00  0.00000000E+00
  1.16335528E+06  7.52726622E+06  5.65093618E-09  7.19448480E+04  1.15229591E+00  0.00000000E+00
  1.16371601E+06  7.52618921E+06  5.65210712E-09  7.19475923E+04  1.15221189E+00  0.00000000E+00
  1.16407674E+06  7.52511330E+06  5.65327758E-09  7.19503365E+04  1.15212801E+00  0.00000000E+00
  1.16443747E+06  7.52403846E+06  5.65444756E-09  7.19530808E+04  1.15204428E+00  0.00000000E+00
  1.16479820E+06  7.52296471E+06  5.65561706E-09  7.19558251E+04  1.15196069E+00  0.00000000E+00
  1.16515893E+06  7.52189204E+06  5.65678608E-09  7.19585693E+04  1.15187725E+00  0.00000000E+00
  1.16551966E+06  7.52082045E+06  5.65795462E-09  7.19613136E+04  1.15179396E+00  0.00000000E+00
  1.16588039E+06  7.51974993E+06  5.65912269E-09  7.19640579E+04  1.15171081E+00  0.00000000E+00
  1.16624112E+06  7.51868049E+06  5.66029028E-09  7.19668021E+04  1.15162781E+00  0.00000000E+00
  1.16660185E+06  7.51761212E+06  5.66145740E-09  7.19695464E+04  1.15154496E+00  0.00000000E+00
  1.16696258E+06  7.51654482E+06  5.66262404E-09  7.19722907E+04  1.15146225E+00  0.00000000E+00
  1.16732331E+06  7.51547858E+06  5.66379021E-09  7.19750349E+04  1.15137968E+00  0.00000000E+00
  1.16768404E+06  7.51441341E+06  5.66495591E-09  7.19777792E+04  1.15129726E+00  0.00000000E+00
  1.16804477E+06  7.51334931E+06  5.66612113E-09  7.19805235E+04  1.15121498E+00  0.00000000E+00
  1.16840550E+06  7.51228626E+06  5.66728589E-09  7.19832677E+04  1.15113285E+00  0.00000000E+00
  1.16876623E+06  7.51122428E+06  5.66845018E-09  7.19860120E+04  1.15105086E+00  0.00000000E+00
  1.16912696E+06  7.51016335E+06  5.66961400E-09  7.19887563E+04  1.15096901E+00  0.00000000E+00
  1.16948769E+06  7.50910347E+06  5.67077735E-09  7.19915006E+04  1.15088731E+00  0.00000000E+00
  1.16984842E+06  7.50804465E+06  5.67194023E-09  7.19942448E+04  1.15080575E+00  0.00000000E+00
  1.17020915E+06  7.50698688E+06  5.67310265E-09  7.19969891E+04  1.15072433E+00  0.00000000E+00
  1.17056988E+06  7.50593016E+06  5.67426460E-09  7.19997334E+04  1.15064305E+00  0.00000000E+00
  1.17093061E+06  7.50487448E+06  5.67542609E-09  7.20024776E+04  1.15056191E+00  0.00000000E+00
  1.17129134E+06  7.50381985E+06  5.67658711E-09  7.20052219E+04  1.15048092E+00  0.00000000E+00
  1.17165207E+06  7.50276626E+06  5.67774768E-09  7.20079662E+04  1.15040007E+00  0.00000000E+00
  1.17201280E+06  7.50171371E+06  5.67890778E-09  7.20107104E+04  1.15031936E+00  0.00000000E+00
  1.17237353E+06  7.50066220E+06  5.68006742E-09  7.20134547E+04  1.15023879E+00  0.00000000E+00
  1.17273426E+06  7.49961172E+06  5.68122660E-09  7.20161990E+04  1.15015835E+00  0.00000000E+00
  1.17309499E+06  7.49856228E+06  5.68238532E-09  7.20189432E+04  1.15007806E+00  0.00000000E+00
  1.17345572E+06  7.49751387E+06  5.68354359E-09  7.20216875E+04  1.14999791E+00  0.00000000E+00
  1.17381645E+06  7.49646649E+06  5.68470139E-09  7.20244318E+04  1.14991790E+00  0.00000000E+00
  1.17417718E+06  7.49542014E+06  5.68585875E-09  7.20271760E+04  1.14983803E+00  0.00000000E+00
  1.17453792E+06  7.49437481E+06  5.68701564E-09  7.20299203E+04  1.14975830E+00  0.00000000E+00
  1.17489865E+06  7.49333051E+06  5.68817209E-09  7.20326646E+04  1.14967870E+00  0.00000000E+00
  1.17525938E+06  7.49228723E+06  5.68932807E-09  7.20354088E+04  1.14959925E+00  0.00000000E+00
  1.17562011E+06  7.49124497E+06  5.69048361E-09  7.20381531E+04  1.14951993E+00  0.00000000E+00
  1.17598084E+06  7.49020373E+06  5.69163869E-09  7.20408974E+04  1.14944075E+00  0.00000000E+00
  1.17634157E+06  7.48916350E+06  5.69279333E-09  7.20436417E+04  1.14936170E+00  0.00000000E+00
  1.17670230E+06  7.48812429E+06  5.69394751E-09  7.20463859E+04  1.14928280E+00  0.00000000E+00
  1.17706303E+06  7.48708608E+06  5.69510125E-09  7.20491302E+04  1.14920403E+00  0.00000000E+00
  1.17742376E+06  7.48604889E+06  5.69625453E-09  7.20518745E+04  1.14912540E+00  0.00000000E+00
  1.17778449E+06  7.48501271E+06  5.69740737E-09  7.20546187E+04  1.14904690E+00  0.00000000E+00
  1.17814522E+06  7.48397753E+06  5.69855976E-09  7.20573630E+04  1.14896854E+00  0.00000000E+00
  1.17850595E+06  7.48294335E+06  5.69971171E-09  7.20601073E+04  1.14889032E+00  0.00000000E+00
  1.17886668E+06  7.48191018E+06  5.70086321E-09  7.20628515E+04  1.14881223E+00  0.00000000E+00
  1.17922741E+06  7.48087800E+06  5.70201427E-09  7.20655958E+04  1.14873428E+00  0.00000000E+00
  1.17958814E+06  7.47984682E+06  5.70316489E-09  7.20683401E+04  1.14865646E+00  0.00000000E+00
  1.17994887E+06  7.47881664E+06  5.70431506E-09  7.20710843E+04  1.14857878E+00  0.00000000E+00
  1.18030960E+06  7.47778745E+06  5.70546479E-09  7.20738286E+04  1.14850123E+00  0.00000000E+00
  1.18067033E+06  7.47675926E+06  5.70661408E-09  7.20765729E+04  1.14842382E+00  0.00000000E+00
  1.18103106E+06  7.47573205E+06  5.70776293E-09  7.20793171E+04  1.14834654E+00  0.00000000E+00
  1.18139179E+06  7.47470583E+06  5.70891135E-09  7.20820614E+04  1.14826939E+00  0.00000000E+00
  1.18175252E+06  7.47368060E+06  5.71005932E-09  7.20848057E+04  1.14819238E+00  0.00000000E+00
  1.18211325E+06  7.47265635E+06  5.71120686E-09  7.20875500E+04  1.14811550E+00  0.00000000E+00
  1.18247398E+06  7.47163308E+06  5.71235396E-09  7.20902942E+04  1.14803875E+00  0.00000000E+00
  1.18283471E+06  7.47061080E+06  5.71350063E-09  7.20930385E+04  1.14796214E+00  0.00000000E+00
  1.18319544E+06  7.46958949E+06  5.71464686E-09  7.20957828E+04  1.14788565E+00  0.00000000E+00
  1.18355617E+06  7.46856915E+06  5.71579266E-09  7.20985270E+04  1.14780930E+00  0.00000000E+00
  1.18391690E+06  7.46754980E+06  5.71693803E-09  7.21012713E+04  1.14773309E+00  0.00000000E+00
  1.18427763E+06  7.46653141E+06  5.71808297E-09  7.21040156E+04  1.14765700E+00  0.00000000E+00
  1.18463836E+06  7.46551399E+06  5.71922747E-09  7.21067598E+04  1.14758104E+00  0.00000000E+00
  1.18499909E+06  7.46449754E+06  5.72037154E-09  7.21095041E+04  1.14750522E+00  0.00000000E+00
  1.18535982E+06  7.46348206E+06  5.72151519E-09  7.21122484E+04  1.14742953E+00  0.00000000E+00
  1.18572056E+06  7.46246754E+06  5.72265841E-09  7.21149926E+04  1.14735396E+00  0.00000000E+00
  1.18608129E+06  7.46145399E+06  5.72380119E-09  7.21177369E+04  1.14727853E+00  0.00000000E+00
  1.18644202E+06  7.46044140E+06  5.72494356E-09  7.21204812E+04  1.14720323E+00  0.00000000E+00
  1.18680275E+06  7.45942976E+06  5.72608549E-09  7.21232254E+04  1.14712805E+00  0.00000000E+00
  1.18716348E+06  7.45841908E+06  5.72722700E-09  7.21259697E+04  1.14705301E+00  0.00000000E+00
  1.18752421E+06  7.45740936E+06  5.72836809E-09  7.21287140E+04  1.14697809E+00  0.00000000E+00
  1.18788494E+06  7.45640059E+06  5.72950876E-09  7.21314582E+04  1.14690331E+00  0.00000000E+00
  1.18824567E+06  7.45539277E+06  5.73064900E-09  7.21342025E+04  1.14682865E+00  0.00000000E+00
  1.18860640E+06  7.45438590E+06  5.73178882E-09  7.21369468E+04  1.14675412E+00  0.00000000E+00
  1.18896713E+06  7.45337997E+06  5.73292822E-09  7.21396911E+04  1.14667972E+00  0.00000000E+00
  1.18932786E+06  7.45237500E+06  5.73406720E-09  7.21424353E+04  1.14660545E+00  0.00000000E+00
  1.18968859E+06  7.45137096E+06  5.73520576E-09  7.21451796E+04  1.14653130E+00  0.00000000E+00
  1.19004932E+06  7.45036787E+06  5.73634390E-09  7.21479239E+04  1.14645728E+00  0.00000000E+00
  1.19041005E+06  7.44936572E+06  5.73748162E-09  7.21506681E+04  1.14638339E+00  0.00000000E+00
  1.19077078E+06  7.44836450E+06  5.73861893E-09  7.21534124E+04  1.14630963E+00  0.00000000E+00
  1.19113151E+06  7.44736423E+06  5.73975583E-09  7.21561567E+04  1.14623599E+00  0.00000000E+00
  1.19149224E+06  7.44636488E+06  5.74089230E-09  7.21589009E+04  1.14616248E+00  0.00000000E+00
  1.19185297E+06  7.44536647E+06  5.74202837E-09  7.21616452E+04  1.14608909E+00  0.00000000E+00
  1.19221370E+06  7.44436899E+06  5.74316402E-09  7.21643895E+04  1.14601583E+00  0.00000000E+00
  1.19257443E+06  7.44337244E+06  5.74429926E-09  7.21671337E+04  1.14594270E+00  0.00000000E+00
  1.19293516E+06  7.44237681E+06  5.74543408E-09  7.21698780E+04  1.14586969E+00  0.00000000E+00
  1.19329589E+06  7.44138211E+06  5.74656850E-09  7.21726223E+04  1.14579680E+00  0.00000000E+00
  1.19365662E+06  7.44038833E+06  5.74770251E-09  7.21753665E+04  1.14572404E+00  0.00000000E+00
  1.19401735E+06  7.43939548E+06  5.74883610E-09  7.21781108E+04  1.14565141E+00  0.00000000E+00
  1.19437808E+06  7.43840354E+06  5.74996929E-09  7.21808551E+04  1.14557890E+00  0.00000000E+00
  1.19473881E+06  7.43741252E+06  5.75110207E-09  7.21835994E+04  1.14550651E+00  0.00000000E+00
  1.19509954E+06  7.43642242E+06  5.75223445E-09  7.21863436E+04  1.14543425E+00  0.00000000E+00
  1.19546027E+06  7.43543323E+06  5.75336642E-09  7.21890879E+04  1.14536211E+00  0.00000000E+00
  1.19582100E+06  7.43444496E+06  5.75449798E-09  7.21918322E+04  1.14529009E+00  0.00000000E+00
  1.19618173E+06  7.43345759E+06  5.75562914E-09  7.21945764E+04  1.14521820E+00  0.00000000E+00
  1.19654246E+06  7.43247113E+06  5.75675990E-09  7.21973207E+04  1.14514643E+00  0.00000000E+00
  1.19690320E+06  7.43148558E+06  5.75789025E-09  7.22000650E+04  1.14507478E+00  0.00000000E+00
  1.19726393E+06  7.43050094E+06  5.75902021E-09  7.22028092E+04  1.14500325E+00  0.00000000E+00
  1.19762466E+06  7.42951720E+06  5.76014976E-09  7.22055535E+04  1.14493185E+00  0.00000000E+00
  1.19798539E+06  7.42853436E+06  5.76127891E-09  7.22082978E+04  1.14486057E+00  0.00000000E+00
  1.19834612E+06  7.42755242E+06  5.76240767E-09  7.22110420E+04  1.14478941E+00  0.00000000E+00
  1.19870685E+06  7.42657137E+06  5.76353602E-09  7.22137863E+04  1.14471837E+00  0.00000000E+00
  1.19906758E+06  7.42559122E+06  5.76466398E-09  7.22165306E+04  1.14464745E+00  0.00000000E+00
  1.19942831E+06  7.42461197E+06  5.76579154E-09  7.22192748E+04  1.14457665E+00  0.00000000E+00
  1.19978904E+06  7.42363361E+06  5.76691871E-09  7.22220191E+04  1.14450597E+00  0.00000000E+00
  1.20014977E+06  7.42265614E+06  5.76804548E-09  7.22247634E+04  1.14443542E+00  0.00000000E+00
  1.20051050E+06  7.42167956E+06  5.76917185E-09  7.22275077E+04  1.14436498E+00  0.00000000E+00
  1.20087123E+06  7.42070387E+06  5.77029783E-09  7.22302519E+04  1.14429466E+00  0.00000000E+00
  1.20123196E+06  7.41972906E+06  5.77142342E-09  7.22329962E+04  1.14422446E+00  0.00000000E+00
  1.20159269E+06  7.41875514E+06  5.77254862E-09  7.22357405E+04  1.14415439E+00  0.00000000E+00
  1.20195342E+06  7.41778209E+06  5.77367343E-09  7.22384847E+04  1.14408443E+00  0.00000000E+00
  1.20231415E+06  7.41680993E+06  5.77479784E-09  7.22412290E+04  1.14401458E+00  0.00000000E+00
  1.20267488E+06  7.41583865E+06  5.77592187E-09  7.22439733E+04  1.14394486E+00  0.00000000E+00
  1.20303561E+06  7.41486824E+06  5.77704551E-09  7.22467175E+04  1.14387526E+00  0.00000000E+00
  1.20339634E+06  7.41389871E+06  5.77816876E-09  7.22494618E+04  1.14380577E+00  0.00000000E+00
  1.20375707E+06  7.41293005E+06  5.77929163E-09  7.22522061E+04  1.14373640E+00  0.00000000E+00
  1.20411780E+06  7.41196226E+06  5.78041410E-09  7.22549503E+04  1.14366715E+00  0.00000000E+00
  1.20447853E+06  7.41099535E+06  5.78153620E-09  7.22576946E+04  1.14359802E+00  0.00000000E+00
  1.20483926E+06  7.41002930E+06  5.78265791E-09  7.22604389E+04  1.14352900E+00  0.00000000E+00
  1.20519999E+06  7.40906411E+06  5.78377923E-09  7.22631831E+04  1.14346010E+00  0.00000000E+00
  1.20556072E+06  7.40809979E+06  5.78490017E-09  7.22659274E+04  1.14339132E+00  0.00000000E+00
  1.20592145E+06  7.40713634E+06  5.78602073E-09  7.22686717E+04  1.14332266E+00  0.00000000E+00
  1.20628218E+06  7.40617374E+06  5.78714091E-09  7.22714159E+04  1.14325411E+00  0.00000000E+00
  1.20664291E+06  7.40521201E+06  5.78826071E-09  7.22741602E+04  1.14318567E+00  0.00000000E+00
  1.20700364E+06  7.40425113E+06  5.78938012E-09  7.22769045E+04  1.14311735E+00  0.00000000E+00
  1.20736437E+06  7.40329111E+06  5.79049916E-09  7.22796488E+04  1.14304915E+00  0.00000000E+00
  1.20772510E+06  7.40233194E+06  5.79161782E-09  7.22823930E+04  1.14298106E+00  0.00000000E+00
  1.20808583E+06  7.40137363E+06  5.79273611E-09  7.22851373E+04  1.14291309E+00  0.00000000E+00
  1.20844657E+06  7.40041616E+06  5.79385401E-09  7.22878816E+04  1.14284523E+00  0.00000000E+00
  1.20880730E+06  7.39945955E+06  5.79497154E-09  7.22906258E+04  1.14277748E+00  0.00000000E+00
  1.20916803E+06  7.39850378E+06  5.79608870E-09  7.22933701E+04  1.14270985E+00  0.00000000E+00
  1.20952876E+06  7.39754886E+06  5.79720548E-09  7.22961144E+04  1.14264234E+00  0.00000000E+00
  1.20988949E+06  7.39659478E+06  5.79832189E-09  7.22988586E+04  1.14257494E+00  0.00000000E+00
  1.21025022E+06  7.39564155E+06  5.79943792E-09  7.23016029E+04  1.14250765E+00  0.00000000E+00
  1.21061095E+06  7.39468916E+06  5.80055359E-09  7.23043472E+04  1.14244047E+00  0.00000000E+00
  1.21097168E+06  7.39373760E+06  5.80166888E-09  7.23070914E+04  1.14237341E+00  0.00000000E+00
  1.21133241E+06  7.39278688E+06  5.80278380E-09  7.23098357E+04  1.14230646E+00  0.00000000E+00
  1.21169314E+06  7.39183700E+06  5.80389835E-09  7.23125800E+04  1.14223962E+00  0.00000000E+00
  1.21205387E+06  7.39088796E+06  5.80501254E-09  7.23153242E+04  1.14217290E+00  0.00000000E+00
  1.21241460E+06  7.38993974E+06  5.80612636E-09  7.23180685E+04  1.14210629E+00  0.00000000E+00
  1.21277533E+06  7.38899236E+06  5.80723980E-09  7.23208128E+04  1.14203979E+00  0.00000000E+00
  1.21313606E+06  7.38804580E+06  5.80835289E-09  7.23235571E+04  1.14197340E+00  0.00000000E+00
  1.21349679E+06  7.38710008E+06  5.80946560E-09  7.23263013E+04  1.14190712E+00  0.00000000E+00
  1.21385752E+06  7.38615518E+06  5.81057796E-09  7.23290456E+04  1.14184096E+00  0.00000000E+00
  1.21421825E+06  7.38521110E+06  5.81168994E-09  7.23317899E+04  1.14177490E+00  0.00000000E+00
  1.21457898E+06  7.38426785E+06  5.81280157E-09  7.23345341E+04  1.14170896E+00  0.00000000E+00
  1.21493971E+06  7.38332541E+06  5.81391283E-09  7.23372784E+04  1.14164312E+00  0.00000000E+00
  1.21530044E+06  7.38238380E+06  5.81502373E-09  7.23400227E+04  1.14157740E+00  0.00000000E+00
  1.21566117E+06  7.38144301E+06  5.81613427E-09  7.23427669E+04  1.14151179E+00  0.00000000E+00
  1.21602190E+06  7.38050303E+06  5.81724445E-09  7.23455112E+04  1.14144628E+00  0.00000000E+00
  1.21638263E+06  7.37956386E+06  5.81835427E-09  7.23482555E+04  1.14138089E+00  0.00000000E+00
  1.21674336E+06  7.37862551E+06  5.81946374E-09  7.23509997E+04  1.14131561E+00  0.00000000E+00
  1.21710409E+06  7.37768797E+06  5.82057284E-09  7.23537440E+04  1.14125043E+00  0.00000000E+00
  1.21746482E+06  7.37675124E+06  5.82168159E-09  7.23564883E+04  1.14118537E+00  0.00000000E+00
  1.21782555E+06  7.37581531E+06  5.82278998E-09  7.23592325E+04  1.14112041E+00  0.00000000E+00
  1.21818628E+06  7.37488020E+06  5.82389801E-09  7.23619768E+04  1.14105556E+00  0.00000000E+00
  1.21854701E+06  7.37394589E+06  5.82500569E-09  7.23647211E+04  1.14099082E+00  0.00000000E+00
  1.21890774E+06  7.37301238E+06  5.82611302E-09  7.23674653E+04  1.14092619E+00  0.00000000E+00
  1.21926847E+06  7.37207967E+06  5.82721999E-09  7.23702096E+04  1.14086166E+00  0.00000000E+00
  1.21962921E+06  7.37114776E+06  5.82832661E-09  7.23729539E+04  1.14079724E+00  0.00000000E+00
  1.21998994E+06  7.37021666E+06  5.82943288E-09  7.23756982E+04  1.14073293E+00  0.00000000E+00
  1.22035067E+06  7.36928634E+06  5.83053880E-09  7.23784424E+04  1.14066873E+00  0.00000000E+00
  1.22071140E+06  7.36835683E+06  5.83164437E-09  7.23811867E+04  1.14060464E+00  0.00000000E+00
  1.22107213E+06  7.36742811E+06  5.83274959E-09  7.23839310E+04  1.14054065E+00  0.00000000E+00
  1.22143286E+06  7.36650017E+06  5.83385446E-09  7.23866752E+04  1.14047677E+00  0.00000000E+00
  1.22179359E+06  7.36557304E+06  5.83495898E-09  7.23894195E+04  1.14041299E+00  0.00000000E+00
  1.22215432E+06  7.36464668E+06  5.83606315E-09  7.23921638E+04  1.14034932E+00  0.00000000E+00
  1.22251505E+06  7.36372112E+06  5.83716698E-09  7.23949080E+04  1.14028576E+00  0.00000000E+00
  1.22287578E+06  7.36279634E+06  5.83827046E-09  7.23976523E+04  1.14022230E+00  0.00000000E+00
  1.22323651E+06  7.36187235E+06  5.83937360E-09  7.24003966E+04  1.14015894E+00  0.00000000E+00
  1.22359724E+06  7.36094914E+06  5.84047640E-09  7.24031408E+04  1.14009570E+00  0.00000000E+00
  1.22395797E+06  7.36002671E+06  5.84157885E-09  7.24058851E+04  1.14003255E+00  0.00000000E+00
  1.22431870E+06  7.35910506E+06  5.84268095E-09  7.24086294E+04  1.13996952E+00  0.00000000E+00
  1.22467943E+06  7.35818419E+06  5.84378272E-09  7.24113736E+04  1.13990658E+00  0.00000000E+00
  1.22504016E+06  7.35726410E+06  5.84488415E-09  7.24141179E+04  1.13984375E+00  0.00000000E+00
  1.22540089E+06  7.35634478E+06  5.84598523E-09  7.24168622E+04  1.13978103E+00  0.00000000E+00
  1.22576162E+06  7.35542623E+06  5.84708597E-09  7.24196065E+04  1.13971841E+00  0.00000000E+00
  1.22612235E+06  7.35450846E+06  5.84818638E-09  7.24223507E+04  1.13965589E+00  0.00000000E+00
  1.22648308E+06  7.35359145E+06  5.84928645E-09  7.24250950E+04  1.13959348E+00  0.00000000E+00
  1.22684381E+06  7.35267522E+06  5.85038618E-09  7.24278393E+04  1.13953117E+00  0.00000000E+00
  1.22720454E+06  7.35175975E+06  5.85148557E-09  7.24305835E+04  1.13946896E+00  0.00000000E+00
  1.22756527E+06  7.35084505E+06  5.85258463E-09  7.24333278E+04  1.13940685E+00  0.00000000E+00
  1.22792600E+06  7.34993111E+06  5.85368335E-09  7.24360721E+04  1.13934485E+00  0.00000000E+00
  1.22828673E+06  7.34901794E+06  5.85478174E-09  7.24388163E+04  1.13928295E+00  0.00000000E+00
  1.22864746E+06  7.34810552E+06  5.85587979E-09  7.24415606E+04  1.13922116E+00  0.00000000E+00
  1.22900819E+06  7.34719387E+06  5.85697752E-09  7.24443049E+04  1.13915946E+00  0.00000000E+00
  1.22936892E+06  7.34628297E+06  5.85807491E-09  7.24470491E+04  1.13909787E+00  0.00000000E+00
  1.22972965E+06  7.34537283E+06  5.85917196E-09  7.24497934E+04  1.13903638E+00  0.00000000E+00
  1.23009038E+06  7.34446345E+06  5.86026869E-09  7.24525377E+04  1.13897498E+00  0.00000000E+00
  1.23045111E+06  7.34355482E+06  5.86136509E-09  7.24552819E+04  1.13891370E+00  0.00000000E+00
  1.23081184E+06  7.34264694E+06  5.86246116E-09  7.24580262E+04  1.13885251E+00  0.00000000E+00
  1.23117258E+06  7.34173982E+06  5.86355690E-09  7.24607705E+04  1.13879142E+00  0.00000000E+00
  1.23153331E+06  7.34083344E+06  5.86465231E-09  7.24635148E+04  1.13873043E+00  0.00000000E+00
  1.23189404E+06  7.33992781E+06  5.86574739E-09  7.24662590E+04  1.13866955E+00  0.00000000E+00
  1.23225477E+06  7.33902293E+06  5.86684215E-09  7.24690033E+04  1.13860876E+00  0.00000000E+00
  1.23261550E+06  7.33811879E+06  5.86793658E-09  7.24717476E+04  1.13854807E+00  0.00000000E+00
  1.23297623E+06  7.33721539E+06  5.86903069E-09  7.24744918E+04  1.13848748E+00  0.00000000E+00
  1.23333696E+06  7.33631274E+06  5.87012447E-09  7.24772361E+04  1.13842700E+00  0.00000000E+00
  1.23369769E+06  7.33541083E+06  5.87121794E-09  7.24799804E+04  1.13836661E+00  0.00000000E+00
  1.23405842E+06  7.33450965E+06  5.87231107E-09  7.24827246E+04  1.13830632E+00  0.00000000E+00
  1.23441915E+06  7.33360922E+06  5.87340389E-09  7.24854689E+04  1.13824613E+00  0.00000000E+00
  1.23477988E+06  7.33270951E+06  5.87449638E-09  7.24882132E+04  1.13818604E+00  0.00000000E+00
  1.23514061E+06  7.33181055E+06  5.87558856E-09  7.24909574E+04  1.13812604E+00  0.00000000E+00
  1.23550134E+06  7.33091232E+06  5.87668041E-09  7.24937017E+04  1.13806615E+00  0.00000000E+00
  1.23586207E+06  7.33001481E+06  5.87777195E-09  7.24964460E+04  1.13800635E+00  0.00000000E+00
  1.23622280E+06  7.32911804E+06  5.87886316E-09  7.24991902E+04  1.13794665E+00  0.00000000E+00
  1.23658353E+06  7.32822200E+06  5.87995406E-09  7.25019345E+04  1.13788705E+00  0.00000000E+00
  1.23694426E+06  7.32732668E+06  5.88104464E-09  7.25046788E+04  1.13782755E+00  0.00000000E+00
  1.23730499E+06  7.32643209E+06  5.88213491E-09  7.25074230E+04  1.13776814E+00  0.00000000E+00
  1.23766572E+06  7.32553823E+06  5.88322486E-09  7.25101673E+04  1.13770883E+00  0.00000000E+00
  1.23802645E+06  7.32464509E+06  5.88431450E-09  7.25129116E+04  1.13764962E+00  0.00000000E+00
  1.23838718E+06  7.32375267E+06  5.88540382E-09  7.25156559E+04  1.13759050E+00  0.00000000E+00
  1.23874791E+06  7.32286097E+06  5.88649283E-09  7.25184001E+04  1.13753148E+00  0.00000000E+00
  1.23910864E+06  7.32196998E+06  5.88758152E-09  7.25211444E+04  1.13747256E+00  0.00000000E+00
  1.23946937E+06  7.32107972E+06  5.88866991E-09  7.25238887E+04  1.13741373E+00  0.00000000E+00
  1.23983010E+06  7.32019017E+06  5.88975798E-09  7.25266329E+04  1.13735500E+00  0.00000000E+00
  1.24019083E+06  7.31930133E+06  5.89084574E-09  7.25293772E+04  1.13729637E+00  0.00000000E+00
  1.24055156E+06  7.31841321E+06  5.89193320E-09  7.25321215E+04  1.13723782E+00  0.00000000E+00
  1.24091229E+06  7.31752580E+06  5.89302034E-09  7.25348657E+04  1.13717938E+00  0.00000000E+00
  1.24127302E+06  7.31663910E+06  5.89410718E-09  7.25376100E+04  1.13712103E+00  0.00000000E+00
  1.24163375E+06  7.31575311E+06  5.89519370E-09  7.25403543E+04  1.13706277E+00  0.00000000E+00
  1.24199448E+06  7.31486782E+06  5.89627992E-09  7.25430985E+04  1.13700461E+00  0.00000000E+00
  1.24235522E+06  7.31398325E+06  5.89736584E-09  7.25458428E+04  1.13694655E+00  0.00000000E+00
  1.24271595E+06  7.31309937E+06  5.89845145E-09  7.25485871E+04  1.13688858E+00  0.00000000E+00
  1.24307668E+06  7.31221620E+06  5.89953675E-09  7.25513313E+04  1.13683070E+00  0.00000000E+00
  1.24343741E+06  7.31133373E+06  5.90062175E-09  7.25540756E+04  1.13677291E+00  0.00000000E+00
  1.24379814E+06  7.31045196E+06  5.90170645E-09  7.25568199E+04  1.13671522E+00  0.00000000E+00
  1.24415887E+06  7.30957089E+06  5.90279084E-09  7.25595642E+04  1.13665763E+00  0.00000000E+00
  1.24451960E+06  7.30869052E+06  5.90387494E-09  7.25623084E+04  1.13660012E+00  0.00000000E+00
  1.24488033E+06  7.30781084E+06  5.90495873E-09  7.25650527E+04  1.13654271E+00  0.00000000E+00
  1.24524106E+06  7.30693186E+06  5.90604222E-09  7.25677970E+04  1.13648540E+00  0.00000000E+00
  1.24560179E+06  7.30605357E+06  5.90712541E-09  7.25705412E+04  1.13642817E+00  0.00000000E+00
  1.24596252E+06  7.30517598E+06  5.90820830E-09  7.25732855E+04  1.13637104E+00  0.00000000E+00
  1.24632325E+06  7.30429907E+06  5.90929089E-09  7.25760298E+04  1.13631400E+00  0.00000000E+00
  1.24668398E+06  7.30342285E+06  5.91037319E-09  7.25787740E+04  1.13625705E+00  0.00000000E+00
  1.24704471E+06  7.30254733E+06  5.91145518E-09  7.25815183E+04  1.13620019E+00  0.00000000E+00
  1.24740544E+06  7.30167248E+06  5.91253689E-09  7.25842626E+04  1.13614343E+00  0.00000000E+00
  1.24776617E+06  7.30079833E+06  5.91361829E-09  7.25870068E+04  1.13608676E+00  0.00000000E+00
  1.24812690E+06  7.29992485E+06  5.91469940E-09  7.25897511E+04  1.13603018E+00  0.00000000E+00
  1.24848763E+06  7.29905206E+06  5.91578022E-09  7.25924954E+04  1.13597369E+00  0.00000000E+00
  1.24884836E+06  7.29817995E+06  5.91686074E-09  7.25952396E+04  1.13591729E+00  0.00000000E+00
  1.24920909E+06  7.29730852E+06  5.91794097E-09  7.25979839E+04  1.13586098E+00  0.00000000E+00
  1.24956982E+06  7.29643777E+06  5.91902091E-09  7.26007282E+04  1.13580476E+00  0.00000000E+00
  1.24993055E+06  7.29556770E+06  5.92010055E-09  7.26034725E+04  1.13574863E+00  0.00000000E+00
  1.25029128E+06  7.29469830E+06  5.92117991E-09  7.26062167E+04  1.13569260E+00  0.00000000E+00
  1.25065201E+06  7.29382957E+06  5.92225897E-09  7.26089610E+04  1.13563665E+00  0.00000000E+00
  1.25101274E+06  7.29296152E+06  5.92333775E-09  7.26117053E+04  1.13558079E+00  0.00000000E+00
  1.25137347E+06  7.29209414E+06  5.92441624E-09  7.26144495E+04  1.13552503E+00  0.00000000E+00
  1.25173420E+06  7.29122743E+06  5.92549443E-09  7.26171938E+04  1.13546935E+00  0.00000000E+00
  1.25209493E+06  7.29036139E+06  5.92657234E-09  7.26199381E+04  1.13541376E+00  0.00000000E+00
  1.25245566E+06  7.28949602E+06  5.92764997E-09  7.26226823E+04  1.13535826E+00  0.00000000E+00
  1.25281639E+06  7.28863131E+06  5.92872731E-09  7.26254266E+04  1.13530285E+00  0.00000000E+00
  1.25317712E+06  7.28776727E+06  5.92980436E-09  7.26281709E+04  1.13524753E+00  0.00000000E+00
  1.25353785E+06  7.28690389E+06  5.93088113E-09  7.26309151E+04  1.13519229E+00  0.00000000E+00
  1.25389859E+06  7.28604117E+06  5.93195761E-09  7.26336594E+04  1.13513715E+00  0.00000000E+00
  1.25425932E+06  7.28517912E+06  5.93303381E-09  7.26364037E+04  1.13508209E+00  0.00000000E+00
  1.25462005E+06  7.28431772E+06  5.93410973E-09  7.26391479E+04  1.13502712E+00  0.00000000E+00
  1.25498078E+06  7.28345699E+06  5.93518536E-09  7.26418922E+04  1.13497224E+00  0.00000000E+00
  1.25534151E+06  7.28259691E+06  5.93626072E-09  7.26446365E+04  1.13491745E+00  0.00000000E+00
  1.25570224E+06  7.28173749E+06  5.93733579E-09  7.26473807E+04  1.13486274E+00  0.00000000E+00
  1.25606297E+06  7.28087872E+06  5.93841058E-09  7.26501250E+04  1.13480812E+00  0.00000000E+00
  1.25642370E+06  7.28002060E+06  5.93948510E-09  7.26528693E+04  1.13475359E+00  0.00000000E+00
  1.25678443E+06  7.27916314E+06  5.94055933E-09  7.26556136E+04  1.13469915E+00  0.00000000E+00
  1.25714516E+06  7.27830632E+06  5.94163329E-09  7.26583578E+04  1.13464479E+00  0.00000000E+00
  1.25750589E+06  7.27745016E+06  5.94270697E-09  7.26611021E+04  1.13459052E+00  0.00000000E+00
  1.25786662E+06  7.27659464E+06  5.94378037E-09  7.26638464E+04  1.13453633E+00  0.00000000E+00
  1.25822735E+06  7.27573977E+06  5.94485350E-09  7.26665906E+04  1.13448223E+00  0.00000000E+00
  1.25858808E+06  7.27488555E+06  5.94592635E-09  7.26693349E+04  1.13442822E+00  0.00000000E+00
  1.25894881E+06  7.27403197E+06  5.94699893E-09  7.26720792E+04  1.13437429E+00  0.00000000E+00
  1.25930954E+06  7.27317903E+06  5.94807123E-09  7.26748234E+04  1.13432045E+00  0.00000000E+00
  1.25967027E+06  7.27232674E+06  5.94914326E-09  7.26775677E+04  1.13426670E+00  0.00000000E+00
  1.26003100E+06  7.27147508E+06  5.95021502E-09  7.26803120E+04  1.13421302E+00  0.00000000E+00
  1.26039173E+06  7.27062407E+06  5.95128650E-09  7.26830562E+04  1.13415944E+00  0.00000000E+00
  1.26075246E+06  7.26977369E+06  5.95235772E-09  7.26858005E+04  1.13410594E+00  0.00000000E+00
  1.26111319E+06  7.26892395E+06  5.95342866E-09  7.26885448E+04  1.13405252E+00  0.00000000E+00
  1.26147392E+06  7.26807484E+06  5.95449933E-09  7.26912890E+04  1.13399919E+00  0.00000000E+00
  1.26183465E+06  7.26722637E+06  5.95556974E-09  7.26940333E+04  1.13394594E+00  0.00000000E+00
  1.26219538E+06  7.26637853E+06  5.95663987E-09  7.26967776E+04  1.13389278E+00  0.00000000E+00
  1.26255611E+06  7.26553133E+06  5.95770974E-09  7.26995219E+04  1.13383970E+00  0.00000000E+00
  1.26291684E+06  7.26468475E+06  5.95877934E-09  7.27022661E+04  1.13378671E+00  0.00000000E+00
  1.26327757E+06  7.26383880E+06  5.95984867E-09  7.27050104E+04  1.13373379E+00  0.00000000E+00
  1.26363830E+06  7.26299348E+06  5.96091774E-09  7.27077547E+04  1.13368097E+00  0.00000000E+00
  1.26399903E+06  7.26214878E+06  5.96198654E-09  7.27104989E+04  1.13362822E+00  0.00000000E+00
  1.26435976E+06  7.26130472E+06  5.96305507E-09  7.27132432E+04  1.13357556E+00  0.00000000E+00
  1.26472049E+06  7.26046127E+06  5.96412335E-09  7.27159875E+04  1.13352298E+00  0.00000000E+00
  1.26508123E+06  7.25961845E+06  5.96519135E-09  7.27187317E+04  1.13347049E+00  0.00000000E+00
  1.26544196E+06  7.25877625E+06  5.96625910E-09  7.27214760E+04  1.13341807E+00  0.00000000E+00
  1.26580269E+06  7.25793467E+06  5.96732658E-09  7.27242203E+04  1.13336574E+00  0.00000000E+00
  1.26616342E+06  7.25709371E+06  5.96839380E-09  7.27269645E+04  1.13331349E+00  0.00000000E+00
  1.26652415E+06  7.25625336E+06  5.96946077E-09  7.27297088E+04  1.13326133E+00  0.00000000E+00
  1.26688488E+06  7.25541364E+06  5.97052747E-09  7.27324531E+04  1.13320924E+00  0.00000000E+00
  1.26724561E+06  7.25457453E+06  5.97159391E-09  7.27351973E+04  1.13315724E+00  0.00000000E+00
  1.26760634E+06  7.25373603E+06  5.97266009E-09  7.27379416E+04  1.13310532E+00  0.00000000E+00
  1.26796707E+06  7.25289814E+06  5.97372601E-09  7.27406859E+04  1.13305348E+00  0.00000000E+00
  1.26832780E+06  7.25206087E+06  5.97479168E-09  7.27434301E+04  1.13300172E+00  0.00000000E+00
  1.26868853E+06  7.25122421E+06  5.97585709E-09  7.27461744E+04  1.13295004E+00  0.00000000E+00
  1.26904926E+06  7.25038816E+06  5.97692224E-09  7.27489187E+04  1.13289845E+00  0.00000000E+00
  1.26940999E+06  7.24955271E+06  5.97798714E-09  7.27516630E+04  1.13284693E+00  0.00000000E+00
  1.26977072E+06  7.24871788E+06  5.97905178E-09  7.27544072E+04  1.13279549E+00  0.00000000E+00
  1.27013145E+06  7.24788364E+06  5.98011617E-09  7.27571515E+04  1.13274414E+00  0.00000000E+00
  1.27049218E+06  7.24705002E+06  5.98118030E-09  7.27598958E+04  1.13269287E+00  0.00000000E+00
  1.27085291E+06  7.24621699E+06  5.98224418E-09  7.27626400E+04  1.13264167E+00  0.00000000E+00
  1.27121364E+06  7.24538457E+06  5.98330781E-09  7.27653843E+04  1.13259056E+00  0.00000000E+00
  1.27157437E+06  7.24455275E+06  5.98437118E-09  7.27681286E+04  1.13253952E+00  0.00000000E+00
  1.27193510E+06  7.24372153E+06  5.98543431E-09  7.27708728E+04  1.13248857E+00  0.00000000E+00
  1.27229583E+06  7.24289090E+06  5.98649718E-09  7.27736171E+04  1.13243769E+00  0.00000000E+00
  1.27265656E+06  7.24206088E+06  5.98755981E-09  7.27763614E+04  1.13238689E+00  0.00000000E+00
  1.27301729E+06  7.24123145E+06  5.98862218E-09  7.27791056E+04  1.13233617E+00  0.00000000E+00
  1.27337802E+06  7.24040261E+06  5.98968431E-09  7.27818499E+04  1.13228554E+00  0.00000000E+00
  1.27373875E+06  7.23957437E+06  5.99074618E-09  7.27845942E+04  1.13223497E+00  0.00000000E+00
  1.27409948E+06  7.23874672E+06  5.99180781E-09  7.27873384E+04  1.13218449E+00  0.00000000E+00
  1.27446021E+06  7.23791967E+06  5.99286920E-09  7.27900827E+04  1.13213409E+00  0.00000000E+00
  1.27482094E+06  7.23709320E+06  5.99393033E-09  7.27928270E+04  1.13208376E+00  0.00000000E+00
  1.27518167E+06  7.23626732E+06  5.99499122E-09  7.27955713E+04  1.13203352E+00  0.00000000E+00
  1.27554240E+06  7.23544203E+06  5.99605187E-09  7.27983155E+04  1.13198335E+00  0.00000000E+00
  1.27590313E+06  7.23461733E+06  5.99711227E-09  7.28010598E+04  1.13193326E+00  0.00000000E+00
  1.27626386E+06  7.23379321E+06  5.99817243E-09  7.28038041E+04  1.13188324E+00  0.00000000E+00
  1.27662460E+06  7.23296968E+06  5.99923235E-09  7.28065483E+04  1.13183331E+00  0.00000000E+00
  1.27698533E+06  7.23214673E+06  6.00029202E-09  7.28092926E+04  1.13178345E+00  0.00000000E+00
  1.27734606E+06  7.23132436E+06  6.00135145E-09  7.28120369E+04  1.13173366E+00  0.00000000E+00
  1.27770679E+06  7.23050257E+06  6.00241064E-09  7.28147811E+04  1.13168396E+00  0.00000000E+00
  1.27806752E+06  7.22968137E+06  6.00346959E-09  7.28175254E+04  1.13163433E+00  0.00000000E+00
  1.27842825E+06  7.22886074E+06  6.00452829E-09  7.28202697E+04  1.13158478E+00  0.00000000E+00
  1.27878898E+06  7.22804069E+06  6.00558676E-09  7.28230139E+04  1.13153530E+00  0.00000000E+00
  1.27914971E+06  7.22722121E+06  6.00664499E-09  7.28257582E+04  1.13148590E+00  0.00000000E+00
  1.27951044E+06  7.22640231E+06  6.00770299E-09  7.28285025E+04  1.13143658E+00  0.00000000E+00
  1.27987117E+06  7.22558399E+06  6.00876074E-09  7.28312467E+04  1.13138733E+00  0.00000000E+00
  1.28023190E+06  7.22476624E+06  6.00981826E-09  7.28339910E+04  1.13133816E+00  0.00000000E+00
  1.28059263E+06  7.22394905E+06  6.01087554E-09  7.28367353E+04  1.13128906E+00  0.00000000E+00
  1.28095336E+06  7.22313244E+06  6.01193259E-09  7.28394796E+04  1.13124004E+00  0.00000000E+00
  1.28131409E+06  7.22231640E+06  6.01298940E-09  7.28422238E+04  1.13119110E+00  0.00000000E+00
  1.28167482E+06  7.22150093E+06  6.01404597E-09  7.28449681E+04  1.13114223E+00  0.00000000E+00
  1.28203555E+06  7.22068603E+06  6.01510232E-09  7.28477124E+04  1.13109343E+00  0.00000000E+00
  1.28239628E+06  7.21987169E+06  6.01615843E-09  7.28504566E+04  1.13104471E+00  0.00000000E+00
  1.28275701E+06  7.21905791E+06  6.01721430E-09  7.28532009E+04  1.13099606E+00  0.00000000E+00
  1.28311774E+06  7.21824470E+06  6.01826995E-09  7.28559452E+04  1.13094749E+00  0.00000000E+00
  1.28347847E+06  7.21743205E+06  6.01932536E-09  7.28586894E+04  1.13089899E+00  0.00000000E+00
  1.28383920E+06  7.21661997E+06  6.02038054E-09  7.28614337E+04  1.13085057E+00  0.00000000E+00
  1.28419993E+06  7.21580844E+06  6.02143549E-09  7.28641780E+04  1.13080222E+00  0.00000000E+00
  1.28456066E+06  7.21499748E+06  6.02249022E-09  7.28669222E+04  1.13075395E+00  0.00000000E+00
  1.28492139E+06  7.21418707E+06  6.02354471E-09  7.28696665E+04  1.13070574E+00  0.00000000E+00
  1.28528212E+06  7.21337722E+06  6.02459897E-09  7.28724108E+04  1.13065762E+00  0.00000000E+00
  1.28564285E+06  7.21256792E+06  6.02565301E-09  7.28751550E+04  1.13060956E+00  0.00000000E+00
  1.28600358E+06  7.21175918E+06  6.02670682E-09  7.28778993E+04  1.13056158E+00  0.00000000E+00
  1.28636431E+06  7.21095100E+06  6.02776041E-09  7.28806436E+04  1.13051367E+00  0.00000000E+00
  1.28672504E+06  7.21014336E+06  6.02881376E-09  7.28833878E+04  1.13046584E+00  0.00000000E+00
  1.28708577E+06  7.20933628E+06  6.02986689E-09  7.28861321E+04  1.13041807E+00  0.00000000E+00
  1.28744650E+06  7.20852975E+06  6.03091980E-09  7.28888764E+04  1.13037038E+00  0.00000000E+00
  1.28780724E+06  7.20772377E+06  6.03197249E-09  7.28916207E+04  1.13032277E+00  0.00000000E+00
  1.28816797E+06  7.20691834E+06  6.03302494E-09  7.28943649E+04  1.13027522E+00  0.00000000E+00
  1.28852870E+06  7.20611345E+06  6.03407718E-09  7.28971092E+04  1.13022775E+00  0.00000000E+00
  1.28888943E+06  7.20530911E+06  6.03512920E-09  7.28998535E+04  1.13018035E+00  0.00000000E+00
  1.28925016E+06  7.20450532E+06  6.03618099E-09  7.29025977E+04  1.13013302E+00  0.00000000E+00
  1.28961089E+06  7.20370207E+06  6.03723256E-09  7.29053420E+04  1.13008576E+00  0.00000000E+00
  1.28997162E+06  7.20289936E+06  6.03828391E-09  7.29080863E+04  1.13003857E+00  0.00000000E+00
  1.29033235E+06  7.20209719E+06  6.03933504E-09  7.29108305E+04  1.12999146E+00  0.00000000E+00
  1.29069308E+06  7.20129557E+06  6.04038595E-09  7.29135748E+04  1.12994441E+00  0.00000000E+00
  1.29105381E+06  7.20049448E+06  6.04143664E-09  7.29163191E+04  1.12989744E+00  0.00000000E+00
  1.29141454E+06  7.19969394E+06  6.04248712E-09  7.29190633E+04  1.12985054E+00  0.00000000E+00
  1.29177527E+06  7.19889393E+06  6.04353737E-09  7.29218076E+04  1.12980371E+00  0.00000000E+00
  1.29213600E+06  7.19809445E+06  6.04458741E-09  7.29245519E+04  1.12975695E+00  0.00000000E+00
  1.29249673E+06  7.19729552E+06  6.04563723E-09  7.29272961E+04  1.12971026E+00  0.00000000E+00
  1.29285746E+06  7.19649711E+06  6.04668684E-09  7.29300404E+04  1.12966364E+00  0.00000000E+00
  1.29321819E+06  7.19569925E+06  6.04773623E-09  7.29327847E+04  1.12961709E+00  0.00000000E+00
  1.29357892E+06  7.19490191E+06  6.04878541E-09  7.29355290E+04  1.12957061E+00  0.00000000E+00
  1.29393965E+06  7.19410510E+06  6.04983437E-09  7.29382732E+04  1.12952420E+00  0.00000000E+00
  1.29430038E+06  7.19330883E+06  6.05088312E-09  7.29410175E+04  1.12947786E+00  0.00000000E+00
  1.29466111E+06  7.19251308E+06  6.05193166E-09  7.29437618E+04  1.12943159E+00  0.00000000E+00
  1.29502184E+06  7.19171786E+06  6.05297998E-09  7.29465060E+04  1.12938539E+00  0.00000000E+00
  1.29538257E+06  7.19092317E+06  6.05402809E-09  7.29492503E+04  1.12933926E+00  0.00000000E+00
  1.29574330E+06  7.19012900E+06  6.05507599E-09  7.29519946E+04  1.12929319E+00  0.00000000E+00
  1.29610403E+06  7.18933536E+06  6.05612368E-09  7.29547388E+04  1.12924720E+00  0.00000000E+00
  1.29646476E+06  7.18854225E+06  6.05717116E-09  7.29574831E+04  1.12920127E+00  0.00000000E+00
  1.29682549E+06  7.18774965E+06  6.05821843E-09  7.29602274E+04  1.12915542E+00  0.00000000E+00
  1.29718622E+06  7.18695758E+06  6.05926549E-09  7.29629716E+04  1.12910963E+00  0.00000000E+00
  1.29754695E+06  7.18616603E+06  6.06031235E-09  7.29657159E+04  1.12906391E+00  0.00000000E+00
  1.29790768E+06  7.18537500E+06  6.06135899E-09  7.29684602E+04  1.12901826E+00  0.00000000E+00
  1.29826841E+06  7.18458448E+06  6.06240543E-09  7.29712044E+04  1.12897268E+00  0.00000000E+00
  1.29862914E+06  7.18379449E+06  6.06345166E-09  7.29739487E+04  1.12892716E+00  0.00000000E+00
  1.29898988E+06  7.18300501E+06  6.06449769E-09  7.29766930E+04  1.12888171E+00  0.00000000E+00
  1.29935061E+06  7.18221605E+06  6.06554351E-09  7.29794373E+04  1.12883634E+00  0.00000000E+00
  1.29971134E+06  7.18142760E+06  6.06658912E-09  7.29821815E+04  1.12879102E+00  0.00000000E+00
  1.30007207E+06  7.18063966E+06  6.06763453E-09  7.29849258E+04  1.12874578E+00  0.00000000E+00
  1.30043280E+06  7.17985224E+06  6.06867974E-09  7.29876701E+04  1.12870060E+00  0.00000000E+00
  1.30079353E+06  7.17906533E+06  6.06972475E-09  7.29904143E+04  1.12865549E+00  0.00000000E+00
  1.30115426E+06  7.17827893E+06  6.07076955E-09  7.29931586E+04  1.12861045E+00  0.00000000E+00
  1.30151499E+06  7.17749304E+06  6.07181415E-09  7.29959029E+04  1.12856547E+00  0.00000000E+00
  1.30187572E+06  7.17670765E+06  6.07285854E-09  7.29986471E+04  1.12852056E+00  0.00000000E+00
  1.30223645E+06  7.17592278E+06  6.07390274E-09  7.30013914E+04  1.12847572E+00  0.00000000E+00
  1.30259718E+06  7.17513841E+06  6.07494674E-09  7.30041357E+04  1.12843094E+00  0.00000000E+00
  1.30295791E+06  7.17435455E+06  6.07599053E-09  7.30068799E+04  1.12838623E+00  0.00000000E+00
  1.30331864E+06  7.17357119E+06  6.07703413E-09  7.30096242E+04  1.12834158E+00  0.00000000E+00
  1.30367937E+06  7.17278833E+06  6.07807753E-09  7.30123685E+04  1.12829700E+00  0.00000000E+00
  1.30404010E+06  7.17200598E+06  6.07912073E-09  7.30151127E+04  1.12825249E+00  0.00000000E+00
  1.30440083E+06  7.17122413E+06  6.08016373E-09  7.30178570E+04  1.12820804E+00  0.00000000E+00
  1.30476156E+06  7.17044277E+06  6.08120654E-09  7.30206013E+04  1.12816366E+00  0.00000000E+00
  1.30512229E+06  7.16966192E+06  6.08224915E-09  7.30233455E+04  1.12811934E+00  0.00000000E+00
  1.30548302E+06  7.16888157E+06  6.08329156E-09  7.30260898E+04  1.12807509E+00  0.00000000E+00
  1.30584375E+06  7.16810171E+06  6.08433378E-09  7.30288341E+04  1.12803090E+00  0.00000000E+00
  1.30620448E+06  7.16732235E+06  6.08537581E-09  7.30315784E+04  1.12798678E+00  0.00000000E+00
  1.30656521E+06  7.16654349E+06  6.08641764E-09  7.30343226E+04  1.12794272E+00  0.00000000E+00
  1.30692594E+06  7.16576512E+06  6.08745927E-09  7.30370669E+04  1.12789873E+00  0.00000000E+00
  1.30728667E+06  7.16498724E+06  6.08850072E-09  7.30398112E+04  1.12785480E+00  0.00000000E+00
  1.30764740E+06  7.16420986E+06  6.08954197E-09  7.30425554E+04  1.12781094E+00  0.00000000E+00
  1.30800813E+06  7.16343297E+06  6.09058302E-09  7.30452997E+04  1.12776714E+00  0.00000000E+00
  1.30836886E+06  7.16265657E+06  6.09162389E-09  7.30480440E+04  1.12772341E+00  0.00000000E+00
  1.30872959E+06  7.16188066E+06  6.09266457E-09  7.30507882E+04  1.12767974E+00  0.00000000E+00
  1.30909032E+06  7.16110523E+06  6.09370505E-09  7.30535325E+04  1.12763613E+00  0.00000000E+00
  1.30945105E+06  7.16033030E+06  6.09474535E-09  7.30562768E+04  1.12759258E+00  0.00000000E+00
  1.30981178E+06  7.15955585E+06  6.09578546E-09  7.30590210E+04  1.12754910E+00  0.00000000E+00
  1.31017251E+06  7.15878189E+06  6.09682538E-09  7.30617653E+04  1.12750569E+00  0.00000000E+00
  1.31053325E+06  7.15800841E+06  6.09786511E-09  7.30645096E+04  1.12746233E+00  0.00000000E+00
  1.31089398E+06  7.15723542E+06  6.09890465E-09  7.30672538E+04  1.12741904E+00  0.00000000E+00
  1.31125471E+06  7.15646290E+06  6.09994401E-09  7.30699981E+04  1.12737582E+00  0.00000000E+00
  1.31161544E+06  7.15569087E+06  6.10098318E-09  7.30727424E+04  1.12733265E+00  0.00000000E+00
  1.31197617E+06  7.15491933E+06  6.10202216E-09  7.30754867E+04  1.12728955E+00  0.00000000E+00
  1.31233690E+06  7.15414826E+06  6.10306096E-09  7.30782309E+04  1.12724651E+00  0.00000000E+00
  1.31269763E+06  7.15337767E+06  6.10409957E-09  7.30809752E+04  1.12720353E+00  0.00000000E+00
  1.31305836E+06  7.15260756E+06  6.10513800E-09  7.30837195E+04  1.12716062E+00  0.00000000E+00
  1.31341909E+06  7.15183792E+06  6.10617625E-09  7.30864637E+04  1.12711777E+00  0.00000000E+00
  1.31377982E+06  7.15106876E+06  6.10721431E-09  7.30892080E+04  1.12707498E+00  0.00000000E+00
  1.31414055E+06  7.15030008E+06  6.10825219E-09  7.30919523E+04  1.12703225E+00  0.00000000E+00
  1.31450128E+06  7.14953187E+06  6.10928988E-09  7.30946965E+04  1.12698958E+00  0.00000000E+00
  1.31486201E+06  7.14876414E+06  6.11032740E-09  7.30974408E+04  1.12694698E+00  0.00000000E+00
  1.31522274E+06  7.14799687E+06  6.11136474E-09  7.31001851E+04  1.12690443E+00  0.00000000E+00
  1.31558347E+06  7.14723008E+06  6.11240189E-09  7.31029293E+04  1.12686195E+00  0.00000000E+00
  1.31594420E+06  7.14646376E+06  6.11343886E-09  7.31056736E+04  1.12681953E+00  0.00000000E+00
  1.31630493E+06  7.14569791E+06  6.11447566E-09  7.31084179E+04  1.12677717E+00  0.00000000E+00
  1.31666566E+06  7.14493253E+06  6.11551228E-09  7.31111621E+04  1.12673487E+00  0.00000000E+00
  1.31702639E+06  7.14416761E+06  6.11654871E-09  7.31139064E+04  1.12669263E+00  0.00000000E+00
  1.31738712E+06  7.14340316E+06  6.11758497E-09  7.31166507E+04  1.12665046E+00  0.00000000E+00
  1.31774785E+06  7.14263918E+06  6.11862106E-09  7.31193949E+04  1.12660834E+00  0.00000000E+00
  1.31810858E+06  7.14187567E+06  6.11965696E-09  7.31221392E+04  1.12656628E+00  0.00000000E+00
  1.31846931E+06  7.14111261E+06  6.12069269E-09  7.31248835E+04  1.12652429E+00  0.00000000E+00
  1.31883004E+06  7.14035002E+06  6.12172825E-09  7.31276278E+04  1.12648235E+00  0.00000000E+00
  1.31919077E+06  7.13958789E+06  6.12276363E-09  7.31303720E+04  1.12644047E+00  0.00000000E+00
  1.31955150E+06  7.13882623E+06  6.12379883E-09  7.31331163E+04  1.12639866E+00  0.00000000E+00
  1.31991223E+06  7.13806502E+06  6.12483386E-09  7.31358606E+04  1.12635690E+00  0.00000000E+00
  1.32027296E+06  7.13730427E+06  6.12586872E-09  7.31386048E+04  1.12631521E+00  0.00000000E+00
  1.32063369E+06  7.13654399E+06  6.12690340E-09  7.31413491E+04  1.12627357E+00  0.00000000E+00
  1.32099442E+06  7.13578415E+06  6.12793791E-09  7.31440934E+04  1.12623199E+00  0.00000000E+00
  1.32135515E+06  7.13502478E+06  6.12897225E-09  7.31468376E+04  1.12619047E+00  0.00000000E+00
  1.32171589E+06  7.13426586E+06  6.13000642E-09  7.31495819E+04  1.12614901E+00  0.00000000E+00
  1.32207662E+06  7.13350740E+06  6.13104042E-09  7.31523262E+04  1.12610761E+00  0.00000000E+00
  1.32243735E+06  7.13274939E+06  6.13207424E-09  7.31550704E+04  1.12606627E+00  0.00000000E+00
  1.32279808E+06  7.13199183E+06  6.13310790E-09  7.31578147E+04  1.12602499E+00  0.00000000E+00
  1.32315881E+06  7.13123473E+06  6.13414139E-09  7.31605590E+04  1.12598377E+00  0.00000000E+00
  1.32351954E+06  7.13047808E+06  6.13517470E-09  7.31633032E+04  1.12594260E+00  0.00000000E+00
  1.32388027E+06  7.12972187E+06  6.13620785E-09  7.31660475E+04  1.12590149E+00  0.00000000E+00
  1.32424100E+06  7.12896612E+06  6.13724084E-09  7.31687918E+04  1.12586044E+00  0.00000000E+00
  1.32460173E+06  7.12821082E+06  6.13827365E-09  7.31715361E+04  1.12581945E+00  0.00000000E+00
  1.32496246E+06  7.12745596E+06  6.13930630E-09  7.31742803E+04  1.12577852E+00  0.00000000E+00
  1.32532319E+06  7.12670155E+06  6.14033878E-09  7.31770246E+04  1.12573765E+00  0.00000000E+00
  1.32568392E+06  7.12594759E+06  6.14137110E-09  7.31797689E+04  1.12569683E+00  0.00000000E+00
  1.32604465E+06  7.12519407E+06  6.14240325E-09  7.31825131E+04  1.12565607E+00  0.00000000E+00
  1.32640538E+06  7.12444099E+06  6.14343524E-09  7.31852574E+04  1.12561537E+00  0.00000000E+00
  1.32676611E+06  7.12368836E+06  6.14446706E-09  7.31880017E+04  1.12557472E+00  0.00000000E+00
  1.32712684E+06  7.12293617E+06  6.14549872E-09  7.31907459E+04  1.12553413E+00  0.00000000E+00
  1.32748757E+06  7.12218443E+06  6.14653021E-09  7.31934902E+04  1.12549360E+00  0.00000000E+00
  1.32784830E+06  7.12143312E+06  6.14756155E-09  7.31962345E+04  1.12545313E+00  0.00000000E+00
  1.32820903E+06  7.12068225E+06  6.14859272E-09  7.31989787E+04  1.12541271E+00  0.00000000E+00
  1.32856976E+06  7.11993182E+06  6.14962373E-09  7.32017230E+04  1.12537235E+00  0.00000000E+00
  1.32893049E+06  7.11918183E+06  6.15065457E-09  7.32044673E+04  1.12533205E+00  0.00000000E+00
  1.32929122E+06  7.11843228E+06  6.15168526E-09  7.32072115E+04  1.12529180E+00  0.00000000E+00
  1.32965195E+06  7.11768316E+06  6.15271579E-09  7.32099558E+04  1.12525161E+00  0.00000000E+00
  1.33001268E+06  7.11693448E+06  6.15374616E-09  7.32127001E+04  1.12521148E+00  0.00000000E+00
  1.33037341E+06  7.11618624E+06  6.15477637E-09  7.32154444E+04  1.12517140E+00  0.00000000E+00
  1.33073414E+06  7.11543842E+06  6.15580642E-09  7.32181886E+04  1.12513138E+00  0.00000000E+00
  1.33109487E+06  7.11469104E+06  6.15683631E-09  7.32209329E+04  1.12509141E+00  0.00000000E+00
  1.33145560E+06  7.11394409E+06  6.15786604E-09  7.32236772E+04  1.12505150E+00  0.00000000E+00
  1.33181633E+06  7.11319758E+06  6.15889562E-09  7.32264214E+04  1.12501165E+00  0.00000000E+00
  1.33217706E+06  7.11245149E+06  6.15992504E-09  7.32291657E+04  1.12497185E+00  0.00000000E+00
  1.33253779E+06  7.11170583E+06  6.16095431E-09  7.32319100E+04  1.12493210E+00  0.00000000E+00
  1.33289852E+06  7.11096060E+06  6.16198342E-09  7.32346542E+04  1.12489241E+00  0.00000000E+00
  1.33325926E+06  7.11021580E+06  6.16301237E-09  7.32373985E+04  1.12485278E+00  0.00000000E+00
  1.33361999E+06  7.10947143E+06  6.16404117E-09  7.32401428E+04  1.12481320E+00  0.00000000E+00
  1.33398072E+06  7.10872748E+06  6.16506982E-09  7.32428870E+04  1.12477368E+00  0.00000000E+00
  1.33434145E+06  7.10798396E+06  6.16609831E-09  7.32456313E+04  1.12473421E+00  0.00000000E+00
  1.33470218E+06  7.10724086E+06  6.16712665E-09  7.32483756E+04  1.12469479E+00  0.00000000E+00
  1.33506291E+06  7.10649818E+06  6.16815484E-09  7.32511198E+04  1.12465543E+00  0.00000000E+00
  1.33542364E+06  7.10575593E+06  6.16918288E-09  7.32538641E+04  1.12461613E+00  0.00000000E+00
  1.33578437E+06  7.10501410E+06  6.17021076E-09  7.32566084E+04  1.12457688E+00  0.00000000E+00
  1.33614510E+06  7.10427269E+06  6.17123849E-09  7.32593526E+04  1.12453768E+00  0.00000000E+00
  1.33650583E+06  7.10353170E+06  6.17226607E-09  7.32620969E+04  1.12449854E+00  0.00000000E+00
  1.33686656E+06  7.10279113E+06  6.17329351E-09  7.32648412E+04  1.12445945E+00  0.00000000E+00
  1.33722729E+06  7.10205098E+06  6.17432079E-09  7.32675855E+04  1.12442041E+00  0.00000000E+00
  1.33758802E+06  7.10131124E+06  6.17534792E-09  7.32703297E+04  1.12438143E+00  0.00000000E+00
  1.33794875E+06  7.10057193E+06  6.17637491E-09  7.32730740E+04  1.12434250E+00  0.00000000E+00
  1.33830948E+06  7.09983302E+06  6.17740175E-09  7.32758183E+04  1.12430363E+00  0.00000000E+00
  1.33867021E+06  7.09909454E+06  6.17842844E-09  7.32785625E+04  1.12426480E+00  0.00000000E+00
  1.33903094E+06  7.09835647E+06  6.17945498E-09  7.32813068E+04  1.12422604E+00  0.00000000E+00
  1.33939167E+06  7.09761881E+06  6.18048137E-09  7.32840511E+04  1.12418732E+00  0.00000000E+00
  1.33975240E+06  7.09688156E+06  6.18150762E-09  7.32867953E+04  1.12414866E+00  0.00000000E+00
  1.34011313E+06  7.09614473E+06  6.18253373E-09  7.32895396E+04  1.12411005E+00  0.00000000E+00
  1.34047386E+06  7.09540830E+06  6.18355969E-09  7.32922839E+04  1.12407149E+00  0.00000000E+00
  1.34083459E+06  7.09467229E+06  6.18458550E-09  7.32950281E+04  1.12403299E+00  0.00000000E+00
  1.34119532E+06  7.09393669E+06  6.18561117E-09  7.32977724E+04  1.12399454E+00  0.00000000E+00
  1.34155605E+06  7.09320149E+06  6.18663670E-09  7.33005167E+04  1.12395614E+00  0.00000000E+00
  1.34191678E+06  7.09246670E+06  6.18766208E-09  7.33032609E+04  1.12391779E+00  0.00000000E+00
  1.34227751E+06  7.09173232E+06  6.18868733E-09  7.33060052E+04  1.12387950E+00  0.00000000E+00
  1.34263824E+06  7.09099835E+06  6.18971242E-09  7.33087495E+04  1.12384125E+00  0.00000000E+00
  1.34299897E+06  7.09026478E+06  6.19073738E-09  7.33114938E+04  1.12380306E+00  0.00000000E+00
  1.34335970E+06  7.08953162E+06  6.19176220E-09  7.33142380E+04  1.12376492E+00  0.00000000E+00
  1.34372043E+06  7.08879886E+06  6.19278687E-09  7.33169823E+04  1.12372684E+00  0.00000000E+00
  1.34408116E+06  7.08806650E+06  6.19381141E-09  7.33197266E+04  1.12368880E+00  0.00000000E+00
  1.34444190E+06  7.08733454E+06  6.19483580E-09  7.33224708E+04  1.12365082E+00  0.00000000E+00
  1.34480263E+06  7.08660299E+06  6.19586006E-09  7.33252151E+04  1.12361288E+00  0.00000000E+00
  1.34516336E+06  7.08587184E+06  6.19688418E-09  7.33279594E+04  1.12357500E+00  0.00000000E+00
  1.34552409E+06  7.08514108E+06  6.19790816E-09  7.33307036E+04  1.12353717E+00  0.00000000E+00
  1.34588482E+06  7.08441073E+06  6.19893200E-09  7.33334479E+04  1.12349939E+00  0.00000000E+00
  1.34624555E+06  7.08368077E+06  6.19995570E-09  7.33361922E+04  1.12346166E+00  0.00000000E+00
  1.34660628E+06  7.08295121E+06  6.20097927E-09  7.33389364E+04  1.12342398E+00  0.00000000E+00
  1.34696701E+06  7.08222205E+06  6.20200270E-09  7.33416807E+04  1.12338636E+00  0.00000000E+00
  1.34732774E+06  7.08149328E+06  6.20302599E-09  7.33444250E+04  1.12334878E+00  0.00000000E+00
  1.34768847E+06  7.08076491E+06  6.20404915E-09  7.33471692E+04  1.12331125E+00  0.00000000E+00
  1.34804920E+06  7.08003693E+06  6.20507218E-09  7.33499135E+04  1.12327378E+00  0.00000000E+00
  1.34840993E+06  7.07930935E+06  6.20609507E-09  7.33526578E+04  1.12323635E+00  0.00000000E+00
  1.34877066E+06  7.07858216E+06  6.20711782E-09  7.33554020E+04  1.12319898E+00  0.00000000E+00
  1.34913139E+06  7.07785536E+06  6.20814044E-09  7.33581463E+04  1.12316165E+00  0.00000000E+00
  1.34949212E+06  7.07712895E+06  6.20916293E-09  7.33608906E+04  1.12312437E+00  0.00000000E+00
  1.34985285E+06  7.07640293E+06  6.21018529E-09  7.33636349E+04  1.12308715E+00  0.00000000E+00
  1.35021358E+06  7.07567730E+06  6.21120751E-09  7.33663791E+04  1.12304997E+00  0.00000000E+00
  1.35057431E+06  7.07495206E+06  6.21222961E-09  7.33691234E+04  1.12301284E+00  0.00000000E+00
  1.35093504E+06  7.07422721E+06  6.21325157E-09  7.33718677E+04  1.12297577E+00  0.00000000E+00
  1.35129577E+06  7.07350274E+06  6.21427340E-09  7.33746119E+04  1.12293874E+00  0.00000000E+00
  1.35165650E+06  7.07277867E+06  6.21529510E-09  7.33773562E+04  1.12290176E+00  0.00000000E+00
  1.35201723E+06  7.07205497E+06  6.21631667E-09  7.33801005E+04  1.12286483E+00  0.00000000E+00
  1.35237796E+06  7.07133167E+06  6.21733811E-09  7.33828447E+04  1.12282795E+00  0.00000000E+00
  1.35273869E+06  7.07060874E+06  6.21835942E-09  7.33855890E+04  1.12279112E+00  0.00000000E+00
  1.35309942E+06  7.06988620E+06  6.21938061E-09  7.33883333E+04  1.12275433E+00  0.00000000E+00
  1.35346015E+06  7.06916404E+06  6.22040166E-09  7.33910775E+04  1.12271760E+00  0.00000000E+00
  1.35382088E+06  7.06844227E+06  6.22142259E-09  7.33938218E+04  1.12268091E+00  0.00000000E+00
  1.35418161E+06  7.06772087E+06  6.22244339E-09  7.33965661E+04  1.12264428E+00  0.00000000E+00
  1.35454234E+06  7.06699986E+06  6.22346407E-09  7.33993103E+04  1.12260769E+00  0.00000000E+00
  1.35490307E+06  7.06627923E+06  6.22448461E-09  7.34020546E+04  1.12257115E+00  0.00000000E+00
  1.35526380E+06  7.06555897E+06  6.22550504E-09  7.34047989E+04  1.12253465E+00  0.00000000E+00
  1.35562453E+06  7.06483909E+06  6.22652534E-09  7.34075432E+04  1.12249821E+00  0.00000000E+00
  1.35598527E+06  7.06411959E+06  6.22754551E-09  7.34102874E+04  1.12246181E+00  0.00000000E+00
  1.35634600E+06  7.06340047E+06  6.22856556E-09  7.34130317E+04  1.12242546E+00  0.00000000E+00
  1.35670673E+06  7.06268172E+06  6.22958548E-09  7.34157760E+04  1.12238916E+00  0.00000000E+00
  1.35706746E+06  7.06196335E+06  6.23060528E-09  7.34185202E+04  1.12235291E+00  0.00000000E+00
  1.35742819E+06  7.06124535E+06  6.23162496E-09  7.34212645E+04  1.12231670E+00  0.00000000E+00
  1.35778892E+06  7.06052773E+06  6.23264452E-09  7.34240088E+04  1.12228054E+00  0.00000000E+00
  1.35814965E+06  7.05981047E+06  6.23366395E-09  7.34267530E+04  1.12224443E+00  0.00000000E+00
  1.35851038E+06  7.05909359E+06  6.23468327E-09  7.34294973E+04  1.12220836E+00  0.00000000E+00
  1.35887111E+06  7.05837709E+06  6.23570246E-09  7.34322416E+04  1.12217235E+00  0.00000000E+00
  1.35923184E+06  7.05766095E+06  6.23672153E-09  7.34349858E+04  1.12213637E+00  0.00000000E+00
  1.35959257E+06  7.05694518E+06  6.23774048E-09  7.34377301E+04  1.12210045E+00  0.00000000E+00
  1.35995330E+06  7.05622978E+06  6.23875931E-09  7.34404744E+04  1.12206457E+00  0.00000000E+00
  1.36031403E+06  7.05551475E+06  6.23977803E-09  7.34432186E+04  1.12202874E+00  0.00000000E+00
  1.36067476E+06  7.05480009E+06  6.24079662E-09  7.34459629E+04  1.12199296E+00  0.00000000E+00
  1.36103549E+06  7.05408579E+06  6.24181509E-09  7.34487072E+04  1.12195722E+00  0.00000000E+00
  1.36139622E+06  7.05337187E+06  6.24283345E-09  7.34514515E+04  1.12192153E+00  0.00000000E+00
  1.36175695E+06  7.05265830E+06  6.24385169E-09  7.34541957E+04  1.12188588E+00  0.00000000E+00
  1.36211768E+06  7.05194510E+06  6.24486981E-09  7.34569400E+04  1.12185028E+00  0.00000000E+00
  1.36247841E+06  7.05123227E+06  6.24588782E-09  7.34596843E+04  1.12181473E+00  0.00000000E+00
  1.36283914E+06  7.05051980E+06  6.24690571E-09  7.34624285E+04  1.12177922E+00  0.00000000E+00
  1.36319987E+06  7.04980769E+06  6.24792348E-09  7.34651728E+04  1.12174376E+00  0.00000000E+00
  1.36356060E+06  7.04909594E+06  6.24894114E-09  7.34679171E+04  1.12170835E+00  0.00000000E+00
  1.36392133E+06  7.04838456E+06  6.24995869E-09  7.34706613E+04  1.12167298E+00  0.00000000E+00
  1.36428206E+06  7.04767353E+06  6.25097612E-09  7.34734056E+04  1.12163765E+00  0.00000000E+00
  1.36464279E+06  7.04696287E+06  6.25199343E-09  7.34761499E+04  1.12160237E+00  0.00000000E+00
  1.36500352E+06  7.04625256E+06  6.25301064E-09  7.34788941E+04  1.12156714E+00  0.00000000E+00
  1.36536425E+06  7.04554261E+06  6.25402773E-09  7.34816384E+04  1.12153195E+00  0.00000000E+00
  1.36572498E+06  7.04483302E+06  6.25504471E-09  7.34843827E+04  1.12149680E+00  0.00000000E+00
  1.36608571E+06  7.04412379E+06  6.25606157E-09  7.34871269E+04  1.12146171E+00  0.00000000E+00
  1.36644644E+06  7.04341491E+06  6.25707832E-09  7.34898712E+04  1.12142665E+00  0.00000000E+00
  1.36680717E+06  7.04270639E+06  6.25809497E-09  7.34926155E+04  1.12139164E+00  0.00000000E+00
  1.36716791E+06  7.04199822E+06  6.25911150E-09  7.34953597E+04  1.12135668E+00  0.00000000E+00
  1.36752864E+06  7.04129041E+06  6.26012792E-09  7.34981040E+04  1.12132176E+00  0.00000000E+00
  1.36788937E+06  7.04058295E+06  6.26114423E-09  7.35008483E+04  1.12128688E+00  0.00000000E+00
  1.36825010E+06  7.03987584E+06  6.26216043E-09  7.35035926E+04  1.12125205E+00  0.00000000E+00
  1.36861083E+06  7.03916909E+06  6.26317653E-09  7.35063368E+04  1.12121726E+00  0.00000000E+00
  1.36897156E+06  7.03846269E+06  6.26419251E-09  7.35090811E+04  1.12118252E+00  0.00000000E+00
  1.36933229E+06  7.03775663E+06  6.26520839E-09  7.35118254E+04  1.12114782E+00  0.00000000E+00
  1.36969302E+06  7.03705093E+06  6.26622415E-09  7.35145696E+04  1.12111317E+00  0.00000000E+00
  1.37005375E+06  7.03634558E+06  6.26723982E-09  7.35173139E+04  1.12107855E+00  0.00000000E+00
  1.37041448E+06  7.03564057E+06  6.26825537E-09  7.35200582E+04  1.12104399E+00  0.00000000E+00
  1.37077521E+06  7.03493591E+06  6.26927082E-09  7.35228024E+04  1.12100946E+00  0.00000000E+00
  1.37113594E+06  7.03423160E+06  6.27028616E-09  7.35255467E+04  1.12097498E+00  0.00000000E+00
  1.37149667E+06  7.03352764E+06  6.27130140E-09  7.35282910E+04  1.12094055E+00  0.00000000E+00
  1.37185740E+06  7.03282402E+06  6.27231653E-09  7.35310352E+04  1.12090615E+00  0.00000000E+00
  1.37221813E+06  7.03212075E+06  6.27333155E-09  7.35337795E+04  1.12087180E+00  0.00000000E+00
  1.37257886E+06  7.03141782E+06  6.27434648E-09  7.35365238E+04  1.12083749E+00  0.00000000E+00
  1.37293959E+06  7.03071524E+06  6.27536130E-09  7.35392680E+04  1.12080323E+00  0.00000000E+00
  1.37330032E+06  7.03001299E+06  6.27637601E-09  7.35420123E+04  1.12076901E+00  0.00000000E+00
  1.37366105E+06  7.02931109E+06  6.27739062E-09  7.35447566E+04  1.12073483E+00  0.00000000E+00
  1.37402178E+06  7.02860954E+06  6.27840513E-09  7.35475009E+04  1.12070069E+00  0.00000000E+00
  1.37438251E+06  7.02790832E+06  6.27941954E-09  7.35502451E+04  1.12066660E+00  0.00000000E+00
  1.37474324E+06  7.02720744E+06  6.28043385E-09  7.35529894E+04  1.12063255E+00  0.00000000E+00
  1.37510397E+06  7.02650691E+06  6.28144805E-09  7.35557337E+04  1.12059854E+00  0.00000000E+00
  1.37546470E+06  7.02580671E+06  6.28246216E-09  7.35584779E+04  1.12056458E+00  0.00000000E+00
  1.37582543E+06  7.02510685E+06  6.28347616E-09  7.35612222E+04  1.12053065E+00  0.00000000E+00
  1.37618616E+06  7.02440732E+06  6.28449006E-09  7.35639665E+04  1.12049677E+00  0.00000000E+00
  1.37654689E+06  7.02370814E+06  6.28550387E-09  7.35667107E+04  1.12046293E+00  0.00000000E+00
  1.37690762E+06  7.02300929E+06  6.28651757E-09  7.35694550E+04  1.12042914E+00  0.00000000E+00
  1.37726835E+06  7.02231078E+06  6.28753118E-09  7.35721993E+04  1.12039538E+00  0.00000000E+00
  1.37762908E+06  7.02161260E+06  6.28854468E-09  7.35749435E+04  1.12036167E+00  0.00000000E+00
  1.37798981E+06  7.02091475E+06  6.28955809E-09  7.35776878E+04  1.12032800E+00  0.00000000E+00
  1.37835054E+06  7.02021724E+06  6.29057141E-09  7.35804321E+04  1.12029437E+00  0.00000000E+00
  1.37871128E+06  7.01952006E+06  6.29158462E-09  7.35831763E+04  1.12026078E+00  0.00000000E+00
  1.37907201E+06  7.01882322E+06  6.29259774E-09  7.35859206E+04  1.12022723E+00  0.00000000E+00
  1.37943274E+06  7.01812670E+06  6.29361076E-09  7.35886649E+04  1.12019372E+00  0.00000000E+00
  1.37979347E+06  7.01743052E+06  6.29462369E-09  7.35914092E+04  1.12016026E+00  0.00000000E+00
  1.38015420E+06  7.01673467E+06  6.29563652E-09  7.35941534E+04  1.12012684E+00  0.00000000E+00
  1.38051493E+06  7.01603915E+06  6.29664926E-09  7.35968977E+04  1.12009345E+00  0.00000000E+00
  1.38087566E+06  7.01534395E+06  6.29766190E-09  7.35996420E+04  1.12006011E+00  0.00000000E+00
  1.38123639E+06  7.01464909E+06  6.29867445E-09  7.36023862E+04  1.12002681E+00  0.00000000E+00
  1.38159712E+06  7.01395455E+06  6.29968690E-09  7.36051305E+04  1.11999355E+00  0.00000000E+00
  1.38195785E+06  7.01326034E+06  6.30069927E-09  7.36078748E+04  1.11996033E+00  0.00000000E+00
  1.38231858E+06  7.01256645E+06  6.30171153E-09  7.36106190E+04  1.11992715E+00  0.00000000E+00
  1.38267931E+06  7.01187289E+06  6.30272371E-09  7.36133633E+04  1.11989401E+00  0.00000000E+00
  1.38304004E+06  7.01117966E+06  6.30373579E-09  7.36161076E+04  1.11986091E+00  0.00000000E+00
  1.38340077E+06  7.01048675E+06  6.30474779E-09  7.36188518E+04  1.11982786E+00  0.00000000E+00
  1.38376150E+06  7.00979416E+06  6.30575969E-09  7.36215961E+04  1.11979484E+00  0.00000000E+00
  1.38412223E+06  7.00910190E+06  6.30677150E-09  7.36243404E+04  1.11976186E+00  0.00000000E+00
  1.38448296E+06  7.00840996E+06  6.30778322E-09  7.36270846E+04  1.11972892E+00  0.00000000E+00
  1.38484369E+06  7.00771834E+06  6.30879485E-09  7.36298289E+04  1.11969602E+00  0.00000000E+00
  1.38520442E+06  7.00702705E+06  6.30980639E-09  7.36325732E+04  1.11966317E+00  0.00000000E+00
  1.38556515E+06  7.00633607E+06  6.31081784E-09  7.36353174E+04  1.11963035E+00  0.00000000E+00
  1.38592588E+06  7.00564541E+06  6.31182920E-09  7.36380617E+04  1.11959757E+00  0.00000000E+00
  1.38628661E+06  7.00495508E+06  6.31284047E-09  7.36408060E+04  1.11956483E+00  0.00000000E+00
  1.38664734E+06  7.00426506E+06  6.31385166E-09  7.36435503E+04  1.11953213E+00  0.00000000E+00
  1.38700807E+06  7.00357536E+06  6.31486276E-09  7.36462945E+04  1.11949947E+00  0.00000000E+00
  1.38736880E+06  7.00288597E+06  6.31587377E-09  7.36490388E+04  1.11946685E+00  0.00000000E+00
  1.38772953E+06  7.00219691E+06  6.31688470E-09  7.36517831E+04  1.11943427E+00  0.00000000E+00
  1.38809026E+06  7.00150816E+06  6.31789553E-09  7.36545273E+04  1.11940172E+00  0.00000000E+00
  1.38845099E+06  7.00081972E+06  6.31890629E-09  7.36572716E+04  1.11936922E+00  0.00000000E+00
  1.38881172E+06  7.00013160E+06  6.31991695E-09  7.36600159E+04  1.11933675E+00  0.00000000E+00
  1.38917245E+06  6.99944380E+06  6.32092754E-09  7.36627601E+04  1.11930433E+00  0.00000000E+00
  1.38953318E+06  6.99875631E+06  6.32193803E-09  7.36655044E+04  1.11927194E+00  0.00000000E+00
  1.38989392E+06  6.99806913E+06  6.32294845E-09  7.36682487E+04  1.11923959E+00  0.00000000E+00
  1.39025465E+06  6.99738226E+06  6.32395878E-09  7.36709929E+04  1.11920728E+00  0.00000000E+00
  1.39061538E+06  6.99669571E+06  6.32496902E-09  7.36737372E+04  1.11917501E+00  0.00000000E+00
  1.39097611E+06  6.99600946E+06  6.32597918E-09  7.36764815E+04  1.11914277E+00  0.00000000E+00
  1.39133684E+06  6.99532353E+06  6.32698926E-09  7.36792257E+04  1.11911058E+00  0.00000000E+00
  1.39169757E+06  6.99463791E+06  6.32799926E-09  7.36819700E+04  1.11907842E+00  0.00000000E+00
  1.39205830E+06  6.99395259E+06  6.32900918E-09  7.36847143E+04  1.11904630E+00  0.00000000E+00
  1.39241903E+06  6.99326759E+06  6.33001901E-09  7.36874586E+04  1.11901422E+00  0.00000000E+00
  1.39277976E+06  6.99258289E+06  6.33102876E-09  7.36902028E+04  1.11898218E+00  0.00000000E+00
  1.39314049E+06  6.99189850E+06  6.33203844E-09  7.36929471E+04  1.11895017E+00  0.00000000E+00
  1.39350122E+06  6.99121442E+06  6.33304803E-09  7.36956914E+04  1.11891820E+00  0.00000000E+00
  1.39386195E+06  6.99053064E+06  6.33405754E-09  7.36984356E+04  1.11888627E+00  0.00000000E+00
  1.39422268E+06  6.98984717E+06  6.33506697E-09  7.37011799E+04  1.11885438E+00  0.00000000E+00
  1.39458341E+06  6.98916401E+06  6.33607633E-09  7.37039242E+04  1.11882252E+00  0.00000000E+00
  1.39494414E+06  6.98848115E+06  6.33708560E-09  7.37066684E+04  1.11879071E+00  0.00000000E+00
  1.39530487E+06  6.98779859E+06  6.33809480E-09  7.37094127E+04  1.11875892E+00  0.00000000E+00
  1.39566560E+06  6.98711633E+06  6.33910392E-09  7.37121570E+04  1.11872718E+00  0.00000000E+00
  1.39602633E+06  6.98643438E+06  6.34011296E-09  7.37149012E+04  1.11869547E+00  0.00000000E+00
  1.39638706E+06  6.98575273E+06  6.34112192E-09  7.37176455E+04  1.11866381E+00  0.00000000E+00
  1.39674779E+06  6.98507139E+06  6.34213081E-09  7.37203898E+04  1.11863217E+00  0.00000000E+00
  1.39710852E+06  6.98439034E+06  6.34313962E-09  7.37231340E+04  1.11860058E+00  0.00000000E+00
  1.39746925E+06  6.98370959E+06  6.34414836E-09  7.37258783E+04  1.11856902E+00  0.00000000E+00
  1.39782998E+06  6.98302914E+06  6.34515702E-09  7.37286226E+04  1.11853750E+00  0.00000000E+00
  1.39819071E+06  6.98234900E+06  6.34616560E-09  7.37313668E+04  1.11850601E+00  0.00000000E+00
  1.39855144E+06  6.98166915E+06  6.34717411E-09  7.37341111E+04  1.11847456E+00  0.00000000E+00
  1.39891217E+06  6.98098959E+06  6.34818254E-09  7.37368554E+04  1.11844315E+00  0.00000000E+00
  1.39927290E+06  6.98031034E+06  6.34919091E-09  7.37395997E+04  1.11841177E+00  0.00000000E+00
  1.39963363E+06  6.97963138E+06  6.35019919E-09  7.37423439E+04  1.11838043E+00  0.00000000E+00
  1.39999436E+06  6.97895272E+06  6.35120741E-09  7.37450882E+04  1.11834913E+00  0.00000000E+00
  1.40035509E+06  6.97827435E+06  6.35221555E-09  7.37478325E+04  1.11831786E+00  0.00000000E+00
  1.40071582E+06  6.97759628E+06  6.35322362E-09  7.37505767E+04  1.11828663E+00  0.00000000E+00
  1.40107655E+06  6.97691850E+06  6.35423161E-09  7.37533210E+04  1.11825543E+00  0.00000000E+00
  1.40143729E+06  6.97624102E+06  6.35523954E-09  7.37560653E+04  1.11822427E+00  0.00000000E+00
  1.40179802E+06  6.97556383E+06  6.35624739E-09  7.37588095E+04  1.11819314E+00  0.00000000E+00
  1.40215875E+06  6.97488693E+06  6.35725517E-09  7.37615538E+04  1.11816206E+00  0.00000000E+00
  1.40251948E+06  6.97421033E+06  6.35826289E-09  7.37642981E+04  1.11813100E+00  0.00000000E+00
  1.40288021E+06  6.97353401E+06  6.35927053E-09  7.37670423E+04  1.11809998E+00  0.00000000E+00
  1.40324094E+06  6.97285799E+06  6.36027810E-09  7.37697866E+04  1.11806900E+00  0.00000000E+00
  1.40360167E+06  6.97218225E+06  6.36128560E-09  7.37725309E+04  1.11803805E+00  0.00000000E+00
  1.40396240E+06  6.97150681E+06  6.36229304E-09  7.37752751E+04  1.11800714E+00  0.00000000E+00
  1.40432313E+06  6.97083166E+06  6.36330040E-09  7.37780194E+04  1.11797626E+00  0.00000000E+00
  1.40468386E+06  6.97015679E+06  6.36430770E-09  7.37807637E+04  1.11794542E+00  0.00000000E+00
  1.40504459E+06  6.96948221E+06  6.36531492E-09  7.37835080E+04  1.11791462E+00  0.00000000E+00
  1.40540532E+06  6.96880792E+06  6.36632209E-09  7.37862522E+04  1.11788384E+00  0.00000000E+00
  1.40576605E+06  6.96813392E+06  6.36732918E-09  7.37889965E+04  1.11785311E+00  0.00000000E+00
  1.40612678E+06  6.96746020E+06  6.36833621E-09  7.37917408E+04  1.11782240E+00  0.00000000E+00
  1.40648751E+06  6.96678677E+06  6.36934317E-09  7.37944850E+04  1.11779173E+00  0.00000000E+00
  1.40684824E+06  6.96611362E+06  6.37035006E-09  7.37972293E+04  1.11776110E+00  0.00000000E+00
  1.40720897E+06  6.96544076E+06  6.37135689E-09  7.37999736E+04  1.11773050E+00  0.00000000E+00
  1.40756970E+06  6.96476818E+06  6.37236366E-09  7.38027178E+04  1.11769994E+00  0.00000000E+00
  1.40793043E+06  6.96409589E+06  6.37337035E-09  7.38054621E+04  1.11766941E+00  0.00000000E+00
  1.40829116E+06  6.96342387E+06  6.37437699E-09  7.38082064E+04  1.11763891E+00  0.00000000E+00
  1.40865189E+06  6.96275214E+06  6.37538356E-09  7.38109506E+04  1.11760845E+00  0.00000000E+00
  1.40901262E+06  6.96208069E+06  6.37639006E-09  7.38136949E+04  1.11757802E+00  0.00000000E+00
  1.40937335E+06  6.96140953E+06  6.37739651E-09  7.38164392E+04  1.11754763E+00  0.00000000E+00
  1.40973408E+06  6.96073864E+06  6.37840289E-09  7.38191834E+04  1.11751727E+00  0.00000000E+00
  1.41009481E+06  6.96006804E+06  6.37940921E-09  7.38219277E+04  1.11748694E+00  0.00000000E+00
  1.41045554E+06  6.95939771E+06  6.38041546E-09  7.38246720E+04  1.11745665E+00  0.00000000E+00
  1.41081627E+06  6.95872766E+06  6.38142165E-09  7.38274163E+04  1.11742639E+00  0.00000000E+00
  1.41117700E+06  6.95805789E+06  6.38242778E-09  7.38301605E+04  1.11739616E+00  0.00000000E+00
  1.41153773E+06  6.95738840E+06  6.38343385E-09  7.38329048E+04  1.11736597E+00  0.00000000E+00
  1.41189846E+06  6.95671918E+06  6.38443986E-09  7.38356491E+04  1.11733581E+00  0.00000000E+00
  1.41225919E+06  6.95605025E+06  6.38544581E-09  7.38383933E+04  1.11730569E+00  0.00000000E+00
  1.41261993E+06  6.95538159E+06  6.38645170E-09  7.38411376E+04  1.11727560E+00  0.00000000E+00
  1.41298066E+06  6.95471320E+06  6.38745753E-09  7.38438819E+04  1.11724554E+00  0.00000000E+00
  1.41334139E+06  6.95404509E+06  6.38846330E-09  7.38466261E+04  1.11721551E+00  0.00000000E+00
  1.41370212E+06  6.95337725E+06  6.38946901E-09  7.38493704E+04  1.11718552E+00  0.00000000E+00
  1.41406285E+06  6.95270969E+06  6.39047466E-09  7.38521147E+04  1.11715556E+00  0.00000000E+00
  1.41442358E+06  6.95204240E+06  6.39148026E-09  7.38548589E+04  1.11712563E+00  0.00000000E+00
  1.41478431E+06  6.95137539E+06  6.39248579E-09  7.38576032E+04  1.11709574E+00  0.00000000E+00
  1.41514504E+06  6.95070864E+06  6.39349127E-09  7.38603475E+04  1.11706588E+00  0.00000000E+00
  1.41550577E+06  6.95004217E+06  6.39449669E-09  7.38630917E+04  1.11703605E+00  0.00000000E+00
  1.41586650E+06  6.94937597E+06  6.39550206E-09  7.38658360E+04  1.11700625E+00  0.00000000E+00
  1.41622723E+06  6.94871004E+06  6.39650737E-09  7.38685803E+04  1.11697649E+00  0.00000000E+00
  1.41658796E+06  6.94804438E+06  6.39751262E-09  7.38713245E+04  1.11694676E+00  0.00000000E+00
  1.41694869E+06  6.94737899E+06  6.39851782E-09  7.38740688E+04  1.11691706E+00  0.00000000E+00
  1.41730942E+06  6.94671387E+06  6.39952296E-09  7.38768131E+04  1.11688739E+00  0.00000000E+00
  1.41767015E+06  6.94604902E+06  6.40052804E-09  7.38795574E+04  1.11685776E+00  0.00000000E+00
  1.41803088E+06  6.94538443E+06  6.40153307E-09  7.38823016E+04  1.11682815E+00  0.00000000E+00
  1.41839161E+06  6.94472012E+06  6.40253805E-09  7.38850459E+04  1.11679858E+00  0.00000000E+00
  1.41875234E+06  6.94405607E+06  6.40354297E-09  7.38877902E+04  1.11676904E+00  0.00000000E+00
  1.41911307E+06  6.94339228E+06  6.40454784E-09  7.38905344E+04  1.11673954E+00  0.00000000E+00
  1.41947380E+06  6.94272877E+06  6.40555266E-09  7.38932787E+04  1.11671006E+00  0.00000000E+00
  1.41983453E+06  6.94206551E+06  6.40655742E-09  7.38960230E+04  1.11668062E+00  0.00000000E+00
  1.42019526E+06  6.94140253E+06  6.40756213E-09  7.38987672E+04  1.11665121E+00  0.00000000E+00
  1.42055599E+06  6.94073980E+06  6.40856679E-09  7.39015115E+04  1.11662183E+00  0.00000000E+00
  1.42091672E+06  6.94007735E+06  6.40957140E-09  7.39042558E+04  1.11659248E+00  0.00000000E+00
  1.42127745E+06  6.93941515E+06  6.41057595E-09  7.39070000E+04  1.11656316E+00  0.00000000E+00
  1.42163818E+06  6.93875322E+06  6.41158046E-09  7.39097443E+04  1.11653387E+00  0.00000000E+00
  1.42199891E+06  6.93809155E+06  6.41258491E-09  7.39124886E+04  1.11650462E+00  0.00000000E+00
  1.42235964E+06  6.93743014E+06  6.41358932E-09  7.39152328E+04  1.11647539E+00  0.00000000E+00
  1.42272037E+06  6.93676899E+06  6.41459367E-09  7.39179771E+04  1.11644620E+00  0.00000000E+00
  1.42308110E+06  6.93610810E+06  6.41559797E-09  7.39207214E+04  1.11641704E+00  0.00000000E+00
  1.42344183E+06  6.93544748E+06  6.41660223E-09  7.39234657E+04  1.11638791E+00  0.00000000E+00
  1.42380257E+06  6.93478711E+06  6.41760643E-09  7.39262099E+04  1.11635881E+00  0.00000000E+00
  1.42416330E+06  6.93412700E+06  6.41861059E-09  7.39289542E+04  1.11632974E+00  0.00000000E+00
  1.42452403E+06  6.93346715E+06  6.41961470E-09  7.39316985E+04  1.11630070E+00  0.00000000E+00
  1.42488476E+06  6.93280756E+06  6.42061876E-09  7.39344427E+04  1.11627169E+00  0.00000000E+00
  1.42524549E+06  6.93214823E+06  6.42162277E-09  7.39371870E+04  1.11624271E+00  0.00000000E+00
  1.42560622E+06  6.93148915E+06  6.42262674E-09  7.39399313E+04  1.11621377E+00  0.00000000E+00
  1.42596695E+06  6.93083033E+06  6.42363066E-09  7.39426755E+04  1.11618485E+00  0.00000000E+00
  1.42632768E+06  6.93017177E+06  6.42463453E-09  7.39454198E+04  1.11615596E+00  0.00000000E+00
  1.42668841E+06  6.92951346E+06  6.42563836E-09  7.39481641E+04  1.11612711E+00  0.00000000E+00
  1.42704914E+06  6.92885541E+06  6.42664214E-09  7.39509083E+04  1.11609828E+00  0.00000000E+00
  1.42740987E+06  6.92819761E+06  6.42764587E-09  7.39536526E+04  1.11606948E+00  0.00000000E+00
  1.42777060E+06  6.92754007E+06  6.42864956E-09  7.39563969E+04  1.11604072E+00  0.00000000E+00
  1.42813133E+06  6.92688278E+06  6.42965321E-09  7.39591411E+04  1.11601198E+00  0.00000000E+00
  1.42849206E+06  6.92622574E+06  6.43065681E-09  7.39618854E+04  1.11598328E+00  0.00000000E+00
  1.42885279E+06  6.92556895E+06  6.43166036E-09  7.39646297E+04  1.11595460E+00  0.00000000E+00
  1.42921352E+06  6.92491242E+06  6.43266388E-09  7.39673740E+04  1.11592595E+00  0.00000000E+00
  1.42957425E+06  6.92425614E+06  6.43366734E-09  7.39701182E+04  1.11589733E+00  0.00000000E+00
  1.42993498E+06  6.92360011E+06  6.43467077E-09  7.39728625E+04  1.11586875E+00  0.00000000E+00
  1.43029571E+06  6.92294433E+06  6.43567415E-09  7.39756068E+04  1.11584019E+00  0.00000000E+00
  1.43065644E+06  6.92228880E+06  6.43667750E-09  7.39783510E+04  1.11581166E+00  0.00000000E+00
  1.43101717E+06  6.92163352E+06  6.43768079E-09  7.39810953E+04  1.11578316E+00  0.00000000E+00
  1.43137790E+06  6.92097849E+06  6.43868405E-09  7.39838396E+04  1.11575469E+00  0.00000000E+00
  1.43173863E+06  6.92032370E+06  6.43968727E-09  7.39865838E+04  1.11572625E+00  0.00000000E+00
  1.43209936E+06  6.91966917E+06  6.44069044E-09  7.39893281E+04  1.11569784E+00  0.00000000E+00
  1.43246009E+06  6.91901488E+06  6.44169358E-09  7.39920724E+04  1.11566946E+00  0.00000000E+00
  1.43282082E+06  6.91836084E+06  6.44269667E-09  7.39948166E+04  1.11564110E+00  0.00000000E+00
  1.43318155E+06  6.91770705E+06  6.44369972E-09  7.39975609E+04  1.11561278E+00  0.00000000E+00
  1.43354228E+06  6.91705350E+06  6.44470274E-09  7.40003052E+04  1.11558448E+00  0.00000000E+00
  1.43390301E+06  6.91640020E+06  6.44570571E-09  7.40030494E+04  1.11555622E+00  0.00000000E+00
  1.43426374E+06  6.91574714E+06  6.44670865E-09  7.40057937E+04  1.11552798E+00  0.00000000E+00
  1.43462447E+06  6.91509433E+06  6.44771155E-09  7.40085380E+04  1.11549977E+00  0.00000000E+00
  1.43498520E+06  6.91444176E+06  6.44871441E-09  7.40112822E+04  1.11547159E+00  0.00000000E+00
  1.43534594E+06  6.91378944E+06  6.44971723E-09  7.40140265E+04  1.11544343E+00  0.00000000E+00
  1.43570667E+06  6.91313735E+06  6.45072001E-09  7.40167708E+04  1.11541531E+00  0.00000000E+00
  1.43606740E+06  6.91248552E+06  6.45172276E-09  7.40195151E+04  1.11538721E+00  0.00000000E+00
  1.43642813E+06  6.91183392E+06  6.45272546E-09  7.40222593E+04  1.11535915E+00  0.00000000E+00
  1.43678886E+06  6.91118257E+06  6.45372814E-09  7.40250036E+04  1.11533111E+00  0.00000000E+00
  1.43714959E+06  6.91053145E+06  6.45473077E-09  7.40277479E+04  1.11530310E+00  0.00000000E+00
  1.43751032E+06  6.90988058E+06  6.45573337E-09  7.40304921E+04  1.11527511E+00  0.00000000E+00
  1.43787105E+06  6.90922995E+06  6.45673594E-09  7.40332364E+04  1.11524716E+00  0.00000000E+00
  1.43823178E+06  6.90857956E+06  6.45773847E-09  7.40359807E+04  1.11521923E+00  0.00000000E+00
  1.43859251E+06  6.90792940E+06  6.45874096E-09  7.40387249E+04  1.11519133E+00  0.00000000E+00
  1.43895324E+06  6.90727949E+06  6.45974342E-09  7.40414692E+04  1.11516346E+00  0.00000000E+00
  1.43931397E+06  6.90662981E+06  6.46074584E-09  7.40442135E+04  1.11513562E+00  0.00000000E+00
  1.43967470E+06  6.90598037E+06  6.46174823E-09  7.40469577E+04  1.11510780E+00  0.00000000E+00
  1.44003543E+06  6.90533117E+06  6.46275059E-09  7.40497020E+04  1.11508001E+00  0.00000000E+00
  1.44039616E+06  6.90468221E+06  6.46375292E-09  7.40524463E+04  1.11505225E+00  0.00000000E+00
  1.44075689E+06  6.90403348E+06  6.46475521E-09  7.40551905E+04  1.11502452E+00  0.00000000E+00
  1.44111762E+06  6.90338499E+06  6.46575747E-09  7.40579348E+04  1.11499681E+00  0.00000000E+00
  1.44147835E+06  6.90273674E+06  6.46675969E-09  7.40606791E+04  1.11496913E+00  0.00000000E+00
  1.44183908E+06  6.90208872E+06  6.46776188E-09  7.40634234E+04  1.11494148E+00  0.00000000E+00
  1.44219981E+06  6.90144093E+06  6.46876405E-09  7.40661676E+04  1.11491385E+00  0.00000000E+00
  1.44256054E+06  6.90079338E+06  6.46976618E-09  7.40689119E+04  1.11488626E+00  0.00000000E+00
  1.44292127E+06  6.90014606E+06  6.47076828E-09  7.40716562E+04  1.11485869E+00  0.00000000E+00
  1.44328200E+06  6.89949898E+06  6.47177035E-09  7.40744004E+04  1.11483114E+00  0.00000000E+00
  1.44364273E+06  6.89885213E+06  6.47277238E-09  7.40771447E+04  1.11480362E+00  0.00000000E+00
  1.44400346E+06  6.89820551E+06  6.47377439E-09  7.40798890E+04  1.11477613E+00  0.00000000E+00
  1.44436419E+06  6.89755912E+06  6.47477637E-09  7.40826332E+04  1.11474867E+00  0.00000000E+00
  1.44472492E+06  6.89691296E+06  6.47577832E-09  7.40853775E+04  1.11472124E+00  0.00000000E+00
  1.44508565E+06  6.89626704E+06  6.47678024E-09  7.40881218E+04  1.11469383E+00  0.00000000E+00
  1.44544638E+06  6.89562134E+06  6.47778213E-09  7.40908660E+04  1.11466644E+00  0.00000000E+00
  1.44580711E+06  6.89497588E+06  6.47878399E-09  7.40936103E+04  1.11463909E+00  0.00000000E+00
  1.44616784E+06  6.89433064E+06  6.47978583E-09  7.40963546E+04  1.11461176E+00  0.00000000E+00
  1.44652858E+06  6.89368564E+06  6.48078764E-09  7.40990988E+04  1.11458445E+00  0.00000000E+00
  1.44688931E+06  6.89304086E+06  6.48178941E-09  7.41018431E+04  1.11455717E+00  0.00000000E+00
  1.44725004E+06  6.89239631E+06  6.48279117E-09  7.41045874E+04  1.11452992E+00  0.00000000E+00
  1.44761077E+06  6.89175199E+06  6.48379289E-09  7.41073316E+04  1.11450270E+00  0.00000000E+00
  1.44797150E+06  6.89110789E+06  6.48479459E-09  7.41100759E+04  1.11447550E+00  0.00000000E+00
  1.44833223E+06  6.89046403E+06  6.48579626E-09  7.41128202E+04  1.11444832E+00  0.00000000E+00
  1.44869296E+06  6.88982038E+06  6.48679791E-09  7.41155645E+04  1.11442118E+00  0.00000000E+00
  1.44905369E+06  6.88917697E+06  6.48779953E-09  7.41183087E+04  1.11439405E+00  0.00000000E+00
  1.44941442E+06  6.88853378E+06  6.48880113E-09  7.41210530E+04  1.11436696E+00  0.00000000E+00
  1.44977515E+06  6.88789082E+06  6.48980270E-09  7.41237973E+04  1.11433989E+00  0.00000000E+00
  1.45013588E+06  6.88724807E+06  6.49080424E-09  7.41265415E+04  1.11431284E+00  0.00000000E+00
  1.45049661E+06  6.88660556E+06  6.49180576E-09  7.41292858E+04  1.11428583E+00  0.00000000E+00
  1.45085734E+06  6.88596327E+06  6.49280726E-09  7.41320301E+04  1.11425883E+00  0.00000000E+00
  1.45121807E+06  6.88532120E+06  6.49380874E-09  7.41347743E+04  1.11423187E+00  0.00000000E+00
  1.45157880E+06  6.88467935E+06  6.49481019E-09  7.41375186E+04  1.11420492E+00  0.00000000E+00
  1.45193953E+06  6.88403773E+06  6.49581161E-09  7.41402629E+04  1.11417801E+00  0.00000000E+00
  1.45230026E+06  6.88339633E+06  6.49681302E-09  7.41430071E+04  1.11415112E+00  0.00000000E+00
  1.45266099E+06  6.88275515E+06  6.49781440E-09  7.41457514E+04  1.11412425E+00  0.00000000E+00
  1.45302172E+06  6.88211419E+06  6.49881576E-09  7.41484957E+04  1.11409741E+00  0.00000000E+00
  1.45338245E+06  6.88147345E+06  6.49981710E-09  7.41512399E+04  1.11407059E+00  0.00000000E+00
  1.45374318E+06  6.88083293E+06  6.50081842E-09  7.41539842E+04  1.11404380E+00  0.00000000E+00
  1.45410391E+06  6.88019263E+06  6.50181971E-09  7.41567285E+04  1.11401703E+00  0.00000000E+00
  1.45446464E+06  6.87955255E+06  6.50282099E-09  7.41594728E+04  1.11399029E+00  0.00000000E+00
  1.45482537E+06  6.87891269E+06  6.50382224E-09  7.41622170E+04  1.11396358E+00  0.00000000E+00
  1.45518610E+06  6.87827305E+06  6.50482347E-09  7.41649613E+04  1.11393689E+00  0.00000000E+00
  1.45554683E+06  6.87763362E+06  6.50582469E-09  7.41677056E+04  1.11391022E+00  0.00000000E+00
  1.45590756E+06  6.87699442E+06  6.50682588E-09  7.41704498E+04  1.11388358E+00  0.00000000E+00
  1.45626829E+06  6.87635543E+06  6.50782706E-09  7.41731941E+04  1.11385696E+00  0.00000000E+00
  1.45662902E+06  6.87571665E+06  6.50882821E-09  7.41759384E+04  1.11383037E+00  0.00000000E+00
  1.45698975E+06  6.87507810E+06  6.50982935E-09  7.41786826E+04  1.11380380E+00  0.00000000E+00
  1.45735048E+06  6.87443976E+06  6.51083047E-09  7.41814269E+04  1.11377725E+00  0.00000000E+00
  1.45771121E+06  6.87380163E+06  6.51183157E-09  7.41841712E+04  1.11375073E+00  0.00000000E+00
  1.45807195E+06  6.87316372E+06  6.51283265E-09  7.41869154E+04  1.11372424E+00  0.00000000E+00
  1.45843268E+06  6.87252602E+06  6.51383371E-09  7.41896597E+04  1.11369777E+00  0.00000000E+00
  1.45879341E+06  6.87188854E+06  6.51483476E-09  7.41924040E+04  1.11367132E+00  0.00000000E+00
  1.45915414E+06  6.87125127E+06  6.51583579E-09  7.41951482E+04  1.11364490E+00  0.00000000E+00
  1.45951487E+06  6.87061422E+06  6.51683681E-09  7.41978925E+04  1.11361850E+00  0.00000000E+00
  1.45987560E+06  6.86997738E+06  6.51783781E-09  7.42006368E+04  1.11359212E+00  0.00000000E+00
  1.46023633E+06  6.86934075E+06  6.51883879E-09  7.42033811E+04  1.11356577E+00  0.00000000E+00
  1.46059706E+06  6.86870433E+06  6.51983975E-09  7.42061253E+04  1.11353944E+00  0.00000000E+00
  1.46095779E+06  6.86806813E+06  6.52084071E-09  7.42088696E+04  1.11351314E+00  0.00000000E+00
  1.46131852E+06  6.86743213E+06  6.52184164E-09  7.42116139E+04  1.11348686E+00  0.00000000E+00
  1.46167925E+06  6.86679635E+06  6.52284256E-09  7.42143581E+04  1.11346060E+00  0.00000000E+00
  1.46203998E+06  6.86616077E+06  6.52384347E-09  7.42171024E+04  1.11343437E+00  0.00000000E+00
  1.46240071E+06  6.86552541E+06  6.52484436E-09  7.42198467E+04  1.11340816E+00  0.00000000E+00
  1.46276144E+06  6.86489025E+06  6.52584524E-09  7.42225909E+04  1.11338198E+00  0.00000000E+00
  1.46312217E+06  6.86425531E+06  6.52684611E-09  7.42253352E+04  1.11335581E+00  0.00000000E+00
  1.46348290E+06  6.86362057E+06  6.52784696E-09  7.42280795E+04  1.11332967E+00  0.00000000E+00
  1.46384363E+06  6.86298604E+06  6.52884780E-09  7.42308237E+04  1.11330356E+00  0.00000000E+00
  1.46420436E+06  6.86235172E+06  6.52984862E-09  7.42335680E+04  1.11327747E+00  0.00000000E+00
  1.46456509E+06  6.86171761E+06  6.53084944E-09  7.42363123E+04  1.11325140E+00  0.00000000E+00
  1.46492582E+06  6.86108370E+06  6.53185024E-09  7.42390565E+04  1.11322535E+00  0.00000000E+00
  1.46528655E+06  6.86045001E+06  6.53285103E-09  7.42418008E+04  1.11319933E+00  0.00000000E+00
  1.46564728E+06  6.85981651E+06  6.53385181E-09  7.42445451E+04  1.11317333E+00  0.00000000E+00
  1.46600801E+06  6.85918322E+06  6.53485257E-09  7.42472893E+04  1.11314735E+00  0.00000000E+00
  1.46636874E+06  6.85855014E+06  6.53585333E-09  7.42500336E+04  1.11312139E+00  0.00000000E+00
  1.46672947E+06  6.85791727E+06  6.53685407E-09  7.42527779E+04  1.11309546E+00  0.00000000E+00
  1.46709020E+06  6.85728459E+06  6.53785481E-09  7.42555222E+04  1.11306955E+00  0.00000000E+00
  1.46745093E+06  6.85665212E+06  6.53885554E-09  7.42582664E+04  1.11304367E+00  0.00000000E+00
  1.46781166E+06  6.85601986E+06  6.53985625E-09  7.42610107E+04  1.11301780E+00  0.00000000E+00
  1.46817239E+06  6.85538780E+06  6.54085696E-09  7.42637550E+04  1.11299196E+00  0.00000000E+00
  1.46853312E+06  6.85475594E+06  6.54185765E-09  7.42664992E+04  1.11296614E+00  0.00000000E+00
  1.46889385E+06  6.85412428E+06  6.54285834E-09  7.42692435E+04  1.11294035E+00  0.00000000E+00
  1.46925459E+06  6.85349283E+06  6.54385902E-09  7.42719878E+04  1.11291457E+00  0.00000000E+00
  1.46961532E+06  6.85286158E+06  6.54485969E-09  7.42747320E+04  1.11288882E+00  0.00000000E+00
  1.46997605E+06  6.85223053E+06  6.54586036E-09  7.42774763E+04  1.11286309E+00  0.00000000E+00
  1.47033678E+06  6.85159968E+06  6.54686101E-09  7.42802206E+04  1.11283738E+00  0.00000000E+00
  1.47069751E+06  6.85096903E+06  6.54786166E-09  7.42829648E+04  1.11281170E+00  0.00000000E+00
  1.47105824E+06  6.85033858E+06  6.54886230E-09  7.42857091E+04  1.11278604E+00  0.00000000E+00
  1.47141897E+06  6.84970833E+06  6.54986294E-09  7.42884534E+04  1.11276039E+00  0.00000000E+00
  1.47177970E+06  6.84907828E+06  6.55086357E-09  7.42911976E+04  1.11273478E+00  0.00000000E+00
  1.47214043E+06  6.84844843E+06  6.55186419E-09  7.42939419E+04  1.11270918E+00  0.00000000E+00
  1.47250116E+06  6.84781878E+06  6.55286481E-09  7.42966862E+04  1.11268360E+00  0.00000000E+00
  1.47286189E+06  6.84718932E+06  6.55386542E-09  7.42994305E+04  1.11265805E+00  0.00000000E+00
  1.47322262E+06  6.84656006E+06  6.55486602E-09  7.43021747E+04  1.11263252E+00  0.00000000E+00
  1.47358335E+06  6.84593100E+06  6.55586662E-09  7.43049190E+04  1.11260701E+00  0.00000000E+00
  1.47394408E+06  6.84530214E+06  6.55686722E-09  7.43076633E+04  1.11258152E+00  0.00000000E+00
  1.47430481E+06  6.84467348E+06  6.55786781E-09  7.43104075E+04  1.11255605E+00  0.00000000E+00
  1.47466554E+06  6.84404501E+06  6.55886839E-09  7.43131518E+04  1.11253061E+00  0.00000000E+00
  1.47502627E+06  6.84341673E+06  6.55986898E-09  7.43158961E+04  1.11250518E+00  0.00000000E+00
  1.47538700E+06  6.84278865E+06  6.56086956E-09  7.43186403E+04  1.11247978E+00  0.00000000E+00
  1.47574773E+06  6.84216077E+06  6.56187013E-09  7.43213846E+04  1.11245440E+00  0.00000000E+00
  1.47610846E+06  6.84153308E+06  6.56287070E-09  7.43241289E+04  1.11242904E+00  0.00000000E+00
  1.47646919E+06  6.84090559E+06  6.56387127E-09  7.43268731E+04  1.11240370E+00  0.00000000E+00
  1.47682992E+06  6.84027829E+06  6.56487184E-09  7.43296174E+04  1.11237838E+00  0.00000000E+00
  1.47719065E+06  6.83965118E+06  6.56587241E-09  7.43323617E+04  1.11235308E+00  0.00000000E+00
  1.47755138E+06  6.83902427E+06  6.56687297E-09  7.43351059E+04  1.11232781E+00  0.00000000E+00
  1.47791211E+06  6.83839754E+06  6.56787353E-09  7.43378502E+04  1.11230255E+00  0.00000000E+00
  1.47827284E+06  6.83777101E+06  6.56887409E-09  7.43405945E+04  1.11227732E+00  0.00000000E+00
  1.47863357E+06  6.83714468E+06  6.56987465E-09  7.43433387E+04  1.11225211E+00  0.00000000E+00
  1.47899430E+06  6.83651853E+06  6.57087521E-09  7.43460830E+04  1.11222691E+00  0.00000000E+00
  1.47935503E+06  6.83589258E+06  6.57187577E-09  7.43488273E+04  1.11220174E+00  0.00000000E+00
  1.47971576E+06  6.83526681E+06  6.57287633E-09  7.43515716E+04  1.11217659E+00  0.00000000E+00
  1.48007649E+06  6.83464124E+06  6.57387688E-09  7.43543158E+04  1.11215146E+00  0.00000000E+00
  1.48043722E+06  6.83401586E+06  6.57487744E-09  7.43570601E+04  1.11212635E+00  0.00000000E+00
  1.48079796E+06  6.83339066E+06  6.57587800E-09  7.43598044E+04  1.11210126E+00  0.00000000E+00
  1.48115869E+06  6.83276566E+06  6.57687856E-09  7.43625486E+04  1.11207619E+00  0.00000000E+00
  1.48151942E+06  6.83214085E+06  6.57787912E-09  7.43652929E+04  1.11205115E+00  0.00000000E+00
  1.48188015E+06  6.83151622E+06  6.57887968E-09  7.43680372E+04  1.11202612E+00  0.00000000E+00
  1.48224088E+06  6.83089178E+06  6.57988025E-09  7.43707814E+04  1.11200111E+00  0.00000000E+00
  1.48260161E+06  6.83026753E+06  6.58088081E-09  7.43735257E+04  1.11197612E+00  0.00000000E+00
  1.48296234E+06  6.82964347E+06  6.58188138E-09  7.43762700E+04  1.11195116E+00  0.00000000E+00
  1.48332307E+06  6.82901959E+06  6.58288195E-09  7.43790142E+04  1.11192621E+00  0.00000000E+00
  1.48368380E+06  6.82839590E+06  6.58388253E-09  7.43817585E+04  1.11190128E+00  0.00000000E+00
  1.48404453E+06  6.82777240E+06  6.58488310E-09  7.43845028E+04  1.11187638E+00  0.00000000E+00
  1.48440526E+06  6.82714908E+06  6.58588368E-09  7.43872470E+04  1.11185149E+00  0.00000000E+00
  1.48476599E+06  6.82652595E+06  6.58688427E-09  7.43899913E+04  1.11182662E+00  0.00000000E+00
  1.48512672E+06  6.82590300E+06  6.58788486E-09  7.43927356E+04  1.11180177E+00  0.00000000E+00
  1.48548745E+06  6.82528024E+06  6.58888545E-09  7.43954799E+04  1.11177695E+00  0.00000000E+00
  1.48584818E+06  6.82465766E+06  6.58988605E-09  7.43982241E+04  1.11175214E+00  0.00000000E+00
  1.48620891E+06  6.82403527E+06  6.59088665E-09  7.44009684E+04  1.11172735E+00  0.00000000E+00
  1.48656964E+06  6.82341306E+06  6.59188725E-09  7.44037127E+04  1.11170258E+00  0.00000000E+00
  1.48693037E+06  6.82279103E+06  6.59288786E-09  7.44064569E+04  1.11167783E+00  0.00000000E+00
  1.48729110E+06  6.82216919E+06  6.59388848E-09  7.44092012E+04  1.11165311E+00  0.00000000E+00
  1.48765183E+06  6.82154753E+06  6.59488911E-09  7.44119455E+04  1.11162840E+00  0.00000000E+00
  1.48801256E+06  6.82092605E+06  6.59588973E-09  7.44146897E+04  1.11160371E+00  0.00000000E+00
  1.48837329E+06  6.82030475E+06  6.59689037E-09  7.44174340E+04  1.11157903E+00  0.00000000E+00
  1.48873402E+06  6.81968364E+06  6.59789101E-09  7.44201783E+04  1.11155438E+00  0.00000000E+00
  1.48909475E+06  6.81906271E+06  6.59889166E-09  7.44229225E+04  1.11152975E+00  0.00000000E+00
  1.48945548E+06  6.81844195E+06  6.59989232E-09  7.44256668E+04  1.11150514E+00  0.00000000E+00
  1.48981621E+06  6.81782138E+06  6.60089298E-09  7.44284111E+04  1.11148054E+00  0.00000000E+00
  1.49017694E+06  6.81720099E+06  6.60189366E-09  7.44311553E+04  1.11145597E+00  0.00000000E+00
  1.49053767E+06  6.81658078E+06  6.60289434E-09  7.44338996E+04  1.11143141E+00  0.00000000E+00
  1.49089840E+06  6.81596074E+06  6.60389502E-09  7.44366439E+04  1.11140688E+00  0.00000000E+00
  1.49125913E+06  6.81534089E+06  6.60489572E-09  7.44393882E+04  1.11138236E+00  0.00000000E+00
  1.49161986E+06  6.81472121E+06  6.60589643E-09  7.44421324E+04  1.11135786E+00  0.00000000E+00
  1.49198060E+06  6.81410172E+06  6.60689714E-09  7.44448767E+04  1.11133338E+00  0.00000000E+00
  1.49234133E+06  6.81348240E+06  6.60789786E-09  7.44476210E+04  1.11130892E+00  0.00000000E+00
  1.49270206E+06  6.81286326E+06  6.60889860E-09  7.44503652E+04  1.11128447E+00  0.00000000E+00
  1.49306279E+06  6.81224429E+06  6.60989934E-09  7.44531095E+04  1.11126005E+00  0.00000000E+00
  1.49342352E+06  6.81162551E+06  6.61090010E-09  7.44558538E+04  1.11123565E+00  0.00000000E+00
  1.49378425E+06  6.81100690E+06  6.61190086E-09  7.44585980E+04  1.11121126E+00  0.00000000E+00
  1.49414498E+06  6.81038846E+06  6.61290163E-09  7.44613423E+04  1.11118689E+00  0.00000000E+00
  1.49450571E+06  6.80977020E+06  6.61390242E-09  7.44640866E+04  1.11116254E+00  0.00000000E+00
  1.49486644E+06  6.80915212E+06  6.61490322E-09  7.44668308E+04  1.11113821E+00  0.00000000E+00
  1.49522717E+06  6.80853421E+06  6.61590403E-09  7.44695751E+04  1.11111390E+00  0.00000000E+00
  1.49558790E+06  6.80791648E+06  6.61690485E-09  7.44723194E+04  1.11108960E+00  0.00000000E+00
  1.49594863E+06  6.80729892E+06  6.61790568E-09  7.44750636E+04  1.11106532E+00  0.00000000E+00
  1.49630936E+06  6.80668154E+06  6.61890652E-09  7.44778079E+04  1.11104107E+00  0.00000000E+00
  1.49667009E+06  6.80606433E+06  6.61990738E-09  7.44805522E+04  1.11101683E+00  0.00000000E+00
  1.49703082E+06  6.80544729E+06  6.62090825E-09  7.44832964E+04  1.11099260E+00  0.00000000E+00
  1.49739155E+06  6.80483042E+06  6.62190913E-09  7.44860407E+04  1.11096840E+00  0.00000000E+00
  1.49775228E+06  6.80421373E+06  6.62291003E-09  7.44887850E+04  1.11094421E+00  0.00000000E+00
  1.49811301E+06  6.80359721E+06  6.62391094E-09  7.44915293E+04  1.11092005E+00  0.00000000E+00
  1.49847374E+06  6.80298087E+06  6.62491186E-09  7.44942735E+04  1.11089590E+00  0.00000000E+00
  1.49883447E+06  6.80236469E+06  6.62591280E-09  7.44970178E+04  1.11087176E+00  0.00000000E+00
  1.49919520E+06  6.80174869E+06  6.62691375E-09  7.44997621E+04  1.11084765E+00  0.00000000E+00
  1.49955593E+06  6.80113286E+06  6.62791472E-09  7.45025063E+04  1.11082355E+00  0.00000000E+00
  1.49991666E+06  6.80051719E+06  6.62891570E-09  7.45052506E+04  1.11079947E+00  0.00000000E+00
  1.50027739E+06  6.79990170E+06  6.62991670E-09  7.45079949E+04  1.11077541E+00  0.00000000E+00
  1.50063812E+06  6.79928638E+06  6.63091771E-09  7.45107391E+04  1.11075137E+00  0.00000000E+00
  1.50099885E+06  6.79867123E+06  6.63191874E-09  7.45134834E+04  1.11072734E+00  0.00000000E+00
  1.50135958E+06  6.79805625E+06  6.63291978E-09  7.45162277E+04  1.11070333E+00  0.00000000E+00
  1.50172031E+06  6.79744143E+06  6.63392085E-09  7.45189719E+04  1.11067934E+00  0.00000000E+00
  1.50208104E+06  6.79682679E+06  6.63492192E-09  7.45217162E+04  1.11065537E+00  0.00000000E+00
  1.50244177E+06  6.79621231E+06  6.63592302E-09  7.45244605E+04  1.11063141E+00  0.00000000E+00
  1.50280250E+06  6.79559800E+06  6.63692413E-09  7.45272047E+04  1.11060747E+00  0.00000000E+00
  1.50316323E+06  6.79498386E+06  6.63792525E-09  7.45299490E+04  1.11058355E+00  0.00000000E+00
  1.50352397E+06  6.79436989E+06  6.63892640E-09  7.45326933E+04  1.11055964E+00  0.00000000E+00
  1.50388470E+06  6.79375608E+06  6.63992756E-09  7.45354376E+04  1.11053576E+00  0.00000000E+00
  1.50424543E+06  6.79314244E+06  6.64092874E-09  7.45381818E+04  1.11051189E+00  0.00000000E+00
  1.50460616E+06  6.79252897E+06  6.64192994E-09  7.45409261E+04  1.11048803E+00  0.00000000E+00
  1.50496689E+06  6.79191566E+06  6.64293116E-09  7.45436704E+04  1.11046420E+00  0.00000000E+00
  1.50532762E+06  6.79130252E+06  6.64393239E-09  7.45464146E+04  1.11044038E+00  0.00000000E+00
  1.50568835E+06  6.79068954E+06  6.64493365E-09  7.45491589E+04  1.11041657E+00  0.00000000E+00
  1.50604908E+06  6.79007673E+06  6.64593492E-09  7.45519032E+04  1.11039279E+00  0.00000000E+00
  1.50640981E+06  6.78946408E+06  6.64693622E-09  7.45546474E+04  1.11036902E+00  0.00000000E+00
  1.50677054E+06  6.78885160E+06  6.64793753E-09  7.45573917E+04  1.11034526E+00  0.00000000E+00
  1.50713127E+06  6.78823928E+06  6.64893887E-09  7.45601360E+04  1.11032153E+00  0.00000000E+00
  1.50749200E+06  6.78762713E+06  6.64994022E-09  7.45628802E+04  1.11029781E+00  0.00000000E+00
  1.50785273E+06  6.78701514E+06  6.65094159E-09  7.45656245E+04  1.11027411E+00  0.00000000E+00
  1.50821346E+06  6.78640331E+06  6.65194299E-09  7.45683688E+04  1.11025042E+00  0.00000000E+00
  1.50857419E+06  6.78579164E+06  6.65294441E-09  7.45711130E+04  1.11022675E+00  0.00000000E+00
  1.50893492E+06  6.78518014E+06  6.65394584E-09  7.45738573E+04  1.11020310E+00  0.00000000E+00
  1.50929565E+06  6.78456880E+06  6.65494730E-09  7.45766016E+04  1.11017946E+00  0.00000000E+00
  1.50965638E+06  6.78395762E+06  6.65594878E-09  7.45793459E+04  1.11015584E+00  0.00000000E+00
  1.51001711E+06  6.78334660E+06  6.65695029E-09  7.45820901E+04  1.11013224E+00  0.00000000E+00
  1.51037784E+06  6.78273574E+06  6.65795181E-09  7.45848344E+04  1.11010865E+00  0.00000000E+00
  1.51073857E+06  6.78212505E+06  6.65895336E-09  7.45875787E+04  1.11008508E+00  0.00000000E+00
  1.51109930E+06  6.78151451E+06  6.65995493E-09  7.45903229E+04  1.11006152E+00  0.00000000E+00
  1.51146003E+06  6.78090414E+06  6.66095652E-09  7.45930672E+04  1.11003799E+00  0.00000000E+00
  1.51182076E+06  6.78029392E+06  6.66195814E-09  7.45958115E+04  1.11001446E+00  0.00000000E+00
  1.51218149E+06  6.77968387E+06  6.66295978E-09  7.45985557E+04  1.10999095E+00  0.00000000E+00
  1.51254222E+06  6.77907397E+06  6.66396144E-09  7.46013000E+04  1.10996746E+00  0.00000000E+00
  1.51290295E+06  6.77846423E+06  6.66496313E-09  7.46040443E+04  1.10994399E+00  0.00000000E+00
  1.51326368E+06  6.77785465E+06  6.66596485E-09  7.46067885E+04  1.10992053E+00  0.00000000E+00
  1.51362441E+06  6.77724523E+06  6.66696658E-09  7.46095328E+04  1.10989709E+00  0.00000000E+00
  1.51398514E+06  6.77663597E+06  6.66796834E-09  7.46122771E+04  1.10987366E+00  0.00000000E+00
  1.51434587E+06  6.77602687E+06  6.66897013E-09  7.46150213E+04  1.10985025E+00  0.00000000E+00
  1.51470661E+06  6.77541792E+06  6.66997194E-09  7.46177656E+04  1.10982685E+00  0.00000000E+00
  1.51506734E+06  6.77480913E+06  6.67097378E-09  7.46205099E+04  1.10980347E+00  0.00000000E+00
  1.51542807E+06  6.77420049E+06  6.67197564E-09  7.46232541E+04  1.10978010E+00  0.00000000E+00
  1.51578880E+06  6.77359202E+06  6.67297753E-09  7.46259984E+04  1.10975676E+00  0.00000000E+00
  1.51614953E+06  6.77298369E+06  6.67397945E-09  7.46287427E+04  1.10973342E+00  0.00000000E+00
  1.51651026E+06  6.77237553E+06  6.67498139E-09  7.46314870E+04  1.10971010E+00  0.00000000E+00
  1.51687099E+06  6.77176752E+06  6.67598336E-09  7.46342312E+04  1.10968680E+00  0.00000000E+00
  1.51723172E+06  6.77115966E+06  6.67698535E-09  7.46369755E+04  1.10966351E+00  0.00000000E+00
  1.51759245E+06  6.77055196E+06  6.67798737E-09  7.46397198E+04  1.10964024E+00  0.00000000E+00
  1.51795318E+06  6.76994442E+06  6.67898942E-09  7.46424640E+04  1.10961698E+00  0.00000000E+00
  1.51831391E+06  6.76933703E+06  6.67999150E-09  7.46452083E+04  1.10959374E+00  0.00000000E+00
  1.51867464E+06  6.76872979E+06  6.68099361E-09  7.46479526E+04  1.10957051E+00  0.00000000E+00
  1.51903537E+06  6.76812271E+06  6.68199574E-09  7.46506968E+04  1.10954730E+00  0.00000000E+00
  1.51939610E+06  6.76751577E+06  6.68299790E-09  7.46534411E+04  1.10952411E+00  0.00000000E+00
  1.51975683E+06  6.76690900E+06  6.68400009E-09  7.46561854E+04  1.10950093E+00  0.00000000E+00
  1.52011756E+06  6.76630237E+06  6.68500231E-09  7.46589296E+04  1.10947776E+00  0.00000000E+00
  1.52047829E+06  6.76569590E+06  6.68600456E-09  7.46616739E+04  1.10945461E+00  0.00000000E+00
  1.52083902E+06  6.76508958E+06  6.68700684E-09  7.46644182E+04  1.10943147E+00  0.00000000E+00
  1.52119975E+06  6.76448341E+06  6.68800914E-09  7.46671624E+04  1.10940835E+00  0.00000000E+00
  1.52156048E+06  6.76387739E+06  6.68901148E-09  7.46699067E+04  1.10938524E+00  0.00000000E+00
  1.52192121E+06  6.76327153E+06  6.69001385E-09  7.46726510E+04  1.10936215E+00  0.00000000E+00
  1.52228194E+06  6.76266581E+06  6.69101625E-09  7.46753953E+04  1.10933907E+00  0.00000000E+00
  1.52264267E+06  6.76206025E+06  6.69201868E-09  7.46781395E+04  1.10931601E+00  0.00000000E+00
  1.52300340E+06  6.76145484E+06  6.69302113E-09  7.46808838E+04  1.10929296E+00  0.00000000E+00
  1.52336413E+06  6.76084957E+06  6.69402362E-09  7.46836281E+04  1.10926993E+00  0.00000000E+00
  1.52372486E+06  6.76024446E+06  6.69502615E-09  7.46863723E+04  1.10924691E+00  0.00000000E+00
  1.52408559E+06  6.75963949E+06  6.69602870E-09  7.46891166E+04  1.10922391E+00  0.00000000E+00
  1.52444632E+06  6.75903468E+06  6.69703128E-09  7.46918609E+04  1.10920092E+00  0.00000000E+00
  1.52480705E+06  6.75843001E+06  6.69803390E-09  7.46946051E+04  1.10917794E+00  0.00000000E+00
  1.52516778E+06  6.75782549E+06  6.69903655E-09  7.46973494E+04  1.10915498E+00  0.00000000E+00
  1.52552851E+06  6.75722112E+06  6.70003923E-09  7.47000937E+04  1.10913203E+00  0.00000000E+00
  1.52588925E+06  6.75661690E+06  6.70104194E-09  7.47028379E+04  1.10910910E+00  0.00000000E+00
  1.52624998E+06  6.75601282E+06  6.70204469E-09  7.47055822E+04  1.10908618E+00  0.00000000E+00
  1.52661071E+06  6.75540890E+06  6.70304747E-09  7.47083265E+04  1.10906328E+00  0.00000000E+00
  1.52697144E+06  6.75480512E+06  6.70405028E-09  7.47110707E+04  1.10904039E+00  0.00000000E+00
  1.52733217E+06  6.75420148E+06  6.70505313E-09  7.47138150E+04  1.10901751E+00  0.00000000E+00
  1.52769290E+06  6.75359800E+06  6.70605601E-09  7.47165593E+04  1.10899465E+00  0.00000000E+00
  1.52805363E+06  6.75299466E+06  6.70705892E-09  7.47193035E+04  1.10897180E+00  0.00000000E+00
  1.52841436E+06  6.75239146E+06  6.70806187E-09  7.47220478E+04  1.10894897E+00  0.00000000E+00
  1.52877509E+06  6.75178841E+06  6.70906485E-09  7.47247921E+04  1.10892615E+00  0.00000000E+00
  1.52913582E+06  6.75118551E+06  6.71006787E-09  7.47275364E+04  1.10890334E+00  0.00000000E+00
  1.52949655E+06  6.75058275E+06  6.71107093E-09  7.47302806E+04  1.10888055E+00  0.00000000E+00
  1.52985728E+06  6.74998013E+06  6.71207401E-09  7.47330249E+04  1.10885777E+00  0.00000000E+00
  1.53021801E+06  6.74937766E+06  6.71307714E-09  7.47357692E+04  1.10883501E+00  0.00000000E+00
  1.53057874E+06  6.74877534E+06  6.71408030E-09  7.47385134E+04  1.10881226E+00  0.00000000E+00
  1.53093947E+06  6.74817316E+06  6.71508349E-09  7.47412577E+04  1.10878952E+00  0.00000000E+00
  1.53130020E+06  6.74757112E+06  6.71608672E-09  7.47440020E+04  1.10876679E+00  0.00000000E+00
  1.53166093E+06  6.74696922E+06  6.71708999E-09  7.47467462E+04  1.10874408E+00  0.00000000E+00
  1.53202166E+06  6.74636747E+06  6.71809330E-09  7.47494905E+04  1.10872139E+00  0.00000000E+00
  1.53238239E+06  6.74576586E+06  6.71909664E-09  7.47522348E+04  1.10869871E+00  0.00000000E+00
  1.53274312E+06  6.74516440E+06  6.72010002E-09  7.47549790E+04  1.10867604E+00  0.00000000E+00
  1.53310385E+06  6.74456307E+06  6.72110343E-09  7.47577233E+04  1.10865338E+00  0.00000000E+00
  1.53346458E+06  6.74396189E+06  6.72210688E-09  7.47604676E+04  1.10863074E+00  0.00000000E+00
  1.53382531E+06  6.74336085E+06  6.72311038E-09  7.47632118E+04  1.10860811E+00  0.00000000E+00
  1.53418604E+06  6.74275995E+06  6.72411390E-09  7.47659561E+04  1.10858549E+00  0.00000000E+00
  1.53454677E+06  6.74215919E+06  6.72511747E-09  7.47687004E+04  1.10856289E+00  0.00000000E+00
  1.53490750E+06  6.74155857E+06  6.72612108E-09  7.47714447E+04  1.10854030E+00  0.00000000E+00
  1.53526823E+06  6.74095809E+06  6.72712472E-09  7.47741889E+04  1.10851772E+00  0.00000000E+00
  1.53562896E+06  6.74035776E+06  6.72812840E-09  7.47769332E+04  1.10849516E+00  0.00000000E+00
  1.53598969E+06  6.73975756E+06  6.72913213E-09  7.47796775E+04  1.10847261E+00  0.00000000E+00
  1.53635042E+06  6.73915750E+06  6.73013589E-09  7.47824217E+04  1.10845007E+00  0.00000000E+00
  1.53671115E+06  6.73855758E+06  6.73113969E-09  7.47851660E+04  1.10842755E+00  0.00000000E+00
  1.53707188E+06  6.73795780E+06  6.73214353E-09  7.47879103E+04  1.10840504E+00  0.00000000E+00
  1.53743262E+06  6.73735816E+06  6.73314741E-09  7.47906545E+04  1.10838254E+00  0.00000000E+00
  1.53779335E+06  6.73675866E+06  6.73415133E-09  7.47933988E+04  1.10836005E+00  0.00000000E+00
  1.53815408E+06  6.73615930E+06  6.73515529E-09  7.47961431E+04  1.10833758E+00  0.00000000E+00
  1.53851481E+06  6.73556007E+06  6.73615930E-09  7.47988873E+04  1.10831512E+00  0.00000000E+00
  1.53887554E+06  6.73496098E+06  6.73716334E-09  7.48016316E+04  1.10829267E+00  0.00000000E+00
  1.53923627E+06  6.73436203E+06  6.73816742E-09  7.48043759E+04  1.10827024E+00  0.00000000E+00
  1.53959700E+06  6.73376322E+06  6.73917155E-09  7.48071201E+04  1.10824781E+00  0.00000000E+00
  1.53995773E+06  6.73316454E+06  6.74017571E-09  7.48098644E+04  1.10822540E+00  0.00000000E+00
  1.54031846E+06  6.73256600E+06  6.74117992E-09  7.48126087E+04  1.10820301E+00  0.00000000E+00
  1.54067919E+06  6.73196760E+06  6.74218417E-09  7.48153530E+04  1.10818062E+00  0.00000000E+00
  1.54103992E+06  6.73136933E+06  6.74318847E-09  7.48180972E+04  1.10815825E+00  0.00000000E+00
  1.54140065E+06  6.73077120E+06  6.74419280E-09  7.48208415E+04  1.10813589E+00  0.00000000E+00
  1.54176138E+06  6.73017321E+06  6.74519718E-09  7.48235858E+04  1.10811355E+00  0.00000000E+00
  1.54212211E+06  6.72957535E+06  6.74620160E-09  7.48263300E+04  1.10809121E+00  0.00000000E+00
  1.54248284E+06  6.72897762E+06  6.74720607E-09  7.48290743E+04  1.10806889E+00  0.00000000E+00
  1.54284357E+06  6.72838003E+06  6.74821057E-09  7.48318186E+04  1.10804658E+00  0.00000000E+00
  1.54320430E+06  6.72778257E+06  6.74921513E-09  7.48345628E+04  1.10802428E+00  0.00000000E+00
  1.54356503E+06  6.72718525E+06  6.75021972E-09  7.48373071E+04  1.10800200E+00  0.00000000E+00
  1.54392576E+06  6.72658806E+06  6.75122436E-09  7.48400514E+04  1.10797972E+00  0.00000000E+00
  1.54428649E+06  6.72599101E+06  6.75222904E-09  7.48427956E+04  1.10795746E+00  0.00000000E+00
  1.54464722E+06  6.72539409E+06  6.75323377E-09  7.48455399E+04  1.10793521E+00  0.00000000E+00
  1.54500795E+06  6.72479730E+06  6.75423854E-09  7.48482842E+04  1.10791298E+00  0.00000000E+00
  1.54536868E+06  6.72420064E+06  6.75524336E-09  7.48510284E+04  1.10789075E+00  0.00000000E+00
  1.54572941E+06  6.72360412E+06  6.75624822E-09  7.48537727E+04  1.10786854E+00  0.00000000E+00
  1.54609014E+06  6.72300773E+06  6.75725313E-09  7.48565170E+04  1.10784634E+00  0.00000000E+00
  1.54645087E+06  6.72241147E+06  6.75825808E-09  7.48592612E+04  1.10782415E+00  0.00000000E+00
  1.54681160E+06  6.72181534E+06  6.75926308E-09  7.48620055E+04  1.10780197E+00  0.00000000E+00
  1.54717233E+06  6.72121935E+06  6.76026812E-09  7.48647498E+04  1.10777980E+00  0.00000000E+00
  1.54753306E+06  6.72062349E+06  6.76127322E-09  7.48674941E+04  1.10775765E+00  0.00000000E+00
  1.54789379E+06  6.72002775E+06  6.76227835E-09  7.48702383E+04  1.10773551E+00  0.00000000E+00
  1.54825452E+06  6.71943215E+06  6.76328354E-09  7.48729826E+04  1.10771338E+00  0.00000000E+00
  1.54861526E+06  6.71883668E+06  6.76428877E-09  7.48757269E+04  1.10769126E+00  0.00000000E+00
  1.54897599E+06  6.71824134E+06  6.76529404E-09  7.48784711E+04  1.10766915E+00  0.00000000E+00
  1.54933672E+06  6.71764613E+06  6.76629937E-09  7.48812154E+04  1.10764706E+00  0.00000000E+00
  1.54969745E+06  6.71705105E+06  6.76730474E-09  7.48839597E+04  1.10762497E+00  0.00000000E+00
  1.55005818E+06  6.71645609E+06  6.76831016E-09  7.48867039E+04  1.10760290E+00  0.00000000E+00
  1.55041891E+06  6.71586127E+06  6.76931563E-09  7.48894482E+04  1.10758084E+00  0.00000000E+00
  1.55077964E+06  6.71526658E+06  6.77032115E-09  7.48921925E+04  1.10755879E+00  0.00000000E+00
  1.55114037E+06  6.71467201E+06  6.77132671E-09  7.48949367E+04  1.10753675E+00  0.00000000E+00
  1.55150110E+06  6.71407758E+06  6.77233232E-09  7.48976810E+04  1.10751472E+00  0.00000000E+00
  1.55186183E+06  6.71348327E+06  6.77333798E-09  7.49004253E+04  1.10749271E+00  0.00000000E+00
  1.55222256E+06  6.71288909E+06  6.77434369E-09  7.49031695E+04  1.10747070E+00  0.00000000E+00
  1.55258329E+06  6.71229504E+06  6.77534945E-09  7.49059138E+04  1.10744871E+00  0.00000000E+00
  1.55294402E+06  6.71170111E+06  6.77635526E-09  7.49086581E+04  1.10742673E+00  0.00000000E+00
  1.55330475E+06  6.71110731E+06  6.77736112E-09  7.49114024E+04  1.10740476E+00  0.00000000E+00
  1.55366548E+06  6.71051364E+06  6.77836703E-09  7.49141466E+04  1.10738280E+00  0.00000000E+00
  1.55402621E+06  6.70992010E+06  6.77937299E-09  7.49168909E+04  1.10736085E+00  0.00000000E+00
  1.55438694E+06  6.70932668E+06  6.78037900E-09  7.49196352E+04  1.10733891E+00  0.00000000E+00
  1.55474767E+06  6.70873339E+06  6.78138506E-09  7.49223794E+04  1.10731699E+00  0.00000000E+00
  1.55510840E+06  6.70814022E+06  6.78239117E-09  7.49251237E+04  1.10729507E+00  0.00000000E+00
  1.55546913E+06  6.70754718E+06  6.78339733E-09  7.49278680E+04  1.10727317E+00  0.00000000E+00
  1.55582986E+06  6.70695427E+06  6.78440354E-09  7.49306122E+04  1.10725127E+00  0.00000000E+00
  1.55619059E+06  6.70636148E+06  6.78540980E-09  7.49333565E+04  1.10722939E+00  0.00000000E+00
  1.55655132E+06  6.70576881E+06  6.78641612E-09  7.49361008E+04  1.10720752E+00  0.00000000E+00
  1.55691205E+06  6.70517627E+06  6.78742248E-09  7.49388450E+04  1.10718565E+00  0.00000000E+00
  1.55727278E+06  6.70458386E+06  6.78842890E-09  7.49415893E+04  1.10716380E+00  0.00000000E+00
  1.55763351E+06  6.70399157E+06  6.78943537E-09  7.49443336E+04  1.10714196E+00  0.00000000E+00
  1.55799424E+06  6.70339940E+06  6.79044189E-09  7.49470778E+04  1.10712013E+00  0.00000000E+00
  1.55835497E+06  6.70280736E+06  6.79144847E-09  7.49498221E+04  1.10709832E+00  0.00000000E+00
  1.55871570E+06  6.70221544E+06  6.79245509E-09  7.49525664E+04  1.10707651E+00  0.00000000E+00
  1.55907643E+06  6.70162364E+06  6.79346177E-09  7.49553107E+04  1.10705471E+00  0.00000000E+00
  1.55943716E+06  6.70103196E+06  6.79446851E-09  7.49580549E+04  1.10703292E+00  0.00000000E+00
  1.55979789E+06  6.70044041E+06  6.79547529E-09  7.49607992E+04  1.10701115E+00  0.00000000E+00
  1.56015863E+06  6.69984898E+06  6.79648213E-09  7.49635435E+04  1.10698938E+00  0.00000000E+00
  1.56051936E+06  6.69925768E+06  6.79748903E-09  7.49662877E+04  1.10696762E+00  0.00000000E+00
  1.56088009E+06  6.69866649E+06  6.79849598E-09  7.49690320E+04  1.10694588E+00  0.00000000E+00
  1.56124082E+06  6.69807543E+06  6.79950298E-09  7.49717763E+04  1.10692414E+00  0.00000000E+00
  1.56160155E+06  6.69748449E+06  6.80051004E-09  7.49745205E+04  1.10690242E+00  0.00000000E+00
  1.56196228E+06  6.69689367E+06  6.80151715E-09  7.49772648E+04  1.10688070E+00  0.00000000E+00
  1.56232301E+06  6.69630297E+06  6.80252431E-09  7.49800091E+04  1.10685900E+00  0.00000000E+00
  1.56268374E+06  6.69571239E+06  6.80353153E-09  7.49827533E+04  1.10683730E+00  0.00000000E+00
  1.56304447E+06  6.69512193E+06  6.80453881E-09  7.49854976E+04  1.10681562E+00  0.00000000E+00
  1.56340520E+06  6.69453160E+06  6.80554614E-09  7.49882419E+04  1.10679395E+00  0.00000000E+00
  1.56376593E+06  6.69394138E+06  6.80655353E-09  7.49909861E+04  1.10677228E+00  0.00000000E+00
  1.56412666E+06  6.69335128E+06  6.80756097E-09  7.49937304E+04  1.10675063E+00  0.00000000E+00
  1.56448739E+06  6.69276130E+06  6.80856847E-09  7.49964747E+04  1.10672898E+00  0.00000000E+00
  1.56484812E+06  6.69217144E+06  6.80957603E-09  7.49992189E+04  1.10670735E+00  0.00000000E+00
  1.56520885E+06  6.69158170E+06  6.81058364E-09  7.50019632E+04  1.10668573E+00  0.00000000E+00
  1.56556958E+06  6.69099208E+06  6.81159131E-09  7.50047075E+04  1.10666411E+00  0.00000000E+00
  1.56593031E+06  6.69040258E+06  6.81259903E-09  7.50074518E+04  1.10664251E+00  0.00000000E+00
  1.56629104E+06  6.68981320E+06  6.81360681E-09  7.50101960E+04  1.10662091E+00  0.00000000E+00
  1.56665177E+06  6.68922393E+06  6.81461465E-09  7.50129403E+04  1.10659933E+00  0.00000000E+00
  1.56701250E+06  6.68863479E+06  6.81562255E-09  7.50156846E+04  1.10657775E+00  0.00000000E+00
  1.56737323E+06  6.68804576E+06  6.81663050E-09  7.50184288E+04  1.10655619E+00  0.00000000E+00
  1.56773396E+06  6.68745684E+06  6.81763852E-09  7.50211731E+04  1.10653463E+00  0.00000000E+00
  1.56809469E+06  6.68686805E+06  6.81864659E-09  7.50239174E+04  1.10651308E+00  0.00000000E+00
  1.56845542E+06  6.68627937E+06  6.81965471E-09  7.50266616E+04  1.10649155E+00  0.00000000E+00
  1.56881615E+06  6.68569081E+06  6.82066290E-09  7.50294059E+04  1.10647002E+00  0.00000000E+00
  1.56917688E+06  6.68510236E+06  6.82167115E-09  7.50321502E+04  1.10644850E+00  0.00000000E+00
  1.56953761E+06  6.68451404E+06  6.82267945E-09  7.50348944E+04  1.10642700E+00  0.00000000E+00
  1.56989834E+06  6.68392582E+06  6.82368781E-09  7.50376387E+04  1.10640550E+00  0.00000000E+00
  1.57025907E+06  6.68333773E+06  6.82469624E-09  7.50403830E+04  1.10638401E+00  0.00000000E+00
  1.57061980E+06  6.68274974E+06  6.82570472E-09  7.50431272E+04  1.10636253E+00  0.00000000E+00
  1.57098053E+06  6.68216188E+06  6.82671326E-09  7.50458715E+04  1.10634106E+00  0.00000000E+00
  1.57134127E+06  6.68157413E+06  6.82772186E-09  7.50486158E+04  1.10631960E+00  0.00000000E+00
  1.57170200E+06  6.68098649E+06  6.82873052E-09  7.50513601E+04  1.10629814E+00  0.00000000E+00
  1.57206273E+06  6.68039897E+06  6.82973924E-09  7.50541043E+04  1.10627670E+00  0.00000000E+00
  1.57242346E+06  6.67981157E+06  6.83074802E-09  7.50568486E+04  1.10625527E+00  0.00000000E+00
  1.57278419E+06  6.67922427E+06  6.83175687E-09  7.50595929E+04  1.10623384E+00  0.00000000E+00
  1.57314492E+06  6.67863710E+06  6.83276577E-09  7.50623371E+04  1.10621243E+00  0.00000000E+00
  1.57350565E+06  6.67805003E+06  6.83377473E-09  7.50650814E+04  1.10619102E+00  0.00000000E+00
  1.57386638E+06  6.67746308E+06  6.83478376E-09  7.50678257E+04  1.10616963E+00  0.00000000E+00
  1.57422711E+06  6.67687624E+06  6.83579285E-09  7.50705699E+04  1.10614824E+00  0.00000000E+00
  1.57458784E+06  6.67628952E+06  6.83680199E-09  7.50733142E+04  1.10612686E+00  0.00000000E+00
  1.57494857E+06  6.67570291E+06  6.83781120E-09  7.50760585E+04  1.10610549E+00  0.00000000E+00
  1.57530930E+06  6.67511641E+06  6.83882048E-09  7.50788027E+04  1.10608413E+00  0.00000000E+00
  1.57567003E+06  6.67453002E+06  6.83982981E-09  7.50815470E+04  1.10606278E+00  0.00000000E+00
  1.57603076E+06  6.67394375E+06  6.84083921E-09  7.50842913E+04  1.10604143E+00  0.00000000E+00
  1.57639149E+06  6.67335759E+06  6.84184866E-09  7.50870355E+04  1.10602010E+00  0.00000000E+00
  1.57675222E+06  6.67277153E+06  6.84285819E-09  7.50897798E+04  1.10599877E+00  0.00000000E+00
  1.57711295E+06  6.67218560E+06  6.84386777E-09  7.50925241E+04  1.10597746E+00  0.00000000E+00
  1.57747368E+06  6.67159977E+06  6.84487742E-09  7.50952683E+04  1.10595615E+00  0.00000000E+00
  1.57783441E+06  6.67101405E+06  6.84588713E-09  7.50980126E+04  1.10593485E+00  0.00000000E+00
  1.57819514E+06  6.67042845E+06  6.84689690E-09  7.51007569E+04  1.10591356E+00  0.00000000E+00
  1.57855587E+06  6.66984295E+06  6.84790674E-09  7.51035012E+04  1.10589228E+00  0.00000000E+00
  1.57891660E+06  6.66925757E+06  6.84891664E-09  7.51062454E+04  1.10587100E+00  0.00000000E+00
  1.57927733E+06  6.66867229E+06  6.84992661E-09  7.51089897E+04  1.10584974E+00  0.00000000E+00
  1.57963806E+06  6.66808713E+06  6.85093664E-09  7.51117340E+04  1.10582848E+00  0.00000000E+00
  1.57999879E+06  6.66750207E+06  6.85194674E-09  7.51144782E+04  1.10580723E+00  0.00000000E+00
  1.58035952E+06  6.66691713E+06  6.85295690E-09  7.51172225E+04  1.10578600E+00  0.00000000E+00
  1.58072025E+06  6.66633229E+06  6.85396712E-09  7.51199668E+04  1.10576476E+00  0.00000000E+00
  1.58108098E+06  6.66574757E+06  6.85497741E-09  7.51227110E+04  1.10574354E+00  0.00000000E+00
  1.58144171E+06  6.66516295E+06  6.85598776E-09  7.51254553E+04  1.10572233E+00  0.00000000E+00
  1.58180244E+06  6.66457844E+06  6.85699818E-09  7.51281996E+04  1.10570112E+00  0.00000000E+00
  1.58216317E+06  6.66399404E+06  6.85800867E-09  7.51309438E+04  1.10567992E+00  0.00000000E+00
  1.58252390E+06  6.66340975E+06  6.85901922E-09  7.51336881E+04  1.10565873E+00  0.00000000E+00
  1.58288464E+06  6.66282556E+06  6.86002984E-09  7.51364324E+04  1.10563755E+00  0.00000000E+00
  1.58324537E+06  6.66224149E+06  6.86104052E-09  7.51391766E+04  1.10561638E+00  0.00000000E+00
  1.58360610E+06  6.66165752E+06  6.86205127E-09  7.51419209E+04  1.10559522E+00  0.00000000E+00
  1.58396683E+06  6.66107366E+06  6.86306209E-09  7.51446652E+04  1.10557406E+00  0.00000000E+00
  1.58432756E+06  6.66048990E+06  6.86407297E-09  7.51474095E+04  1.10555291E+00  0.00000000E+00
  1.58468829E+06  6.65990626E+06  6.86508392E-09  7.51501537E+04  1.10553177E+00  0.00000000E+00
  1.58504902E+06  6.65932272E+06  6.86609494E-09  7.51528980E+04  1.10551064E+00  0.00000000E+00
  1.58540975E+06  6.65873928E+06  6.86710603E-09  7.51556423E+04  1.10548951E+00  0.00000000E+00
  1.58577048E+06  6.65815596E+06  6.86811718E-09  7.51583865E+04  1.10546840E+00  0.00000000E+00
  1.58613121E+06  6.65757274E+06  6.86912840E-09  7.51611308E+04  1.10544729E+00  0.00000000E+00
  1.58649194E+06  6.65698962E+06  6.87013969E-09  7.51638751E+04  1.10542619E+00  0.00000000E+00
  1.58685267E+06  6.65640661E+06  6.87115104E-09  7.51666193E+04  1.10540509E+00  0.00000000E+00
  1.58721340E+06  6.65582371E+06  6.87216247E-09  7.51693636E+04  1.10538401E+00  0.00000000E+00
  1.58757413E+06  6.65524091E+06  6.87317396E-09  7.51721079E+04  1.10536293E+00  0.00000000E+00
  1.58793486E+06  6.65465822E+06  6.87418552E-09  7.51748521E+04  1.10534186E+00  0.00000000E+00
  1.58829559E+06  6.65407563E+06  6.87519715E-09  7.51775964E+04  1.10532080E+00  0.00000000E+00
  1.58865632E+06  6.65349314E+06  6.87620885E-09  7.51803407E+04  1.10529975E+00  0.00000000E+00
  1.58901705E+06  6.65291076E+06  6.87722062E-09  7.51830849E+04  1.10527870E+00  0.00000000E+00
  1.58937778E+06  6.65232849E+06  6.87823245E-09  7.51858292E+04  1.10525766E+00  0.00000000E+00
  1.58973851E+06  6.65174632E+06  6.87924436E-09  7.51885735E+04  1.10523663E+00  0.00000000E+00
  1.59009924E+06  6.65116425E+06  6.88025634E-09  7.51913178E+04  1.10521561E+00  0.00000000E+00
  1.59045997E+06  6.65058229E+06  6.88126838E-09  7.51940620E+04  1.10519459E+00  0.00000000E+00
  1.59082070E+06  6.65000042E+06  6.88228050E-09  7.51968063E+04  1.10517358E+00  0.00000000E+00
  1.59118143E+06  6.64941867E+06  6.88329269E-09  7.51995506E+04  1.10515258E+00  0.00000000E+00
  1.59154216E+06  6.64883701E+06  6.88430494E-09  7.52022948E+04  1.10513159E+00  0.00000000E+00
  1.59190289E+06  6.64825546E+06  6.88531727E-09  7.52050391E+04  1.10511060E+00  0.00000000E+00
  1.59226362E+06  6.64767401E+06  6.88632967E-09  7.52077834E+04  1.10508962E+00  0.00000000E+00
  1.59262435E+06  6.64709267E+06  6.88734214E-09  7.52105276E+04  1.10506865E+00  0.00000000E+00
  1.59298508E+06  6.64651142E+06  6.88835468E-09  7.52132719E+04  1.10504769E+00  0.00000000E+00
  1.59334581E+06  6.64593028E+06  6.88936729E-09  7.52160162E+04  1.10502673E+00  0.00000000E+00
  1.59370654E+06  6.64534924E+06  6.89037998E-09  7.52187604E+04  1.10500578E+00  0.00000000E+00
  1.59406728E+06  6.64476830E+06  6.89139273E-09  7.52215047E+04  1.10498484E+00  0.00000000E+00
  1.59442801E+06  6.64418746E+06  6.89240556E-09  7.52242490E+04  1.10496390E+00  0.00000000E+00
  1.59478874E+06  6.64360673E+06  6.89341846E-09  7.52269932E+04  1.10494298E+00  0.00000000E+00
  1.59514947E+06  6.64302609E+06  6.89443143E-09  7.52297375E+04  1.10492206E+00  0.00000000E+00
  1.59551020E+06  6.64244556E+06  6.89544448E-09  7.52324818E+04  1.10490114E+00  0.00000000E+00
  1.59587093E+06  6.64186513E+06  6.89645760E-09  7.52352260E+04  1.10488024E+00  0.00000000E+00
  1.59623166E+06  6.64128479E+06  6.89747079E-09  7.52379703E+04  1.10485934E+00  0.00000000E+00
  1.59659239E+06  6.64070456E+06  6.89848405E-09  7.52407146E+04  1.10483844E+00  0.00000000E+00
  1.59695312E+06  6.64012443E+06  6.89949738E-09  7.52434589E+04  1.10481756E+00  0.00000000E+00
  1.59731385E+06  6.63954439E+06  6.90051079E-09  7.52462031E+04  1.10479668E+00  0.00000000E+00
  1.59767458E+06  6.63896446E+06  6.90152428E-09  7.52489474E+04  1.10477581E+00  0.00000000E+00
  1.59803531E+06  6.63838462E+06  6.90253783E-09  7.52516917E+04  1.10475494E+00  0.00000000E+00
  1.59839604E+06  6.63780489E+06  6.90355146E-09  7.52544359E+04  1.10473409E+00  0.00000000E+00
  1.59875677E+06  6.63722525E+06  6.90456517E-09  7.52571802E+04  1.10471324E+00  0.00000000E+00
  1.59911750E+06  6.63664572E+06  6.90557895E-09  7.52599245E+04  1.10469239E+00  0.00000000E+00
  1.59947823E+06  6.63606628E+06  6.90659280E-09  7.52626687E+04  1.10467155E+00  0.00000000E+00
  1.59983896E+06  6.63548694E+06  6.90760673E-09  7.52654130E+04  1.10465072E+00  0.00000000E+00
  1.60019969E+06  6.63490769E+06  6.90862073E-09  7.52681573E+04  1.10462990E+00  0.00000000E+00
  1.60056042E+06  6.63432855E+06  6.90963481E-09  7.52709015E+04  1.10460908E+00  0.00000000E+00
  1.60092115E+06  6.63374950E+06  6.91064896E-09  7.52736458E+04  1.10458827E+00  0.00000000E+00
  1.60128188E+06  6.63317056E+06  6.91166319E-09  7.52763901E+04  1.10456747E+00  0.00000000E+00
  1.60164261E+06  6.63259170E+06  6.91267750E-09  7.52791343E+04  1.10454667E+00  0.00000000E+00
  1.60200334E+06  6.63201295E+06  6.91369188E-09  7.52818786E+04  1.10452588E+00  0.00000000E+00
  1.60236407E+06  6.63143429E+06  6.91470633E-09  7.52846229E+04  1.10450509E+00  0.00000000E+00
  1.60272480E+06  6.63085573E+06  6.91572086E-09  7.52873672E+04  1.10448432E+00  0.00000000E+00
  1.60308553E+06  6.63027727E+06  6.91673547E-09  7.52901114E+04  1.10446355E+00  0.00000000E+00
  1.60344626E+06  6.62969890E+06  6.91775015E-09  7.52928557E+04  1.10444278E+00  0.00000000E+00
  1.60380699E+06  6.62912063E+06  6.91876492E-09  7.52956000E+04  1.10442202E+00  0.00000000E+00
  1.60416772E+06  6.62854246E+06  6.91977975E-09  7.52983442E+04  1.10440127E+00  0.00000000E+00
  1.60452845E+06  6.62796438E+06  6.92079467E-09  7.53010885E+04  1.10438052E+00  0.00000000E+00
  1.60488918E+06  6.62738640E+06  6.92180966E-09  7.53038328E+04  1.10435979E+00  0.00000000E+00
  1.60524991E+06  6.62680851E+06  6.92282473E-09  7.53065770E+04  1.10433905E+00  0.00000000E+00
  1.60561065E+06  6.62623072E+06  6.92383987E-09  7.53093213E+04  1.10431833E+00  0.00000000E+00
  1.60597138E+06  6.62565302E+06  6.92485510E-09  7.53120656E+04  1.10429761E+00  0.00000000E+00
  1.60633211E+06  6.62507542E+06  6.92587040E-09  7.53148098E+04  1.10427689E+00  0.00000000E+00
  1.60669284E+06  6.62449791E+06  6.92688578E-09  7.53175541E+04  1.10425618E+00  0.00000000E+00
  1.60705357E+06  6.62392050E+06  6.92790124E-09  7.53202984E+04  1.10423548E+00  0.00000000E+00
  1.60741430E+06  6.62334318E+06  6.92891677E-09  7.53230426E+04  1.10421478E+00  0.00000000E+00
  1.60777503E+06  6.62276596E+06  6.92993239E-09  7.53257869E+04  1.10419410E+00  0.00000000E+00
  1.60813576E+06  6.62218883E+06  6.93094808E-09  7.53285312E+04  1.10417341E+00  0.00000000E+00
  1.60849649E+06  6.62161179E+06  6.93196385E-09  7.53312755E+04  1.10415273E+00  0.00000000E+00
  1.60885722E+06  6.62103485E+06  6.93297970E-09  7.53340197E+04  1.10413206E+00  0.00000000E+00
  1.60921795E+06  6.62045800E+06  6.93399563E-09  7.53367640E+04  1.10411140E+00  0.00000000E+00
  1.60957868E+06  6.61988124E+06  6.93501164E-09  7.53395083E+04  1.10409074E+00  0.00000000E+00
  1.60993941E+06  6.61930458E+06  6.93602773E-09  7.53422525E+04  1.10407008E+00  0.00000000E+00
  1.61030014E+06  6.61872801E+06  6.93704390E-09  7.53449968E+04  1.10404943E+00  0.00000000E+00
  1.61066087E+06  6.61815153E+06  6.93806015E-09  7.53477411E+04  1.10402879E+00  0.00000000E+00
  1.61102160E+06  6.61757515E+06  6.93907647E-09  7.53504853E+04  1.10400816E+00  0.00000000E+00
  1.61138233E+06  6.61699886E+06  6.94009288E-09  7.53532296E+04  1.10398753E+00  0.00000000E+00
  1.61174306E+06  6.61642266E+06  6.94110937E-09  7.53559739E+04  1.10396690E+00  0.00000000E+00
  1.61210379E+06  6.61584655E+06  6.94212594E-09  7.53587181E+04  1.10394628E+00  0.00000000E+00
  1.61246452E+06  6.61527053E+06  6.94314259E-09  7.53614624E+04  1.10392567E+00  0.00000000E+00
  1.61282525E+06  6.61469461E+06  6.94415932E-09  7.53642067E+04  1.10390506E+00  0.00000000E+00
  1.61318598E+06  6.61411877E+06  6.94517614E-09  7.53669509E+04  1.10388446E+00  0.00000000E+00
  1.61354671E+06  6.61354303E+06  6.94619303E-09  7.53696952E+04  1.10386386E+00  0.00000000E+00
  1.61390744E+06  6.61296738E+06  6.94721000E-09  7.53724395E+04  1.10384327E+00  0.00000000E+00
  1.61426817E+06  6.61239182E+06  6.94822706E-09  7.53751837E+04  1.10382269E+00  0.00000000E+00
  1.61462890E+06  6.61181635E+06  6.94924420E-09  7.53779280E+04  1.10380211E+00  0.00000000E+00
  1.61498963E+06  6.61124097E+06  6.95026142E-09  7.53806723E+04  1.10378153E+00  0.00000000E+00
  1.61535036E+06  6.61066568E+06  6.95127872E-09  7.53834166E+04  1.10376097E+00  0.00000000E+00
  1.61571109E+06  6.61009049E+06  6.95229610E-09  7.53861608E+04  1.10374040E+00  0.00000000E+00
  1.61607182E+06  6.60951538E+06  6.95331357E-09  7.53889051E+04  1.10371985E+00  0.00000000E+00
  1.61643255E+06  6.60894036E+06  6.95433112E-09  7.53916494E+04  1.10369929E+00  0.00000000E+00
  1.61679329E+06  6.60836543E+06  6.95534875E-09  7.53943936E+04  1.10367875E+00  0.00000000E+00
  1.61715402E+06  6.60779059E+06  6.95636647E-09  7.53971379E+04  1.10365821E+00  0.00000000E+00
  1.61751475E+06  6.60721584E+06  6.95738427E-09  7.53998822E+04  1.10363767E+00  0.00000000E+00
  1.61787548E+06  6.60664118E+06  6.95840215E-09  7.54026264E+04  1.10361714E+00  0.00000000E+00
  1.61823621E+06  6.60606661E+06  6.95942011E-09  7.54053707E+04  1.10359661E+00  0.00000000E+00
  1.61859694E+06  6.60549213E+06  6.96043816E-09  7.54081150E+04  1.10357609E+00  0.00000000E+00
  1.61895767E+06  6.60491773E+06  6.96145629E-09  7.54108592E+04  1.10355558E+00  0.00000000E+00
  1.61931840E+06  6.60434342E+06  6.96247451E-09  7.54136035E+04  1.10353507E+00  0.00000000E+00
  1.61967913E+06  6.60376921E+06  6.96349281E-09  7.54163478E+04  1.10351456E+00  0.00000000E+00
  1.62003986E+06  6.60319508E+06  6.96451119E-09  7.54190920E+04  1.10349406E+00  0.00000000E+00
  1.62040059E+06  6.60262103E+06  6.96552966E-09  7.54218363E+04  1.10347357E+00  0.00000000E+00
  1.62076132E+06  6.60204708E+06  6.96654821E-09  7.54245806E+04  1.10345308E+00  0.00000000E+00
  1.62112205E+06  6.60147321E+06  6.96756685E-09  7.54273249E+04  1.10343260E+00  0.00000000E+00
  1.62148278E+06  6.60089943E+06  6.96858557E-09  7.54300691E+04  1.10341212E+00  0.00000000E+00
  1.62184351E+06  6.60032574E+06  6.96960438E-09  7.54328134E+04  1.10339164E+00  0.00000000E+00
  1.62220424E+06  6.59975214E+06  6.97062328E-09  7.54355577E+04  1.10337117E+00  0.00000000E+00
  1.62256497E+06  6.59917862E+06  6.97164225E-09  7.54383019E+04  1.10335071E+00  0.00000000E+00
  1.62292570E+06  6.59860518E+06  6.97266132E-09  7.54410462E+04  1.10333025E+00  0.00000000E+00
  1.62328643E+06  6.59803184E+06  6.97368047E-09  7.54437905E+04  1.10330980E+00  0.00000000E+00
  1.62364716E+06  6.59745858E+06  6.97469970E-09  7.54465347E+04  1.10328935E+00  0.00000000E+00
  1.62400789E+06  6.59688541E+06  6.97571902E-09  7.54492790E+04  1.10326890E+00  0.00000000E+00
  1.62436862E+06  6.59631232E+06  6.97673843E-09  7.54520233E+04  1.10324846E+00  0.00000000E+00
  1.62472935E+06  6.59573932E+06  6.97775793E-09  7.54547675E+04  1.10322803E+00  0.00000000E+00
  1.62509008E+06  6.59516640E+06  6.97877751E-09  7.54575118E+04  1.10320760E+00  0.00000000E+00
  1.62545081E+06  6.59459357E+06  6.97979718E-09  7.54602561E+04  1.10318717E+00  0.00000000E+00
  1.62581154E+06  6.59402083E+06  6.98081693E-09  7.54630003E+04  1.10316675E+00  0.00000000E+00
  1.62617227E+06  6.59344817E+06  6.98183677E-09  7.54657446E+04  1.10314633E+00  0.00000000E+00
  1.62653300E+06  6.59287559E+06  6.98285670E-09  7.54684889E+04  1.10312592E+00  0.00000000E+00
  1.62689373E+06  6.59230310E+06  6.98387672E-09  7.54712331E+04  1.10310552E+00  0.00000000E+00
  1.62725446E+06  6.59173070E+06  6.98489682E-09  7.54739774E+04  1.10308511E+00  0.00000000E+00
  1.62761519E+06  6.59115838E+06  6.98591701E-09  7.54767217E+04  1.10306472E+00  0.00000000E+00
  1.62797592E+06  6.59058614E+06  6.98693729E-09  7.54794660E+04  1.10304432E+00  0.00000000E+00
  1.62833666E+06  6.59001399E+06  6.98795766E-09  7.54822102E+04  1.10302393E+00  0.00000000E+00
  1.62869739E+06  6.58944192E+06  6.98897811E-09  7.54849545E+04  1.10300355E+00  0.00000000E+00
  1.62905812E+06  6.58886993E+06  6.98999866E-09  7.54876988E+04  1.10298317E+00  0.00000000E+00
  1.62941885E+06  6.58829803E+06  6.99101929E-09  7.54904430E+04  1.10296280E+00  0.00000000E+00
  1.62977958E+06  6.58772621E+06  6.99204001E-09  7.54931873E+04  1.10294242E+00  0.00000000E+00
  1.63014031E+06  6.58715448E+06  6.99306082E-09  7.54959316E+04  1.10292206E+00  0.00000000E+00
  1.63050104E+06  6.58658283E+06  6.99408172E-09  7.54986758E+04  1.10290170E+00  0.00000000E+00
  1.63086177E+06  6.58601126E+06  6.99510270E-09  7.55014201E+04  1.10288134E+00  0.00000000E+00
  1.63122250E+06  6.58543977E+06  6.99612378E-09  7.55041644E+04  1.10286099E+00  0.00000000E+00
  1.63158323E+06  6.58486837E+06  6.99714495E-09  7.55069086E+04  1.10284064E+00  0.00000000E+00
  1.63194396E+06  6.58429705E+06  6.99816620E-09  7.55096529E+04  1.10282029E+00  0.00000000E+00
  1.63230469E+06  6.58372581E+06  6.99918755E-09  7.55123972E+04  1.10279995E+00  0.00000000E+00
  1.63266542E+06  6.58315466E+06  7.00020898E-09  7.55151414E+04  1.10277961E+00  0.00000000E+00
  1.63302615E+06  6.58258358E+06  7.00123051E-09  7.55178857E+04  1.10275928E+00  0.00000000E+00
  1.63338688E+06  6.58201259E+06  7.00225213E-09  7.55206300E+04  1.10273895E+00  0.00000000E+00
  1.63374761E+06  6.58144168E+06  7.00327383E-09  7.55233743E+04  1.10271863E+00  0.00000000E+00
  1.63410834E+06  6.58087085E+06  7.00429563E-09  7.55261185E+04  1.10269831E+00  0.00000000E+00
  1.63446907E+06  6.58030010E+06  7.00531752E-09  7.55288628E+04  1.10267800E+00  0.00000000E+00
  1.63482980E+06  6.57972943E+06  7.00633950E-09  7.55316071E+04  1.10265768E+00  0.00000000E+00
  1.63519053E+06  6.57915885E+06  7.00736157E-09  7.55343513E+04  1.10263738E+00  0.00000000E+00
  1.63555126E+06  6.57858834E+06  7.00838373E-09  7.55370956E+04  1.10261707E+00  0.00000000E+00
  1.63591199E+06  6.57801792E+06  7.00940598E-09  7.55398399E+04  1.10259677E+00  0.00000000E+00
  1.63627272E+06  6.57744758E+06  7.01042832E-09  7.55425841E+04  1.10257648E+00  0.00000000E+00
  1.63663345E+06  6.57687731E+06  7.01145076E-09  7.55453284E+04  1.10255619E+00  0.00000000E+00
  1.63699418E+06  6.57630713E+06  7.01247328E-09  7.55480727E+04  1.10253590E+00  0.00000000E+00
  1.63735491E+06  6.57573703E+06  7.01349590E-09  7.55508169E+04  1.10251561E+00  0.00000000E+00
  1.63771564E+06  6.57516700E+06  7.01451861E-09  7.55535612E+04  1.10249533E+00  0.00000000E+00
  1.63807637E+06  6.57459706E+06  7.01554142E-09  7.55563055E+04  1.10247506E+00  0.00000000E+00
  1.63843710E+06  6.57402719E+06  7.01656431E-09  7.55590497E+04  1.10245479E+00  0.00000000E+00
  1.63879783E+06  6.57345741E+06  7.01758730E-09  7.55617940E+04  1.10243452E+00  0.00000000E+00
  1.63915856E+06  6.57288770E+06  7.01861038E-09  7.55645383E+04  1.10241425E+00  0.00000000E+00
  1.63951930E+06  6.57231808E+06  7.01963356E-09  7.55672826E+04  1.10239399E+00  0.00000000E+00
  1.63988003E+06  6.57174853E+06  7.02065682E-09  7.55700268E+04  1.10237374E+00  0.00000000E+00
  1.64024076E+06  6.57117906E+06  7.02168018E-09  7.55727711E+04  1.10235348E+00  0.00000000E+00
  1.64060149E+06  6.57060967E+06  7.02270364E-09  7.55755154E+04  1.10233323E+00  0.00000000E+00
  1.64096222E+06  6.57004036E+06  7.02372718E-09  7.55782596E+04  1.10231299E+00  0.00000000E+00
  1.64132295E+06  6.56947113E+06  7.02475083E-09  7.55810039E+04  1.10229274E+00  0.00000000E+00
  1.64168368E+06  6.56890197E+06  7.02577456E-09  7.55837482E+04  1.10227250E+00  0.00000000E+00
  1.64204441E+06  6.56833289E+06  7.02679839E-09  7.55864924E+04  1.10225227E+00  0.00000000E+00
  1.64240514E+06  6.56776389E+06  7.02782231E-09  7.55892367E+04  1.10223204E+00  0.00000000E+00
  1.64276587E+06  6.56719497E+06  7.02884633E-09  7.55919810E+04  1.10221181E+00  0.00000000E+00
  1.64312660E+06  6.56662613E+06  7.02987044E-09  7.55947252E+04  1.10219158E+00  0.00000000E+00
  1.64348733E+06  6.56605736E+06  7.03089465E-09  7.55974695E+04  1.10217136E+00  0.00000000E+00
  1.64384806E+06  6.56548867E+06  7.03191895E-09  7.56002138E+04  1.10215114E+00  0.00000000E+00
  1.64420879E+06  6.56492006E+06  7.03294334E-09  7.56029580E+04  1.10213093E+00  0.00000000E+00
  1.64456952E+06  6.56435152E+06  7.03396783E-09  7.56057023E+04  1.10211072E+00  0.00000000E+00
  1.64493025E+06  6.56378306E+06  7.03499242E-09  7.56084466E+04  1.10209051E+00  0.00000000E+00
  1.64529098E+06  6.56321468E+06  7.03601710E-09  7.56111908E+04  1.10207031E+00  0.00000000E+00
  1.64565171E+06  6.56264638E+06  7.03704188E-09  7.56139351E+04  1.10205011E+00  0.00000000E+00
  1.64601244E+06  6.56207815E+06  7.03806675E-09  7.56166794E+04  1.10202991E+00  0.00000000E+00
  1.64637317E+06  6.56150999E+06  7.03909172E-09  7.56194237E+04  1.10200971E+00  0.00000000E+00
  1.64673390E+06  6.56094192E+06  7.04011678E-09  7.56221679E+04  1.10198952E+00  0.00000000E+00
  1.64709463E+06  6.56037391E+06  7.04114194E-09  7.56249122E+04  1.10196933E+00  0.00000000E+00
  1.64745536E+06  6.55980599E+06  7.04216720E-09  7.56276565E+04  1.10194915E+00  0.00000000E+00
  1.64781609E+06  6.55923814E+06  7.04319255E-09  7.56304007E+04  1.10192897E+00  0.00000000E+00
  1.64817682E+06  6.55867036E+06  7.04421800E-09  7.56331450E+04  1.10190879E+00  0.00000000E+00
  1.64853755E+06  6.55810266E+06  7.04524355E-09  7.56358893E+04  1.10188861E+00  0.00000000E+00
  1.64889828E+06  6.55753504E+06  7.04626919E-09  7.56386335E+04  1.10186844E+00  0.00000000E+00
  1.64925901E+06  6.55696749E+06  7.04729493E-09  7.56413778E+04  1.10184827E+00  0.00000000E+00
  1.64961974E+06  6.55640001E+06  7.04832077E-09  7.56441221E+04  1.10182811E+00  0.00000000E+00
  1.64998047E+06  6.55583261E+06  7.04934671E-09  7.56468663E+04  1.10180794E+00  0.00000000E+00
  1.65034120E+06  6.55526529E+06  7.05037274E-09  7.56496106E+04  1.10178778E+00  0.00000000E+00
  1.65070194E+06  6.55469804E+06  7.05139887E-09  7.56523549E+04  1.10176763E+00  0.00000000E+00
  1.65106267E+06  6.55413086E+06  7.05242510E-09  7.56550991E+04  1.10174747E+00  0.00000000E+00
  1.65142340E+06  6.55356376E+06  7.05345142E-09  7.56578434E+04  1.10172732E+00  0.00000000E+00
  1.65178413E+06  6.55299673E+06  7.05447785E-09  7.56605877E+04  1.10170718E+00  0.00000000E+00
  1.65214486E+06  6.55242977E+06  7.05550437E-09  7.56633320E+04  1.10168703E+00  0.00000000E+00
  1.65250559E+06  6.55186289E+06  7.05653099E-09  7.56660762E+04  1.10166689E+00  0.00000000E+00
  1.65286632E+06  6.55129608E+06  7.05755771E-09  7.56688205E+04  1.10164675E+00  0.00000000E+00
  1.65322705E+06  6.55072935E+06  7.05858452E-09  7.56715648E+04  1.10162661E+00  0.00000000E+00
  1.65358778E+06  6.55016269E+06  7.05961144E-09  7.56743090E+04  1.10160648E+00  0.00000000E+00
  1.65394851E+06  6.54959610E+06  7.06063846E-09  7.56770533E+04  1.10158635E+00  0.00000000E+00
  1.65430924E+06  6.54902958E+06  7.06166557E-09  7.56797976E+04  1.10156622E+00  0.00000000E+00
  1.65466997E+06  6.54846314E+06  7.06269278E-09  7.56825418E+04  1.10154609E+00  0.00000000E+00
  1.65503070E+06  6.54789677E+06  7.06372010E-09  7.56852861E+04  1.10152597E+00  0.00000000E+00
  1.65539143E+06  6.54733047E+06  7.06474751E-09  7.56880304E+04  1.10150585E+00  0.00000000E+00
  1.65575216E+06  6.54676425E+06  7.06577502E-09  7.56907746E+04  1.10148573E+00  0.00000000E+00
  1.65611289E+06  6.54619809E+06  7.06680263E-09  7.56935189E+04  1.10146562E+00  0.00000000E+00
  1.65647362E+06  6.54563201E+06  7.06783035E-09  7.56962632E+04  1.10144551E+00  0.00000000E+00
  1.65683435E+06  6.54506600E+06  7.06885816E-09  7.56990074E+04  1.10142540E+00  0.00000000E+00
  1.65719508E+06  6.54450006E+06  7.06988607E-09  7.57017517E+04  1.10140529E+00  0.00000000E+00
  1.65755581E+06  6.54393420E+06  7.07091408E-09  7.57044960E+04  1.10138519E+00  0.00000000E+00
  1.65791654E+06  6.54336840E+06  7.07194220E-09  7.57072402E+04  1.10136509E+00  0.00000000E+00
  1.65827727E+06  6.54280268E+06  7.07297041E-09  7.57099845E+04  1.10134499E+00  0.00000000E+00
  1.65863800E+06  6.54223703E+06  7.07399873E-09  7.57127288E+04  1.10132489E+00  0.00000000E+00
  1.65899873E+06  6.54167144E+06  7.07502714E-09  7.57154731E+04  1.10130480E+00  0.00000000E+00
  1.65935946E+06  6.54110593E+06  7.07605566E-09  7.57182173E+04  1.10128470E+00  0.00000000E+00
  1.65972019E+06  6.54054049E+06  7.07708428E-09  7.57209616E+04  1.10126461E+00  0.00000000E+00
  1.66008092E+06  6.53997513E+06  7.07811300E-09  7.57237059E+04  1.10124453E+00  0.00000000E+00
  1.66044165E+06  6.53940983E+06  7.07914182E-09  7.57264501E+04  1.10122444E+00  0.00000000E+00
  1.66080238E+06  6.53884460E+06  7.08017074E-09  7.57291944E+04  1.10120436E+00  0.00000000E+00
  1.66116311E+06  6.53827944E+06  7.08119977E-09  7.57319387E+04  1.10118428E+00  0.00000000E+00
  1.66152384E+06  6.53771435E+06  7.08222890E-09  7.57346829E+04  1.10116420E+00  0.00000000E+00
  1.66188457E+06  6.53714933E+06  7.08325812E-09  7.57374272E+04  1.10114413E+00  0.00000000E+00
  1.66224531E+06  6.53658439E+06  7.08428746E-09  7.57401715E+04  1.10112406E+00  0.00000000E+00
  1.66260604E+06  6.53601951E+06  7.08531689E-09  7.57429157E+04  1.10110399E+00  0.00000000E+00
  1.66296677E+06  6.53545470E+06  7.08634643E-09  7.57456600E+04  1.10108392E+00  0.00000000E+00
  1.66332750E+06  6.53488996E+06  7.08737607E-09  7.57484043E+04  1.10106385E+00  0.00000000E+00
  1.66368823E+06  6.53432529E+06  7.08840581E-09  7.57511485E+04  1.10104379E+00  0.00000000E+00
  1.66404896E+06  6.53376069E+06  7.08943565E-09  7.57538928E+04  1.10102373E+00  0.00000000E+00
  1.66440969E+06  6.53319615E+06  7.09046560E-09  7.57566371E+04  1.10100367E+00  0.00000000E+00
  1.66477042E+06  6.53263169E+06  7.09149566E-09  7.57593814E+04  1.10098361E+00  0.00000000E+00
  1.66513115E+06  6.53206729E+06  7.09252581E-09  7.57621256E+04  1.10096355E+00  0.00000000E+00
  1.66549188E+06  6.53150297E+06  7.09355607E-09  7.57648699E+04  1.10094350E+00  0.00000000E+00
  1.66585261E+06  6.53093871E+06  7.09458643E-09  7.57676142E+04  1.10092345E+00  0.00000000E+00
  1.66621334E+06  6.53037452E+06  7.09561690E-09  7.57703584E+04  1.10090340E+00  0.00000000E+00
  1.66657407E+06  6.52981040E+06  7.09664747E-09  7.57731027E+04  1.10088335E+00  0.00000000E+00
  1.66693480E+06  6.52924634E+06  7.09767814E-09  7.57758470E+04  1.10086331E+00  0.00000000E+00
  1.66729553E+06  6.52868236E+06  7.09870892E-09  7.57785912E+04  1.10084326E+00  0.00000000E+00
  1.66765626E+06  6.52811844E+06  7.09973981E-09  7.57813355E+04  1.10082322E+00  0.00000000E+00
  1.66801699E+06  6.52755459E+06  7.10077080E-09  7.57840798E+04  1.10080318E+00  0.00000000E+00
  1.66837772E+06  6.52699081E+06  7.10180189E-09  7.57868240E+04  1.10078315E+00  0.00000000E+00
  1.66873845E+06  6.52642709E+06  7.10283309E-09  7.57895683E+04  1.10076311E+00  0.00000000E+00
  1.66909918E+06  6.52586344E+06  7.10386439E-09  7.57923126E+04  1.10074308E+00  0.00000000E+00
  1.66945991E+06  6.52529986E+06  7.10489580E-09  7.57950568E+04  1.10072305E+00  0.00000000E+00
  1.66982064E+06  6.52473635E+06  7.10592731E-09  7.57978011E+04  1.10070302E+00  0.00000000E+00
  1.67018137E+06  6.52417290E+06  7.10695893E-09  7.58005454E+04  1.10068299E+00  0.00000000E+00
  1.67054210E+06  6.52360952E+06  7.10799065E-09  7.58032897E+04  1.10066296E+00  0.00000000E+00
  1.67090283E+06  6.52304620E+06  7.10902248E-09  7.58060339E+04  1.10064294E+00  0.00000000E+00
  1.67126356E+06  6.52248295E+06  7.11005442E-09  7.58087782E+04  1.10062291E+00  0.00000000E+00
  1.67162429E+06  6.52191977E+06  7.11108646E-09  7.58115225E+04  1.10060289E+00  0.00000000E+00
  1.67198502E+06  6.52135666E+06  7.11211861E-09  7.58142667E+04  1.10058287E+00  0.00000000E+00
  1.67234575E+06  6.52079361E+06  7.11315086E-09  7.58170110E+04  1.10056286E+00  0.00000000E+00
  1.67270648E+06  6.52023062E+06  7.11418322E-09  7.58197553E+04  1.10054284E+00  0.00000000E+00
  1.67306721E+06  6.51966770E+06  7.11521569E-09  7.58224995E+04  1.10052283E+00  0.00000000E+00
  1.67342795E+06  6.51910485E+06  7.11624827E-09  7.58252438E+04  1.10050281E+00  0.00000000E+00
  1.67378868E+06  6.51854206E+06  7.11728095E-09  7.58279881E+04  1.10048280E+00  0.00000000E+00
  1.67414941E+06  6.51797934E+06  7.11831373E-09  7.58307323E+04  1.10046279E+00  0.00000000E+00
  1.67451014E+06  6.51741668E+06  7.11934663E-09  7.58334766E+04  1.10044278E+00  0.00000000E+00
  1.67487087E+06  6.51685409E+06  7.12037963E-09  7.58362209E+04  1.10042278E+00  0.00000000E+00
  1.67523160E+06  6.51629157E+06  7.12141274E-09  7.58389651E+04  1.10040277E+00  0.00000000E+00
  1.67559233E+06  6.51572910E+06  7.12244596E-09  7.58417094E+04  1.10038277E+00  0.00000000E+00
  1.67595306E+06  6.51516671E+06  7.12347928E-09  7.58444537E+04  1.10036277E+00  0.00000000E+00
  1.67631379E+06  6.51460437E+06  7.12451271E-09  7.58471979E+04  1.10034277E+00  0.00000000E+00
  1.67667452E+06  6.51404211E+06  7.12554626E-09  7.58499422E+04  1.10032277E+00  0.00000000E+00
  1.67703525E+06  6.51347990E+06  7.12657990E-09  7.58526865E+04  1.10030277E+00  0.00000000E+00
  1.67739598E+06  6.51291776E+06  7.12761366E-09  7.58554308E+04  1.10028277E+00  0.00000000E+00
  1.67775671E+06  6.51235569E+06  7.12864753E-09  7.58581750E+04  1.10026278E+00  0.00000000E+00
  1.67811744E+06  6.51179368E+06  7.12968150E-09  7.58609193E+04  1.10024278E+00  0.00000000E+00
  1.67847817E+06  6.51123173E+06  7.13071558E-09  7.58636636E+04  1.10022279E+00  0.00000000E+00
  1.67883890E+06  6.51066984E+06  7.13174977E-09  7.58664078E+04  1.10020280E+00  0.00000000E+00
  1.67919963E+06  6.51010802E+06  7.13278407E-09  7.58691521E+04  1.10018281E+00  0.00000000E+00
  1.67956036E+06  6.50954627E+06  7.13381848E-09  7.58718964E+04  1.10016282E+00  0.00000000E+00
  1.67992109E+06  6.50898457E+06  7.13485300E-09  7.58746406E+04  1.10014284E+00  0.00000000E+00
  1.68028182E+06  6.50842294E+06  7.13588763E-09  7.58773849E+04  1.10012285E+00  0.00000000E+00
  1.68064255E+06  6.50786137E+06  7.13692236E-09  7.58801292E+04  1.10010287E+00  0.00000000E+00
  1.68100328E+06  6.50729987E+06  7.13795721E-09  7.58828734E+04  1.10008288E+00  0.00000000E+00
  1.68136401E+06  6.50673843E+06  7.13899217E-09  7.58856177E+04  1.10006290E+00  0.00000000E+00
  1.68172474E+06  6.50617705E+06  7.14002723E-09  7.58883620E+04  1.10004292E+00  0.00000000E+00
  1.68208547E+06  6.50561573E+06  7.14106241E-09  7.58911062E+04  1.10002294E+00  0.00000000E+00
  1.68244620E+06  6.50505448E+06  7.14209769E-09  7.58938505E+04  1.10000296E+00  0.00000000E+00
  1.68280693E+06  6.50449328E+06  7.14313309E-09  7.58965948E+04  1.09998298E+00  0.00000000E+00
  1.68316766E+06  6.50393215E+06  7.14416860E-09  7.58993391E+04  1.09996301E+00  0.00000000E+00
  1.68352839E+06  6.50337109E+06  7.14520421E-09  7.59020833E+04  1.09994303E+00  0.00000000E+00
  1.68388912E+06  6.50281008E+06  7.14623994E-09  7.59048276E+04  1.09992306E+00  0.00000000E+00
  1.68424985E+06  6.50224914E+06  7.14727578E-09  7.59075719E+04  1.09990308E+00  0.00000000E+00
  1.68461058E+06  6.50168825E+06  7.14831173E-09  7.59103161E+04  1.09988311E+00  0.00000000E+00
  1.68497132E+06  6.50112743E+06  7.14934779E-09  7.59130604E+04  1.09986314E+00  0.00000000E+00
  1.68533205E+06  6.50056667E+06  7.15038396E-09  7.59158047E+04  1.09984317E+00  0.00000000E+00
  1.68569278E+06  6.50000597E+06  7.15142024E-09  7.59185489E+04  1.09982320E+00  0.00000000E+00
  1.68605351E+06  6.49944534E+06  7.15245664E-09  7.59212932E+04  1.09980323E+00  0.00000000E+00
  1.68641424E+06  6.49888476E+06  7.15349315E-09  7.59240375E+04  1.09978326E+00  0.00000000E+00
  1.68677497E+06  6.49832425E+06  7.15452976E-09  7.59267817E+04  1.09976329E+00  0.00000000E+00
  1.68713570E+06  6.49776379E+06  7.15556649E-09  7.59295260E+04  1.09974333E+00  0.00000000E+00
  1.68749643E+06  6.49720340E+06  7.15660333E-09  7.59322703E+04  1.09972336E+00  0.00000000E+00
  1.68785716E+06  6.49664307E+06  7.15764029E-09  7.59350145E+04  1.09970340E+00  0.00000000E+00
  1.68821789E+06  6.49608279E+06  7.15867735E-09  7.59377588E+04  1.09968343E+00  0.00000000E+00
  1.68857862E+06  6.49552258E+06  7.15971453E-09  7.59405031E+04  1.09966347E+00  0.00000000E+00
  1.68893935E+06  6.49496243E+06  7.16075182E-09  7.59432474E+04  1.09964351E+00  0.00000000E+00
  1.68930008E+06  6.49440234E+06  7.16178923E-09  7.59459916E+04  1.09962355E+00  0.00000000E+00
  1.68966081E+06  6.49384231E+06  7.16282674E-09  7.59487359E+04  1.09960359E+00  0.00000000E+00
  1.69002154E+06  6.49328233E+06  7.16386437E-09  7.59514802E+04  1.09958363E+00  0.00000000E+00
  1.69038227E+06  6.49272242E+06  7.16490212E-09  7.59542244E+04  1.09956367E+00  0.00000000E+00
  1.69074300E+06  6.49216257E+06  7.16593997E-09  7.59569687E+04  1.09954371E+00  0.00000000E+00
  1.69110373E+06  6.49160278E+06  7.16697794E-09  7.59597130E+04  1.09952375E+00  0.00000000E+00
  1.69146446E+06  6.49104304E+06  7.16801602E-09  7.59624572E+04  1.09950379E+00  0.00000000E+00
  1.69182519E+06  6.49048337E+06  7.16905422E-09  7.59652015E+04  1.09948384E+00  0.00000000E+00
  1.69218592E+06  6.48992375E+06  7.17009253E-09  7.59679458E+04  1.09946388E+00  0.00000000E+00
  1.69254665E+06  6.48936420E+06  7.17113095E-09  7.59706900E+04  1.09944392E+00  0.00000000E+00
  1.69290738E+06  6.48880470E+06  7.17216949E-09  7.59734343E+04  1.09942397E+00  0.00000000E+00
  1.69326811E+06  6.48824526E+06  7.17320814E-09  7.59761786E+04  1.09940402E+00  0.00000000E+00
  1.69362884E+06  6.48768588E+06  7.17424691E-09  7.59789228E+04  1.09938406E+00  0.00000000E+00
  1.69398957E+06  6.48712656E+06  7.17528579E-09  7.59816671E+04  1.09936411E+00  0.00000000E+00
  1.69435030E+06  6.48656730E+06  7.17632478E-09  7.59844114E+04  1.09934416E+00  0.00000000E+00
  1.69471103E+06  6.48600809E+06  7.17736389E-09  7.59871556E+04  1.09932420E+00  0.00000000E+00
  1.69507176E+06  6.48544895E+06  7.17840311E-09  7.59898999E+04  1.09930425E+00  0.00000000E+00
  1.69543249E+06  6.48488986E+06  7.17944245E-09  7.59926442E+04  1.09928430E+00  0.00000000E+00
  1.69579322E+06  6.48433083E+06  7.18048191E-09  7.59953885E+04  1.09926435E+00  0.00000000E+00
  1.69615396E+06  6.48377186E+06  7.18152148E-09  7.59981327E+04  1.09924440E+00  0.00000000E+00
  1.69651469E+06  6.48321294E+06  7.18256116E-09  7.60008770E+04  1.09922445E+00  0.00000000E+00
  1.69687542E+06  6.48265409E+06  7.18360096E-09  7.60036213E+04  1.09920450E+00  0.00000000E+00
  1.69723615E+06  6.48209529E+06  7.18464087E-09  7.60063655E+04  1.09918455E+00  0.00000000E+00
  1.69759688E+06  6.48153655E+06  7.18568091E-09  7.60091098E+04  1.09916460E+00  0.00000000E+00
  1.69795761E+06  6.48097786E+06  7.18672105E-09  7.60118541E+04  1.09914465E+00  0.00000000E+00
  1.69831834E+06  6.48041924E+06  7.18776131E-09  7.60145983E+04  1.09912470E+00  0.00000000E+00
  1.69867907E+06  6.47986067E+06  7.18880169E-09  7.60173426E+04  1.09910475E+00  0.00000000E+00
  1.69903980E+06  6.47930215E+06  7.18984219E-09  7.60200869E+04  1.09908480E+00  0.00000000E+00
  1.69940053E+06  6.47874370E+06  7.19088280E-09  7.60228311E+04  1.09906485E+00  0.00000000E+00
  1.69976126E+06  6.47818530E+06  7.19192353E-09  7.60255754E+04  1.09904491E+00  0.00000000E+00
  1.70012199E+06  6.47762695E+06  7.19296437E-09  7.60283197E+04  1.09902496E+00  0.00000000E+00
  1.70048272E+06  6.47706867E+06  7.19400533E-09  7.60310639E+04  1.09900501E+00  0.00000000E+00
  1.70084345E+06  6.47651044E+06  7.19504641E-09  7.60338082E+04  1.09898506E+00  0.00000000E+00
  1.70120418E+06  6.47595226E+06  7.19608760E-09  7.60365525E+04  1.09896512E+00  0.00000000E+00
  1.70156491E+06  6.47539415E+06  7.19712891E-09  7.60392968E+04  1.09894517E+00  0.00000000E+00
  1.70192564E+06  6.47483608E+06  7.19817034E-09  7.60420410E+04  1.09892522E+00  0.00000000E+00
  1.70228637E+06  6.47427808E+06  7.19921189E-09  7.60447853E+04  1.09890528E+00  0.00000000E+00
  1.70264710E+06  6.47372013E+06  7.20025355E-09  7.60475296E+04  1.09888533E+00  0.00000000E+00
  1.70300783E+06  6.47316223E+06  7.20129533E-09  7.60502738E+04  1.09886538E+00  0.00000000E+00
  1.70336856E+06  6.47260440E+06  7.20233723E-09  7.60530181E+04  1.09884543E+00  0.00000000E+00
  1.70372929E+06  6.47204661E+06  7.20337925E-09  7.60557624E+04  1.09882549E+00  0.00000000E+00
  1.70409002E+06  6.47148889E+06  7.20442138E-09  7.60585066E+04  1.09880554E+00  0.00000000E+00
  1.70445075E+06  6.47093121E+06  7.20546363E-09  7.60612509E+04  1.09878559E+00  0.00000000E+00
  1.70481148E+06  6.47037360E+06  7.20650601E-09  7.60639952E+04  1.09876565E+00  0.00000000E+00
  1.70517221E+06  6.46981603E+06  7.20754849E-09  7.60667394E+04  1.09874570E+00  0.00000000E+00
  1.70553294E+06  6.46925853E+06  7.20859110E-09  7.60694837E+04  1.09872575E+00  0.00000000E+00
  1.70589367E+06  6.46870108E+06  7.20963383E-09  7.60722280E+04  1.09870581E+00  0.00000000E+00
  1.70625440E+06  6.46814368E+06  7.21067667E-09  7.60749722E+04  1.09868586E+00  0.00000000E+00
  1.70661513E+06  6.46758634E+06  7.21171964E-09  7.60777165E+04  1.09866591E+00  0.00000000E+00
  1.70697586E+06  6.46702905E+06  7.21276272E-09  7.60804608E+04  1.09864596E+00  0.00000000E+00
  1.70733659E+06  6.46647181E+06  7.21380592E-09  7.60832050E+04  1.09862602E+00  0.00000000E+00
  1.70769733E+06  6.46591463E+06  7.21484924E-09  7.60859493E+04  1.09860607E+00  0.00000000E+00
  1.70805806E+06  6.46535751E+06  7.21589268E-09  7.60886936E+04  1.09858612E+00  0.00000000E+00
  1.70841879E+06  6.46480044E+06  7.21693624E-09  7.60914379E+04  1.09856617E+00  0.00000000E+00
  1.70877952E+06  6.46424342E+06  7.21797992E-09  7.60941821E+04  1.09854622E+00  0.00000000E+00
  1.70914025E+06  6.46368646E+06  7.21902372E-09  7.60969264E+04  1.09852628E+00  0.00000000E+00
  1.70950098E+06  6.46312955E+06  7.22006764E-09  7.60996707E+04  1.09850633E+00  0.00000000E+00
  1.70986171E+06  6.46257269E+06  7.22111168E-09  7.61024149E+04  1.09848638E+00  0.00000000E+00
  1.71022244E+06  6.46201589E+06  7.22215583E-09  7.61051592E+04  1.09846643E+00  0.00000000E+00
  1.71058317E+06  6.46145914E+06  7.22320011E-09  7.61079035E+04  1.09844648E+00  0.00000000E+00
  1.71094390E+06  6.46090245E+06  7.22424451E-09  7.61106477E+04  1.09842653E+00  0.00000000E+00
  1.71130463E+06  6.46034580E+06  7.22528903E-09  7.61133920E+04  1.09840658E+00  0.00000000E+00
  1.71166536E+06  6.45978921E+06  7.22633367E-09  7.61161363E+04  1.09838663E+00  0.00000000E+00
  1.71202609E+06  6.45923268E+06  7.22737843E-09  7.61188805E+04  1.09836667E+00  0.00000000E+00
  1.71238682E+06  6.45867620E+06  7.22842332E-09  7.61216248E+04  1.09834672E+00  0.00000000E+00
  1.71274755E+06  6.45811976E+06  7.22946832E-09  7.61243691E+04  1.09832677E+00  0.00000000E+00
  1.71310828E+06  6.45756339E+06  7.23051344E-09  7.61271133E+04  1.09830682E+00  0.00000000E+00
  1.71346901E+06  6.45700706E+06  7.23155869E-09  7.61298576E+04  1.09828686E+00  0.00000000E+00
  1.71382974E+06  6.45645079E+06  7.23260405E-09  7.61326019E+04  1.09826691E+00  0.00000000E+00
  1.71419047E+06  6.45589457E+06  7.23364954E-09  7.61353462E+04  1.09824696E+00  0.00000000E+00
  1.71455120E+06  6.45533840E+06  7.23469515E-09  7.61380904E+04  1.09822700E+00  0.00000000E+00
  1.71491193E+06  6.45478229E+06  7.23574088E-09  7.61408347E+04  1.09820705E+00  0.00000000E+00
  1.71527266E+06  6.45422622E+06  7.23678673E-09  7.61435790E+04  1.09818709E+00  0.00000000E+00
  1.71563339E+06  6.45367021E+06  7.23783271E-09  7.61463232E+04  1.09816713E+00  0.00000000E+00
  1.71599412E+06  6.45311425E+06  7.23887881E-09  7.61490675E+04  1.09814718E+00  0.00000000E+00
  1.71635485E+06  6.45255834E+06  7.23992503E-09  7.61518118E+04  1.09812722E+00  0.00000000E+00
  1.71671558E+06  6.45200249E+06  7.24097137E-09  7.61545560E+04  1.09810726E+00  0.00000000E+00
  1.71707631E+06  6.45144668E+06  7.24201783E-09  7.61573003E+04  1.09808730E+00  0.00000000E+00
  1.71743704E+06  6.45089093E+06  7.24306442E-09  7.61600446E+04  1.09806734E+00  0.00000000E+00
  1.71779777E+06  6.45033523E+06  7.24411112E-09  7.61627888E+04  1.09804738E+00  0.00000000E+00
  1.71815850E+06  6.44977958E+06  7.24515796E-09  7.61655331E+04  1.09802742E+00  0.00000000E+00
  1.71851923E+06  6.44922398E+06  7.24620491E-09  7.61682774E+04  1.09800746E+00  0.00000000E+00
  1.71887997E+06  6.44866843E+06  7.24725199E-09  7.61710216E+04  1.09798750E+00  0.00000000E+00
  1.71924070E+06  6.44811293E+06  7.24829919E-09  7.61737659E+04  1.09796754E+00  0.00000000E+00
  1.71960143E+06  6.44755749E+06  7.24934651E-09  7.61765102E+04  1.09794757E+00  0.00000000E+00
  1.71996216E+06  6.44700209E+06  7.25039396E-09  7.61792545E+04  1.09792761E+00  0.00000000E+00
  1.72032289E+06  6.44644675E+06  7.25144153E-09  7.61819987E+04  1.09790765E+00  0.00000000E+00
  1.72068362E+06  6.44589145E+06  7.25248923E-09  7.61847430E+04  1.09788768E+00  0.00000000E+00
  1.72104435E+06  6.44533621E+06  7.25353704E-09  7.61874873E+04  1.09786771E+00  0.00000000E+00
  1.72140508E+06  6.44478101E+06  7.25458499E-09  7.61902315E+04  1.09784775E+00  0.00000000E+00
  1.72176581E+06  6.44422587E+06  7.25563305E-09  7.61929758E+04  1.09782778E+00  0.00000000E+00
  1.72212654E+06  6.44367078E+06  7.25668124E-09  7.61957201E+04  1.09780781E+00  0.00000000E+00
  1.72248727E+06  6.44311573E+06  7.25772956E-09  7.61984643E+04  1.09778784E+00  0.00000000E+00
  1.72284800E+06  6.44256074E+06  7.25877799E-09  7.62012086E+04  1.09776787E+00  0.00000000E+00
  1.72320873E+06  6.44200580E+06  7.25982656E-09  7.62039529E+04  1.09774790E+00  0.00000000E+00
  1.72356946E+06  6.44145090E+06  7.26087525E-09  7.62066971E+04  1.09772792E+00  0.00000000E+00
  1.72393019E+06  6.44089606E+06  7.26192406E-09  7.62094414E+04  1.09770795E+00  0.00000000E+00
  1.72429092E+06  6.44034127E+06  7.26297299E-09  7.62121857E+04  1.09768798E+00  0.00000000E+00
  1.72465165E+06  6.43978652E+06  7.26402206E-09  7.62149299E+04  1.09766800E+00  0.00000000E+00
  1.72501238E+06  6.43923183E+06  7.26507124E-09  7.62176742E+04  1.09764802E+00  0.00000000E+00
  1.72537311E+06  6.43867718E+06  7.26612056E-09  7.62204185E+04  1.09762805E+00  0.00000000E+00
  1.72573384E+06  6.43812258E+06  7.26716999E-09  7.62231627E+04  1.09760807E+00  0.00000000E+00
  1.72609457E+06  6.43756803E+06  7.26821956E-09  7.62259070E+04  1.09758809E+00  0.00000000E+00
  1.72645530E+06  6.43701353E+06  7.26926925E-09  7.62286513E+04  1.09756811E+00  0.00000000E+00
  1.72681603E+06  6.43645908E+06  7.27031906E-09  7.62313956E+04  1.09754813E+00  0.00000000E+00
  1.72717676E+06  6.43590468E+06  7.27136900E-09  7.62341398E+04  1.09752814E+00  0.00000000E+00
  1.72753749E+06  6.43535033E+06  7.27241907E-09  7.62368841E+04  1.09750816E+00  0.00000000E+00
  1.72789822E+06  6.43479603E+06  7.27346926E-09  7.62396284E+04  1.09748817E+00  0.00000000E+00
  1.72825895E+06  6.43424177E+06  7.27451958E-09  7.62423726E+04  1.09746819E+00  0.00000000E+00
  1.72861968E+06  6.43368756E+06  7.27557002E-09  7.62451169E+04  1.09744820E+00  0.00000000E+00
  1.72898041E+06  6.43313340E+06  7.27662059E-09  7.62478612E+04  1.09742821E+00  0.00000000E+00
  1.72934114E+06  6.43257929E+06  7.27767129E-09  7.62506054E+04  1.09740822E+00  0.00000000E+00
  1.72970187E+06  6.43202523E+06  7.27872211E-09  7.62533497E+04  1.09738823E+00  0.00000000E+00
  1.73006260E+06  6.43147122E+06  7.27977306E-09  7.62560940E+04  1.09736824E+00  0.00000000E+00
  1.73042334E+06  6.43091725E+06  7.28082414E-09  7.62588382E+04  1.09734825E+00  0.00000000E+00
  1.73078407E+06  6.43036333E+06  7.28187534E-09  7.62615825E+04  1.09732825E+00  0.00000000E+00
  1.73114480E+06  6.42980946E+06  7.28292667E-09  7.62643268E+04  1.09730826E+00  0.00000000E+00
  1.73150553E+06  6.42925564E+06  7.28397813E-09  7.62670710E+04  1.09728826E+00  0.00000000E+00
  1.73186626E+06  6.42870186E+06  7.28502972E-09  7.62698153E+04  1.09726826E+00  0.00000000E+00
  1.73222699E+06  6.42814813E+06  7.28608143E-09  7.62725596E+04  1.09724826E+00  0.00000000E+00
  1.73258772E+06  6.42759445E+06  7.28713327E-09  7.62753039E+04  1.09722826E+00  0.00000000E+00
  1.73294845E+06  6.42704082E+06  7.28818524E-09  7.62780481E+04  1.09720826E+00  0.00000000E+00
  1.73330918E+06  6.42648723E+06  7.28923734E-09  7.62807924E+04  1.09718826E+00  0.00000000E+00
  1.73366991E+06  6.42593369E+06  7.29028956E-09  7.62835367E+04  1.09716825E+00  0.00000000E+00
  1.73403064E+06  6.42538020E+06  7.29134191E-09  7.62862809E+04  1.09714825E+00  0.00000000E+00
  1.73439137E+06  6.42482675E+06  7.29239439E-09  7.62890252E+04  1.09712824E+00  0.00000000E+00
  1.73475210E+06  6.42427335E+06  7.29344700E-09  7.62917695E+04  1.09710823E+00  0.00000000E+00
  1.73511283E+06  6.42372000E+06  7.29449974E-09  7.62945137E+04  1.09708822E+00  0.00000000E+00
  1.73547356E+06  6.42316670E+06  7.29555260E-09  7.62972580E+04  1.09706821E+00  0.00000000E+00
  1.73583429E+06  6.42261344E+06  7.29660560E-09  7.63000023E+04  1.09704820E+00  0.00000000E+00
  1.73619502E+06  6.42206022E+06  7.29765872E-09  7.63027465E+04  1.09702818E+00  0.00000000E+00
  1.73655575E+06  6.42150706E+06  7.29871197E-09  7.63054908E+04  1.09700816E+00  0.00000000E+00
  1.73691648E+06  6.42095394E+06  7.29976535E-09  7.63082351E+04  1.09698815E+00  0.00000000E+00
  1.73727721E+06  6.42040086E+06  7.30081886E-09  7.63109793E+04  1.09696813E+00  0.00000000E+00
  1.73763794E+06  6.41984783E+06  7.30187250E-09  7.63137236E+04  1.09694811E+00  0.00000000E+00
  1.73799867E+06  6.41929485E+06  7.30292626E-09  7.63164679E+04  1.09692808E+00  0.00000000E+00
  1.73835940E+06  6.41874192E+06  7.30398016E-09  7.63192122E+04  1.09690806E+00  0.00000000E+00
  1.73872013E+06  6.41818903E+06  7.30503419E-09  7.63219564E+04  1.09688804E+00  0.00000000E+00
  1.73908086E+06  6.41763618E+06  7.30608834E-09  7.63247007E+04  1.09686801E+00  0.00000000E+00
  1.73944159E+06  6.41708338E+06  7.30714263E-09  7.63274450E+04  1.09684798E+00  0.00000000E+00
  1.73980232E+06  6.41653063E+06  7.30819704E-09  7.63301892E+04  1.09682795E+00  0.00000000E+00
  1.74016305E+06  6.41597792E+06  7.30925159E-09  7.63329335E+04  1.09680792E+00  0.00000000E+00
  1.74052378E+06  6.41542526E+06  7.31030626E-09  7.63356778E+04  1.09678789E+00  0.00000000E+00
  1.74088451E+06  6.41487264E+06  7.31136107E-09  7.63384220E+04  1.09676785E+00  0.00000000E+00
  1.74124524E+06  6.41432007E+06  7.31241601E-09  7.63411663E+04  1.09674781E+00  0.00000000E+00
  1.74160598E+06  6.41376754E+06  7.31347107E-09  7.63439106E+04  1.09672778E+00  0.00000000E+00
  1.74196671E+06  6.41321506E+06  7.31452627E-09  7.63466548E+04  1.09670774E+00  0.00000000E+00
  1.74232744E+06  6.41266262E+06  7.31558160E-09  7.63493991E+04  1.09668769E+00  0.00000000E+00
  1.74268817E+06  6.41211023E+06  7.31663705E-09  7.63521434E+04  1.09666765E+00  0.00000000E+00
  1.74304890E+06  6.41155788E+06  7.31769264E-09  7.63548876E+04  1.09664760E+00  0.00000000E+00
  1.74340963E+06  6.41100557E+06  7.31874836E-09  7.63576319E+04  1.09662756E+00  0.00000000E+00
  1.74377036E+06  6.41045332E+06  7.31980421E-09  7.63603762E+04  1.09660751E+00  0.00000000E+00
  1.74413109E+06  6.40990110E+06  7.32086020E-09  7.63631204E+04  1.09658746E+00  0.00000000E+00
  1.74449182E+06  6.40934893E+06  7.32191631E-09  7.63658647E+04  1.09656741E+00  0.00000000E+00
  1.74485255E+06  6.40879680E+06  7.32297256E-09  7.63686090E+04  1.09654735E+00  0.00000000E+00
  1.74521328E+06  6.40824472E+06  7.32402893E-09  7.63713533E+04  1.09652730E+00  0.00000000E+00
  1.74557401E+06  6.40769268E+06  7.32508544E-09  7.63740975E+04  1.09650724E+00  0.00000000E+00
  1.74593474E+06  6.40714069E+06  7.32614208E-09  7.63768418E+04  1.09648718E+00  0.00000000E+00
  1.74629547E+06  6.40658874E+06  7.32719885E-09  7.63795861E+04  1.09646712E+00  0.00000000E+00
  1.74665620E+06  6.40603684E+06  7.32825576E-09  7.63823303E+04  1.09644705E+00  0.00000000E+00
  1.74701693E+06  6.40548497E+06  7.32931279E-09  7.63850746E+04  1.09642699E+00  0.00000000E+00
  1.74737766E+06  6.40493315E+06  7.33036996E-09  7.63878189E+04  1.09640692E+00  0.00000000E+00
  1.74773839E+06  6.40438138E+06  7.33142726E-09  7.63905631E+04  1.09638685E+00  0.00000000E+00
  1.74809912E+06  6.40382965E+06  7.33248469E-09  7.63933074E+04  1.09636678E+00  0.00000000E+00
  1.74845985E+06  6.40327796E+06  7.33354226E-09  7.63960517E+04  1.09634671E+00  0.00000000E+00
  1.74882058E+06  6.40272631E+06  7.33459996E-09  7.63987959E+04  1.09632663E+00  0.00000000E+00
  1.74918131E+06  6.40217471E+06  7.33565779E-09  7.64015402E+04  1.09630655E+00  0.00000000E+00
  1.74954204E+06  6.40162315E+06  7.33671575E-09  7.64042845E+04  1.09628648E+00  0.00000000E+00
  1.74990277E+06  6.40107164E+06  7.33777385E-09  7.64070287E+04  1.09626639E+00  0.00000000E+00
  1.75026350E+06  6.40052017E+06  7.33883208E-09  7.64097730E+04  1.09624631E+00  0.00000000E+00
  1.75062423E+06  6.39996874E+06  7.33989044E-09  7.64125173E+04  1.09622623E+00  0.00000000E+00
  1.75098496E+06  6.39941735E+06  7.34094894E-09  7.64152616E+04  1.09620614E+00  0.00000000E+00
  1.75134569E+06  6.39886600E+06  7.34200757E-09  7.64180058E+04  1.09618605E+00  0.00000000E+00
  1.75170642E+06  6.39831470E+06  7.34306633E-09  7.64207501E+04  1.09616596E+00  0.00000000E+00
  1.75206715E+06  6.39776344E+06  7.34412523E-09  7.64234944E+04  1.09614586E+00  0.00000000E+00
  1.75242788E+06  6.39721223E+06  7.34518426E-09  7.64262386E+04  1.09612577E+00  0.00000000E+00
  1.75278862E+06  6.39666105E+06  7.34624342E-09  7.64289829E+04  1.09610567E+00  0.00000000E+00
  1.75314935E+06  6.39610992E+06  7.34730272E-09  7.64317272E+04  1.09608557E+00  0.00000000E+00
  1.75351008E+06  6.39555883E+06  7.34836215E-09  7.64344714E+04  1.09606547E+00  0.00000000E+00
  1.75387081E+06  6.39500778E+06  7.34942172E-09  7.64372157E+04  1.09604537E+00  0.00000000E+00
  1.75423154E+06  6.39445678E+06  7.35048142E-09  7.64399600E+04  1.09602526E+00  0.00000000E+00
  1.75459227E+06  6.39390581E+06  7.35154126E-09  7.64427042E+04  1.09600515E+00  0.00000000E+00
  1.75495300E+06  6.39335489E+06  7.35260123E-09  7.64454485E+04  1.09598504E+00  0.00000000E+00
  1.75531373E+06  6.39280401E+06  7.35366133E-09  7.64481928E+04  1.09596493E+00  0.00000000E+00
  1.75567446E+06  6.39225317E+06  7.35472157E-09  7.64509370E+04  1.09594481E+00  0.00000000E+00
  1.75603519E+06  6.39170237E+06  7.35578194E-09  7.64536813E+04  1.09592469E+00  0.00000000E+00
  1.75639592E+06  6.39115162E+06  7.35684245E-09  7.64564256E+04  1.09590457E+00  0.00000000E+00
  1.75675665E+06  6.39060091E+06  7.35790310E-09  7.64591698E+04  1.09588445E+00  0.00000000E+00
  1.75711738E+06  6.39005023E+06  7.35896388E-09  7.64619141E+04  1.09586433E+00  0.00000000E+00
  1.75747811E+06  6.38949960E+06  7.36002479E-09  7.64646584E+04  1.09584420E+00  0.00000000E+00
  1.75783884E+06  6.38894901E+06  7.36108584E-09  7.64674027E+04  1.09582407E+00  0.00000000E+00
  1.75819957E+06  6.38839846E+06  7.36214703E-09  7.64701469E+04  1.09580394E+00  0.00000000E+00
  1.75856030E+06  6.38784795E+06  7.36320835E-09  7.64728912E+04  1.09578381E+00  0.00000000E+00
  1.75892103E+06  6.38729749E+06  7.36426981E-09  7.64756355E+04  1.09576367E+00  0.00000000E+00
  1.75928176E+06  6.38674706E+06  7.36533140E-09  7.64783797E+04  1.09574353E+00  0.00000000E+00
  1.75964249E+06  6.38619668E+06  7.36639313E-09  7.64811240E+04  1.09572339E+00  0.00000000E+00
  1.76000322E+06  6.38564633E+06  7.36745499E-09  7.64838683E+04  1.09570325E+00  0.00000000E+00
  1.76036395E+06  6.38509603E+06  7.36851699E-09  7.64866125E+04  1.09568310E+00  0.00000000E+00
  1.76072468E+06  6.38454576E+06  7.36957913E-09  7.64893568E+04  1.09566296E+00  0.00000000E+00
  1.76108541E+06  6.38399554E+06  7.37064141E-09  7.64921011E+04  1.09564281E+00  0.00000000E+00
  1.76144614E+06  6.38344536E+06  7.37170382E-09  7.64948453E+04  1.09562265E+00  0.00000000E+00
  1.76180687E+06  6.38289522E+06  7.37276636E-09  7.64975896E+04  1.09560250E+00  0.00000000E+00
  1.76216760E+06  6.38234511E+06  7.37382905E-09  7.65003339E+04  1.09558234E+00  0.00000000E+00
  1.76252833E+06  6.38179505E+06  7.37489187E-09  7.65030781E+04  1.09556218E+00  0.00000000E+00
  1.76288906E+06  6.38124503E+06  7.37595482E-09  7.65058224E+04  1.09554202E+00  0.00000000E+00
  1.76324979E+06  6.38069505E+06  7.37701792E-09  7.65085667E+04  1.09552185E+00  0.00000000E+00
  1.76361052E+06  6.38014511E+06  7.37808115E-09  7.65113110E+04  1.09550168E+00  0.00000000E+00
  1.76397125E+06  6.37959520E+06  7.37914452E-09  7.65140552E+04  1.09548151E+00  0.00000000E+00
  1.76433199E+06  6.37904534E+06  7.38020802E-09  7.65167995E+04  1.09546134E+00  0.00000000E+00
  1.76469272E+06  6.37849552E+06  7.38127167E-09  7.65195438E+04  1.09544116E+00  0.00000000E+00
  1.76505345E+06  6.37794574E+06  7.38233545E-09  7.65222880E+04  1.09542099E+00  0.00000000E+00
  1.76541418E+06  6.37739599E+06  7.38339937E-09  7.65250323E+04  1.09540081E+00  0.00000000E+00
  1.76577491E+06  6.37684629E+06  7.38446342E-09  7.65277766E+04  1.09538062E+00  0.00000000E+00
  1.76613564E+06  6.37629662E+06  7.38552762E-09  7.65305208E+04  1.09536044E+00  0.00000000E+00
  1.76649637E+06  6.37574700E+06  7.38659195E-09  7.65332651E+04  1.09534025E+00  0.00000000E+00
  1.76685710E+06  6.37519741E+06  7.38765642E-09  7.65360094E+04  1.09532006E+00  0.00000000E+00
  1.76721783E+06  6.37464786E+06  7.38872103E-09  7.65387536E+04  1.09529986E+00  0.00000000E+00
  1.76757856E+06  6.37409836E+06  7.38978578E-09  7.65414979E+04  1.09527967E+00  0.00000000E+00
  1.76793929E+06  6.37354889E+06  7.39085066E-09  7.65442422E+04  1.09525947E+00  0.00000000E+00
  1.76830002E+06  6.37299946E+06  7.39191569E-09  7.65469864E+04  1.09523926E+00  0.00000000E+00
  1.76866075E+06  6.37245007E+06  7.39298085E-09  7.65497307E+04  1.09521906E+00  0.00000000E+00
  1.76902148E+06  6.37190071E+06  7.39404615E-09  7.65524750E+04  1.09519885E+00  0.00000000E+00
  1.76938221E+06  6.37135140E+06  7.39511159E-09  7.65552193E+04  1.09517864E+00  0.00000000E+00
  1.76974294E+06  6.37080212E+06  7.39617717E-09  7.65579635E+04  1.09515843E+00  0.00000000E+00
  1.77010367E+06  6.37025289E+06  7.39724289E-09  7.65607078E+04  1.09513821E+00  0.00000000E+00
  1.77046440E+06  6.36970369E+06  7.39830874E-09  7.65634521E+04  1.09511800E+00  0.00000000E+00
  1.77082513E+06  6.36915453E+06  7.39937474E-09  7.65661963E+04  1.09509777E+00  0.00000000E+00
  1.77118586E+06  6.36860541E+06  7.40044088E-09  7.65689406E+04  1.09507755E+00  0.00000000E+00
  1.77154659E+06  6.36805632E+06  7.40150715E-09  7.65716849E+04  1.09505732E+00  0.00000000E+00
  1.77190732E+06  6.36750728E+06  7.40257357E-09  7.65744291E+04  1.09503709E+00  0.00000000E+00
  1.77226805E+06  6.36695827E+06  7.40364012E-09  7.65771734E+04  1.09501686E+00  0.00000000E+00
  1.77262878E+06  6.36640930E+06  7.40470681E-09  7.65799177E+04  1.09499663E+00  0.00000000E+00
  1.77298951E+06  6.36586037E+06  7.40577365E-09  7.65826619E+04  1.09497639E+00  0.00000000E+00
  1.77335024E+06  6.36531147E+06  7.40684062E-09  7.65854062E+04  1.09495615E+00  0.00000000E+00
  1.77371097E+06  6.36476262E+06  7.40790774E-09  7.65881505E+04  1.09493590E+00  0.00000000E+00
  1.77407170E+06  6.36421380E+06  7.40897499E-09  7.65908947E+04  1.09491566E+00  0.00000000E+00
  1.77443243E+06  6.36366502E+06  7.41004239E-09  7.65936390E+04  1.09489541E+00  0.00000000E+00
  1.77479316E+06  6.36311627E+06  7.41110992E-09  7.65963833E+04  1.09487515E+00  0.00000000E+00
  1.77515389E+06  6.36256757E+06  7.41217760E-09  7.65991275E+04  1.09485490E+00  0.00000000E+00
  1.77551463E+06  6.36201890E+06  7.41324541E-09  7.66018718E+04  1.09483464E+00  0.00000000E+00
  1.77587536E+06  6.36147027E+06  7.41431337E-09  7.66046161E+04  1.09481438E+00  0.00000000E+00
  1.77623609E+06  6.36092167E+06  7.41538147E-09  7.66073604E+04  1.09479411E+00  0.00000000E+00
  1.77659682E+06  6.36037312E+06  7.41644971E-09  7.66101046E+04  1.09477385E+00  0.00000000E+00
  1.77695755E+06  6.35982460E+06  7.41751809E-09  7.66128489E+04  1.09475358E+00  0.00000000E+00
  1.77731828E+06  6.35927611E+06  7.41858661E-09  7.66155932E+04  1.09473330E+00  0.00000000E+00
  1.77767901E+06  6.35872767E+06  7.41965527E-09  7.66183374E+04  1.09471303E+00  0.00000000E+00
  1.77803974E+06  6.35817926E+06  7.42072407E-09  7.66210817E+04  1.09469275E+00  0.00000000E+00
  1.77840047E+06  6.35763089E+06  7.42179302E-09  7.66238260E+04  1.09467246E+00  0.00000000E+00
  1.77876120E+06  6.35708255E+06  7.42286211E-09  7.66265702E+04  1.09465218E+00  0.00000000E+00
  1.77912193E+06  6.35653425E+06  7.42393133E-09  7.66293145E+04  1.09463189E+00  0.00000000E+00
  1.77948266E+06  6.35598599E+06  7.42500070E-09  7.66320588E+04  1.09461160E+00  0.00000000E+00
  1.77984339E+06  6.35543777E+06  7.42607022E-09  7.66348030E+04  1.09459130E+00  0.00000000E+00
  1.78020412E+06  6.35488958E+06  7.42713987E-09  7.66375473E+04  1.09457100E+00  0.00000000E+00
  1.78056485E+06  6.35434142E+06  7.42820967E-09  7.66402916E+04  1.09455070E+00  0.00000000E+00
  1.78092558E+06  6.35379331E+06  7.42927960E-09  7.66430358E+04  1.09453040E+00  0.00000000E+00
  1.78128631E+06  6.35324523E+06  7.43034968E-09  7.66457801E+04  1.09451009E+00  0.00000000E+00
  1.78164704E+06  6.35269718E+06  7.43141991E-09  7.66485244E+04  1.09448978E+00  0.00000000E+00
  1.78200777E+06  6.35214917E+06  7.43249027E-09  7.66512687E+04  1.09446947E+00  0.00000000E+00
  1.78236850E+06  6.35160120E+06  7.43356078E-09  7.66540129E+04  1.09444915E+00  0.00000000E+00
  1.78272923E+06  6.35105326E+06  7.43463143E-09  7.66567572E+04  1.09442883E+00  0.00000000E+00
  1.78308996E+06  6.35050536E+06  7.43570222E-09  7.66595015E+04  1.09440851E+00  0.00000000E+00
  1.78345069E+06  6.34995750E+06  7.43677316E-09  7.66622457E+04  1.09438818E+00  0.00000000E+00
  1.78381142E+06  6.34940967E+06  7.43784424E-09  7.66649900E+04  1.09436785E+00  0.00000000E+00
  1.78417215E+06  6.34886188E+06  7.43891546E-09  7.66677343E+04  1.09434752E+00  0.00000000E+00
  1.78453288E+06  6.34831412E+06  7.43998683E-09  7.66704785E+04  1.09432718E+00  0.00000000E+00
  1.78489361E+06  6.34776639E+06  7.44105834E-09  7.66732228E+04  1.09430684E+00  0.00000000E+00
  1.78525434E+06  6.34721871E+06  7.44212999E-09  7.66759671E+04  1.09428650E+00  0.00000000E+00
  1.78561507E+06  6.34667106E+06  7.44320178E-09  7.66787113E+04  1.09426615E+00  0.00000000E+00
  1.78597580E+06  6.34612344E+06  7.44427372E-09  7.66814556E+04  1.09424580E+00  0.00000000E+00
  1.78633653E+06  6.34557586E+06  7.44534581E-09  7.66841999E+04  1.09422545E+00  0.00000000E+00
  1.78669726E+06  6.34502831E+06  7.44641803E-09  7.66869441E+04  1.09420509E+00  0.00000000E+00
  1.78705800E+06  6.34448080E+06  7.44749040E-09  7.66896884E+04  1.09418473E+00  0.00000000E+00
  1.78741873E+06  6.34393333E+06  7.44856292E-09  7.66924327E+04  1.09416437E+00  0.00000000E+00
  1.78777946E+06  6.34338588E+06  7.44963558E-09  7.66951769E+04  1.09414400E+00  0.00000000E+00
  1.78814019E+06  6.34283848E+06  7.45070838E-09  7.66979212E+04  1.09412363E+00  0.00000000E+00
  1.78850092E+06  6.34229111E+06  7.45178133E-09  7.67006655E+04  1.09410326E+00  0.00000000E+00
  1.78886165E+06  6.34174377E+06  7.45285442E-09  7.67034098E+04  1.09408288E+00  0.00000000E+00
  1.78922238E+06  6.34119647E+06  7.45392765E-09  7.67061540E+04  1.09406250E+00  0.00000000E+00
  1.78958311E+06  6.34064920E+06  7.45500104E-09  7.67088983E+04  1.09404212E+00  0.00000000E+00
  1.78994384E+06  6.34010197E+06  7.45607456E-09  7.67116426E+04  1.09402174E+00  0.00000000E+00
  1.79030457E+06  6.33955477E+06  7.45714823E-09  7.67143868E+04  1.09400134E+00  0.00000000E+00
  1.79066530E+06  6.33900760E+06  7.45822205E-09  7.67171311E+04  1.09398095E+00  0.00000000E+00
  1.79102603E+06  6.33846048E+06  7.45929601E-09  7.67198754E+04  1.09396055E+00  0.00000000E+00
  1.79138676E+06  6.33791338E+06  7.46037011E-09  7.67226196E+04  1.09394015E+00  0.00000000E+00
  1.79174749E+06  6.33736632E+06  7.46144436E-09  7.67253639E+04  1.09391975E+00  0.00000000E+00
  1.79210822E+06  6.33681929E+06  7.46251876E-09  7.67281082E+04  1.09389934E+00  0.00000000E+00
  1.79246895E+06  6.33627230E+06  7.46359330E-09  7.67308524E+04  1.09387893E+00  0.00000000E+00
  1.79282968E+06  6.33572534E+06  7.46466799E-09  7.67335967E+04  1.09385852E+00  0.00000000E+00
  1.79319041E+06  6.33517841E+06  7.46574282E-09  7.67363410E+04  1.09383810E+00  0.00000000E+00
  1.79355114E+06  6.33463152E+06  7.46681780E-09  7.67390852E+04  1.09381768E+00  0.00000000E+00
  1.79391187E+06  6.33408466E+06  7.46789292E-09  7.67418295E+04  1.09379725E+00  0.00000000E+00
  1.79427260E+06  6.33353784E+06  7.46896819E-09  7.67445738E+04  1.09377682E+00  0.00000000E+00
  1.79463333E+06  6.33299105E+06  7.47004361E-09  7.67473181E+04  1.09375639E+00  0.00000000E+00
  1.79499406E+06  6.33244429E+06  7.47111917E-09  7.67500623E+04  1.09373596E+00  0.00000000E+00
  1.79535479E+06  6.33189757E+06  7.47219488E-09  7.67528066E+04  1.09371552E+00  0.00000000E+00
  1.79571552E+06  6.33135088E+06  7.47327073E-09  7.67555509E+04  1.09369507E+00  0.00000000E+00
  1.79607625E+06  6.33080422E+06  7.47434673E-09  7.67582951E+04  1.09367463E+00  0.00000000E+00
  1.79643698E+06  6.33025760E+06  7.47542288E-09  7.67610394E+04  1.09365418E+00  0.00000000E+00
  1.79679771E+06  6.32971101E+06  7.47649917E-09  7.67637837E+04  1.09363372E+00  0.00000000E+00
  1.79715844E+06  6.32916445E+06  7.47757562E-09  7.67665279E+04  1.09361327E+00  0.00000000E+00
  1.79751917E+06  6.32861793E+06  7.47865220E-09  7.67692722E+04  1.09359280E+00  0.00000000E+00
  1.79787990E+06  6.32807144E+06  7.47972894E-09  7.67720165E+04  1.09357234E+00  0.00000000E+00
  1.79824064E+06  6.32752498E+06  7.48080582E-09  7.67747607E+04  1.09355187E+00  0.00000000E+00
  1.79860137E+06  6.32697856E+06  7.48188285E-09  7.67775050E+04  1.09353140E+00  0.00000000E+00
  1.79896210E+06  6.32643216E+06  7.48296002E-09  7.67802493E+04  1.09351092E+00  0.00000000E+00
  1.79932283E+06  6.32588580E+06  7.48403735E-09  7.67829935E+04  1.09349044E+00  0.00000000E+00
  1.79968356E+06  6.32533948E+06  7.48511482E-09  7.67857378E+04  1.09346996E+00  0.00000000E+00
  1.80004429E+06  6.32479318E+06  7.48619243E-09  7.67884821E+04  1.09344947E+00  0.00000000E+00
  1.80040502E+06  6.32424692E+06  7.48727020E-09  7.67912264E+04  1.09342898E+00  0.00000000E+00
  1.80076575E+06  6.32370069E+06  7.48834811E-09  7.67939706E+04  1.09340849E+00  0.00000000E+00
  1.80112648E+06  6.32315450E+06  7.48942617E-09  7.67967149E+04  1.09338799E+00  0.00000000E+00
  1.80148721E+06  6.32260833E+06  7.49050438E-09  7.67994592E+04  1.09336748E+00  0.00000000E+00
  1.80184794E+06  6.32206220E+06  7.49158274E-09  7.68022034E+04  1.09334698E+00  0.00000000E+00
  1.80220867E+06  6.32151610E+06  7.49266125E-09  7.68049477E+04  1.09332647E+00  0.00000000E+00
  1.80256940E+06  6.32097004E+06  7.49373990E-09  7.68076920E+04  1.09330595E+00  0.00000000E+00
  1.80293013E+06  6.32042400E+06  7.49481870E-09  7.68104362E+04  1.09328544E+00  0.00000000E+00
  1.80329086E+06  6.31987800E+06  7.49589765E-09  7.68131805E+04  1.09326492E+00  0.00000000E+00
  1.80365159E+06  6.31933203E+06  7.49697675E-09  7.68159248E+04  1.09324439E+00  0.00000000E+00
  1.80401232E+06  6.31878609E+06  7.49805600E-09  7.68186690E+04  1.09322386E+00  0.00000000E+00
  1.80437305E+06  6.31824018E+06  7.49913539E-09  7.68214133E+04  1.09320333E+00  0.00000000E+00
  1.80473378E+06  6.31769431E+06  7.50021494E-09  7.68241576E+04  1.09318279E+00  0.00000000E+00
  1.80509451E+06  6.31714846E+06  7.50129463E-09  7.68269018E+04  1.09316225E+00  0.00000000E+00
  1.80545524E+06  6.31660265E+06  7.50237447E-09  7.68296461E+04  1.09314171E+00  0.00000000E+00
  1.80581597E+06  6.31605687E+06  7.50345446E-09  7.68323904E+04  1.09312116E+00  0.00000000E+00
  1.80617670E+06  6.31551112E+06  7.50453460E-09  7.68351346E+04  1.09310060E+00  0.00000000E+00
  1.80653743E+06  6.31496540E+06  7.50561489E-09  7.68378789E+04  1.09308005E+00  0.00000000E+00
  1.80689816E+06  6.31441972E+06  7.50669533E-09  7.68406232E+04  1.09305949E+00  0.00000000E+00
  1.80725889E+06  6.31387406E+06  7.50777592E-09  7.68433675E+04  1.09303892E+00  0.00000000E+00
  1.80761962E+06  6.31332844E+06  7.50885666E-09  7.68461117E+04  1.09301835E+00  0.00000000E+00
  1.80798035E+06  6.31278285E+06  7.50993755E-09  7.68488560E+04  1.09299778E+00  0.00000000E+00
  1.80834108E+06  6.31223729E+06  7.51101858E-09  7.68516003E+04  1.09297721E+00  0.00000000E+00
  1.80870181E+06  6.31169176E+06  7.51209977E-09  7.68543445E+04  1.09295663E+00  0.00000000E+00
  1.80906254E+06  6.31114626E+06  7.51318111E-09  7.68570888E+04  1.09293604E+00  0.00000000E+00
  1.80942327E+06  6.31060079E+06  7.51426260E-09  7.68598331E+04  1.09291545E+00  0.00000000E+00
  1.80978401E+06  6.31005536E+06  7.51534423E-09  7.68625773E+04  1.09289486E+00  0.00000000E+00
  1.81014474E+06  6.30950995E+06  7.51642602E-09  7.68653216E+04  1.09287426E+00  0.00000000E+00
  1.81050547E+06  6.30896458E+06  7.51750796E-09  7.68680659E+04  1.09285366E+00  0.00000000E+00
  1.81086620E+06  6.30841923E+06  7.51859005E-09  7.68708101E+04  1.09283306E+00  0.00000000E+00
  1.81122693E+06  6.30787392E+06  7.51967229E-09  7.68735544E+04  1.09281245E+00  0.00000000E+00
  1.81158766E+06  6.30732864E+06  7.52075468E-09  7.68762987E+04  1.09279184E+00  0.00000000E+00
  1.81194839E+06  6.30678338E+06  7.52183722E-09  7.68790429E+04  1.09277122E+00  0.00000000E+00
  1.81230912E+06  6.30623816E+06  7.52291991E-09  7.68817872E+04  1.09275060E+00  0.00000000E+00
  1.81266985E+06  6.30569297E+06  7.52400275E-09  7.68845315E+04  1.09272997E+00  0.00000000E+00
  1.81303058E+06  6.30514781E+06  7.52508574E-09  7.68872758E+04  1.09270935E+00  0.00000000E+00
  1.81339131E+06  6.30460268E+06  7.52616889E-09  7.68900200E+04  1.09268871E+00  0.00000000E+00
  1.81375204E+06  6.30405758E+06  7.52725218E-09  7.68927643E+04  1.09266807E+00  0.00000000E+00
  1.81411277E+06  6.30351251E+06  7.52833563E-09  7.68955086E+04  1.09264743E+00  0.00000000E+00
  1.81447350E+06  6.30296747E+06  7.52941922E-09  7.68982528E+04  1.09262679E+00  0.00000000E+00
  1.81483423E+06  6.30242246E+06  7.53050297E-09  7.69009971E+04  1.09260614E+00  0.00000000E+00
  1.81519496E+06  6.30187748E+06  7.53158687E-09  7.69037414E+04  1.09258548E+00  0.00000000E+00
  1.81555569E+06  6.30133253E+06  7.53267093E-09  7.69064856E+04  1.09256482E+00  0.00000000E+00
  1.81591642E+06  6.30078761E+06  7.53375513E-09  7.69092299E+04  1.09254416E+00  0.00000000E+00
  1.81627715E+06  6.30024272E+06  7.53483949E-09  7.69119742E+04  1.09252349E+00  0.00000000E+00
  1.81663788E+06  6.29969786E+06  7.53592400E-09  7.69147184E+04  1.09250282E+00  0.00000000E+00
  1.81699861E+06  6.29915303E+06  7.53700866E-09  7.69174627E+04  1.09248215E+00  0.00000000E+00
  1.81735934E+06  6.29860823E+06  7.53809347E-09  7.69202070E+04  1.09246147E+00  0.00000000E+00
  1.81772007E+06  6.29806346E+06  7.53917843E-09  7.69229512E+04  1.09244078E+00  0.00000000E+00
  1.81808080E+06  6.29751872E+06  7.54026355E-09  7.69256955E+04  1.09242010E+00  0.00000000E+00
  1.81844153E+06  6.29697401E+06  7.54134882E-09  7.69284398E+04  1.09239940E+00  0.00000000E+00
  1.81880226E+06  6.29642932E+06  7.54243424E-09  7.69311841E+04  1.09237871E+00  0.00000000E+00
  1.81916299E+06  6.29588467E+06  7.54351981E-09  7.69339283E+04  1.09235801E+00  0.00000000E+00
  1.81952372E+06  6.29534005E+06  7.54460554E-09  7.69366726E+04  1.09233730E+00  0.00000000E+00
  1.81988445E+06  6.29479545E+06  7.54569142E-09  7.69394169E+04  1.09231659E+00  0.00000000E+00
  1.82024518E+06  6.29425089E+06  7.54677745E-09  7.69421611E+04  1.09229588E+00  0.00000000E+00
  1.82060591E+06  6.29370635E+06  7.54786364E-09  7.69449054E+04  1.09227516E+00  0.00000000E+00
  1.82096665E+06  6.29316184E+06  7.54894998E-09  7.69476497E+04  1.09225444E+00  0.00000000E+00
  1.82132738E+06  6.29261736E+06  7.55003647E-09  7.69503939E+04  1.09223371E+00  0.00000000E+00
  1.82168811E+06  6.29207292E+06  7.55112311E-09  7.69531382E+04  1.09221298E+00  0.00000000E+00
  1.82204884E+06  6.29152850E+06  7.55220991E-09  7.69558825E+04  1.09219224E+00  0.00000000E+00
  1.82240957E+06  6.29098410E+06  7.55329686E-09  7.69586267E+04  1.09217150E+00  0.00000000E+00
  1.82277030E+06  6.29043974E+06  7.55438397E-09  7.69613710E+04  1.09215076E+00  0.00000000E+00
  1.82313103E+06  6.28989541E+06  7.55547123E-09  7.69641153E+04  1.09213001E+00  0.00000000E+00
  1.82349176E+06  6.28935110E+06  7.55655864E-09  7.69668595E+04  1.09210926E+00  0.00000000E+00
  1.82385249E+06  6.28880683E+06  7.55764621E-09  7.69696038E+04  1.09208850E+00  0.00000000E+00
  1.82421322E+06  6.28826258E+06  7.55873393E-09  7.69723481E+04  1.09206774E+00  0.00000000E+00
  1.82457395E+06  6.28771836E+06  7.55982180E-09  7.69750923E+04  1.09204697E+00  0.00000000E+00
  1.82493468E+06  6.28717417E+06  7.56090983E-09  7.69778366E+04  1.09202620E+00  0.00000000E+00
  1.82529541E+06  6.28663000E+06  7.56199801E-09  7.69805809E+04  1.09200542E+00  0.00000000E+00
  1.82565614E+06  6.28608587E+06  7.56308635E-09  7.69833252E+04  1.09198464E+00  0.00000000E+00
  1.82601687E+06  6.28554176E+06  7.56417484E-09  7.69860694E+04  1.09196386E+00  0.00000000E+00
  1.82637760E+06  6.28499769E+06  7.56526349E-09  7.69888137E+04  1.09194307E+00  0.00000000E+00
  1.82673833E+06  6.28445364E+06  7.56635229E-09  7.69915580E+04  1.09192228E+00  0.00000000E+00
  1.82709906E+06  6.28390962E+06  7.56744125E-09  7.69943022E+04  1.09190148E+00  0.00000000E+00
  1.82745979E+06  6.28336562E+06  7.56853036E-09  7.69970465E+04  1.09188067E+00  0.00000000E+00
  1.82782052E+06  6.28282166E+06  7.56961962E-09  7.69997908E+04  1.09185987E+00  0.00000000E+00
  1.82818125E+06  6.28227772E+06  7.57070904E-09  7.70025350E+04  1.09183906E+00  0.00000000E+00
  1.82854198E+06  6.28173381E+06  7.57179861E-09  7.70052793E+04  1.09181824E+00  0.00000000E+00
  1.82890271E+06  6.28118993E+06  7.57288834E-09  7.70080236E+04  1.09179742E+00  0.00000000E+00
  1.82926344E+06  6.28064608E+06  7.57397823E-09  7.70107678E+04  1.09177659E+00  0.00000000E+00
  1.82962417E+06  6.28010225E+06  7.57506827E-09  7.70135121E+04  1.09175576E+00  0.00000000E+00
  1.82998490E+06  6.27955845E+06  7.57615847E-09  7.70162564E+04  1.09173493E+00  0.00000000E+00
  1.83034563E+06  6.27901468E+06  7.57724882E-09  7.70190006E+04  1.09171409E+00  0.00000000E+00
  1.83070636E+06  6.27847094E+06  7.57833932E-09  7.70217449E+04  1.09169325E+00  0.00000000E+00
  1.83106709E+06  6.27792722E+06  7.57942999E-09  7.70244892E+04  1.09167240E+00  0.00000000E+00
  1.83142782E+06  6.27738353E+06  7.58052081E-09  7.70272335E+04  1.09165154E+00  0.00000000E+00
  1.83178855E+06  6.27683987E+06  7.58161178E-09  7.70299777E+04  1.09163069E+00  0.00000000E+00
  1.83214928E+06  6.27629624E+06  7.58270291E-09  7.70327220E+04  1.09160983E+00  0.00000000E+00
  1.83251002E+06  6.27575263E+06  7.58379420E-09  7.70354663E+04  1.09158896E+00  0.00000000E+00
  1.83287075E+06  6.27520905E+06  7.58488564E-09  7.70382105E+04  1.09156809E+00  0.00000000E+00
  1.83323148E+06  6.27466550E+06  7.58597724E-09  7.70409548E+04  1.09154721E+00  0.00000000E+00
  1.83359221E+06  6.27412198E+06  7.58706899E-09  7.70436991E+04  1.09152633E+00  0.00000000E+00
  1.83395294E+06  6.27357848E+06  7.58816090E-09  7.70464433E+04  1.09150544E+00  0.00000000E+00
  1.83431367E+06  6.27303501E+06  7.58925297E-09  7.70491876E+04  1.09148455E+00  0.00000000E+00
  1.83467440E+06  6.27249157E+06  7.59034520E-09  7.70519319E+04  1.09146366E+00  0.00000000E+00
  1.83503513E+06  6.27194815E+06  7.59143758E-09  7.70546761E+04  1.09144276E+00  0.00000000E+00
  1.83539586E+06  6.27140476E+06  7.59253012E-09  7.70574204E+04  1.09142185E+00  0.00000000E+00
  1.83575659E+06  6.27086140E+06  7.59362281E-09  7.70601647E+04  1.09140094E+00  0.00000000E+00
  1.83611732E+06  6.27031806E+06  7.59471566E-09  7.70629089E+04  1.09138003E+00  0.00000000E+00
  1.83647805E+06  6.26977475E+06  7.59580867E-09  7.70656532E+04  1.09135911E+00  0.00000000E+00
  1.83683878E+06  6.26923147E+06  7.59690184E-09  7.70683975E+04  1.09133819E+00  0.00000000E+00
  1.83719951E+06  6.26868821E+06  7.59799516E-09  7.70711417E+04  1.09131726E+00  0.00000000E+00
  1.83756024E+06  6.26814498E+06  7.59908864E-09  7.70738860E+04  1.09129633E+00  0.00000000E+00
  1.83792097E+06  6.26760178E+06  7.60018228E-09  7.70766303E+04  1.09127539E+00  0.00000000E+00
  1.83828170E+06  6.26705860E+06  7.60127607E-09  7.70793746E+04  1.09125445E+00  0.00000000E+00
  1.83864243E+06  6.26651545E+06  7.60237003E-09  7.70821188E+04  1.09123350E+00  0.00000000E+00
  1.83900316E+06  6.26597233E+06  7.60346414E-09  7.70848631E+04  1.09121255E+00  0.00000000E+00
  1.83936389E+06  6.26542923E+06  7.60455841E-09  7.70876074E+04  1.09119159E+00  0.00000000E+00
  1.83972462E+06  6.26488616E+06  7.60565283E-09  7.70903516E+04  1.09117063E+00  0.00000000E+00
  1.84008535E+06  6.26434311E+06  7.60674742E-09  7.70930959E+04  1.09114966E+00  0.00000000E+00
  1.84044608E+06  6.26380010E+06  7.60784216E-09  7.70958402E+04  1.09112869E+00  0.00000000E+00
  1.84080681E+06  6.26325710E+06  7.60893706E-09  7.70985844E+04  1.09110771E+00  0.00000000E+00
  1.84116754E+06  6.26271414E+06  7.61003212E-09  7.71013287E+04  1.09108673E+00  0.00000000E+00
  1.84152827E+06  6.26217119E+06  7.61112734E-09  7.71040730E+04  1.09106574E+00  0.00000000E+00
  1.84188900E+06  6.26162828E+06  7.61222271E-09  7.71068172E+04  1.09104475E+00  0.00000000E+00
  1.84224973E+06  6.26108539E+06  7.61331825E-09  7.71095615E+04  1.09102376E+00  0.00000000E+00
  1.84261046E+06  6.26054253E+06  7.61441394E-09  7.71123058E+04  1.09100275E+00  0.00000000E+00
  1.84297119E+06  6.25999969E+06  7.61550979E-09  7.71150500E+04  1.09098175E+00  0.00000000E+00
  1.84333192E+06  6.25945688E+06  7.61660580E-09  7.71177943E+04  1.09096074E+00  0.00000000E+00
  1.84369266E+06  6.25891409E+06  7.61770197E-09  7.71205386E+04  1.09093972E+00  0.00000000E+00
  1.84405339E+06  6.25837133E+06  7.61879830E-09  7.71232829E+04  1.09091870E+00  0.00000000E+00
  1.84441412E+06  6.25782860E+06  7.61989479E-09  7.71260271E+04  1.09089767E+00  0.00000000E+00
  1.84477485E+06  6.25728589E+06  7.62099143E-09  7.71287714E+04  1.09087664E+00  0.00000000E+00
  1.84513558E+06  6.25674320E+06  7.62208824E-09  7.71315157E+04  1.09085561E+00  0.00000000E+00
  1.84549631E+06  6.25620054E+06  7.62318520E-09  7.71342599E+04  1.09083457E+00  0.00000000E+00
  1.84585704E+06  6.25565791E+06  7.62428233E-09  7.71370042E+04  1.09081352E+00  0.00000000E+00
  1.84621777E+06  6.25511530E+06  7.62537961E-09  7.71397485E+04  1.09079247E+00  0.00000000E+00
  1.84657850E+06  6.25457272E+06  7.62647705E-09  7.71424927E+04  1.09077142E+00  0.00000000E+00
  1.84693923E+06  6.25403016E+06  7.62757466E-09  7.71452370E+04  1.09075035E+00  0.00000000E+00
  1.84729996E+06  6.25348763E+06  7.62867242E-09  7.71479813E+04  1.09072929E+00  0.00000000E+00
  1.84766069E+06  6.25294512E+06  7.62977034E-09  7.71507255E+04  1.09070822E+00  0.00000000E+00
  1.84802142E+06  6.25240264E+06  7.63086842E-09  7.71534698E+04  1.09068714E+00  0.00000000E+00
  1.84838215E+06  6.25186018E+06  7.63196667E-09  7.71562141E+04  1.09066606E+00  0.00000000E+00
  1.84874288E+06  6.25131775E+06  7.63306507E-09  7.71589583E+04  1.09064497E+00  0.00000000E+00
  1.84910361E+06  6.25077534E+06  7.63416363E-09  7.71617026E+04  1.09062388E+00  0.00000000E+00
  1.84946434E+06  6.25023296E+06  7.63526236E-09  7.71644469E+04  1.09060279E+00  0.00000000E+00
  1.84982507E+06  6.24969060E+06  7.63636124E-09  7.71671912E+04  1.09058169E+00  0.00000000E+00
  1.85018580E+06  6.24914827E+06  7.63746028E-09  7.71699354E+04  1.09056058E+00  0.00000000E+00
  1.85054653E+06  6.24860596E+06  7.63855949E-09  7.71726797E+04  1.09053947E+00  0.00000000E+00
  1.85090726E+06  6.24806368E+06  7.63965885E-09  7.71754240E+04  1.09051835E+00  0.00000000E+00
  1.85126799E+06  6.24752142E+06  7.64075838E-09  7.71781682E+04  1.09049723E+00  0.00000000E+00
  1.85162872E+06  6.24697918E+06  7.64185807E-09  7.71809125E+04  1.09047610E+00  0.00000000E+00
  1.85198945E+06  6.24643698E+06  7.64295791E-09  7.71836568E+04  1.09045497E+00  0.00000000E+00
  1.85235018E+06  6.24589479E+06  7.64405792E-09  7.71864010E+04  1.09043383E+00  0.00000000E+00
  1.85271091E+06  6.24535263E+06  7.64515809E-09  7.71891453E+04  1.09041269E+00  0.00000000E+00
  1.85307164E+06  6.24481049E+06  7.64625842E-09  7.71918896E+04  1.09039154E+00  0.00000000E+00
  1.85343237E+06  6.24426838E+06  7.64735891E-09  7.71946338E+04  1.09037039E+00  0.00000000E+00
  1.85379310E+06  6.24372629E+06  7.64845957E-09  7.71973781E+04  1.09034923E+00  0.00000000E+00
  1.85415383E+06  6.24318423E+06  7.64956038E-09  7.72001224E+04  1.09032807E+00  0.00000000E+00
  1.85451456E+06  6.24264219E+06  7.65066136E-09  7.72028666E+04  1.09030690E+00  0.00000000E+00
  1.85487530E+06  6.24210017E+06  7.65176250E-09  7.72056109E+04  1.09028573E+00  0.00000000E+00
  1.85523603E+06  6.24155818E+06  7.65286380E-09  7.72083552E+04  1.09026455E+00  0.00000000E+00
  1.85559676E+06  6.24101622E+06  7.65396526E-09  7.72110994E+04  1.09024337E+00  0.00000000E+00
  1.85595749E+06  6.24047427E+06  7.65506688E-09  7.72138437E+04  1.09022218E+00  0.00000000E+00
  1.85631822E+06  6.23993235E+06  7.65616867E-09  7.72165880E+04  1.09020098E+00  0.00000000E+00
  1.85667895E+06  6.23939046E+06  7.65727062E-09  7.72193323E+04  1.09017978E+00  0.00000000E+00
  1.85703968E+06  6.23884859E+06  7.65837273E-09  7.72220765E+04  1.09015858E+00  0.00000000E+00
  1.85740041E+06  6.23830674E+06  7.65947500E-09  7.72248208E+04  1.09013737E+00  0.00000000E+00
  1.85776114E+06  6.23776491E+06  7.66057743E-09  7.72275651E+04  1.09011615E+00  0.00000000E+00
  1.85812187E+06  6.23722311E+06  7.66168003E-09  7.72303093E+04  1.09009493E+00  0.00000000E+00
  1.85848260E+06  6.23668134E+06  7.66278279E-09  7.72330536E+04  1.09007371E+00  0.00000000E+00
  1.85884333E+06  6.23613958E+06  7.66388571E-09  7.72357979E+04  1.09005247E+00  0.00000000E+00
  1.85920406E+06  6.23559785E+06  7.66498880E-09  7.72385421E+04  1.09003124E+00  0.00000000E+00
  1.85956479E+06  6.23505615E+06  7.66609204E-09  7.72412864E+04  1.09001000E+00  0.00000000E+00
  1.85992552E+06  6.23451447E+06  7.66719545E-09  7.72440307E+04  1.08998875E+00  0.00000000E+00
  1.86028625E+06  6.23397281E+06  7.66829903E-09  7.72467749E+04  1.08996750E+00  0.00000000E+00
  1.86064698E+06  6.23343117E+06  7.66940276E-09  7.72495192E+04  1.08994624E+00  0.00000000E+00
  1.86100771E+06  6.23288956E+06  7.67050666E-09  7.72522635E+04  1.08992498E+00  0.00000000E+00
  1.86136844E+06  6.23234797E+06  7.67161072E-09  7.72550077E+04  1.08990371E+00  0.00000000E+00
  1.86172917E+06  6.23180640E+06  7.67271495E-09  7.72577520E+04  1.08988243E+00  0.00000000E+00
  1.86208990E+06  6.23126486E+06  7.67381934E-09  7.72604963E+04  1.08986115E+00  0.00000000E+00
  1.86245063E+06  6.23072334E+06  7.67492389E-09  7.72632406E+04  1.08983987E+00  0.00000000E+00
  1.86281136E+06  6.23018184E+06  7.67602861E-09  7.72659848E+04  1.08981858E+00  0.00000000E+00
  1.86317209E+06  6.22964037E+06  7.67713349E-09  7.72687291E+04  1.08979728E+00  0.00000000E+00
  1.86353282E+06  6.22909892E+06  7.67823853E-09  7.72714734E+04  1.08977598E+00  0.00000000E+00
  1.86389355E+06  6.22855749E+06  7.67934374E-09  7.72742176E+04  1.08975468E+00  0.00000000E+00
  1.86425428E+06  6.22801609E+06  7.68044911E-09  7.72769619E+04  1.08973336E+00  0.00000000E+00
  1.86461501E+06  6.22747471E+06  7.68155465E-09  7.72797062E+04  1.08971205E+00  0.00000000E+00
  1.86497574E+06  6.22693335E+06  7.68266035E-09  7.72824504E+04  1.08969072E+00  0.00000000E+00
  1.86533647E+06  6.22639201E+06  7.68376621E-09  7.72851947E+04  1.08966940E+00  0.00000000E+00
  1.86569720E+06  6.22585070E+06  7.68487224E-09  7.72879390E+04  1.08964806E+00  0.00000000E+00
  1.86605793E+06  6.22530941E+06  7.68597843E-09  7.72906832E+04  1.08962672E+00  0.00000000E+00
  1.86641867E+06  6.22476814E+06  7.68708479E-09  7.72934275E+04  1.08960538E+00  0.00000000E+00
  1.86677940E+06  6.22422690E+06  7.68819131E-09  7.72961718E+04  1.08958403E+00  0.00000000E+00
  1.86714013E+06  6.22368567E+06  7.68929799E-09  7.72989160E+04  1.08956267E+00  0.00000000E+00
  1.86750086E+06  6.22314447E+06  7.69040484E-09  7.73016603E+04  1.08954131E+00  0.00000000E+00
  1.86786159E+06  6.22260329E+06  7.69151186E-09  7.73044046E+04  1.08951995E+00  0.00000000E+00
  1.86822232E+06  6.22206214E+06  7.69261904E-09  7.73071489E+04  1.08949857E+00  0.00000000E+00
  1.86858305E+06  6.22152101E+06  7.69372638E-09  7.73098931E+04  1.08947720E+00  0.00000000E+00
  1.86894378E+06  6.22097990E+06  7.69483389E-09  7.73126374E+04  1.08945581E+00  0.00000000E+00
  1.86930451E+06  6.22043881E+06  7.69594157E-09  7.73153817E+04  1.08943442E+00  0.00000000E+00
  1.86966524E+06  6.21989774E+06  7.69704941E-09  7.73181259E+04  1.08941303E+00  0.00000000E+00
  1.87002597E+06  6.21935670E+06  7.69815741E-09  7.73208702E+04  1.08939163E+00  0.00000000E+00
  1.87038670E+06  6.21881568E+06  7.69926558E-09  7.73236145E+04  1.08937023E+00  0.00000000E+00
  1.87074743E+06  6.21827468E+06  7.70037392E-09  7.73263587E+04  1.08934882E+00  0.00000000E+00
  1.87110816E+06  6.21773370E+06  7.70148242E-09  7.73291030E+04  1.08932740E+00  0.00000000E+00
  1.87146889E+06  6.21719274E+06  7.70259109E-09  7.73318473E+04  1.08930598E+00  0.00000000E+00
  1.87182962E+06  6.21665181E+06  7.70369992E-09  7.73345915E+04  1.08928455E+00  0.00000000E+00
  1.87219035E+06  6.21611090E+06  7.70480892E-09  7.73373358E+04  1.08926312E+00  0.00000000E+00
  1.87255108E+06  6.21557001E+06  7.70591809E-09  7.73400801E+04  1.08924168E+00  0.00000000E+00
  1.87291181E+06  6.21502914E+06  7.70702742E-09  7.73428243E+04  1.08922023E+00  0.00000000E+00
  1.87327254E+06  6.21448829E+06  7.70813691E-09  7.73455686E+04  1.08919878E+00  0.00000000E+00
  1.87363327E+06  6.21394747E+06  7.70924658E-09  7.73483129E+04  1.08917733E+00  0.00000000E+00
  1.87399400E+06  6.21340667E+06  7.71035641E-09  7.73510571E+04  1.08915587E+00  0.00000000E+00
  1.87435473E+06  6.21286589E+06  7.71146640E-09  7.73538014E+04  1.08913440E+00  0.00000000E+00
  1.87471546E+06  6.21232513E+06  7.71257656E-09  7.73565457E+04  1.08911293E+00  0.00000000E+00
  1.87507619E+06  6.21178439E+06  7.71368689E-09  7.73592900E+04  1.08909145E+00  0.00000000E+00
  1.87543692E+06  6.21124367E+06  7.71479739E-09  7.73620342E+04  1.08906997E+00  0.00000000E+00
  1.87579765E+06  6.21070298E+06  7.71590805E-09  7.73647785E+04  1.08904848E+00  0.00000000E+00
  1.87615838E+06  6.21016230E+06  7.71701888E-09  7.73675228E+04  1.08902698E+00  0.00000000E+00
  1.87651911E+06  6.20962165E+06  7.71812987E-09  7.73702670E+04  1.08900548E+00  0.00000000E+00
  1.87687984E+06  6.20908102E+06  7.71924103E-09  7.73730113E+04  1.08898397E+00  0.00000000E+00
  1.87724057E+06  6.20854041E+06  7.72035236E-09  7.73757556E+04  1.08896246E+00  0.00000000E+00
  1.87760131E+06  6.20799982E+06  7.72146386E-09  7.73784998E+04  1.08894094E+00  0.00000000E+00
  1.87796204E+06  6.20745926E+06  7.72257552E-09  7.73812441E+04  1.08891942E+00  0.00000000E+00
  1.87832277E+06  6.20691871E+06  7.72368735E-09  7.73839884E+04  1.08889789E+00  0.00000000E+00
  1.87868350E+06  6.20637819E+06  7.72479935E-09  7.73867326E+04  1.08887635E+00  0.00000000E+00
  1.87904423E+06  6.20583769E+06  7.72591151E-09  7.73894769E+04  1.08885481E+00  0.00000000E+00
  1.87940496E+06  6.20529720E+06  7.72702385E-09  7.73922212E+04  1.08883327E+00  0.00000000E+00
  1.87976569E+06  6.20475674E+06  7.72813635E-09  7.73949654E+04  1.08881171E+00  0.00000000E+00
  1.88012642E+06  6.20421630E+06  7.72924902E-09  7.73977097E+04  1.08879016E+00  0.00000000E+00
  1.88048715E+06  6.20367588E+06  7.73036185E-09  7.74004540E+04  1.08876859E+00  0.00000000E+00
  1.88084788E+06  6.20313549E+06  7.73147485E-09  7.74031983E+04  1.08874702E+00  0.00000000E+00
  1.88120861E+06  6.20259511E+06  7.73258803E-09  7.74059425E+04  1.08872545E+00  0.00000000E+00
  1.88156934E+06  6.20205475E+06  7.73370137E-09  7.74086868E+04  1.08870387E+00  0.00000000E+00
  1.88193007E+06  6.20151442E+06  7.73481487E-09  7.74114311E+04  1.08868228E+00  0.00000000E+00
  1.88229080E+06  6.20097410E+06  7.73592855E-09  7.74141753E+04  1.08866069E+00  0.00000000E+00
  1.88265153E+06  6.20043381E+06  7.73704239E-09  7.74169196E+04  1.08863909E+00  0.00000000E+00
  1.88301226E+06  6.19989353E+06  7.73815641E-09  7.74196639E+04  1.08861748E+00  0.00000000E+00
  1.88337299E+06  6.19935328E+06  7.73927059E-09  7.74224081E+04  1.08859587E+00  0.00000000E+00
  1.88373372E+06  6.19881305E+06  7.74038494E-09  7.74251524E+04  1.08857426E+00  0.00000000E+00
  1.88409445E+06  6.19827284E+06  7.74149945E-09  7.74278967E+04  1.08855263E+00  0.00000000E+00
  1.88445518E+06  6.19773265E+06  7.74261414E-09  7.74306409E+04  1.08853101E+00  0.00000000E+00
  1.88481591E+06  6.19719248E+06  7.74372899E-09  7.74333852E+04  1.08850937E+00  0.00000000E+00
  1.88517664E+06  6.19665232E+06  7.74484402E-09  7.74361295E+04  1.08848773E+00  0.00000000E+00
  1.88553737E+06  6.19611219E+06  7.74595921E-09  7.74388737E+04  1.08846609E+00  0.00000000E+00
  1.88589810E+06  6.19557209E+06  7.74707457E-09  7.74416180E+04  1.08844444E+00  0.00000000E+00
  1.88625883E+06  6.19503200E+06  7.74819011E-09  7.74443623E+04  1.08842278E+00  0.00000000E+00
  1.88661956E+06  6.19449193E+06  7.74930581E-09  7.74471065E+04  1.08840111E+00  0.00000000E+00
  1.88698029E+06  6.19395188E+06  7.75042168E-09  7.74498508E+04  1.08837945E+00  0.00000000E+00
  1.88734102E+06  6.19341185E+06  7.75153771E-09  7.74525951E+04  1.08835777E+00  0.00000000E+00
  1.88770175E+06  6.19287184E+06  7.75265392E-09  7.74553394E+04  1.08833609E+00  0.00000000E+00
  1.88806248E+06  6.19233185E+06  7.75377030E-09  7.74580836E+04  1.08831440E+00  0.00000000E+00
  1.88842321E+06  6.19179188E+06  7.75488685E-09  7.74608279E+04  1.08829271E+00  0.00000000E+00
  1.88878394E+06  6.19125194E+06  7.75600357E-09  7.74635722E+04  1.08827101E+00  0.00000000E+00
  1.88914468E+06  6.19071201E+06  7.75712045E-09  7.74663164E+04  1.08824931E+00  0.00000000E+00
  1.88950541E+06  6.19017210E+06  7.75823751E-09  7.74690607E+04  1.08822760E+00  0.00000000E+00
  1.88986614E+06  6.18963221E+06  7.75935474E-09  7.74718050E+04  1.08820588E+00  0.00000000E+00
  1.89022687E+06  6.18909234E+06  7.76047213E-09  7.74745492E+04  1.08818416E+00  0.00000000E+00
  1.89058760E+06  6.18855249E+06  7.76158970E-09  7.74772935E+04  1.08816243E+00  0.00000000E+00
  1.89094833E+06  6.18801266E+06  7.76270744E-09  7.74800378E+04  1.08814069E+00  0.00000000E+00
  1.89130906E+06  6.18747285E+06  7.76382534E-09  7.74827820E+04  1.08811895E+00  0.00000000E+00
  1.89166979E+06  6.18693306E+06  7.76494342E-09  7.74855263E+04  1.08809721E+00  0.00000000E+00
  1.89203052E+06  6.18639329E+06  7.76606167E-09  7.74882706E+04  1.08807545E+00  0.00000000E+00
  1.89239125E+06  6.18585354E+06  7.76718009E-09  7.74910148E+04  1.08805370E+00  0.00000000E+00
  1.89275198E+06  6.18531381E+06  7.76829868E-09  7.74937591E+04  1.08803193E+00  0.00000000E+00
  1.89311271E+06  6.18477410E+06  7.76941744E-09  7.74965034E+04  1.08801016E+00  0.00000000E+00
  1.89347344E+06  6.18423441E+06  7.77053637E-09  7.74992477E+04  1.08798838E+00  0.00000000E+00
  1.89383417E+06  6.18369474E+06  7.77165547E-09  7.75019919E+04  1.08796660E+00  0.00000000E+00
  1.89419490E+06  6.18315509E+06  7.77277474E-09  7.75047362E+04  1.08794481E+00  0.00000000E+00
  1.89455563E+06  6.18261545E+06  7.77389418E-09  7.75074805E+04  1.08792302E+00  0.00000000E+00
  1.89491636E+06  6.18207584E+06  7.77501380E-09  7.75102247E+04  1.08790122E+00  0.00000000E+00
  1.89527709E+06  6.18153624E+06  7.77613358E-09  7.75129690E+04  1.08787941E+00  0.00000000E+00
  1.89563782E+06  6.18099667E+06  7.77725354E-09  7.75157133E+04  1.08785760E+00  0.00000000E+00
  1.89599855E+06  6.18045711E+06  7.77837367E-09  7.75184575E+04  1.08783578E+00  0.00000000E+00
  1.89635928E+06  6.17991758E+06  7.77949397E-09  7.75212018E+04  1.08781395E+00  0.00000000E+00
  1.89672001E+06  6.17937806E+06  7.78061444E-09  7.75239461E+04  1.08779212E+00  0.00000000E+00
  1.89708074E+06  6.17883856E+06  7.78173508E-09  7.75266903E+04  1.08777028E+00  0.00000000E+00
  1.89744147E+06  6.17829908E+06  7.78285590E-09  7.75294346E+04  1.08774844E+00  0.00000000E+00
  1.89780220E+06  6.17775962E+06  7.78397688E-09  7.75321789E+04  1.08772659E+00  0.00000000E+00
  1.89816293E+06  6.17722018E+06  7.78509804E-09  7.75349231E+04  1.08770474E+00  0.00000000E+00
  1.89852366E+06  6.17668075E+06  7.78621937E-09  7.75376674E+04  1.08768287E+00  0.00000000E+00
  1.89888439E+06  6.17614135E+06  7.78734087E-09  7.75404117E+04  1.08766101E+00  0.00000000E+00
  1.89924512E+06  6.17560197E+06  7.78846255E-09  7.75431560E+04  1.08763913E+00  0.00000000E+00
  1.89960585E+06  6.17506260E+06  7.78958439E-09  7.75459002E+04  1.08761725E+00  0.00000000E+00
  1.89996658E+06  6.17452325E+06  7.79070641E-09  7.75486445E+04  1.08759537E+00  0.00000000E+00
  1.90032732E+06  6.17398392E+06  7.79182860E-09  7.75513888E+04  1.08757347E+00  0.00000000E+00
  1.90068805E+06  6.17344461E+06  7.79295097E-09  7.75541330E+04  1.08755157E+00  0.00000000E+00
  1.90104878E+06  6.17290532E+06  7.79407350E-09  7.75568773E+04  1.08752967E+00  0.00000000E+00
  1.90140951E+06  6.17236605E+06  7.79519621E-09  7.75596216E+04  1.08750776E+00  0.00000000E+00
  1.90177024E+06  6.17182680E+06  7.79631909E-09  7.75623658E+04  1.08748584E+00  0.00000000E+00
  1.90213097E+06  6.17128756E+06  7.79744214E-09  7.75651101E+04  1.08746392E+00  0.00000000E+00
  1.90249170E+06  6.17074835E+06  7.79856537E-09  7.75678544E+04  1.08744199E+00  0.00000000E+00
  1.90285243E+06  6.17020915E+06  7.79968877E-09  7.75705986E+04  1.08742005E+00  0.00000000E+00
  1.90321316E+06  6.16966997E+06  7.80081234E-09  7.75733429E+04  1.08739811E+00  0.00000000E+00
  1.90357389E+06  6.16913081E+06  7.80193609E-09  7.75760872E+04  1.08737616E+00  0.00000000E+00
  1.90393462E+06  6.16859167E+06  7.80306001E-09  7.75788314E+04  1.08735421E+00  0.00000000E+00
  1.90429535E+06  6.16805254E+06  7.80418410E-09  7.75815757E+04  1.08733225E+00  0.00000000E+00
  1.90465608E+06  6.16751344E+06  7.80530836E-09  7.75843200E+04  1.08731028E+00  0.00000000E+00
  1.90501681E+06  6.16697435E+06  7.80643280E-09  7.75870642E+04  1.08728831E+00  0.00000000E+00
  1.90537754E+06  6.16643528E+06  7.80755741E-09  7.75898085E+04  1.08726633E+00  0.00000000E+00
  1.90573827E+06  6.16589623E+06  7.80868220E-09  7.75925528E+04  1.08724434E+00  0.00000000E+00
  1.90609900E+06  6.16535720E+06  7.80980716E-09  7.75952971E+04  1.08722235E+00  0.00000000E+00
  1.90645973E+06  6.16481818E+06  7.81093229E-09  7.75980413E+04  1.08720035E+00  0.00000000E+00
  1.90682046E+06  6.16427918E+06  7.81205760E-09  7.76007856E+04  1.08717835E+00  0.00000000E+00
  1.90718119E+06  6.16374021E+06  7.81318308E-09  7.76035299E+04  1.08715633E+00  0.00000000E+00
  1.90754192E+06  6.16320125E+06  7.81430873E-09  7.76062741E+04  1.08713432E+00  0.00000000E+00
  1.90790265E+06  6.16266230E+06  7.81543456E-09  7.76090184E+04  1.08711229E+00  0.00000000E+00
  1.90826338E+06  6.16212338E+06  7.81656056E-09  7.76117627E+04  1.08709026E+00  0.00000000E+00
  1.90862411E+06  6.16158447E+06  7.81768674E-09  7.76145069E+04  1.08706823E+00  0.00000000E+00
  1.90898484E+06  6.16104558E+06  7.81881309E-09  7.76172512E+04  1.08704619E+00  0.00000000E+00
  1.90934557E+06  6.16050671E+06  7.81993962E-09  7.76199955E+04  1.08702414E+00  0.00000000E+00
  1.90970630E+06  6.15996786E+06  7.82106632E-09  7.76227397E+04  1.08700208E+00  0.00000000E+00
  1.91006703E+06  6.15942903E+06  7.82219319E-09  7.76254840E+04  1.08698002E+00  0.00000000E+00
  1.91042776E+06  6.15889021E+06  7.82332024E-09  7.76282283E+04  1.08695795E+00  0.00000000E+00
  1.91078849E+06  6.15835141E+06  7.82444746E-09  7.76309725E+04  1.08693588E+00  0.00000000E+00
  1.91114922E+06  6.15781263E+06  7.82557486E-09  7.76337168E+04  1.08691380E+00  0.00000000E+00
  1.91150995E+06  6.15727386E+06  7.82670244E-09  7.76364611E+04  1.08689171E+00  0.00000000E+00
  1.91187069E+06  6.15673512E+06  7.82783018E-09  7.76392054E+04  1.08686962E+00  0.00000000E+00
  1.91223142E+06  6.15619639E+06  7.82895811E-09  7.76419496E+04  1.08684752E+00  0.00000000E+00
  1.91259215E+06  6.15565768E+06  7.83008621E-09  7.76446939E+04  1.08682541E+00  0.00000000E+00
  1.91295288E+06  6.15511898E+06  7.83121448E-09  7.76474382E+04  1.08680330E+00  0.00000000E+00
  1.91331361E+06  6.15458031E+06  7.83234293E-09  7.76501824E+04  1.08678118E+00  0.00000000E+00
  1.91367434E+06  6.15404165E+06  7.83347155E-09  7.76529267E+04  1.08675905E+00  0.00000000E+00
  1.91403507E+06  6.15350301E+06  7.83460035E-09  7.76556710E+04  1.08673692E+00  0.00000000E+00
  1.91439580E+06  6.15296438E+06  7.83572933E-09  7.76584152E+04  1.08671479E+00  0.00000000E+00
  1.91475653E+06  6.15242578E+06  7.83685848E-09  7.76611595E+04  1.08669264E+00  0.00000000E+00
  1.91511726E+06  6.15188719E+06  7.83798780E-09  7.76639038E+04  1.08667049E+00  0.00000000E+00
  1.91547799E+06  6.15134861E+06  7.83911731E-09  7.76666480E+04  1.08664833E+00  0.00000000E+00
  1.91583872E+06  6.15081006E+06  7.84024698E-09  7.76693923E+04  1.08662617E+00  0.00000000E+00
  1.91619945E+06  6.15027152E+06  7.84137684E-09  7.76721366E+04  1.08660400E+00  0.00000000E+00
  1.91656018E+06  6.14973300E+06  7.84250687E-09  7.76748808E+04  1.08658182E+00  0.00000000E+00
  1.91692091E+06  6.14919450E+06  7.84363707E-09  7.76776251E+04  1.08655964E+00  0.00000000E+00
  1.91728164E+06  6.14865601E+06  7.84476746E-09  7.76803694E+04  1.08653745E+00  0.00000000E+00
  1.91764237E+06  6.14811754E+06  7.84589801E-09  7.76831136E+04  1.08651525E+00  0.00000000E+00
  1.91800310E+06  6.14757909E+06  7.84702875E-09  7.76858579E+04  1.08649305E+00  0.00000000E+00
  1.91836383E+06  6.14704065E+06  7.84815966E-09  7.76886022E+04  1.08647084E+00  0.00000000E+00
  1.91872456E+06  6.14650224E+06  7.84929075E-09  7.76913465E+04  1.08644862E+00  0.00000000E+00
  1.91908529E+06  6.14596384E+06  7.85042201E-09  7.76940907E+04  1.08642640E+00  0.00000000E+00
  1.91944602E+06  6.14542545E+06  7.85155345E-09  7.76968350E+04  1.08640417E+00  0.00000000E+00
  1.91980675E+06  6.14488708E+06  7.85268507E-09  7.76995793E+04  1.08638194E+00  0.00000000E+00
  1.92016748E+06  6.14434873E+06  7.85381686E-09  7.77023235E+04  1.08635970E+00  0.00000000E+00
  1.92052821E+06  6.14381040E+06  7.85494883E-09  7.77050678E+04  1.08633745E+00  0.00000000E+00
  1.92088894E+06  6.14327208E+06  7.85608098E-09  7.77078121E+04  1.08631519E+00  0.00000000E+00
  1.92124967E+06  6.14273378E+06  7.85721331E-09  7.77105563E+04  1.08629293E+00  0.00000000E+00
  1.92161040E+06  6.14219550E+06  7.85834581E-09  7.77133006E+04  1.08627067E+00  0.00000000E+00
  1.92197113E+06  6.14165723E+06  7.85947849E-09  7.77160449E+04  1.08624839E+00  0.00000000E+00
  1.92233186E+06  6.14111898E+06  7.86061134E-09  7.77187891E+04  1.08622611E+00  0.00000000E+00
  1.92269259E+06  6.14058075E+06  7.86174438E-09  7.77215334E+04  1.08620382E+00  0.00000000E+00
  1.92305333E+06  6.14004253E+06  7.86287759E-09  7.77242777E+04  1.08618153E+00  0.00000000E+00
  1.92341406E+06  6.13950433E+06  7.86401098E-09  7.77270219E+04  1.08615923E+00  0.00000000E+00
  1.92377479E+06  6.13896615E+06  7.86514454E-09  7.77297662E+04  1.08613692E+00  0.00000000E+00
  1.92413552E+06  6.13842798E+06  7.86627829E-09  7.77325105E+04  1.08611461E+00  0.00000000E+00
  1.92449625E+06  6.13788983E+06  7.86741221E-09  7.77352548E+04  1.08609229E+00  0.00000000E+00
  1.92485698E+06  6.13735169E+06  7.86854631E-09  7.77379990E+04  1.08606996E+00  0.00000000E+00
  1.92521771E+06  6.13681357E+06  7.86968058E-09  7.77407433E+04  1.08604763E+00  0.00000000E+00
  1.92557844E+06  6.13627547E+06  7.87081504E-09  7.77434876E+04  1.08602529E+00  0.00000000E+00
  1.92593917E+06  6.13573739E+06  7.87194967E-09  7.77462318E+04  1.08600294E+00  0.00000000E+00
  1.92629990E+06  6.13519932E+06  7.87308448E-09  7.77489761E+04  1.08598059E+00  0.00000000E+00
  1.92666063E+06  6.13466126E+06  7.87421947E-09  7.77517204E+04  1.08595823E+00  0.00000000E+00
  1.92702136E+06  6.13412323E+06  7.87535464E-09  7.77544646E+04  1.08593586E+00  0.00000000E+00
  1.92738209E+06  6.13358521E+06  7.87648999E-09  7.77572089E+04  1.08591349E+00  0.00000000E+00
  1.92774282E+06  6.13304720E+06  7.87762551E-09  7.77599532E+04  1.08589110E+00  0.00000000E+00
  1.92810355E+06  6.13250921E+06  7.87876122E-09  7.77626974E+04  1.08586872E+00  0.00000000E+00
  1.92846428E+06  6.13197124E+06  7.87989710E-09  7.77654417E+04  1.08584632E+00  0.00000000E+00
  1.92882501E+06  6.13143328E+06  7.88103316E-09  7.77681860E+04  1.08582392E+00  0.00000000E+00
  1.92918574E+06  6.13089534E+06  7.88216940E-09  7.77709302E+04  1.08580152E+00  0.00000000E+00
  1.92954647E+06  6.13035742E+06  7.88330582E-09  7.77736745E+04  1.08577910E+00  0.00000000E+00
  1.92990720E+06  6.12981951E+06  7.88444241E-09  7.77764188E+04  1.08575668E+00  0.00000000E+00
  1.93026793E+06  6.12928162E+06  7.88557919E-09  7.77791631E+04  1.08573426E+00  0.00000000E+00
  1.93062866E+06  6.12874374E+06  7.88671614E-09  7.77819073E+04  1.08571182E+00  0.00000000E+00
  1.93098939E+06  6.12820588E+06  7.88785328E-09  7.77846516E+04  1.08568938E+00  0.00000000E+00
  1.93135012E+06  6.12766804E+06  7.88899059E-09  7.77873959E+04  1.08566694E+00  0.00000000E+00
  1.93171085E+06  6.12713021E+06  7.89012809E-09  7.77901401E+04  1.08564448E+00  0.00000000E+00
  1.93207158E+06  6.12659239E+06  7.89126576E-09  7.77928844E+04  1.08562202E+00  0.00000000E+00
  1.93243231E+06  6.12605460E+06  7.89240361E-09  7.77956287E+04  1.08559956E+00  0.00000000E+00
  1.93279304E+06  6.12551681E+06  7.89354164E-09  7.77983729E+04  1.08557708E+00  0.00000000E+00
  1.93315377E+06  6.12497905E+06  7.89467985E-09  7.78011172E+04  1.08555460E+00  0.00000000E+00
  1.93351450E+06  6.12444130E+06  7.89581824E-09  7.78038615E+04  1.08553212E+00  0.00000000E+00
  1.93387523E+06  6.12390356E+06  7.89695681E-09  7.78066057E+04  1.08550962E+00  0.00000000E+00
  1.93423596E+06  6.12336584E+06  7.89809556E-09  7.78093500E+04  1.08548712E+00  0.00000000E+00
  1.93459670E+06  6.12282814E+06  7.89923449E-09  7.78120943E+04  1.08546461E+00  0.00000000E+00
  1.93495743E+06  6.12229045E+06  7.90037360E-09  7.78148385E+04  1.08544210E+00  0.00000000E+00
  1.93531816E+06  6.12175278E+06  7.90151289E-09  7.78175828E+04  1.08541958E+00  0.00000000E+00
  1.93567889E+06  6.12121512E+06  7.90265237E-09  7.78203271E+04  1.08539705E+00  0.00000000E+00
  1.93603962E+06  6.12067748E+06  7.90379202E-09  7.78230713E+04  1.08537452E+00  0.00000000E+00
  1.93640035E+06  6.12013985E+06  7.90493185E-09  7.78258156E+04  1.08535197E+00  0.00000000E+00
  1.93676108E+06  6.11960224E+06  7.90607186E-09  7.78285599E+04  1.08532943E+00  0.00000000E+00
  1.93712181E+06  6.11906465E+06  7.90721205E-09  7.78313042E+04  1.08530687E+00  0.00000000E+00
  1.93748254E+06  6.11852707E+06  7.90835242E-09  7.78340484E+04  1.08528431E+00  0.00000000E+00
  1.93784327E+06  6.11798950E+06  7.90949298E-09  7.78367927E+04  1.08526174E+00  0.00000000E+00
  1.93820400E+06  6.11745195E+06  7.91063371E-09  7.78395370E+04  1.08523917E+00  0.00000000E+00
  1.93856473E+06  6.11691442E+06  7.91177463E-09  7.78422812E+04  1.08521658E+00  0.00000000E+00
  1.93892546E+06  6.11637690E+06  7.91291572E-09  7.78450255E+04  1.08519399E+00  0.00000000E+00
  1.93928619E+06  6.11583939E+06  7.91405700E-09  7.78477698E+04  1.08517140E+00  0.00000000E+00
  1.93964692E+06  6.11530190E+06  7.91519846E-09  7.78505140E+04  1.08514880E+00  0.00000000E+00
  1.94000765E+06  6.11476443E+06  7.91634010E-09  7.78532583E+04  1.08512619E+00  0.00000000E+00
  1.94036838E+06  6.11422697E+06  7.91748192E-09  7.78560026E+04  1.08510357E+00  0.00000000E+00
  1.94072911E+06  6.11368953E+06  7.91862392E-09  7.78587468E+04  1.08508095E+00  0.00000000E+00
  1.94108984E+06  6.11315210E+06  7.91976610E-09  7.78614911E+04  1.08505832E+00  0.00000000E+00
  1.94145057E+06  6.11261468E+06  7.92090847E-09  7.78642354E+04  1.08503568E+00  0.00000000E+00
  1.94181130E+06  6.11207728E+06  7.92205101E-09  7.78669796E+04  1.08501304E+00  0.00000000E+00
  1.94217203E+06  6.11153990E+06  7.92319374E-09  7.78697239E+04  1.08499038E+00  0.00000000E+00
  1.94253276E+06  6.11100253E+06  7.92433665E-09  7.78724682E+04  1.08496773E+00  0.00000000E+00
  1.94289349E+06  6.11046518E+06  7.92547974E-09  7.78752125E+04  1.08494506E+00  0.00000000E+00
  1.94325422E+06  6.10992784E+06  7.92662301E-09  7.78779567E+04  1.08492239E+00  0.00000000E+00
  1.94361495E+06  6.10939051E+06  7.92776647E-09  7.78807010E+04  1.08489971E+00  0.00000000E+00
  1.94397568E+06  6.10885320E+06  7.92891010E-09  7.78834453E+04  1.08487703E+00  0.00000000E+00
  1.94433641E+06  6.10831591E+06  7.93005392E-09  7.78861895E+04  1.08485434E+00  0.00000000E+00
  1.94469714E+06  6.10777862E+06  7.93119792E-09  7.78889338E+04  1.08483164E+00  0.00000000E+00
  1.94505787E+06  6.10724136E+06  7.93234210E-09  7.78916781E+04  1.08480893E+00  0.00000000E+00
  1.94541860E+06  6.10670411E+06  7.93348647E-09  7.78944223E+04  1.08478622E+00  0.00000000E+00
  1.94577934E+06  6.10616687E+06  7.93463102E-09  7.78971666E+04  1.08476350E+00  0.00000000E+00
  1.94614007E+06  6.10562965E+06  7.93577575E-09  7.78999109E+04  1.08474077E+00  0.00000000E+00
  1.94650080E+06  6.10509244E+06  7.93692066E-09  7.79026551E+04  1.08471804E+00  0.00000000E+00
  1.94686153E+06  6.10455525E+06  7.93806576E-09  7.79053994E+04  1.08469530E+00  0.00000000E+00
  1.94722226E+06  6.10401807E+06  7.93921103E-09  7.79081437E+04  1.08467255E+00  0.00000000E+00
  1.94758299E+06  6.10348091E+06  7.94035649E-09  7.79108879E+04  1.08464979E+00  0.00000000E+00
  1.94794372E+06  6.10294376E+06  7.94150214E-09  7.79136322E+04  1.08462703E+00  0.00000000E+00
  1.94830445E+06  6.10240662E+06  7.94264796E-09  7.79163765E+04  1.08460426E+00  0.00000000E+00
  1.94866518E+06  6.10186950E+06  7.94379397E-09  7.79191208E+04  1.08458149E+00  0.00000000E+00
  1.94902591E+06  6.10133239E+06  7.94494017E-09  7.79218650E+04  1.08455871E+00  0.00000000E+00
  1.94938664E+06  6.10079530E+06  7.94608654E-09  7.79246093E+04  1.08453592E+00  0.00000000E+00
  1.94974737E+06  6.10025822E+06  7.94723310E-09  7.79273536E+04  1.08451312E+00  0.00000000E+00
  1.95010810E+06  6.09972116E+06  7.94837984E-09  7.79300978E+04  1.08449032E+00  0.00000000E+00
  1.95046883E+06  6.09918411E+06  7.94952677E-09  7.79328421E+04  1.08446751E+00  0.00000000E+00
  1.95082956E+06  6.09864708E+06  7.95067388E-09  7.79355864E+04  1.08444469E+00  0.00000000E+00
  1.95119029E+06  6.09811006E+06  7.95182117E-09  7.79383306E+04  1.08442186E+00  0.00000000E+00
  1.95155102E+06  6.09757305E+06  7.95296865E-09  7.79410749E+04  1.08439903E+00  0.00000000E+00
  1.95191175E+06  6.09703606E+06  7.95411631E-09  7.79438192E+04  1.08437619E+00  0.00000000E+00
  1.95227248E+06  6.09649908E+06  7.95526415E-09  7.79465634E+04  1.08435335E+00  0.00000000E+00
  1.95263321E+06  6.09596211E+06  7.95641218E-09  7.79493077E+04  1.08433050E+00  0.00000000E+00
  1.95299394E+06  6.09542516E+06  7.95756039E-09  7.79520520E+04  1.08430764E+00  0.00000000E+00
  1.95335467E+06  6.09488823E+06  7.95870878E-09  7.79547962E+04  1.08428477E+00  0.00000000E+00
  1.95371540E+06  6.09435131E+06  7.95985736E-09  7.79575405E+04  1.08426189E+00  0.00000000E+00
  1.95407613E+06  6.09381440E+06  7.96100613E-09  7.79602848E+04  1.08423901E+00  0.00000000E+00
  1.95443686E+06  6.09327750E+06  7.96215507E-09  7.79630290E+04  1.08421613E+00  0.00000000E+00
  1.95479759E+06  6.09274062E+06  7.96330421E-09  7.79657733E+04  1.08419323E+00  0.00000000E+00
  1.95515832E+06  6.09220376E+06  7.96445352E-09  7.79685176E+04  1.08417033E+00  0.00000000E+00
  1.95551905E+06  6.09166690E+06  7.96560302E-09  7.79712619E+04  1.08414742E+00  0.00000000E+00
  1.95587978E+06  6.09113006E+06  7.96675271E-09  7.79740061E+04  1.08412450E+00  0.00000000E+00
  1.95624051E+06  6.09059324E+06  7.96790258E-09  7.79767504E+04  1.08410158E+00  0.00000000E+00
  1.95660124E+06  6.09005643E+06  7.96905263E-09  7.79794947E+04  1.08407865E+00  0.00000000E+00
  1.95696197E+06  6.08951963E+06  7.97020287E-09  7.79822389E+04  1.08405571E+00  0.00000000E+00
  1.95732271E+06  6.08898285E+06  7.97135330E-09  7.79849832E+04  1.08403277E+00  0.00000000E+00
  1.95768344E+06  6.08844608E+06  7.97250391E-09  7.79877275E+04  1.08400982E+00  0.00000000E+00
  1.95804417E+06  6.08790932E+06  7.97365470E-09  7.79904717E+04  1.08398686E+00  0.00000000E+00
  1.95840490E+06  6.08737258E+06  7.97480568E-09  7.79932160E+04  1.08396389E+00  0.00000000E+00
  1.95876563E+06  6.08683585E+06  7.97595685E-09  7.79959603E+04  1.08394092E+00  0.00000000E+00
  1.95912636E+06  6.08629913E+06  7.97710820E-09  7.79987045E+04  1.08391794E+00  0.00000000E+00
  1.95948709E+06  6.08576243E+06  7.97825973E-09  7.80014488E+04  1.08389495E+00  0.00000000E+00
  1.95984782E+06  6.08522574E+06  7.97941145E-09  7.80041931E+04  1.08387195E+00  0.00000000E+00
  1.96020855E+06  6.08468907E+06  7.98056336E-09  7.80069373E+04  1.08384895E+00  0.00000000E+00
  1.96056928E+06  6.08415241E+06  7.98171545E-09  7.80096816E+04  1.08382594E+00  0.00000000E+00
  1.96093001E+06  6.08361576E+06  7.98286773E-09  7.80124259E+04  1.08380293E+00  0.00000000E+00
  1.96129074E+06  6.08307912E+06  7.98402019E-09  7.80151702E+04  1.08377990E+00  0.00000000E+00
  1.96165147E+06  6.08254250E+06  7.98517284E-09  7.80179144E+04  1.08375687E+00  0.00000000E+00
  1.96201220E+06  6.08200589E+06  7.98632567E-09  7.80206587E+04  1.08373384E+00  0.00000000E+00
  1.96237293E+06  6.08146930E+06  7.98747869E-09  7.80234030E+04  1.08371079E+00  0.00000000E+00
  1.96273366E+06  6.08093272E+06  7.98863190E-09  7.80261472E+04  1.08368774E+00  0.00000000E+00
  1.96309439E+06  6.08039615E+06  7.98978529E-09  7.80288915E+04  1.08366468E+00  0.00000000E+00
  1.96345512E+06  6.07985960E+06  7.99093887E-09  7.80316358E+04  1.08364161E+00  0.00000000E+00
  1.96381585E+06  6.07932305E+06  7.99209264E-09  7.80343800E+04  1.08361854E+00  0.00000000E+00
  1.96417658E+06  6.07878653E+06  7.99324659E-09  7.80371243E+04  1.08359546E+00  0.00000000E+00
  1.96453731E+06  6.07825001E+06  7.99440072E-09  7.80398686E+04  1.08357237E+00  0.00000000E+00
  1.96489804E+06  6.07771351E+06  7.99555505E-09  7.80426128E+04  1.08354928E+00  0.00000000E+00
  1.96525877E+06  6.07717702E+06  7.99670956E-09  7.80453571E+04  1.08352618E+00  0.00000000E+00
  1.96561950E+06  6.07664054E+06  7.99786425E-09  7.80481014E+04  1.08350307E+00  0.00000000E+00
  1.96598023E+06  6.07610408E+06  7.99901914E-09  7.80508456E+04  1.08347995E+00  0.00000000E+00
  1.96634096E+06  6.07556763E+06  8.00017421E-09  7.80535899E+04  1.08345682E+00  0.00000000E+00
  1.96670169E+06  6.07503120E+06  8.00132947E-09  7.80563342E+04  1.08343369E+00  0.00000000E+00
  1.96706242E+06  6.07449477E+06  8.00248491E-09  7.80590784E+04  1.08341055E+00  0.00000000E+00
  1.96742315E+06  6.07395836E+06  8.00364054E-09  7.80618227E+04  1.08338741E+00  0.00000000E+00
  1.96778388E+06  6.07342196E+06  8.00479636E-09  7.80645670E+04  1.08336426E+00  0.00000000E+00
  1.96814461E+06  6.07288558E+06  8.00595237E-09  7.80673113E+04  1.08334110E+00  0.00000000E+00
  1.96850535E+06  6.07234921E+06  8.00710856E-09  7.80700555E+04  1.08331793E+00  0.00000000E+00
  1.96886608E+06  6.07181285E+06  8.00826494E-09  7.80727998E+04  1.08329475E+00  0.00000000E+00
  1.96922681E+06  6.07127650E+06  8.00942151E-09  7.80755441E+04  1.08327157E+00  0.00000000E+00
  1.96958754E+06  6.07074017E+06  8.01057826E-09  7.80782883E+04  1.08324838E+00  0.00000000E+00
  1.96994827E+06  6.07020385E+06  8.01173520E-09  7.80810326E+04  1.08322518E+00  0.00000000E+00
  1.97030900E+06  6.06966754E+06  8.01289233E-09  7.80837769E+04  1.08320198E+00  0.00000000E+00
  1.97066973E+06  6.06913125E+06  8.01404965E-09  7.80865211E+04  1.08317877E+00  0.00000000E+00
  1.97103046E+06  6.06859497E+06  8.01520715E-09  7.80892654E+04  1.08315555E+00  0.00000000E+00
  1.97139119E+06  6.06805870E+06  8.01636485E-09  7.80920097E+04  1.08313233E+00  0.00000000E+00
  1.97175192E+06  6.06752244E+06  8.01752273E-09  7.80947539E+04  1.08310909E+00  0.00000000E+00
  1.97211265E+06  6.06698620E+06  8.01868080E-09  7.80974982E+04  1.08308585E+00  0.00000000E+00
  1.97247338E+06  6.06644996E+06  8.01983905E-09  7.81002425E+04  1.08306260E+00  0.00000000E+00
  1.97283411E+06  6.06591374E+06  8.02099750E-09  7.81029867E+04  1.08303935E+00  0.00000000E+00
  1.97319484E+06  6.06537754E+06  8.02215613E-09  7.81057310E+04  1.08301609E+00  0.00000000E+00
  1.97355557E+06  6.06484134E+06  8.02331495E-09  7.81084753E+04  1.08299282E+00  0.00000000E+00
  1.97391630E+06  6.06430516E+06  8.02447396E-09  7.81112196E+04  1.08296954E+00  0.00000000E+00
  1.97427703E+06  6.06376899E+06  8.02563316E-09  7.81139638E+04  1.08294625E+00  0.00000000E+00
  1.97463776E+06  6.06323284E+06  8.02679255E-09  7.81167081E+04  1.08292296E+00  0.00000000E+00
  1.97499849E+06  6.06269669E+06  8.02795213E-09  7.81194524E+04  1.08289966E+00  0.00000000E+00
  1.97535922E+06  6.06216056E+06  8.02911189E-09  7.81221966E+04  1.08287636E+00  0.00000000E+00
  1.97571995E+06  6.06162444E+06  8.03027184E-09  7.81249409E+04  1.08285304E+00  0.00000000E+00
  1.97608068E+06  6.06108834E+06  8.03143198E-09  7.81276852E+04  1.08282972E+00  0.00000000E+00
  1.97644141E+06  6.06055224E+06  8.03259231E-09  7.81304294E+04  1.08280639E+00  0.00000000E+00
  1.97680214E+06  6.06001616E+06  8.03375283E-09  7.81331737E+04  1.08278306E+00  0.00000000E+00
  1.97716287E+06  6.05948009E+06  8.03491354E-09  7.81359180E+04  1.08275971E+00  0.00000000E+00
  1.97752360E+06  6.05894403E+06  8.03607444E-09  7.81386622E+04  1.08273636E+00  0.00000000E+00
  1.97788433E+06  6.05840799E+06  8.03723553E-09  7.81414065E+04  1.08271300E+00  0.00000000E+00
  1.97824506E+06  6.05787196E+06  8.03839680E-09  7.81441508E+04  1.08268964E+00  0.00000000E+00
  1.97860579E+06  6.05733594E+06  8.03955827E-09  7.81468950E+04  1.08266627E+00  0.00000000E+00
  1.97896652E+06  6.05679993E+06  8.04071992E-09  7.81496393E+04  1.08264288E+00  0.00000000E+00
  1.97932725E+06  6.05626393E+06  8.04188177E-09  7.81523836E+04  1.08261950E+00  0.00000000E+00
  1.97968799E+06  6.05572795E+06  8.04304380E-09  7.81551279E+04  1.08259610E+00  0.00000000E+00
  1.98004872E+06  6.05519197E+06  8.04420602E-09  7.81578721E+04  1.08257270E+00  0.00000000E+00
  1.98040945E+06  6.05465601E+06  8.04536844E-09  7.81606164E+04  1.08254929E+00  0.00000000E+00
  1.98077018E+06  6.05412007E+06  8.04653104E-09  7.81633607E+04  1.08252587E+00  0.00000000E+00
  1.98113091E+06  6.05358413E+06  8.04769383E-09  7.81661049E+04  1.08250245E+00  0.00000000E+00
  1.98149164E+06  6.05304821E+06  8.04885682E-09  7.81688492E+04  1.08247901E+00  0.00000000E+00
  1.98185237E+06  6.05251229E+06  8.05001999E-09  7.81715935E+04  1.08245557E+00  0.00000000E+00
  1.98221310E+06  6.05197639E+06  8.05118335E-09  7.81743377E+04  1.08243213E+00  0.00000000E+00
  1.98257383E+06  6.05144051E+06  8.05234691E-09  7.81770820E+04  1.08240867E+00  0.00000000E+00
  1.98293456E+06  6.05090463E+06  8.05351065E-09  7.81798263E+04  1.08238521E+00  0.00000000E+00
  1.98329529E+06  6.05036877E+06  8.05467458E-09  7.81825705E+04  1.08236174E+00  0.00000000E+00
  1.98365602E+06  6.04983291E+06  8.05583871E-09  7.81853148E+04  1.08233826E+00  0.00000000E+00
  1.98401675E+06  6.04929707E+06  8.05700302E-09  7.81880591E+04  1.08231478E+00  0.00000000E+00
  1.98437748E+06  6.04876124E+06  8.05816753E-09  7.81908033E+04  1.08229129E+00  0.00000000E+00
  1.98473821E+06  6.04822543E+06  8.05933222E-09  7.81935476E+04  1.08226779E+00  0.00000000E+00
  1.98509894E+06  6.04768962E+06  8.06049711E-09  7.81962919E+04  1.08224428E+00  0.00000000E+00
  1.98545967E+06  6.04715383E+06  8.06166218E-09  7.81990361E+04  1.08222076E+00  0.00000000E+00
  1.98582040E+06  6.04661805E+06  8.06282745E-09  7.82017804E+04  1.08219724E+00  0.00000000E+00
  1.98618113E+06  6.04608228E+06  8.06399291E-09  7.82045247E+04  1.08217371E+00  0.00000000E+00
  1.98654186E+06  6.04554652E+06  8.06515856E-09  7.82072690E+04  1.08215018E+00  0.00000000E+00
  1.98690259E+06  6.04501077E+06  8.06632440E-09  7.82100132E+04  1.08212663E+00  0.00000000E+00
  1.98726332E+06  6.04447504E+06  8.06749043E-09  7.82127575E+04  1.08210308E+00  0.00000000E+00
  1.98762405E+06  6.04393931E+06  8.06865666E-09  7.82155018E+04  1.08207952E+00  0.00000000E+00
  1.98798478E+06  6.04340360E+06  8.06982307E-09  7.82182460E+04  1.08205595E+00  0.00000000E+00
  1.98834551E+06  6.04286790E+06  8.07098968E-09  7.82209903E+04  1.08203238E+00  0.00000000E+00
  1.98870624E+06  6.04233221E+06  8.07215647E-09  7.82237346E+04  1.08200879E+00  0.00000000E+00
  1.98906697E+06  6.04179654E+06  8.07332346E-09  7.82264788E+04  1.08198521E+00  0.00000000E+00
  1.98942770E+06  6.04126087E+06  8.07449064E-09  7.82292231E+04  1.08196161E+00  0.00000000E+00
  1.98978843E+06  6.04072522E+06  8.07565802E-09  7.82319674E+04  1.08193800E+00  0.00000000E+00
  1.99014916E+06  6.04018957E+06  8.07682558E-09  7.82347116E+04  1.08191439E+00  0.00000000E+00
  1.99050989E+06  6.03965394E+06  8.07799334E-09  7.82374559E+04  1.08189077E+00  0.00000000E+00
  1.99087062E+06  6.03911832E+06  8.07916128E-09  7.82402002E+04  1.08186714E+00  0.00000000E+00
  1.99123136E+06  6.03858271E+06  8.08032942E-09  7.82429444E+04  1.08184351E+00  0.00000000E+00
  1.99159209E+06  6.03804712E+06  8.08149775E-09  7.82456887E+04  1.08181987E+00  0.00000000E+00
  1.99195282E+06  6.03751153E+06  8.08266628E-09  7.82484330E+04  1.08179621E+00  0.00000000E+00
  1.99231355E+06  6.03697596E+06  8.08383499E-09  7.82511773E+04  1.08177256E+00  0.00000000E+00
  1.99267428E+06  6.03644039E+06  8.08500390E-09  7.82539215E+04  1.08174889E+00  0.00000000E+00
  1.99303501E+06  6.03590484E+06  8.08617300E-09  7.82566658E+04  1.08172522E+00  0.00000000E+00
  1.99339574E+06  6.03536930E+06  8.08734229E-09  7.82594101E+04  1.08170154E+00  0.00000000E+00
  1.99375647E+06  6.03483377E+06  8.08851178E-09  7.82621543E+04  1.08167785E+00  0.00000000E+00
  1.99411720E+06  6.03429825E+06  8.08968146E-09  7.82648986E+04  1.08165415E+00  0.00000000E+00
  1.99447793E+06  6.03376275E+06  8.09085133E-09  7.82676429E+04  1.08163045E+00  0.00000000E+00
  1.99483866E+06  6.03322725E+06  8.09202139E-09  7.82703871E+04  1.08160674E+00  0.00000000E+00
  1.99519939E+06  6.03269176E+06  8.09319165E-09  7.82731314E+04  1.08158302E+00  0.00000000E+00
  1.99556012E+06  6.03215629E+06  8.09436210E-09  7.82758757E+04  1.08155929E+00  0.00000000E+00
  1.99592085E+06  6.03162083E+06  8.09553274E-09  7.82786199E+04  1.08153556E+00  0.00000000E+00
  1.99628158E+06  6.03108538E+06  8.09670357E-09  7.82813642E+04  1.08151182E+00  0.00000000E+00
  1.99664231E+06  6.03054994E+06  8.09787460E-09  7.82841085E+04  1.08148807E+00  0.00000000E+00
  1.99700304E+06  6.03001451E+06  8.09904582E-09  7.82868527E+04  1.08146431E+00  0.00000000E+00
  1.99736377E+06  6.02947909E+06  8.10021724E-09  7.82895970E+04  1.08144055E+00  0.00000000E+00
  1.99772450E+06  6.02894368E+06  8.10138884E-09  7.82923413E+04  1.08141678E+00  0.00000000E+00
  1.99808523E+06  6.02840828E+06  8.10256064E-09  7.82950856E+04  1.08139300E+00  0.00000000E+00
  1.99844596E+06  6.02787290E+06  8.10373264E-09  7.82978298E+04  1.08136921E+00  0.00000000E+00
  1.99880669E+06  6.02733752E+06  8.10490483E-09  7.83005741E+04  1.08134541E+00  0.00000000E+00
  1.99916742E+06  6.02680216E+06  8.10607721E-09  7.83033184E+04  1.08132161E+00  0.00000000E+00
  1.99952815E+06  6.02626681E+06  8.10724978E-09  7.83060626E+04  1.08129780E+00  0.00000000E+00
  1.99988888E+06  6.02573147E+06  8.10842255E-09  7.83088069E+04  1.08127398E+00  0.00000000E+00
  2.00024961E+06  6.02519613E+06  8.10959552E-09  7.83115512E+04  1.08125016E+00  0.00000000E+00
  2.00061034E+06  6.02466081E+06  8.11076867E-09  7.83142954E+04  1.08122632E+00  0.00000000E+00
  2.00097107E+06  6.02412550E+06  8.11194202E-09  7.83170397E+04  1.08120248E+00  0.00000000E+00
  2.00133180E+06  6.02359021E+06  8.11311557E-09  7.83197840E+04  1.08117863E+00  0.00000000E+00
  2.00169253E+06  6.02305492E+06  8.11428931E-09  7.83225282E+04  1.08115478E+00  0.00000000E+00
  2.00205326E+06  6.02251964E+06  8.11546324E-09  7.83252725E+04  1.08113091E+00  0.00000000E+00
  2.00241400E+06  6.02198437E+06  8.11663737E-09  7.83280168E+04  1.08110704E+00  0.00000000E+00
  2.00277473E+06  6.02144912E+06  8.11781169E-09  7.83307610E+04  1.08108316E+00  0.00000000E+00
  2.00313546E+06  6.02091387E+06  8.11898620E-09  7.83335053E+04  1.08105928E+00  0.00000000E+00
  2.00349619E+06  6.02037864E+06  8.12016091E-09  7.83362496E+04  1.08103538E+00  0.00000000E+00
  2.00385692E+06  6.01984341E+06  8.12133582E-09  7.83389938E+04  1.08101148E+00  0.00000000E+00
  2.00421765E+06  6.01930820E+06  8.12251092E-09  7.83417381E+04  1.08098757E+00  0.00000000E+00
  2.00457838E+06  6.01877300E+06  8.12368621E-09  7.83444824E+04  1.08096365E+00  0.00000000E+00
  2.00493911E+06  6.01823780E+06  8.12486170E-09  7.83472267E+04  1.08093972E+00  0.00000000E+00
  2.00529984E+06  6.01770262E+06  8.12603739E-09  7.83499709E+04  1.08091579E+00  0.00000000E+00
  2.00566057E+06  6.01716745E+06  8.12721327E-09  7.83527152E+04  1.08089185E+00  0.00000000E+00
  2.00602130E+06  6.01663229E+06  8.12838934E-09  7.83554595E+04  1.08086790E+00  0.00000000E+00
  2.00638203E+06  6.01609714E+06  8.12956561E-09  7.83582037E+04  1.08084394E+00  0.00000000E+00
  2.00674276E+06  6.01556200E+06  8.13074207E-09  7.83609480E+04  1.08081998E+00  0.00000000E+00
  2.00710349E+06  6.01502687E+06  8.13191873E-09  7.83636923E+04  1.08079601E+00  0.00000000E+00
  2.00746422E+06  6.01449175E+06  8.13309559E-09  7.83664365E+04  1.08077203E+00  0.00000000E+00
  2.00782495E+06  6.01395664E+06  8.13427264E-09  7.83691808E+04  1.08074804E+00  0.00000000E+00
  2.00818568E+06  6.01342154E+06  8.13544988E-09  7.83719251E+04  1.08072404E+00  0.00000000E+00
  2.00854641E+06  6.01288646E+06  8.13662733E-09  7.83746693E+04  1.08070004E+00  0.00000000E+00
  2.00890714E+06  6.01235138E+06  8.13780496E-09  7.83774136E+04  1.08067603E+00  0.00000000E+00
  2.00926787E+06  6.01181631E+06  8.13898279E-09  7.83801579E+04  1.08065201E+00  0.00000000E+00
  2.00962860E+06  6.01128125E+06  8.14016082E-09  7.83829021E+04  1.08062798E+00  0.00000000E+00
  2.00998933E+06  6.01074621E+06  8.14133905E-09  7.83856464E+04  1.08060395E+00  0.00000000E+00
  2.01035006E+06  6.01021117E+06  8.14251747E-09  7.83883907E+04  1.08057990E+00  0.00000000E+00
  2.01071079E+06  6.00967614E+06  8.14369608E-09  7.83911350E+04  1.08055585E+00  0.00000000E+00
  2.01107152E+06  6.00914113E+06  8.14487490E-09  7.83938792E+04  1.08053180E+00  0.00000000E+00
  2.01143225E+06  6.00860612E+06  8.14605390E-09  7.83966235E+04  1.08050773E+00  0.00000000E+00
  2.01179298E+06  6.00807113E+06  8.14723311E-09  7.83993678E+04  1.08048366E+00  0.00000000E+00
  2.01215371E+06  6.00753614E+06  8.14841251E-09  7.84021120E+04  1.08045957E+00  0.00000000E+00
  2.01251444E+06  6.00700117E+06  8.14959211E-09  7.84048563E+04  1.08043549E+00  0.00000000E+00
  2.01287517E+06  6.00646620E+06  8.15077190E-09  7.84076006E+04  1.08041139E+00  0.00000000E+00
  2.01323590E+06  6.00593124E+06  8.15195189E-09  7.84103448E+04  1.08038728E+00  0.00000000E+00
  2.01359663E+06  6.00539630E+06  8.15313208E-09  7.84130891E+04  1.08036317E+00  0.00000000E+00
  2.01395737E+06  6.00486136E+06  8.15431246E-09  7.84158334E+04  1.08033905E+00  0.00000000E+00
  2.01431810E+06  6.00432644E+06  8.15549304E-09  7.84185776E+04  1.08031492E+00  0.00000000E+00
  2.01467883E+06  6.00379152E+06  8.15667381E-09  7.84213219E+04  1.08029079E+00  0.00000000E+00
  2.01503956E+06  6.00325662E+06  8.15785479E-09  7.84240662E+04  1.08026664E+00  0.00000000E+00
  2.01540029E+06  6.00272172E+06  8.15903596E-09  7.84268104E+04  1.08024249E+00  0.00000000E+00
  2.01576102E+06  6.00218684E+06  8.16021733E-09  7.84295547E+04  1.08021833E+00  0.00000000E+00
  2.01612175E+06  6.00165196E+06  8.16139889E-09  7.84322990E+04  1.08019416E+00  0.00000000E+00
  2.01648248E+06  6.00111710E+06  8.16258065E-09  7.84350432E+04  1.08016999E+00  0.00000000E+00
  2.01684321E+06  6.00058224E+06  8.16376261E-09  7.84377875E+04  1.08014580E+00  0.00000000E+00
  2.01720394E+06  6.00004740E+06  8.16494477E-09  7.84405318E+04  1.08012161E+00  0.00000000E+00
  2.01756467E+06  5.99951256E+06  8.16612712E-09  7.84432761E+04  1.08009741E+00  0.00000000E+00
  2.01792540E+06  5.99897773E+06  8.16730967E-09  7.84460203E+04  1.08007321E+00  0.00000000E+00
  2.01828613E+06  5.99844292E+06  8.16849242E-09  7.84487646E+04  1.08004899E+00  0.00000000E+00
  2.01864686E+06  5.99790811E+06  8.16967537E-09  7.84515089E+04  1.08002477E+00  0.00000000E+00
  2.01900759E+06  5.99737331E+06  8.17085851E-09  7.84542531E+04  1.08000054E+00  0.00000000E+00
  2.01936832E+06  5.99683853E+06  8.17204185E-09  7.84569974E+04  1.07997630E+00  0.00000000E+00
  2.01972905E+06  5.99630375E+06  8.17322539E-09  7.84597417E+04  1.07995205E+00  0.00000000E+00
  2.02008978E+06  5.99576898E+06  8.17440913E-09  7.84624859E+04  1.07992780E+00  0.00000000E+00
  2.02045051E+06  5.99523422E+06  8.17559306E-09  7.84652302E+04  1.07990354E+00  0.00000000E+00
  2.02081124E+06  5.99469948E+06  8.17677720E-09  7.84679745E+04  1.07987926E+00  0.00000000E+00
  2.02117197E+06  5.99416474E+06  8.17796153E-09  7.84707187E+04  1.07985499E+00  0.00000000E+00
  2.02153270E+06  5.99363001E+06  8.17914606E-09  7.84734630E+04  1.07983070E+00  0.00000000E+00
  2.02189343E+06  5.99309529E+06  8.18033078E-09  7.84762073E+04  1.07980641E+00  0.00000000E+00
  2.02225416E+06  5.99256058E+06  8.18151571E-09  7.84789515E+04  1.07978210E+00  0.00000000E+00
  2.02261489E+06  5.99202588E+06  8.18270083E-09  7.84816958E+04  1.07975779E+00  0.00000000E+00
  2.02297562E+06  5.99149119E+06  8.18388616E-09  7.84844401E+04  1.07973348E+00  0.00000000E+00
  2.02333635E+06  5.99095651E+06  8.18507168E-09  7.84871844E+04  1.07970915E+00  0.00000000E+00
  2.02369708E+06  5.99042184E+06  8.18625740E-09  7.84899286E+04  1.07968482E+00  0.00000000E+00
  2.02405781E+06  5.98988717E+06  8.18744332E-09  7.84926729E+04  1.07966048E+00  0.00000000E+00
  2.02441854E+06  5.98935252E+06  8.18862944E-09  7.84954172E+04  1.07963613E+00  0.00000000E+00
  2.02477927E+06  5.98881788E+06  8.18981575E-09  7.84981614E+04  1.07961177E+00  0.00000000E+00
  2.02514001E+06  5.98828325E+06  8.19100227E-09  7.85009057E+04  1.07958740E+00  0.00000000E+00
  2.02550074E+06  5.98774862E+06  8.19218898E-09  7.85036500E+04  1.07956303E+00  0.00000000E+00
  2.02586147E+06  5.98721401E+06  8.19337589E-09  7.85063942E+04  1.07953865E+00  0.00000000E+00
  2.02622220E+06  5.98667940E+06  8.19456301E-09  7.85091385E+04  1.07951426E+00  0.00000000E+00
  2.02658293E+06  5.98614481E+06  8.19575032E-09  7.85118828E+04  1.07948986E+00  0.00000000E+00
  2.02694366E+06  5.98561022E+06  8.19693783E-09  7.85146270E+04  1.07946546E+00  0.00000000E+00
  2.02730439E+06  5.98507564E+06  8.19812554E-09  7.85173713E+04  1.07944104E+00  0.00000000E+00
  2.02766512E+06  5.98454107E+06  8.19931345E-09  7.85201156E+04  1.07941662E+00  0.00000000E+00
  2.02802585E+06  5.98400651E+06  8.20050156E-09  7.85228598E+04  1.07939219E+00  0.00000000E+00
  2.02838658E+06  5.98347196E+06  8.20168987E-09  7.85256041E+04  1.07936775E+00  0.00000000E+00
  2.02874731E+06  5.98293742E+06  8.20287838E-09  7.85283484E+04  1.07934331E+00  0.00000000E+00
  2.02910804E+06  5.98240289E+06  8.20406709E-09  7.85310927E+04  1.07931886E+00  0.00000000E+00
  2.02946877E+06  5.98186837E+06  8.20525599E-09  7.85338369E+04  1.07929439E+00  0.00000000E+00
  2.02982950E+06  5.98133386E+06  8.20644510E-09  7.85365812E+04  1.07926993E+00  0.00000000E+00
  2.03019023E+06  5.98079936E+06  8.20763441E-09  7.85393255E+04  1.07924545E+00  0.00000000E+00
  2.03055096E+06  5.98026486E+06  8.20882392E-09  7.85420662E+04  1.07922079E+00  0.00000000E+00
  2.03091169E+06  5.97973038E+06  8.21001363E-09  7.85447739E+04  1.07919454E+00  0.00000000E+00
  2.03127242E+06  5.97919590E+06  8.21120353E-09  7.85474415E+04  1.07916636E+00  0.00000000E+00
  2.03163315E+06  5.97866143E+06  8.21239364E-09  7.85500689E+04  1.07913623E+00  0.00000000E+00
  2.03199388E+06  5.97812698E+06  8.21358395E-09  7.85526559E+04  1.07910416E+00  0.00000000E+00
  2.03235461E+06  5.97759253E+06  8.21477446E-09  7.85552024E+04  1.07907013E+00  0.00000000E+00
  2.03271534E+06  5.97705809E+06  8.21596517E-09  7.85577081E+04  1.07903413E+00  0.00000000E+00
  2.03307607E+06  5.97652366E+06  8.21715608E-09  7.85601729E+04  1.07899617E+00  0.00000000E+00
  2.03343680E+06  5.97598924E+06  8.21834719E-09  7.85625966E+04  1.07895622E+00  0.00000000E+00
  2.03379753E+06  5.97545482E+06  8.21953850E-09  7.85649790E+04  1.07891428E+00  0.00000000E+00
  2.03415826E+06  5.97492042E+06  8.22073001E-09  7.85673200E+04  1.07887035E+00  0.00000000E+00
  2.03451899E+06  5.97438602E+06  8.22192173E-09  7.85696193E+04  1.07882441E+00  0.00000000E+00
  2.03487972E+06  5.97385164E+06  8.22311364E-09  7.85718769E+04  1.07877646E+00  0.00000000E+00
  2.03524045E+06  5.97331726E+06  8.22430575E-09  7.85740924E+04  1.07872649E+00  0.00000000E+00
  2.03560118E+06  5.97278289E+06  8.22549807E-09  7.85762658E+04  1.07867449E+00  0.00000000E+00
  2.03596191E+06  5.97224854E+06  8.22669059E-09  7.85783969E+04  1.07862045E+00  0.00000000E+00
  2.03632264E+06  5.97171419E+06  8.22788331E-09  7.85804854E+04  1.07856437E+00  0.00000000E+00
  2.03668338E+06  5.97117984E+06  8.22907622E-09  7.85825313E+04  1.07850623E+00  0.00000000E+00
  2.03704411E+06  5.97064551E+06  8.23026935E-09  7.85845343E+04  1.07844603E+00  0.00000000E+00
  2.03740484E+06  5.97011119E+06  8.23146267E-09  7.85864942E+04  1.07838376E+00  0.00000000E+00
  2.03776557E+06  5.96957687E+06  8.23265619E-09  7.85884109E+04  1.07831942E+00  0.00000000E+00
  2.03812630E+06  5.96904257E+06  8.23384992E-09  7.85902842E+04  1.07825299E+00  0.00000000E+00
  2.03848703E+06  5.96850827E+06  8.23504384E-09  7.85921140E+04  1.07818447E+00  0.00000000E+00
  2.03884776E+06  5.96797398E+06  8.23623797E-09  7.85938999E+04  1.07811384E+00  0.00000000E+00
  2.03920849E+06  5.96743970E+06  8.23743230E-09  7.85956420E+04  1.07804111E+00  0.00000000E+00
  2.03956922E+06  5.96690543E+06  8.23862683E-09  7.85973399E+04  1.07796626E+00  0.00000000E+00
  2.03992995E+06  5.96637117E+06  8.23982157E-09  7.85989936E+04  1.07788928E+00  0.00000000E+00
  2.04029068E+06  5.96583692E+06  8.24101650E-09  7.86006027E+04  1.07781018E+00  0.00000000E+00
  2.04065141E+06  5.96530267E+06  8.24221164E-09  7.86021673E+04  1.07772893E+00  0.00000000E+00
  2.04101214E+06  5.96476843E+06  8.24340698E-09  7.86036870E+04  1.07764553E+00  0.00000000E+00
  2.04137287E+06  5.96423421E+06  8.24460252E-09  7.86051617E+04  1.07755998E+00  0.00000000E+00
  2.04173360E+06  5.96369999E+06  8.24579827E-09  7.86065913E+04  1.07747226E+00  0.00000000E+00
  2.04209433E+06  5.96316578E+06  8.24699422E-09  7.86079755E+04  1.07738237E+00  0.00000000E+00
  2.04245506E+06  5.96263158E+06  8.24819036E-09  7.86093141E+04  1.07729030E+00  0.00000000E+00
  2.04281579E+06  5.96209738E+06  8.24938672E-09  7.86106071E+04  1.07719604E+00  0.00000000E+00
  2.04317652E+06  5.96156320E+06  8.25058327E-09  7.86118541E+04  1.07709958E+00  0.00000000E+00
  2.04353725E+06  5.96102902E+06  8.25178003E-09  7.86130552E+04  1.07700093E+00  0.00000000E+00
  2.04389798E+06  5.96049485E+06  8.25297699E-09  7.86142099E+04  1.07690006E+00  0.00000000E+00
  2.04425871E+06  5.95996070E+06  8.25417415E-09  7.86153183E+04  1.07679697E+00  0.00000000E+00
  2.04461944E+06  5.95942654E+06  8.25537152E-09  7.86163801E+04  1.07669165E+00  0.00000000E+00
  2.04498017E+06  5.95889240E+06  8.25656908E-09  7.86173951E+04  1.07658410E+00  0.00000000E+00
  2.04534090E+06  5.95835827E+06  8.25776686E-09  7.86183631E+04  1.07647431E+00  0.00000000E+00
  2.04570163E+06  5.95782414E+06  8.25896483E-09  7.86192840E+04  1.07636227E+00  0.00000000E+00
  2.04606236E+06  5.95729003E+06  8.26016301E-09  7.86201576E+04  1.07624797E+00  0.00000000E+00
  2.04642309E+06  5.95675592E+06  8.26136139E-09  7.86209838E+04  1.07613141E+00  0.00000000E+00
  2.04678382E+06  5.95622182E+06  8.26255997E-09  7.86217623E+04  1.07601257E+00  0.00000000E+00
  2.04714455E+06  5.95568773E+06  8.26375876E-09  7.86224929E+04  1.07589145E+00  0.00000000E+00
  2.04750528E+06  5.95515364E+06  8.26495775E-09  7.86231755E+04  1.07576804E+00  0.00000000E+00
  2.04786602E+06  5.95461957E+06  8.26615695E-09  7.86238100E+04  1.07564234E+00  0.00000000E+00
  2.04822675E+06  5.95408550E+06  8.26735634E-09  7.86243961E+04  1.07551433E+00  0.00000000E+00
  2.04858748E+06  5.95355144E+06  8.26855595E-09  7.86249336E+04  1.07538401E+00  0.00000000E+00
  2.04894821E+06  5.95301739E+06  8.26975575E-09  7.86254224E+04  1.07525138E+00  0.00000000E+00
  2.04930894E+06  5.95248335E+06  8.27095576E-09  7.86258623E+04  1.07511641E+00  0.00000000E+00
  2.04966967E+06  5.95194932E+06  8.27215597E-09  7.86262532E+04  1.07497912E+00  0.00000000E+00
  2.05003040E+06  5.95141529E+06  8.27335639E-09  7.86265948E+04  1.07483948E+00  0.00000000E+00
  2.05039113E+06  5.95088127E+06  8.27455701E-09  7.86268869E+04  1.07469749E+00  0.00000000E+00
  2.05075186E+06  5.95034726E+06  8.27575784E-09  7.86271295E+04  1.07455314E+00  0.00000000E+00
  2.05111259E+06  5.94981326E+06  8.27695887E-09  7.86273223E+04  1.07440644E+00  0.00000000E+00
  2.05147332E+06  5.94927927E+06  8.27816010E-09  7.86274651E+04  1.07425735E+00  0.00000000E+00
  2.05183405E+06  5.94874529E+06  8.27936154E-09  7.86275577E+04  1.07410590E+00  0.00000000E+00
  2.05219478E+06  5.94821131E+06  8.28056318E-09  7.86276001E+04  1.07395205E+00  0.00000000E+00
  2.05255551E+06  5.94767734E+06  8.28176503E-09  7.86275919E+04  1.07379581E+00  0.00000000E+00
  2.05291624E+06  5.94714338E+06  8.28296708E-09  7.86275331E+04  1.07363717E+00  0.00000000E+00
  2.05327697E+06  5.94660943E+06  8.28416934E-09  7.86274234E+04  1.07347612E+00  0.00000000E+00
  2.05363770E+06  5.94607549E+06  8.28537180E-09  7.86272627E+04  1.07331265E+00  0.00000000E+00
  2.05399843E+06  5.94554155E+06  8.28657446E-09  7.86270509E+04  1.07314676E+00  0.00000000E+00
  2.05435916E+06  5.94500762E+06  8.28777733E-09  7.86267876E+04  1.07297844E+00  0.00000000E+00
  2.05471989E+06  5.94447370E+06  8.28898041E-09  7.86264727E+04  1.07280768E+00  0.00000000E+00
  2.05508062E+06  5.94393979E+06  8.29018369E-09  7.86261062E+04  1.07263448E+00  0.00000000E+00
  2.05544135E+06  5.94340589E+06  8.29138717E-09  7.86256877E+04  1.07245882E+00  0.00000000E+00
  2.05580208E+06  5.94287199E+06  8.29259086E-09  7.86252171E+04  1.07228070E+00  0.00000000E+00
  2.05616281E+06  5.94233810E+06  8.29379476E-09  7.86246943E+04  1.07210012E+00  0.00000000E+00
  2.05652354E+06  5.94180422E+06  8.29499886E-09  7.86241190E+04  1.07191706E+00  0.00000000E+00
  2.05688427E+06  5.94127035E+06  8.29620316E-09  7.86234911E+04  1.07173152E+00  0.00000000E+00
  2.05724500E+06  5.94073649E+06  8.29740768E-09  7.86228104E+04  1.07154349E+00  0.00000000E+00
  2.05760573E+06  5.94020263E+06  8.29861239E-09  7.86220767E+04  1.07135296E+00  0.00000000E+00
  2.05796646E+06  5.93966878E+06  8.29981732E-09  7.86212899E+04  1.07115993E+00  0.00000000E+00
  2.05832719E+06  5.93913494E+06  8.30102244E-09  7.86204497E+04  1.07096439E+00  0.00000000E+00
  2.05868792E+06  5.93860111E+06  8.30222778E-09  7.86195560E+04  1.07076633E+00  0.00000000E+00
  2.05904865E+06  5.93806728E+06  8.30343332E-09  7.86186086E+04  1.07056574E+00  0.00000000E+00
  2.05940939E+06  5.93753347E+06  8.30463906E-09  7.86176074E+04  1.07036263E+00  0.00000000E+00
  2.05977012E+06  5.93699966E+06  8.30584501E-09  7.86165522E+04  1.07015697E+00  0.00000000E+00
  2.06013085E+06  5.93646585E+06  8.30705117E-09  7.86154427E+04  1.06994877E+00  0.00000000E+00
  2.06049158E+06  5.93593206E+06  8.30825753E-09  7.86142788E+04  1.06973801E+00  0.00000000E+00
  2.06085231E+06  5.93539827E+06  8.30946410E-09  7.86130603E+04  1.06952470E+00  0.00000000E+00
  2.06121304E+06  5.93486450E+06  8.31067088E-09  7.86117871E+04  1.06930882E+00  0.00000000E+00
  2.06157377E+06  5.93433073E+06  8.31187786E-09  7.86104590E+04  1.06909036E+00  0.00000000E+00
  2.06193450E+06  5.93379696E+06  8.31308505E-09  7.86090758E+04  1.06886932E+00  0.00000000E+00
  2.06229523E+06  5.93326321E+06  8.31429244E-09  7.86076373E+04  1.06864569E+00  0.00000000E+00
  2.06265596E+06  5.93272946E+06  8.31550005E-09  7.86061433E+04  1.06841947E+00  0.00000000E+00
  2.06301669E+06  5.93219572E+06  8.31670785E-09  7.86045937E+04  1.06819064E+00  0.00000000E+00
  2.06337742E+06  5.93166199E+06  8.31791587E-09  7.86029883E+04  1.06795921E+00  0.00000000E+00
  2.06373815E+06  5.93112826E+06  8.31912409E-09  7.86013268E+04  1.06772516E+00  0.00000000E+00
  2.06409888E+06  5.93059455E+06  8.32033252E-09  7.85996093E+04  1.06748849E+00  0.00000000E+00
  2.06445961E+06  5.93006084E+06  8.32154115E-09  7.85978353E+04  1.06724918E+00  0.00000000E+00
  2.06482034E+06  5.92952714E+06  8.32274999E-09  7.85960049E+04  1.06700724E+00  0.00000000E+00
  2.06518107E+06  5.92899344E+06  8.32395904E-09  7.85941177E+04  1.06676266E+00  0.00000000E+00
  2.06554180E+06  5.92845976E+06  8.32516830E-09  7.85921737E+04  1.06651543E+00  0.00000000E+00
  2.06590253E+06  5.92792608E+06  8.32637776E-09  7.85901726E+04  1.06626554E+00  0.00000000E+00
  2.06626326E+06  5.92739241E+06  8.32758743E-09  7.85881143E+04  1.06601299E+00  0.00000000E+00
  2.06662399E+06  5.92685874E+06  8.32879731E-09  7.85859986E+04  1.06575776E+00  0.00000000E+00
  2.06698472E+06  5.92632509E+06  8.33000739E-09  7.85838252E+04  1.06549986E+00  0.00000000E+00
  2.06734545E+06  5.92579144E+06  8.33121768E-09  7.85815942E+04  1.06523928E+00  0.00000000E+00
  2.06770618E+06  5.92525779E+06  8.33242818E-09  7.85793051E+04  1.06497600E+00  0.00000000E+00
  2.06806691E+06  5.92472416E+06  8.33363889E-09  7.85769580E+04  1.06471003E+00  0.00000000E+00
  2.06842764E+06  5.92419053E+06  8.33484981E-09  7.85745526E+04  1.06444135E+00  0.00000000E+00
  2.06878837E+06  5.92365691E+06  8.33606093E-09  7.85720887E+04  1.06416997E+00  0.00000000E+00
  2.06914910E+06  5.92312330E+06  8.33727226E-09  7.85695661E+04  1.06389586E+00  0.00000000E+00
  2.06950983E+06  5.92258970E+06  8.33848380E-09  7.85669847E+04  1.06361904E+00  0.00000000E+00
  2.06987056E+06  5.92205610E+06  8.33969554E-09  7.85643443E+04  1.06333948E+00  0.00000000E+00
  2.07023129E+06  5.92152251E+06  8.34090750E-09  7.85616447E+04  1.06305719E+00  0.00000000E+00
  2.07059203E+06  5.92098893E+06  8.34211966E-09  7.85588858E+04  1.06277215E+00  0.00000000E+00
  2.07095276E+06  5.92045535E+06  8.34333203E-09  7.85560673E+04  1.06248436E+00  0.00000000E+00
  2.07131349E+06  5.91992179E+06  8.34454461E-09  7.85531891E+04  1.06219382E+00  0.00000000E+00
  2.07167422E+06  5.91938823E+06  8.34575740E-09  7.85502511E+04  1.06190052E+00  0.00000000E+00
  2.07203495E+06  5.91885467E+06  8.34697039E-09  7.85472529E+04  1.06160445E+00  0.00000000E+00
  2.07239568E+06  5.91832113E+06  8.34818360E-09  7.85441945E+04  1.06130560E+00  0.00000000E+00
  2.07275641E+06  5.91778759E+06  8.34939701E-09  7.85410757E+04  1.06100397E+00  0.00000000E+00
  2.07311714E+06  5.91725406E+06  8.35061063E-09  7.85378963E+04  1.06069955E+00  0.00000000E+00
  2.07347787E+06  5.91672053E+06  8.35182446E-09  7.85346561E+04  1.06039234E+00  0.00000000E+00
  2.07383860E+06  5.91618702E+06  8.35303850E-09  7.85313549E+04  1.06008233E+00  0.00000000E+00
  2.07419933E+06  5.91565351E+06  8.35425274E-09  7.85279926E+04  1.05976952E+00  0.00000000E+00
  2.07456006E+06  5.91512000E+06  8.35546720E-09  7.85245690E+04  1.05945389E+00  0.00000000E+00
  2.07492079E+06  5.91458651E+06  8.35668187E-09  7.85210839E+04  1.05913544E+00  0.00000000E+00
  2.07528152E+06  5.91405302E+06  8.35789674E-09  7.85175372E+04  1.05881416E+00  0.00000000E+00
  2.07564225E+06  5.91351954E+06  8.35911182E-09  7.85139286E+04  1.05849006E+00  0.00000000E+00
  2.07600298E+06  5.91298607E+06  8.36032711E-09  7.85102580E+04  1.05816311E+00  0.00000000E+00
  2.07636371E+06  5.91245260E+06  8.36154262E-09  7.85065251E+04  1.05783333E+00  0.00000000E+00
  2.07672444E+06  5.91191914E+06  8.36275833E-09  7.85027300E+04  1.05750069E+00  0.00000000E+00
  2.07708517E+06  5.91138569E+06  8.36397425E-09  7.84988722E+04  1.05716520E+00  0.00000000E+00
  2.07744590E+06  5.91085224E+06  8.36519038E-09  7.84949517E+04  1.05682684E+00  0.00000000E+00
  2.07780663E+06  5.91031880E+06  8.36640672E-09  7.84909684E+04  1.05648562E+00  0.00000000E+00
  2.07816736E+06  5.90978537E+06  8.36762326E-09  7.84869219E+04  1.05614152E+00  0.00000000E+00
  2.07852809E+06  5.90925195E+06  8.36884002E-09  7.84828122E+04  1.05579455E+00  0.00000000E+00
  2.07888882E+06  5.90871853E+06  8.37005699E-09  7.84786390E+04  1.05544469E+00  0.00000000E+00
  2.07924955E+06  5.90818512E+06  8.37127417E-09  7.84744022E+04  1.05509194E+00  0.00000000E+00
  2.07961028E+06  5.90765172E+06  8.37249156E-09  7.84701017E+04  1.05473629E+00  0.00000000E+00
  2.07997101E+06  5.90711832E+06  8.37370916E-09  7.84657371E+04  1.05437773E+00  0.00000000E+00
  2.08033174E+06  5.90658493E+06  8.37492696E-09  7.84613085E+04  1.05401627E+00  0.00000000E+00
  2.08069247E+06  5.90605155E+06  8.37614498E-09  7.84568154E+04  1.05365189E+00  0.00000000E+00
  2.08105320E+06  5.90551817E+06  8.37736321E-09  7.84522579E+04  1.05328459E+00  0.00000000E+00
  2.08141393E+06  5.90498481E+06  8.37858165E-09  7.84476357E+04  1.05291437E+00  0.00000000E+00
  2.08177467E+06  5.90445144E+06  8.37980030E-09  7.84429487E+04  1.05254121E+00  0.00000000E+00
  2.08213540E+06  5.90391809E+06  8.38101916E-09  7.84381966E+04  1.05216511E+00  0.00000000E+00
  2.08249613E+06  5.90338474E+06  8.38223823E-09  7.84333793E+04  1.05178608E+00  0.00000000E+00
  2.08285686E+06  5.90285140E+06  8.38345751E-09  7.84284966E+04  1.05140409E+00  0.00000000E+00
  2.08321759E+06  5.90231807E+06  8.38467700E-09  7.84235484E+04  1.05101914E+00  0.00000000E+00
  2.08357832E+06  5.90178474E+06  8.38589670E-09  7.84185344E+04  1.05063124E+00  0.00000000E+00
  2.08393905E+06  5.90125142E+06  8.38711661E-09  7.84134544E+04  1.05024037E+00  0.00000000E+00
  2.08429978E+06  5.90071811E+06  8.38833673E-09  7.84083084E+04  1.04984653E+00  0.00000000E+00
  2.08466051E+06  5.90018480E+06  8.38955707E-09  7.84030961E+04  1.04944971E+00  0.00000000E+00
  2.08502124E+06  5.89965150E+06  8.39077761E-09  7.83978174E+04  1.04904991E+00  0.00000000E+00
  2.08538197E+06  5.89911821E+06  8.39199837E-09  7.83924720E+04  1.04864712E+00  0.00000000E+00
  2.08574270E+06  5.89858492E+06  8.39321934E-09  7.83870598E+04  1.04824134E+00  0.00000000E+00
  2.08610343E+06  5.89805164E+06  8.39444051E-09  7.83815807E+04  1.04783256E+00  0.00000000E+00
  2.08646416E+06  5.89751837E+06  8.39566190E-09  7.83760343E+04  1.04742077E+00  0.00000000E+00
  2.08682489E+06  5.89698510E+06  8.39688350E-09  7.83704207E+04  1.04700598E+00  0.00000000E+00
  2.08718562E+06  5.89645184E+06  8.39810532E-09  7.83647395E+04  1.04658817E+00  0.00000000E+00
  2.08754635E+06  5.89591859E+06  8.39932734E-09  7.83589906E+04  1.04616734E+00  0.00000000E+00
  2.08790708E+06  5.89538534E+06  8.40054958E-09  7.83531739E+04  1.04574348E+00  0.00000000E+00
  2.08826781E+06  5.89485210E+06  8.40177202E-09  7.83472891E+04  1.04531660E+00  0.00000000E+00
  2.08862854E+06  5.89431887E+06  8.40299468E-09  7.83413360E+04  1.04488667E+00  0.00000000E+00
  2.08898927E+06  5.89378564E+06  8.40421755E-09  7.83353146E+04  1.04445371E+00  0.00000000E+00
  2.08935000E+06  5.89325242E+06  8.40544063E-09  7.83292246E+04  1.04401770E+00  0.00000000E+00
  2.08971073E+06  5.89271921E+06  8.40666393E-09  7.83230658E+04  1.04357864E+00  0.00000000E+00
  2.09007146E+06  5.89218600E+06  8.40788743E-09  7.83168381E+04  1.04313653E+00  0.00000000E+00
  2.09043219E+06  5.89165280E+06  8.40911115E-09  7.83105413E+04  1.04269135E+00  0.00000000E+00
  2.09079292E+06  5.89111961E+06  8.41033508E-09  7.83041752E+04  1.04224310E+00  0.00000000E+00
  2.09115365E+06  5.89058642E+06  8.41155922E-09  7.82977396E+04  1.04179179E+00  0.00000000E+00
  2.09151438E+06  5.89005324E+06  8.41278358E-09  7.82912344E+04  1.04133739E+00  0.00000000E+00
  2.09187511E+06  5.88952007E+06  8.41400815E-09  7.82846594E+04  1.04087992E+00  0.00000000E+00
  2.09223584E+06  5.88898690E+06  8.41523293E-09  7.82780143E+04  1.04041936E+00  0.00000000E+00
  2.09259657E+06  5.88845374E+06  8.41645792E-09  7.82712991E+04  1.03995571E+00  0.00000000E+00
  2.09295730E+06  5.88792059E+06  8.41768312E-09  7.82645135E+04  1.03948896E+00  0.00000000E+00
  2.09331804E+06  5.88738744E+06  8.41890854E-09  7.82576574E+04  1.03901912E+00  0.00000000E+00
  2.09367877E+06  5.88685430E+06  8.42013417E-09  7.82507306E+04  1.03854616E+00  0.00000000E+00
  2.09403950E+06  5.88632117E+06  8.42136001E-09  7.82437329E+04  1.03807010E+00  0.00000000E+00
  2.09440023E+06  5.88578804E+06  8.42258607E-09  7.82366642E+04  1.03759092E+00  0.00000000E+00
  2.09476096E+06  5.88525492E+06  8.42381234E-09  7.82295242E+04  1.03710863E+00  0.00000000E+00
  2.09512169E+06  5.88472180E+06  8.42503882E-09  7.82223128E+04  1.03662320E+00  0.00000000E+00
  2.09548242E+06  5.88418869E+06  8.42626551E-09  7.82150297E+04  1.03613465E+00  0.00000000E+00
  2.09584315E+06  5.88365559E+06  8.42749242E-09  7.82076750E+04  1.03564297E+00  0.00000000E+00
  2.09620388E+06  5.88312249E+06  8.42871954E-09  7.82002482E+04  1.03514815E+00  0.00000000E+00
  2.09656461E+06  5.88258940E+06  8.42994688E-09  7.81927494E+04  1.03465018E+00  0.00000000E+00
  2.09692534E+06  5.88205632E+06  8.43117442E-09  7.81851782E+04  1.03414907E+00  0.00000000E+00
  2.09728607E+06  5.88152324E+06  8.43240218E-09  7.81775345E+04  1.03364481E+00  0.00000000E+00
  2.09764680E+06  5.88099017E+06  8.43363016E-09  7.81698182E+04  1.03313739E+00  0.00000000E+00
  2.09800753E+06  5.88045711E+06  8.43485835E-09  7.81620291E+04  1.03262681E+00  0.00000000E+00
  2.09836826E+06  5.87992405E+06  8.43608675E-09  7.81541669E+04  1.03211307E+00  0.00000000E+00
  2.09872899E+06  5.87939100E+06  8.43731536E-09  7.81462316E+04  1.03159616E+00  0.00000000E+00
  2.09908972E+06  5.87885795E+06  8.43854419E-09  7.81382229E+04  1.03107607E+00  0.00000000E+00
  2.09945045E+06  5.87832491E+06  8.43977324E-09  7.81301406E+04  1.03055281E+00  0.00000000E+00
  2.09981118E+06  5.87779188E+06  8.44100249E-09  7.81219846E+04  1.03002637E+00  0.00000000E+00
  2.10017191E+06  5.87725885E+06  8.44223196E-09  7.81137547E+04  1.02949674E+00  0.00000000E+00
  2.10053264E+06  5.87672583E+06  8.44346165E-09  7.81054508E+04  1.02896392E+00  0.00000000E+00
  2.10089337E+06  5.87619282E+06  8.44469155E-09  7.80970726E+04  1.02842790E+00  0.00000000E+00
  2.10125410E+06  5.87565981E+06  8.44592166E-09  7.80886199E+04  1.02788869E+00  0.00000000E+00
  2.10161483E+06  5.87512681E+06  8.44715199E-09  7.80800926E+04  1.02734628E+00  0.00000000E+00
  2.10197556E+06  5.87459381E+06  8.44838253E-09  7.80714906E+04  1.02680066E+00  0.00000000E+00
  2.10233629E+06  5.87406082E+06  8.44961329E-09  7.80628136E+04  1.02625182E+00  0.00000000E+00
  2.10269702E+06  5.87352784E+06  8.45084426E-09  7.80540614E+04  1.02569978E+00  0.00000000E+00
  2.10305775E+06  5.87299486E+06  8.45207544E-09  7.80452340E+04  1.02514452E+00  0.00000000E+00
  2.10341848E+06  5.87246189E+06  8.45330685E-09  7.80363310E+04  1.02458603E+00  0.00000000E+00
  2.10377921E+06  5.87192893E+06  8.45453846E-09  7.80273523E+04  1.02402432E+00  0.00000000E+00
  2.10413994E+06  5.87139597E+06  8.45577029E-09  7.80182979E+04  1.02345938E+00  0.00000000E+00
  2.10450068E+06  5.87086302E+06  8.45700233E-09  7.80091673E+04  1.02289121E+00  0.00000000E+00
  2.10486141E+06  5.87033007E+06  8.45823459E-09  7.79999606E+04  1.02231980E+00  0.00000000E+00
  2.10522214E+06  5.86979713E+06  8.45946707E-09  7.79906775E+04  1.02174515E+00  0.00000000E+00
  2.10558287E+06  5.86926419E+06  8.46069976E-09  7.79813178E+04  1.02116725E+00  0.00000000E+00
  2.10594360E+06  5.86873126E+06  8.46193266E-09  7.79718814E+04  1.02058611E+00  0.00000000E+00
  2.10630433E+06  5.86819834E+06  8.46316578E-09  7.79623681E+04  1.02000171E+00  0.00000000E+00
  2.10666506E+06  5.86766543E+06  8.46439912E-09  7.79527777E+04  1.01941406E+00  0.00000000E+00
  2.10702579E+06  5.86713252E+06  8.46563267E-09  7.79431100E+04  1.01882315E+00  0.00000000E+00
  2.10738652E+06  5.86659961E+06  8.46686644E-09  7.79333649E+04  1.01822898E+00  0.00000000E+00
  2.10774725E+06  5.86606671E+06  8.46810042E-09  7.79235421E+04  1.01763154E+00  0.00000000E+00
  2.10810798E+06  5.86553382E+06  8.46933461E-09  7.79136416E+04  1.01703084E+00  0.00000000E+00
  2.10846871E+06  5.86500093E+06  8.47056903E-09  7.79036630E+04  1.01642686E+00  0.00000000E+00
  2.10882944E+06  5.86446805E+06  8.47180366E-09  7.78936063E+04  1.01581960E+00  0.00000000E+00
  2.10919017E+06  5.86393518E+06  8.47303850E-09  7.78834713E+04  1.01520907E+00  0.00000000E+00
  2.10955090E+06  5.86340231E+06  8.47427356E-09  7.78732578E+04  1.01459526E+00  0.00000000E+00
  2.10991163E+06  5.86286945E+06  8.47550884E-09  7.78629656E+04  1.01397816E+00  0.00000000E+00
  2.11027236E+06  5.86233659E+06  8.47674433E-09  7.78525945E+04  1.01335777E+00  0.00000000E+00
  2.11063309E+06  5.86180374E+06  8.47798004E-09  7.78421443E+04  1.01273409E+00  0.00000000E+00
  2.11099382E+06  5.86127089E+06  8.47921596E-09  7.78316150E+04  1.01210711E+00  0.00000000E+00
  2.11135455E+06  5.86073805E+06  8.48045210E-09  7.78210062E+04  1.01147684E+00  0.00000000E+00
  2.11171528E+06  5.86020522E+06  8.48168846E-09  7.78103179E+04  1.01084326E+00  0.00000000E+00
  2.11207601E+06  5.85967239E+06  8.48292503E-09  7.77995499E+04  1.01020638E+00  0.00000000E+00
  2.11243674E+06  5.85913957E+06  8.48416182E-09  7.77887018E+04  1.00956620E+00  0.00000000E+00
  2.11279747E+06  5.85860676E+06  8.48539883E-09  7.77777737E+04  1.00892270E+00  0.00000000E+00
  2.11315820E+06  5.85807395E+06  8.48663605E-09  7.77667653E+04  1.00827590E+00  0.00000000E+00
  2.11351893E+06  5.85754114E+06  8.48787349E-09  7.77556765E+04  1.00762577E+00  0.00000000E+00
  2.11387966E+06  5.85700834E+06  8.48911115E-09  7.77445070E+04  1.00697233E+00  0.00000000E+00
  2.11424039E+06  5.85647555E+06  8.49034902E-09  7.77332567E+04  1.00631557E+00  0.00000000E+00
  2.11460112E+06  5.85594276E+06  8.49158711E-09  7.77219254E+04  1.00565548E+00  0.00000000E+00
  2.11496185E+06  5.85540998E+06  8.49282542E-09  7.77105129E+04  1.00499207E+00  0.00000000E+00
  2.11532258E+06  5.85487721E+06  8.49406395E-09  7.76990191E+04  1.00432533E+00  0.00000000E+00
  2.11568331E+06  5.85434444E+06  8.49530269E-09  7.76874438E+04  1.00365526E+00  0.00000000E+00
  2.11604405E+06  5.85381167E+06  8.49654165E-09  7.76757867E+04  1.00298185E+00  0.00000000E+00
  2.11640478E+06  5.85327892E+06  8.49778082E-09  7.76640478E+04  1.00230511E+00  0.00000000E+00
  2.11676551E+06  5.85274616E+06  8.49902022E-09  7.76522268E+04  1.00162502E+00  0.00000000E+00
  2.11712624E+06  5.85221342E+06  8.50025983E-09  7.76403236E+04  1.00094160E+00  0.00000000E+00
  2.11748697E+06  5.85168068E+06  8.50149965E-09  7.76283379E+04  1.00025483E+00  0.00000000E+00
  2.11784770E+06  5.85114794E+06  8.50273970E-09  7.76162697E+04  9.99564716E-01  0.00000000E+00
  2.11820843E+06  5.85061521E+06  8.50397996E-09  7.76041187E+04  9.98871253E-01  0.00000000E+00
  2.11856916E+06  5.85008249E+06  8.50522044E-09  7.75918848E+04  9.98174439E-01  0.00000000E+00
  2.11892989E+06  5.84954977E+06  8.50646114E-09  7.75795678E+04  9.97474271E-01  0.00000000E+00
  2.11929062E+06  5.84901705E+06  8.50770206E-09  7.75671674E+04  9.96770749E-01  0.00000000E+00
  2.11965135E+06  5.84848435E+06  8.50894319E-09  7.75546836E+04  9.96063870E-01  0.00000000E+00
  2.12001208E+06  5.84795164E+06  8.51018454E-09  7.75421161E+04  9.95353630E-01  0.00000000E+00
  2.12037281E+06  5.84741895E+06  8.51142612E-09  7.75294648E+04  9.94640030E-01  0.00000000E+00
  2.12073354E+06  5.84688626E+06  8.51266790E-09  7.75167295E+04  9.93923065E-01  0.00000000E+00
  2.12109427E+06  5.84635357E+06  8.51390991E-09  7.75039100E+04  9.93202736E-01  0.00000000E+00
  2.12145500E+06  5.84582089E+06  8.51515214E-09  7.74910061E+04  9.92479039E-01  0.00000000E+00
  2.12181573E+06  5.84528822E+06  8.51639458E-09  7.74780177E+04  9.91751972E-01  0.00000000E+00
  2.12217646E+06  5.84475555E+06  8.51763724E-09  7.74649446E+04  9.91021534E-01  0.00000000E+00
  2.12253719E+06  5.84422289E+06  8.51888012E-09  7.74517866E+04  9.90287724E-01  0.00000000E+00
  2.12289792E+06  5.84369023E+06  8.52012322E-09  7.74385435E+04  9.89550538E-01  0.00000000E+00
  2.12325865E+06  5.84315758E+06  8.52136654E-09  7.74252152E+04  9.88809977E-01  0.00000000E+00
  2.12361938E+06  5.84262493E+06  8.52261007E-09  7.74118014E+04  9.88066037E-01  0.00000000E+00
  2.12398011E+06  5.84209229E+06  8.52385383E-09  7.73983021E+04  9.87318717E-01  0.00000000E+00
  2.12434084E+06  5.84155966E+06  8.52509780E-09  7.73847169E+04  9.86568016E-01  0.00000000E+00
  2.12470157E+06  5.84102703E+06  8.52634199E-09  7.73710458E+04  9.85813932E-01  0.00000000E+00
  2.12506230E+06  5.84049440E+06  8.52758640E-09  7.73572886E+04  9.85056464E-01  0.00000000E+00
  2.12542303E+06  5.83996178E+06  8.52883103E-09  7.73434450E+04  9.84295610E-01  0.00000000E+00
  2.12578376E+06  5.83942917E+06  8.53007588E-09  7.73295150E+04  9.83531369E-01  0.00000000E+00
  2.12614449E+06  5.83889656E+06  8.53132095E-09  7.73154983E+04  9.82763739E-01  0.00000000E+00
  2.12650522E+06  5.83836396E+06  8.53256624E-09  7.73013948E+04  9.81992719E-01  0.00000000E+00
  2.12686595E+06  5.83783136E+06  8.53381175E-09  7.72872042E+04  9.81218309E-01  0.00000000E+00
  2.12722669E+06  5.83729877E+06  8.53505748E-09  7.72729264E+04  9.80440505E-01  0.00000000E+00
  2.12758742E+06  5.83676618E+06  8.53630342E-09  7.72585613E+04  9.79659308E-01  0.00000000E+00
  2.12794815E+06  5.83623360E+06  8.53754959E-09  7.72441086E+04  9.78874717E-01  0.00000000E+00
  2.12830888E+06  5.83570102E+06  8.53879597E-09  7.72295681E+04  9.78086729E-01  0.00000000E+00
  2.12866961E+06  5.83516845E+06  8.54004258E-09  7.72149398E+04  9.77295345E-01  0.00000000E+00
  2.12903034E+06  5.83463589E+06  8.54128940E-09  7.72002234E+04  9.76500563E-01  0.00000000E+00
  2.12939107E+06  5.83410333E+06  8.54253645E-09  7.71854187E+04  9.75702382E-01  0.00000000E+00
  2.12975180E+06  5.83357077E+06  8.54378371E-09  7.71705255E+04  9.74900801E-01  0.00000000E+00
  2.13011253E+06  5.83303822E+06  8.54503120E-09  7.71555438E+04  9.74095819E-01  0.00000000E+00
  2.13047326E+06  5.83250568E+06  8.54627890E-09  7.71404732E+04  9.73287437E-01  0.00000000E+00
  2.13083399E+06  5.83197314E+06  8.54752683E-09  7.71253137E+04  9.72475651E-01  0.00000000E+00
  2.13119472E+06  5.83144061E+06  8.54877497E-09  7.71100651E+04  9.71660463E-01  0.00000000E+00
  2.13155545E+06  5.83090808E+06  8.55002334E-09  7.70947271E+04  9.70841871E-01  0.00000000E+00
  2.13191618E+06  5.83037555E+06  8.55127193E-09  7.70792996E+04  9.70019875E-01  0.00000000E+00
  2.13227691E+06  5.82984304E+06  8.55252073E-09  7.70637824E+04  9.69194474E-01  0.00000000E+00
  2.13263764E+06  5.82931052E+06  8.55376976E-09  7.70481753E+04  9.68365668E-01  0.00000000E+00
  2.13299837E+06  5.82877802E+06  8.55501901E-09  7.70324783E+04  9.67533456E-01  0.00000000E+00
  2.13335910E+06  5.82824551E+06  8.55626847E-09  7.70166910E+04  9.66697837E-01  0.00000000E+00
  2.13371983E+06  5.82771302E+06  8.55751816E-09  7.70008133E+04  9.65858811E-01  0.00000000E+00
  2.13408056E+06  5.82718053E+06  8.55876807E-09  7.69848450E+04  9.65016379E-01  0.00000000E+00
  2.13444129E+06  5.82664804E+06  8.56001820E-09  7.69687861E+04  9.64170539E-01  0.00000000E+00
  2.13480202E+06  5.82611556E+06  8.56126855E-09  7.69526361E+04  9.63321291E-01  0.00000000E+00
  2.13516275E+06  5.82558308E+06  8.56251913E-09  7.69363951E+04  9.62468635E-01  0.00000000E+00
  2.13552348E+06  5.82505061E+06  8.56376992E-09  7.69200628E+04  9.61612571E-01  0.00000000E+00
  2.13588421E+06  5.82451814E+06  8.56502093E-09  7.69036391E+04  9.60753099E-01  0.00000000E+00
  2.13624494E+06  5.82398568E+06  8.56627217E-09  7.68871237E+04  9.59890219E-01  0.00000000E+00
  2.13660567E+06  5.82345323E+06  8.56752363E-09  7.68705165E+04  9.59023930E-01  0.00000000E+00
  2.13696640E+06  5.82292077E+06  8.56877531E-09  7.68538173E+04  9.58154233E-01  0.00000000E+00
  2.13732713E+06  5.82238833E+06  8.57002721E-09  7.68370260E+04  9.57281128E-01  0.00000000E+00
  2.13768786E+06  5.82185589E+06  8.57127933E-09  7.68201423E+04  9.56404615E-01  0.00000000E+00
  2.13804859E+06  5.82132345E+06  8.57253167E-09  7.68031661E+04  9.55524693E-01  0.00000000E+00
  2.13840932E+06  5.82079102E+06  8.57378423E-09  7.67860972E+04  9.54641364E-01  0.00000000E+00
  2.13877006E+06  5.82025860E+06  8.57503702E-09  7.67689354E+04  9.53754628E-01  0.00000000E+00
  2.13913079E+06  5.81972618E+06  8.57629003E-09  7.67516806E+04  9.52864485E-01  0.00000000E+00
  2.13949152E+06  5.81919376E+06  8.57754326E-09  7.67343325E+04  9.51970934E-01  0.00000000E+00
  2.13985225E+06  5.81866135E+06  8.57879671E-09  7.67168911E+04  9.51073978E-01  0.00000000E+00
  2.14021298E+06  5.81812894E+06  8.58005038E-09  7.66993560E+04  9.50173615E-01  0.00000000E+00
  2.14057371E+06  5.81759654E+06  8.58130428E-09  7.66817272E+04  9.49269847E-01  0.00000000E+00
  2.14093444E+06  5.81706415E+06  8.58255840E-09  7.66640045E+04  9.48362674E-01  0.00000000E+00
  2.14129517E+06  5.81653176E+06  8.58381274E-09  7.66461876E+04  9.47452098E-01  0.00000000E+00
  2.14165590E+06  5.81599937E+06  8.58506730E-09  7.66282765E+04  9.46538117E-01  0.00000000E+00
  2.14201663E+06  5.81546699E+06  8.58632209E-09  7.66102709E+04  9.45620734E-01  0.00000000E+00
  2.14237736E+06  5.81493462E+06  8.58757710E-09  7.65921706E+04  9.44699948E-01  0.00000000E+00
  2.14273809E+06  5.81440225E+06  8.58883233E-09  7.65739755E+04  9.43775762E-01  0.00000000E+00
  2.14309882E+06  5.81386988E+06  8.59008778E-09  7.65556854E+04  9.42848175E-01  0.00000000E+00
  2.14345955E+06  5.81333752E+06  8.59134345E-09  7.65373002E+04  9.41917188E-01  0.00000000E+00
  2.14382028E+06  5.81280516E+06  8.59259935E-09  7.65188196E+04  9.40982803E-01  0.00000000E+00
  2.14418101E+06  5.81227281E+06  8.59385547E-09  7.65002434E+04  9.40045021E-01  0.00000000E+00
  2.14454174E+06  5.81174047E+06  8.59511182E-09  7.64815715E+04  9.39103842E-01  0.00000000E+00
  2.14490247E+06  5.81120813E+06  8.59636838E-09  7.64628038E+04  9.38159268E-01  0.00000000E+00
  2.14526320E+06  5.81067579E+06  8.59762517E-09  7.64439400E+04  9.37211299E-01  0.00000000E+00
  2.14562393E+06  5.81014346E+06  8.59888219E-09  7.64249799E+04  9.36259938E-01  0.00000000E+00
  2.14598466E+06  5.80961113E+06  8.60013942E-09  7.64059234E+04  9.35305185E-01  0.00000000E+00
  2.14634539E+06  5.80907881E+06  8.60139688E-09  7.63867703E+04  9.34347042E-01  0.00000000E+00
  2.14670612E+06  5.80854649E+06  8.60265457E-09  7.63675205E+04  9.33385510E-01  0.00000000E+00
  2.14706685E+06  5.80801418E+06  8.60391247E-09  7.63481737E+04  9.32420590E-01  0.00000000E+00
  2.14742758E+06  5.80748187E+06  8.60517060E-09  7.63287298E+04  9.31452284E-01  0.00000000E+00
  2.14778831E+06  5.80694957E+06  8.60642895E-09  7.63091885E+04  9.30480594E-01  0.00000000E+00
  2.14814904E+06  5.80641727E+06  8.60768753E-09  7.62895498E+04  9.29505520E-01  0.00000000E+00
  2.14850977E+06  5.80588498E+06  8.60894633E-09  7.62698134E+04  9.28527065E-01  0.00000000E+00
  2.14887050E+06  5.80535269E+06  8.61020536E-09  7.62499792E+04  9.27545231E-01  0.00000000E+00
  2.14923123E+06  5.80482041E+06  8.61146460E-09  7.62300469E+04  9.26560019E-01  0.00000000E+00
  2.14959196E+06  5.80428813E+06  8.61272408E-09  7.62100165E+04  9.25571431E-01  0.00000000E+00
  2.14995270E+06  5.80375585E+06  8.61398377E-09  7.61898877E+04  9.24579468E-01  0.00000000E+00
  2.15031343E+06  5.80322359E+06  8.61524369E-09  7.61696604E+04  9.23584133E-01  0.00000000E+00
  2.15067416E+06  5.80269132E+06  8.61650384E-09  7.61493343E+04  9.22585427E-01  0.00000000E+00
  2.15103489E+06  5.80215906E+06  8.61776420E-09  7.61289093E+04  9.21583354E-01  0.00000000E+00
  2.15139562E+06  5.80162681E+06  8.61902480E-09  7.61083852E+04  9.20577913E-01  0.00000000E+00
  2.15175635E+06  5.80109456E+06  8.62028561E-09  7.60877619E+04  9.19569109E-01  0.00000000E+00
  2.15211708E+06  5.80056231E+06  8.62154665E-09  7.60670392E+04  9.18556942E-01  0.00000000E+00
  2.15247781E+06  5.80003007E+06  8.62280792E-09  7.60462168E+04  9.17541416E-01  0.00000000E+00
  2.15283854E+06  5.79949783E+06  8.62406941E-09  7.60252947E+04  9.16522531E-01  0.00000000E+00
  2.15319927E+06  5.79896560E+06  8.62533113E-09  7.60042726E+04  9.15500292E-01  0.00000000E+00
  2.15356000E+06  5.79843337E+06  8.62659307E-09  7.59831503E+04  9.14474699E-01  0.00000000E+00
  2.15392073E+06  5.79790115E+06  8.62785523E-09  7.59619277E+04  9.13445756E-01  0.00000000E+00
  2.15428146E+06  5.79736893E+06  8.62911762E-09  7.59406046E+04  9.12413465E-01  0.00000000E+00
  2.15464219E+06  5.79683672E+06  8.63038023E-09  7.59191809E+04  9.11377829E-01  0.00000000E+00
  2.15500292E+06  5.79630451E+06  8.63164307E-09  7.58976563E+04  9.10338850E-01  0.00000000E+00
  2.15536365E+06  5.79577231E+06  8.63290614E-09  7.58760306E+04  9.09296530E-01  0.00000000E+00
  2.15572438E+06  5.79524011E+06  8.63416943E-09  7.58543038E+04  9.08250873E-01  0.00000000E+00
  2.15608511E+06  5.79470791E+06  8.63543294E-09  7.58324756E+04  9.07201881E-01  0.00000000E+00
  2.15644584E+06  5.79417572E+06  8.63669668E-09  7.58105458E+04  9.06149557E-01  0.00000000E+00
  2.15680657E+06  5.79364354E+06  8.63796065E-09  7.57885142E+04  9.05093903E-01  0.00000000E+00
  2.15716730E+06  5.79311136E+06  8.63922484E-09  7.57663808E+04  9.04034924E-01  0.00000000E+00
  2.15752803E+06  5.79257918E+06  8.64048925E-09  7.57441452E+04  9.02972621E-01  0.00000000E+00
  2.15788876E+06  5.79204701E+06  8.64175389E-09  7.57218074E+04  9.01906998E-01  0.00000000E+00
  2.15824949E+06  5.79151484E+06  8.64301876E-09  7.56993672E+04  9.00838058E-01  0.00000000E+00
  2.15861022E+06  5.79098268E+06  8.64428385E-09  7.56768243E+04  8.99765804E-01  0.00000000E+00
  2.15897095E+06  5.79045052E+06  8.64554917E-09  7.56541786E+04  8.98690239E-01  0.00000000E+00
  2.15933168E+06  5.78991837E+06  8.64681472E-09  7.56314299E+04  8.97611367E-01  0.00000000E+00
  2.15969241E+06  5.78938622E+06  8.64808049E-09  7.56085781E+04  8.96529190E-01  0.00000000E+00
  2.16005314E+06  5.78885407E+06  8.64934649E-09  7.55856229E+04  8.95443713E-01  0.00000000E+00
  2.16041387E+06  5.78832193E+06  8.65061271E-09  7.55625642E+04  8.94354937E-01  0.00000000E+00
  2.16077460E+06  5.78778980E+06  8.65187916E-09  7.55394019E+04  8.93262868E-01  0.00000000E+00
  2.16113533E+06  5.78725767E+06  8.65314583E-09  7.55161356E+04  8.92167508E-01  0.00000000E+00
  2.16149607E+06  5.78672554E+06  8.65441273E-09  7.54927653E+04  8.91068862E-01  0.00000000E+00
  2.16185680E+06  5.78619342E+06  8.65567986E-09  7.54692908E+04  8.89966932E-01  0.00000000E+00
  2.16221753E+06  5.78566130E+06  8.65694722E-09  7.54457119E+04  8.88861722E-01  0.00000000E+00
  2.16257826E+06  5.78512918E+06  8.65821480E-09  7.54220285E+04  8.87753237E-01  0.00000000E+00
  2.16293899E+06  5.78459708E+06  8.65948260E-09  7.53982402E+04  8.86641480E-01  0.00000000E+00
  2.16329972E+06  5.78406497E+06  8.66075064E-09  7.53743471E+04  8.85526454E-01  0.00000000E+00
  2.16366045E+06  5.78353287E+06  8.66201890E-09  7.53503488E+04  8.84408164E-01  0.00000000E+00
  2.16402118E+06  5.78300077E+06  8.66328739E-09  7.53262452E+04  8.83286614E-01  0.00000000E+00
  2.16438191E+06  5.78246868E+06  8.66455610E-09  7.53020362E+04  8.82161807E-01  0.00000000E+00
  2.16474264E+06  5.78193660E+06  8.66582504E-09  7.52777216E+04  8.81033749E-01  0.00000000E+00
  2.16510337E+06  5.78140451E+06  8.66709421E-09  7.52533011E+04  8.79902442E-01  0.00000000E+00
  2.16546410E+06  5.78087243E+06  8.66836361E-09  7.52287746E+04  8.78767892E-01  0.00000000E+00
  2.16582483E+06  5.78034036E+06  8.66963323E-09  7.52041419E+04  8.77630102E-01  0.00000000E+00
  2.16618556E+06  5.77980829E+06  8.67090308E-09  7.51794030E+04  8.76489076E-01  0.00000000E+00
  2.16654629E+06  5.77927622E+06  8.67217316E-09  7.51545574E+04  8.75344820E-01  0.00000000E+00
  2.16690702E+06  5.77874416E+06  8.67344346E-09  7.51296052E+04  8.74197338E-01  0.00000000E+00
  2.16726775E+06  5.77821211E+06  8.67471399E-09  7.51045461E+04  8.73046633E-01  0.00000000E+00
  2.16762848E+06  5.77768005E+06  8.67598475E-09  7.50793799E+04  8.71892711E-01  0.00000000E+00
  2.16798921E+06  5.77714801E+06  8.67725574E-09  7.50541065E+04  8.70735576E-01  0.00000000E+00
  2.16834994E+06  5.77661596E+06  8.67852696E-09  7.50287257E+04  8.69575233E-01  0.00000000E+00
  2.16871067E+06  5.77608392E+06  8.67979840E-09  7.50032373E+04  8.68411687E-01  0.00000000E+00
  2.16907140E+06  5.77555189E+06  8.68107007E-09  7.49776411E+04  8.67244942E-01  0.00000000E+00
  2.16943213E+06  5.77501986E+06  8.68234197E-09  7.49519370E+04  8.66075003E-01  0.00000000E+00
  2.16979286E+06  5.77448783E+06  8.68361409E-09  7.49261247E+04  8.64901875E-01  0.00000000E+00
  2.17015359E+06  5.77395581E+06  8.68488645E-09  7.49002042E+04  8.63725563E-01  0.00000000E+00
  2.17051432E+06  5.77342379E+06  8.68615903E-09  7.48741752E+04  8.62546073E-01  0.00000000E+00
  2.17087505E+06  5.77289177E+06  8.68743184E-09  7.48480375E+04  8.61363408E-01  0.00000000E+00
  2.17123578E+06  5.77235976E+06  8.68870488E-09  7.48217910E+04  8.60177575E-01  0.00000000E+00
  2.17159651E+06  5.77182776E+06  8.68997815E-09  7.47954354E+04  8.58988577E-01  0.00000000E+00
  2.17195724E+06  5.77129576E+06  8.69125164E-09  7.47689707E+04  8.57796422E-01  0.00000000E+00
  2.17231797E+06  5.77076376E+06  8.69252537E-09  7.47423967E+04  8.56601113E-01  0.00000000E+00
  2.17267871E+06  5.77023176E+06  8.69379932E-09  7.47157130E+04  8.55402657E-01  0.00000000E+00
  2.17303944E+06  5.76969978E+06  8.69507350E-09  7.46889197E+04  8.54201059E-01  0.00000000E+00
  2.17340017E+06  5.76916779E+06  8.69634791E-09  7.46620165E+04  8.52996323E-01  0.00000000E+00
  2.17376090E+06  5.76863581E+06  8.69762255E-09  7.46350032E+04  8.51788457E-01  0.00000000E+00
  2.17412163E+06  5.76810383E+06  8.69889742E-09  7.46078796E+04  8.50577464E-01  0.00000000E+00
  2.17448236E+06  5.76757186E+06  8.70017252E-09  7.45806456E+04  8.49363352E-01  0.00000000E+00
  2.17484309E+06  5.76703989E+06  8.70144784E-09  7.45533010E+04  8.48146125E-01  0.00000000E+00
  2.17520382E+06  5.76650793E+06  8.70272340E-09  7.45258457E+04  8.46925790E-01  0.00000000E+00
  2.17556455E+06  5.76597597E+06  8.70399918E-09  7.44982793E+04  8.45702352E-01  0.00000000E+00
  2.17592528E+06  5.76544401E+06  8.70527520E-09  7.44706019E+04  8.44475817E-01  0.00000000E+00
  2.17628601E+06  5.76491206E+06  8.70655144E-09  7.44428131E+04  8.43246191E-01  0.00000000E+00
  2.17664674E+06  5.76438011E+06  8.70782791E-09  7.44149128E+04  8.42013481E-01  0.00000000E+00
  2.17700747E+06  5.76384817E+06  8.70910461E-09  7.43869009E+04  8.40777691E-01  0.00000000E+00
  2.17736820E+06  5.76331623E+06  8.71038154E-09  7.43587771E+04  8.39538829E-01  0.00000000E+00
  2.17772893E+06  5.76278430E+06  8.71165870E-09  7.43305413E+04  8.38296900E-01  0.00000000E+00
  2.17808966E+06  5.76225236E+06  8.71293609E-09  7.43021932E+04  8.37051911E-01  0.00000000E+00
  2.17845039E+06  5.76172044E+06  8.71421371E-09  7.42737328E+04  8.35803868E-01  0.00000000E+00
  2.17881112E+06  5.76118851E+06  8.71549156E-09  7.42451599E+04  8.34552777E-01  0.00000000E+00
  2.17917185E+06  5.76065659E+06  8.71676964E-09  7.42164742E+04  8.33298645E-01  0.00000000E+00
  2.17953258E+06  5.76012468E+06  8.71804795E-09  7.41876756E+04  8.32041479E-01  0.00000000E+00
  2.17989331E+06  5.75959277E+06  8.71932649E-09  7.41587639E+04  8.30781284E-01  0.00000000E+00
  2.18025404E+06  5.75906086E+06  8.72060526E-09  7.41297390E+04  8.29518068E-01  0.00000000E+00
  2.18061477E+06  5.75852896E+06  8.72188426E-09  7.41006006E+04  8.28251836E-01  0.00000000E+00
  2.18097550E+06  5.75799706E+06  8.72316349E-09  7.40713486E+04  8.26982597E-01  0.00000000E+00
  2.18133623E+06  5.75746516E+06  8.72444295E-09  7.40419828E+04  8.25710356E-01  0.00000000E+00
  2.18169696E+06  5.75693327E+06  8.72572264E-09  7.40125030E+04  8.24435120E-01  0.00000000E+00
  2.18205769E+06  5.75640138E+06  8.72700256E-09  7.39829091E+04  8.23156897E-01  0.00000000E+00
  2.18241842E+06  5.75586950E+06  8.72828271E-09  7.39532008E+04  8.21875693E-01  0.00000000E+00
  2.18277915E+06  5.75533762E+06  8.72956309E-09  7.39233780E+04  8.20591515E-01  0.00000000E+00
  2.18313988E+06  5.75480575E+06  8.73084371E-09  7.38934406E+04  8.19304371E-01  0.00000000E+00
  2.18350061E+06  5.75427388E+06  8.73212455E-09  7.38633882E+04  8.18014267E-01  0.00000000E+00
  2.18386134E+06  5.75374201E+06  8.73340562E-09  7.38332209E+04  8.16721211E-01  0.00000000E+00
  2.18422208E+06  5.75321014E+06  8.73468693E-09  7.38029383E+04  8.15425210E-01  0.00000000E+00
  2.18458281E+06  5.75267828E+06  8.73596847E-09  7.37725404E+04  8.14126271E-01  0.00000000E+00
  2.18494354E+06  5.75214643E+06  8.73725023E-09  7.37420268E+04  8.12824402E-01  0.00000000E+00
  2.18530427E+06  5.75161458E+06  8.73853223E-09  7.37113975E+04  8.11519610E-01  0.00000000E+00
  2.18566500E+06  5.75108273E+06  8.73981446E-09  7.36806523E+04  8.10211903E-01  0.00000000E+00
  2.18602573E+06  5.75055089E+06  8.74109692E-09  7.36497910E+04  8.08901288E-01  0.00000000E+00
  2.18638646E+06  5.75001905E+06  8.74237962E-09  7.36188134E+04  8.07587772E-01  0.00000000E+00
  2.18674719E+06  5.74948721E+06  8.74366254E-09  7.35877194E+04  8.06271364E-01  0.00000000E+00
  2.18710792E+06  5.74895538E+06  8.74494569E-09  7.35565087E+04  8.04952072E-01  0.00000000E+00
  2.18746865E+06  5.74842355E+06  8.74622908E-09  7.35251812E+04  8.03629902E-01  0.00000000E+00
  2.18782938E+06  5.74789172E+06  8.74751270E-09  7.34937368E+04  8.02304863E-01  0.00000000E+00
  2.18819011E+06  5.74735990E+06  8.74879655E-09  7.34621751E+04  8.00976964E-01  0.00000000E+00
  2.18855084E+06  5.74682809E+06  8.75008063E-09  7.34304961E+04  7.99646211E-01  0.00000000E+00
  2.18891157E+06  5.74629627E+06  8.75136494E-09  7.33986996E+04  7.98312613E-01  0.00000000E+00
  2.18927230E+06  5.74576446E+06  8.75264949E-09  7.33667854E+04  7.96976177E-01  0.00000000E+00
  2.18963303E+06  5.74523266E+06  8.75393427E-09  7.33347533E+04  7.95636913E-01  0.00000000E+00
  2.18999376E+06  5.74470086E+06  8.75521928E-09  7.33026032E+04  7.94294829E-01  0.00000000E+00
  2.19035449E+06  5.74416906E+06  8.75650452E-09  7.32703348E+04  7.92949932E-01  0.00000000E+00
  2.19071522E+06  5.74363726E+06  8.75778999E-09  7.32379480E+04  7.91602231E-01  0.00000000E+00
  2.19107595E+06  5.74310547E+06  8.75907570E-09  7.32054427E+04  7.90251735E-01  0.00000000E+00
  2.19143668E+06  5.74257369E+06  8.76036164E-09  7.31728185E+04  7.88898451E-01  0.00000000E+00
  2.19179741E+06  5.74204190E+06  8.76164781E-09  7.31400755E+04  7.87542389E-01  0.00000000E+00
  2.19215814E+06  5.74151013E+06  8.76293421E-09  7.31072133E+04  7.86183557E-01  0.00000000E+00
  2.19251887E+06  5.74097835E+06  8.76422085E-09  7.30742318E+04  7.84821964E-01  0.00000000E+00
  2.19287960E+06  5.74044658E+06  8.76550772E-09  7.30411309E+04  7.83457618E-01  0.00000000E+00
  2.19324033E+06  5.73991481E+06  8.76679482E-09  7.30079103E+04  7.82090528E-01  0.00000000E+00
  2.19360106E+06  5.73938305E+06  8.76808215E-09  7.29745699E+04  7.80720704E-01  0.00000000E+00
  2.19396179E+06  5.73885129E+06  8.76936972E-09  7.29411095E+04  7.79348153E-01  0.00000000E+00
  2.19432252E+06  5.73831953E+06  8.77065752E-09  7.29075289E+04  7.77972885E-01  0.00000000E+00
  2.19468325E+06  5.73778778E+06  8.77194556E-09  7.28738279E+04  7.76594909E-01  0.00000000E+00
  2.19504398E+06  5.73725603E+06  8.77323382E-09  7.28400064E+04  7.75214234E-01  0.00000000E+00
  2.19540472E+06  5.73672428E+06  8.77452232E-09  7.28060642E+04  7.73830870E-01  0.00000000E+00
  2.19576545E+06  5.73619254E+06  8.77581105E-09  7.27720011E+04  7.72444824E-01  0.00000000E+00
  2.19612618E+06  5.73566080E+06  8.77710002E-09  7.27378169E+04  7.71056108E-01  0.00000000E+00
  2.19648691E+06  5.73512907E+06  8.77838922E-09  7.27035115E+04  7.69664729E-01  0.00000000E+00
  2.19684764E+06  5.73459734E+06  8.77967865E-09  7.26690847E+04  7.68270698E-01  0.00000000E+00
  2.19720837E+06  5.73406561E+06  8.78096832E-09  7.26345363E+04  7.66874023E-01  0.00000000E+00
  2.19756910E+06  5.73353389E+06  8.78225822E-09  7.25998660E+04  7.65474715E-01  0.00000000E+00
  2.19792983E+06  5.73300217E+06  8.78354835E-09  7.25650739E+04  7.64072783E-01  0.00000000E+00
  2.19829056E+06  5.73247045E+06  8.78483872E-09  7.25301596E+04  7.62668236E-01  0.00000000E+00
  2.19865129E+06  5.73193874E+06  8.78612932E-09  7.24951230E+04  7.61261085E-01  0.00000000E+00
  2.19901202E+06  5.73140703E+06  8.78742016E-09  7.24599639E+04  7.59851338E-01  0.00000000E+00
  2.19937275E+06  5.73087532E+06  8.78871123E-09  7.24246821E+04  7.58439006E-01  0.00000000E+00
  2.19973348E+06  5.73034362E+06  8.79000253E-09  7.23892776E+04  7.57024099E-01  0.00000000E+00
  2.20009421E+06  5.72981192E+06  8.79129407E-09  7.23537499E+04  7.55606627E-01  0.00000000E+00
  2.20045494E+06  5.72928023E+06  8.79258584E-09  7.23180991E+04  7.54186599E-01  0.00000000E+00
  2.20081567E+06  5.72874854E+06  8.79387785E-09  7.22823250E+04  7.52764026E-01  0.00000000E+00
  2.20117640E+06  5.72821685E+06  8.79517009E-09  7.22464272E+04  7.51338917E-01  0.00000000E+00
  2.20153713E+06  5.72768517E+06  8.79646256E-09  7.22104058E+04  7.49911284E-01  0.00000000E+00
  2.20189786E+06  5.72715349E+06  8.79775527E-09  7.21742604E+04  7.48481136E-01  0.00000000E+00
  2.20225859E+06  5.72662181E+06  8.79904821E-09  7.21379910E+04  7.47048483E-01  0.00000000E+00
  2.20261932E+06  5.72609014E+06  8.80034139E-09  7.21015973E+04  7.45613337E-01  0.00000000E+00
  2.20298005E+06  5.72555847E+06  8.80163481E-09  7.20650791E+04  7.44175706E-01  0.00000000E+00
  2.20334078E+06  5.72502680E+06  8.80292845E-09  7.20284364E+04  7.42735603E-01  0.00000000E+00
  2.20370151E+06  5.72449514E+06  8.80422234E-09  7.19916689E+04  7.41293037E-01  0.00000000E+00
  2.20406224E+06  5.72396348E+06  8.80551645E-09  7.19547763E+04  7.39848018E-01  0.00000000E+00
  2.20442297E+06  5.72343182E+06  8.80681081E-09  7.19177587E+04  7.38400559E-01  0.00000000E+00
  2.20478370E+06  5.72290017E+06  8.80810540E-09  7.18806157E+04  7.36950669E-01  0.00000000E+00
  2.20514443E+06  5.72236852E+06  8.80940022E-09  7.18433472E+04  7.35498359E-01  0.00000000E+00
  2.20550516E+06  5.72183688E+06  8.81069528E-09  7.18059531E+04  7.34043640E-01  0.00000000E+00
  2.20586589E+06  5.72130524E+06  8.81199057E-09  7.17684331E+04  7.32586523E-01  0.00000000E+00
  2.20622662E+06  5.72077360E+06  8.81328610E-09  7.17307870E+04  7.31127019E-01  0.00000000E+00
  2.20658736E+06  5.72024196E+06  8.81458186E-09  7.16930148E+04  7.29665139E-01  0.00000000E+00
  2.20694809E+06  5.71971033E+06  8.81587786E-09  7.16551161E+04  7.28200894E-01  0.00000000E+00
  2.20730882E+06  5.71917871E+06  8.81717410E-09  7.16170909E+04  7.26734295E-01  0.00000000E+00
  2.20766955E+06  5.71864708E+06  8.81847057E-09  7.15789390E+04  7.25265354E-01  0.00000000E+00
  2.20803028E+06  5.71811546E+06  8.81976728E-09  7.15406601E+04  7.23794081E-01  0.00000000E+00
  2.20839101E+06  5.71758384E+06  8.82106422E-09  7.15022542E+04  7.22320488E-01  0.00000000E+00
  2.20875174E+06  5.71705223E+06  8.82236140E-09  7.14637209E+04  7.20844587E-01  0.00000000E+00
  2.20911247E+06  5.71652062E+06  8.82365881E-09  7.14250603E+04  7.19366389E-01  0.00000000E+00
  2.20947320E+06  5.71598901E+06  8.82495647E-09  7.13862719E+04  7.17885905E-01  0.00000000E+00
  2.20983393E+06  5.71545741E+06  8.82625435E-09  7.13473558E+04  7.16403147E-01  0.00000000E+00
  2.21019466E+06  5.71492581E+06  8.82755248E-09  7.13083117E+04  7.14918127E-01  0.00000000E+00
  2.21055539E+06  5.71439421E+06  8.82885084E-09  7.12691395E+04  7.13430856E-01  0.00000000E+00
  2.21091612E+06  5.71386262E+06  8.83014943E-09  7.12298389E+04  7.11941347E-01  0.00000000E+00
  2.21127685E+06  5.71333103E+06  8.83144826E-09  7.11904098E+04  7.10449610E-01  0.00000000E+00
  2.21163758E+06  5.71279944E+06  8.83274733E-09  7.11508519E+04  7.08955658E-01  0.00000000E+00
  2.21199831E+06  5.71226786E+06  8.83404664E-09  7.11111653E+04  7.07459503E-01  0.00000000E+00
  2.21235904E+06  5.71173628E+06  8.83534618E-09  7.10713496E+04  7.05961157E-01  0.00000000E+00
  2.21271977E+06  5.71120470E+06  8.83664596E-09  7.10314046E+04  7.04460631E-01  0.00000000E+00
  2.21308050E+06  5.71067313E+06  8.83794597E-09  7.09913303E+04  7.02957939E-01  0.00000000E+00
  2.21344123E+06  5.71014156E+06  8.83924623E-09  7.09511263E+04  7.01453091E-01  0.00000000E+00
  2.21380196E+06  5.70960999E+06  8.84054671E-09  7.09107927E+04  6.99946101E-01  0.00000000E+00
  2.21416269E+06  5.70907843E+06  8.84184744E-09  7.08703290E+04  6.98436981E-01  0.00000000E+00
  2.21452342E+06  5.70854687E+06  8.84314840E-09  7.08297353E+04  6.96925742E-01  0.00000000E+00
  2.21488415E+06  5.70801531E+06  8.84444960E-09  7.07890113E+04  6.95412398E-01  0.00000000E+00
  2.21524488E+06  5.70748376E+06  8.84575104E-09  7.07481568E+04  6.93896961E-01  0.00000000E+00
  2.21560561E+06  5.70695221E+06  8.84705272E-09  7.07071717E+04  6.92379444E-01  0.00000000E+00
  2.21596634E+06  5.70642066E+06  8.84835463E-09  7.06660558E+04  6.90859858E-01  0.00000000E+00
  2.21632707E+06  5.70588912E+06  8.84965678E-09  7.06248088E+04  6.89338218E-01  0.00000000E+00
  2.21668780E+06  5.70535758E+06  8.85095917E-09  7.05834307E+04  6.87814534E-01  0.00000000E+00
  2.21704853E+06  5.70482604E+06  8.85226179E-09  7.05419213E+04  6.86288821E-01  0.00000000E+00
  2.21740926E+06  5.70429451E+06  8.85356466E-09  7.05002803E+04  6.84761091E-01  0.00000000E+00
  2.21776999E+06  5.70376298E+06  8.85486776E-09  7.04585076E+04  6.83231357E-01  0.00000000E+00
  2.21813073E+06  5.70323145E+06  8.85617109E-09  7.04166030E+04  6.81699632E-01  0.00000000E+00
  2.21849146E+06  5.70269993E+06  8.85747467E-09  7.03745663E+04  6.80165929E-01  0.00000000E+00
  2.21885219E+06  5.70216841E+06  8.85877848E-09  7.03323975E+04  6.78630261E-01  0.00000000E+00
  2.21921292E+06  5.70163689E+06  8.86008254E-09  7.02900962E+04  6.77092641E-01  0.00000000E+00
  2.21957365E+06  5.70110538E+06  8.86138683E-09  7.02476623E+04  6.75553082E-01  0.00000000E+00
  2.21993438E+06  5.70057386E+06  8.86269136E-09  7.02050956E+04  6.74011598E-01  0.00000000E+00
  2.22029511E+06  5.70004236E+06  8.86399612E-09  7.01623960E+04  6.72468201E-01  0.00000000E+00
  2.22065584E+06  5.69951085E+06  8.86530113E-09  7.01195633E+04  6.70922906E-01  0.00000000E+00
  2.22101657E+06  5.69897935E+06  8.86660637E-09  7.00765972E+04  6.69375726E-01  0.00000000E+00
  2.22137730E+06  5.69844785E+06  8.86791185E-09  7.00334977E+04  6.67826673E-01  0.00000000E+00
  2.22173803E+06  5.69791636E+06  8.86921757E-09  6.99902645E+04  6.66275763E-01  0.00000000E+00
  2.22209876E+06  5.69738487E+06  8.87052353E-09  6.99468975E+04  6.64723007E-01  0.00000000E+00
  2.22245949E+06  5.69685338E+06  8.87182973E-09  6.99033965E+04  6.63168421E-01  0.00000000E+00
  2.22282022E+06  5.69632189E+06  8.87313617E-09  6.98597613E+04  6.61612017E-01  0.00000000E+00
  2.22318095E+06  5.69579041E+06  8.87444284E-09  6.98159917E+04  6.60053809E-01  0.00000000E+00
  2.22354168E+06  5.69525893E+06  8.87574976E-09  6.97720876E+04  6.58493812E-01  0.00000000E+00
  2.22390241E+06  5.69472746E+06  8.87705691E-09  6.97280488E+04  6.56932039E-01  0.00000000E+00
  2.22426314E+06  5.69419598E+06  8.87836431E-09  6.96838750E+04  6.55368504E-01  0.00000000E+00
  2.22462387E+06  5.69366452E+06  8.87967194E-09  6.96395662E+04  6.53803220E-01  0.00000000E+00
  2.22498460E+06  5.69313305E+06  8.88097981E-09  6.95951221E+04  6.52236203E-01  0.00000000E+00
  2.22534533E+06  5.69260159E+06  8.88228792E-09  6.95505426E+04  6.50667467E-01  0.00000000E+00
  2.22570606E+06  5.69207013E+06  8.88359627E-09  6.95058275E+04  6.49097024E-01  0.00000000E+00
  2.22606679E+06  5.69153867E+06  8.88490486E-09  6.94609767E+04  6.47524890E-01  0.00000000E+00
  2.22642752E+06  5.69100722E+06  8.88621369E-09  6.94159898E+04  6.45951079E-01  0.00000000E+00
  2.22678825E+06  5.69047576E+06  8.88752276E-09  6.93708668E+04  6.44375606E-01  0.00000000E+00
  2.22714898E+06  5.68994432E+06  8.88883207E-09  6.93256075E+04  6.42798483E-01  0.00000000E+00
  2.22750971E+06  5.68941287E+06  8.89014161E-09  6.92802117E+04  6.41219727E-01  0.00000000E+00
  2.22787044E+06  5.68888143E+06  8.89145140E-09  6.92346792E+04  6.39639352E-01  0.00000000E+00
  2.22823117E+06  5.68834999E+06  8.89276143E-09  6.91890099E+04  6.38057372E-01  0.00000000E+00
  2.22859190E+06  5.68781856E+06  8.89407170E-09  6.91432036E+04  6.36473801E-01  0.00000000E+00
  2.22895263E+06  5.68728713E+06  8.89538221E-09  6.90972600E+04  6.34888655E-01  0.00000000E+00
  2.22931337E+06  5.68675570E+06  8.89669295E-09  6.90511791E+04  6.33301948E-01  0.00000000E+00
  2.22967410E+06  5.68622427E+06  8.89800394E-09  6.90049606E+04  6.31713695E-01  0.00000000E+00
  2.23003483E+06  5.68569285E+06  8.89931517E-09  6.89586044E+04  6.30123911E-01  0.00000000E+00
  2.23039556E+06  5.68516143E+06  8.90062664E-09  6.89121102E+04  6.28532610E-01  0.00000000E+00
  2.23075629E+06  5.68463001E+06  8.90193835E-09  6.88654780E+04  6.26939808E-01  0.00000000E+00
  2.23111702E+06  5.68409860E+06  8.90325030E-09  6.88187075E+04  6.25345520E-01  0.00000000E+00
  2.23147775E+06  5.68356719E+06  8.90456249E-09  6.87717986E+04  6.23749760E-01  0.00000000E+00
  2.23183848E+06  5.68303578E+06  8.90587492E-09  6.87247510E+04  6.22152545E-01  0.00000000E+00
  2.23219921E+06  5.68250437E+06  8.90718759E-09  6.86775647E+04  6.20553888E-01  0.00000000E+00
  2.23255994E+06  5.68197297E+06  8.90850050E-09  6.86302393E+04  6.18953806E-01  0.00000000E+00
  2.23292067E+06  5.68144157E+06  8.90981366E-09  6.85827748E+04  6.17352313E-01  0.00000000E+00
  2.23328140E+06  5.68091018E+06  8.91112705E-09  6.85351710E+04  6.15749425E-01  0.00000000E+00
  2.23364213E+06  5.68037878E+06  8.91244069E-09  6.84874277E+04  6.14145157E-01  0.00000000E+00
  2.23400286E+06  5.67984739E+06  8.91375457E-09  6.84395447E+04  6.12539525E-01  0.00000000E+00
  2.23436359E+06  5.67931601E+06  8.91506868E-09  6.83915218E+04  6.10932544E-01  0.00000000E+00
  2.23472432E+06  5.67878462E+06  8.91638304E-09  6.83433589E+04  6.09324229E-01  0.00000000E+00
  2.23508505E+06  5.67825324E+06  8.91769764E-09  6.82950557E+04  6.07714597E-01  0.00000000E+00
  2.23544578E+06  5.67772186E+06  8.91901248E-09  6.82466122E+04  6.06103663E-01  0.00000000E+00
  2.23580651E+06  5.67719049E+06  8.92032757E-09  6.81980281E+04  6.04491443E-01  0.00000000E+00
  2.23616724E+06  5.67665912E+06  8.92164289E-09  6.81493032E+04  6.02877952E-01  0.00000000E+00
  2.23652797E+06  5.67612775E+06  8.92295846E-09  6.81004374E+04  6.01263207E-01  0.00000000E+00
  2.23688870E+06  5.67559638E+06  8.92427427E-09  6.80514306E+04  5.99647222E-01  0.00000000E+00
  2.23724943E+06  5.67506502E+06  8.92559032E-09  6.80022824E+04  5.98030015E-01  0.00000000E+00
  2.23761016E+06  5.67453366E+06  8.92690661E-09  6.79529928E+04  5.96411600E-01  0.00000000E+00
  2.23797089E+06  5.67400230E+06  8.92822314E-09  6.79035615E+04  5.94791995E-01  0.00000000E+00
  2.23833162E+06  5.67347095E+06  8.92953992E-09  6.78539884E+04  5.93171215E-01  0.00000000E+00
  2.23869235E+06  5.67293960E+06  8.93085694E-09  6.78042733E+04  5.91549276E-01  0.00000000E+00
  2.23905308E+06  5.67240825E+06  8.93217420E-09  6.77544161E+04  5.89926194E-01  0.00000000E+00
  2.23941381E+06  5.67187690E+06  8.93349170E-09  6.77044165E+04  5.88301986E-01  0.00000000E+00
  2.23977454E+06  5.67134556E+06  8.93480945E-09  6.76542744E+04  5.86676668E-01  0.00000000E+00
  2.24013527E+06  5.67081422E+06  8.93612743E-09  6.76039896E+04  5.85050256E-01  0.00000000E+00
  2.24049600E+06  5.67028288E+06  8.93744566E-09  6.75535619E+04  5.83422767E-01  0.00000000E+00
  2.24085674E+06  5.66975155E+06  8.93876413E-09  6.75029912E+04  5.81794216E-01  0.00000000E+00
  2.24121747E+06  5.66922022E+06  8.94008285E-09  6.74522772E+04  5.80164622E-01  0.00000000E+00
  2.24157820E+06  5.66868889E+06  8.94140181E-09  6.74014198E+04  5.78533999E-01  0.00000000E+00
  2.24193893E+06  5.66815756E+06  8.94272101E-09  6.73504189E+04  5.76902365E-01  0.00000000E+00
  2.24229966E+06  5.66762624E+06  8.94404045E-09  6.72992741E+04  5.75269737E-01  0.00000000E+00
  2.24266039E+06  5.66709492E+06  8.94536014E-09  6.72479855E+04  5.73636130E-01  0.00000000E+00
  2.24302112E+06  5.66656360E+06  8.94668006E-09  6.71965527E+04  5.72001562E-01  0.00000000E+00
  2.24338185E+06  5.66603229E+06  8.94800024E-09  6.71449756E+04  5.70366050E-01  0.00000000E+00
  2.24374258E+06  5.66550098E+06  8.94932065E-09  6.70932540E+04  5.68729609E-01  0.00000000E+00
  2.24410331E+06  5.66496967E+06  8.95064131E-09  6.70413878E+04  5.67092258E-01  0.00000000E+00
  2.24446404E+06  5.66443836E+06  8.95196221E-09  6.69893768E+04  5.65454013E-01  0.00000000E+00
  2.24482477E+06  5.66390706E+06  8.95328336E-09  6.69372207E+04  5.63814892E-01  0.00000000E+00
  2.24518550E+06  5.66337576E+06  8.95460475E-09  6.68849195E+04  5.62174910E-01  0.00000000E+00
  2.24554623E+06  5.66284446E+06  8.95592638E-09  6.68324729E+04  5.60534085E-01  0.00000000E+00
  2.24590696E+06  5.66231317E+06  8.95724825E-09  6.67798808E+04  5.58892435E-01  0.00000000E+00
  2.24626769E+06  5.66178188E+06  8.95857037E-09  6.67271430E+04  5.57249976E-01  0.00000000E+00
  2.24662842E+06  5.66125059E+06  8.95989274E-09  6.66742592E+04  5.55606726E-01  0.00000000E+00
  2.24698915E+06  5.66071930E+06  8.96121534E-09  6.66212294E+04  5.53962701E-01  0.00000000E+00
  2.24734988E+06  5.66018802E+06  8.96253819E-09  6.65680534E+04  5.52317920E-01  0.00000000E+00
  2.24771061E+06  5.65965674E+06  8.96386129E-09  6.65147309E+04  5.50672400E-01  0.00000000E+00
  2.24807134E+06  5.65912546E+06  8.96518463E-09  6.64612618E+04  5.49026157E-01  0.00000000E+00
  2.24843207E+06  5.65859418E+06  8.96650821E-09  6.64076460E+04  5.47379210E-01  0.00000000E+00
  2.24879280E+06  5.65806291E+06  8.96783204E-09  6.63538832E+04  5.45731576E-01  0.00000000E+00
  2.24915353E+06  5.65753164E+06  8.96915611E-09  6.62999732E+04  5.44083272E-01  0.00000000E+00
  2.24951426E+06  5.65700038E+06  8.97048042E-09  6.62459160E+04  5.42434316E-01  0.00000000E+00
  2.24987499E+06  5.65646911E+06  8.97180498E-09  6.61917112E+04  5.40784726E-01  0.00000000E+00
  2.25023572E+06  5.65593785E+06  8.97312979E-09  6.61373588E+04  5.39134519E-01  0.00000000E+00
  2.25059645E+06  5.65540659E+06  8.97445484E-09  6.60828586E+04  5.37483713E-01  0.00000000E+00
  2.25095718E+06  5.65487533E+06  8.97578013E-09  6.60282103E+04  5.35832326E-01  0.00000000E+00
  2.25131791E+06  5.65434408E+06  8.97710567E-09  6.59734138E+04  5.34180375E-01  0.00000000E+00
  2.25167864E+06  5.65381283E+06  8.97843145E-09  6.59184690E+04  5.32527879E-01  0.00000000E+00
  2.25203938E+06  5.65328158E+06  8.97975748E-09  6.58633756E+04  5.30874855E-01  0.00000000E+00
  2.25240011E+06  5.65275034E+06  8.98108375E-09  6.58081335E+04  5.29221322E-01  0.00000000E+00
  2.25276084E+06  5.65221910E+06  8.98241027E-09  6.57527425E+04  5.27567296E-01  0.00000000E+00
  2.25312157E+06  5.65168786E+06  8.98373704E-09  6.56972024E+04  5.25912797E-01  0.00000000E+00
  2.25348230E+06  5.65115662E+06  8.98506404E-09  6.56415130E+04  5.24257842E-01  0.00000000E+00
  2.25384303E+06  5.65062538E+06  8.98639130E-09  6.55856742E+04  5.22602450E-01  0.00000000E+00
  2.25420376E+06  5.65009415E+06  8.98771880E-09  6.55296857E+04  5.20946638E-01  0.00000000E+00
  2.25456449E+06  5.64956292E+06  8.98904654E-09  6.54735475E+04  5.19290425E-01  0.00000000E+00
  2.25492522E+06  5.64903170E+06  8.99037453E-09  6.54172593E+04  5.17633829E-01  0.00000000E+00
  2.25528595E+06  5.64850047E+06  8.99170277E-09  6.53608210E+04  5.15976868E-01  0.00000000E+00
  2.25564668E+06  5.64796925E+06  8.99303125E-09  6.53042323E+04  5.14319560E-01  0.00000000E+00
  2.25600741E+06  5.64743803E+06  8.99435998E-09  6.52474932E+04  5.12661925E-01  0.00000000E+00
  2.25636814E+06  5.64690682E+06  8.99568895E-09  6.51906033E+04  5.11003979E-01  0.00000000E+00
  2.25672887E+06  5.64637561E+06  8.99701817E-09  6.51335626E+04  5.09345743E-01  0.00000000E+00
  2.25708960E+06  5.64584439E+06  8.99834763E-09  6.50763709E+04  5.07687233E-01  0.00000000E+00
  2.25745033E+06  5.64531319E+06  8.99967734E-09  6.50190279E+04  5.06028469E-01  0.00000000E+00
  2.25781106E+06  5.64478198E+06  9.00100730E-09  6.49615336E+04  5.04369470E-01  0.00000000E+00
  2.25817179E+06  5.64425078E+06  9.00233750E-09  6.49038877E+04  5.02710253E-01  0.00000000E+00
  2.25853252E+06  5.64371958E+06  9.00366795E-09  6.48460901E+04  5.01050838E-01  0.00000000E+00
  2.25889325E+06  5.64318838E+06  9.00499865E-09  6.47881405E+04  4.99391243E-01  0.00000000E+00
  2.25925398E+06  5.64265719E+06  9.00632959E-09  6.47300388E+04  4.97731487E-01  0.00000000E+00
  2.25961471E+06  5.64212599E+06  9.00766078E-09  6.46717849E+04  4.96071588E-01  0.00000000E+00
  2.25997544E+06  5.64159480E+06  9.00899221E-09  6.46133785E+04  4.94411566E-01  0.00000000E+00
  2.26033617E+06  5.64106362E+06  9.01032389E-09  6.45548195E+04  4.92751439E-01  0.00000000E+00
  2.26069690E+06  5.64053243E+06  9.01165582E-09  6.44961076E+04  4.91091225E-01  0.00000000E+00
  2.26105763E+06  5.64000125E+06  9.01298799E-09  6.44372428E+04  4.89430945E-01  0.00000000E+00
  2.26141836E+06  5.63947007E+06  9.01432042E-09  6.43782249E+04  4.87770617E-01  0.00000000E+00
  2.26177909E+06  5.63893889E+06  9.01565309E-09  6.43190535E+04  4.86110259E-01  0.00000000E+00
  2.26213982E+06  5.63840772E+06  9.01698600E-09  6.42597287E+04  4.84449891E-01  0.00000000E+00
  2.26250055E+06  5.63787655E+06  9.01831916E-09  6.42002502E+04  4.82789532E-01  0.00000000E+00
  2.26286128E+06  5.63734538E+06  9.01965257E-09  6.41406178E+04  4.81129201E-01  0.00000000E+00
  2.26322201E+06  5.63681421E+06  9.02098623E-09  6.40808313E+04  4.79468917E-01  0.00000000E+00
  2.26358275E+06  5.63628305E+06  9.02232014E-09  6.40208907E+04  4.77808699E-01  0.00000000E+00
  2.26394348E+06  5.63575189E+06  9.02365429E-09  6.39607956E+04  4.76148566E-01  0.00000000E+00
  2.26430421E+06  5.63522073E+06  9.02498869E-09  6.39005459E+04  4.74488537E-01  0.00000000E+00
  2.26466494E+06  5.63468957E+06  9.02632333E-09  6.38401415E+04  4.72828633E-01  0.00000000E+00
  2.26502567E+06  5.63415842E+06  9.02765823E-09  6.37795821E+04  4.71168871E-01  0.00000000E+00
  2.26538640E+06  5.63362727E+06  9.02899337E-09  6.37188677E+04  4.69509272E-01  0.00000000E+00
  2.26574713E+06  5.63309612E+06  9.03032876E-09  6.36579979E+04  4.67849854E-01  0.00000000E+00
  2.26610786E+06  5.63256497E+06  9.03166440E-09  6.35969727E+04  4.66190637E-01  0.00000000E+00
  2.26646859E+06  5.63203383E+06  9.03300028E-09  6.35357918E+04  4.64531641E-01  0.00000000E+00
  2.26682932E+06  5.63150269E+06  9.03433642E-09  6.34744552E+04  4.62872885E-01  0.00000000E+00
  2.26719005E+06  5.63097155E+06  9.03567280E-09  6.34129625E+04  4.61214387E-01  0.00000000E+00
  2.26755078E+06  5.63044041E+06  9.03700943E-09  6.33513136E+04  4.59556169E-01  0.00000000E+00
  2.26791151E+06  5.62990928E+06  9.03834631E-09  6.32895084E+04  4.57898249E-01  0.00000000E+00
  2.26827224E+06  5.62937814E+06  9.03968343E-09  6.32275466E+04  4.56240646E-01  0.00000000E+00
  2.26863297E+06  5.62884702E+06  9.04102081E-09  6.31654282E+04  4.54583382E-01  0.00000000E+00
  2.26899370E+06  5.62831589E+06  9.04235843E-09  6.31031528E+04  4.52926474E-01  0.00000000E+00
  2.26935443E+06  5.62778476E+06  9.04369630E-09  6.30407204E+04  4.51269943E-01  0.00000000E+00
  2.26971516E+06  5.62725364E+06  9.04503442E-09  6.29781308E+04  4.49613808E-01  0.00000000E+00
  2.27007589E+06  5.62672252E+06  9.04637279E-09  6.29153837E+04  4.47958089E-01  0.00000000E+00
  2.27043662E+06  5.62619141E+06  9.04771141E-09  6.28524791E+04  4.46302806E-01  0.00000000E+00
  2.27079735E+06  5.62566029E+06  9.04905028E-09  6.27894166E+04  4.44647978E-01  0.00000000E+00
  2.27115808E+06  5.62512918E+06  9.05038939E-09  6.27261962E+04  4.42993626E-01  0.00000000E+00
  2.27151881E+06  5.62459807E+06  9.05172876E-09  6.26628177E+04  4.41339769E-01  0.00000000E+00
  2.27187954E+06  5.62406696E+06  9.05306837E-09  6.25992809E+04  4.39686426E-01  0.00000000E+00
  2.27224027E+06  5.62353586E+06  9.05440823E-09  6.25355856E+04  4.38033619E-01  0.00000000E+00
  2.27260100E+06  5.62300476E+06  9.05574834E-09  6.24717317E+04  4.36381366E-01  0.00000000E+00
  2.27296173E+06  5.62247366E+06  9.05708871E-09  6.24077189E+04  4.34729688E-01  0.00000000E+00
  2.27332246E+06  5.62194256E+06  9.05842932E-09  6.23435471E+04  4.33078604E-01  0.00000000E+00
  2.27368319E+06  5.62141146E+06  9.05977018E-09  6.22792161E+04  4.31428134E-01  0.00000000E+00
  2.27404392E+06  5.62088037E+06  9.06111129E-09  6.22147257E+04  4.29778299E-01  0.00000000E+00
  2.27440465E+06  5.62034928E+06  9.06245264E-09  6.21500758E+04  4.28129119E-01  0.00000000E+00
  2.27476539E+06  5.61981819E+06  9.06379425E-09  6.20852662E+04  4.26480613E-01  0.00000000E+00
  2.27512612E+06  5.61928711E+06  9.06513611E-09  6.20202966E+04  4.24832801E-01  0.00000000E+00
  2.27548685E+06  5.61875603E+06  9.06647822E-09  6.19551670E+04  4.23185704E-01  0.00000000E+00
  2.27584758E+06  5.61822494E+06  9.06782058E-09  6.18898772E+04  4.21539342E-01  0.00000000E+00
  2.27620831E+06  5.61769387E+06  9.06916319E-09  6.18244269E+04  4.19893734E-01  0.00000000E+00
  2.27656904E+06  5.61716279E+06  9.07050605E-09  6.17588160E+04  4.18248901E-01  0.00000000E+00
  2.27692977E+06  5.61663172E+06  9.07184915E-09  6.16930443E+04  4.16604864E-01  0.00000000E+00
  2.27729050E+06  5.61610064E+06  9.07319251E-09  6.16271116E+04  4.14961641E-01  0.00000000E+00
  2.27765123E+06  5.61556958E+06  9.07453612E-09  6.15610178E+04  4.13319254E-01  0.00000000E+00
  2.27801196E+06  5.61503851E+06  9.07587998E-09  6.14947627E+04  4.11677723E-01  0.00000000E+00
  2.27837269E+06  5.61450745E+06  9.07722409E-09  6.14283461E+04  4.10037068E-01  0.00000000E+00
  2.27873342E+06  5.61397638E+06  9.07856845E-09  6.13617678E+04  4.08397309E-01  0.00000000E+00
  2.27909415E+06  5.61344532E+06  9.07991306E-09  6.12950276E+04  4.06758466E-01  0.00000000E+00
  2.27945488E+06  5.61291427E+06  9.08125792E-09  6.12281255E+04  4.05120560E-01  0.00000000E+00
  2.27981561E+06  5.61238321E+06  9.08260304E-09  6.11610611E+04  4.03483611E-01  0.00000000E+00
  2.28017634E+06  5.61185216E+06  9.08394840E-09  6.10938344E+04  4.01847639E-01  0.00000000E+00
  2.28053707E+06  5.61132111E+06  9.08529401E-09  6.10264450E+04  4.00212665E-01  0.00000000E+00
  2.28089780E+06  5.61079006E+06  9.08663988E-09  6.09588930E+04  3.98578709E-01  0.00000000E+00
  2.28125853E+06  5.61025901E+06  9.08798600E-09  6.08911780E+04  3.96945792E-01  0.00000000E+00
  2.28161926E+06  5.60972797E+06  9.08933236E-09  6.08233000E+04  3.95313934E-01  0.00000000E+00
  2.28197999E+06  5.60919693E+06  9.09067898E-09  6.07552586E+04  3.93683154E-01  0.00000000E+00
  2.28234072E+06  5.60866589E+06  9.09202585E-09  6.06870539E+04  3.92053475E-01  0.00000000E+00
  2.28270145E+06  5.60813485E+06  9.09337297E-09  6.06186855E+04  3.90424915E-01  0.00000000E+00
  2.28306218E+06  5.60760382E+06  9.09472034E-09  6.05501533E+04  3.88797496E-01  0.00000000E+00
  2.28342291E+06  5.60707279E+06  9.09606797E-09  6.04814571E+04  3.87171238E-01  0.00000000E+00
  2.28378364E+06  5.60654176E+06  9.09741584E-09  6.04125967E+04  3.85546162E-01  0.00000000E+00
  2.28414437E+06  5.60601073E+06  9.09876397E-09  6.03435721E+04  3.83922287E-01  0.00000000E+00
  2.28450510E+06  5.60547971E+06  9.10011235E-09  6.02743829E+04  3.82299635E-01  0.00000000E+00
  2.28486583E+06  5.60494868E+06  9.10146098E-09  6.02050290E+04  3.80678226E-01  0.00000000E+00
  2.28522656E+06  5.60441766E+06  9.10280987E-09  6.01355103E+04  3.79058081E-01  0.00000000E+00
  2.28558729E+06  5.60388664E+06  9.10415900E-09  6.00658265E+04  3.77439219E-01  0.00000000E+00
  2.28594802E+06  5.60335563E+06  9.10550839E-09  5.99959775E+04  3.75821663E-01  0.00000000E+00
  2.28630876E+06  5.60282461E+06  9.10685803E-09  5.99259631E+04  3.74205431E-01  0.00000000E+00
  2.28666949E+06  5.60229360E+06  9.10820792E-09  5.98557832E+04  3.72590545E-01  0.00000000E+00
  2.28703022E+06  5.60176259E+06  9.10955806E-09  5.97854375E+04  3.70977026E-01  0.00000000E+00
  2.28739095E+06  5.60123158E+06  9.11090846E-09  5.97149258E+04  3.69364893E-01  0.00000000E+00
  2.28775168E+06  5.60070058E+06  9.11225911E-09  5.96442481E+04  3.67754168E-01  0.00000000E+00
  2.28811241E+06  5.60016958E+06  9.11361001E-09  5.95734040E+04  3.66144870E-01  0.00000000E+00
  2.28847314E+06  5.59963858E+06  9.11496116E-09  5.95023935E+04  3.64537022E-01  0.00000000E+00
  2.28883387E+06  5.59910758E+06  9.11631257E-09  5.94312164E+04  3.62930643E-01  0.00000000E+00
  2.28919460E+06  5.59857658E+06  9.11766423E-09  5.93598724E+04  3.61325753E-01  0.00000000E+00
  2.28955533E+06  5.59804559E+06  9.11901614E-09  5.92883615E+04  3.59722375E-01  0.00000000E+00
  2.28991606E+06  5.59751460E+06  9.12036830E-09  5.92414596E+04  3.58655259E-01  0.00000000E+00
  2.29027679E+06  5.59698361E+06  9.12172072E-09  5.91981059E+04  3.57666917E-01  0.00000000E+00
  2.29063752E+06  5.59645262E+06  9.12307339E-09  5.91548125E+04  3.56681868E-01  0.00000000E+00
  2.29099825E+06  5.59592163E+06  9.12442632E-09  5.91115793E+04  3.55700101E-01  0.00000000E+00
  2.29135898E+06  5.59539065E+06  9.12577949E-09  5.90684062E+04  3.54721602E-01  0.00000000E+00
  2.29171971E+06  5.59485967E+06  9.12713292E-09  5.90252932E+04  3.53746360E-01  0.00000000E+00
  2.29208044E+06  5.59432869E+06  9.12848661E-09  5.89822401E+04  3.52774363E-01  0.00000000E+00
  2.29244117E+06  5.59379771E+06  9.12984055E-09  5.89392469E+04  3.51805600E-01  0.00000000E+00
  2.29280190E+06  5.59326674E+06  9.13119474E-09  5.88963135E+04  3.50840058E-01  0.00000000E+00
  2.29316263E+06  5.59273577E+06  9.13254918E-09  5.88534398E+04  3.49877726E-01  0.00000000E+00
  2.29352336E+06  5.59220480E+06  9.13390388E-09  5.88106257E+04  3.48918592E-01  0.00000000E+00
  2.29388409E+06  5.59167383E+06  9.13525883E-09  5.87678712E+04  3.47962644E-01  0.00000000E+00
  2.29424482E+06  5.59114286E+06  9.13661404E-09  5.87251761E+04  3.47009871E-01  0.00000000E+00
  2.29460555E+06  5.59061190E+06  9.13796950E-09  5.86825404E+04  3.46060260E-01  0.00000000E+00
  2.29496628E+06  5.59008094E+06  9.13932521E-09  5.86399640E+04  3.45113802E-01  0.00000000E+00
  2.29532701E+06  5.58954998E+06  9.14068118E-09  5.85974468E+04  3.44170484E-01  0.00000000E+00
  2.29568774E+06  5.58901902E+06  9.14203740E-09  5.85549888E+04  3.43230294E-01  0.00000000E+00
  2.29604847E+06  5.58848806E+06  9.14339388E-09  5.85125897E+04  3.42293221E-01  0.00000000E+00
  2.29640920E+06  5.58795711E+06  9.14475061E-09  5.84702497E+04  3.41359255E-01  0.00000000E+00
  2.29676993E+06  5.58742616E+06  9.14610759E-09  5.84279685E+04  3.40428383E-01  0.00000000E+00
  2.29713066E+06  5.58689521E+06  9.14746483E-09  5.83857462E+04  3.39500594E-01  0.00000000E+00
  2.29749140E+06  5.58636427E+06  9.14882233E-09  5.83435826E+04  3.38575878E-01  0.00000000E+00
  2.29785213E+06  5.58583332E+06  9.15018007E-09  5.83014776E+04  3.37654223E-01  0.00000000E+00
  2.29821286E+06  5.58530238E+06  9.15153808E-09  5.82594311E+04  3.36735617E-01  0.00000000E+00
  2.29857359E+06  5.58477144E+06  9.15289634E-09  5.82174432E+04  3.35820050E-01  0.00000000E+00
  2.29893432E+06  5.58424050E+06  9.15425485E-09  5.81755136E+04  3.34907511E-01  0.00000000E+00
  2.29929505E+06  5.58370956E+06  9.15561362E-09  5.81336423E+04  3.33997989E-01  0.00000000E+00
  2.29965578E+06  5.58317863E+06  9.15697264E-09  5.80918293E+04  3.33091472E-01  0.00000000E+00
  2.30001651E+06  5.58264770E+06  9.15833192E-09  5.80500744E+04  3.32187950E-01  0.00000000E+00
  2.30037724E+06  5.58211677E+06  9.15969145E-09  5.80083776E+04  3.31287412E-01  0.00000000E+00
  2.30073797E+06  5.58158584E+06  9.16105124E-09  5.79667388E+04  3.30389848E-01  0.00000000E+00
  2.30109870E+06  5.58105491E+06  9.16241128E-09  5.79251579E+04  3.29495245E-01  0.00000000E+00
  2.30145943E+06  5.58052399E+06  9.16377158E-09  5.78836348E+04  3.28603594E-01  0.00000000E+00
  2.30182016E+06  5.57999307E+06  9.16513214E-09  5.78421695E+04  3.27714884E-01  0.00000000E+00
  2.30218089E+06  5.57946215E+06  9.16649295E-09  5.78007618E+04  3.26829105E-01  0.00000000E+00
  2.30254162E+06  5.57893123E+06  9.16785401E-09  5.77594118E+04  3.25946245E-01  0.00000000E+00
  2.30290235E+06  5.57840031E+06  9.16921533E-09  5.77181192E+04  3.25066293E-01  0.00000000E+00
  2.30326308E+06  5.57786940E+06  9.17057691E-09  5.76768840E+04  3.24189241E-01  0.00000000E+00
  2.30362381E+06  5.57733849E+06  9.17193875E-09  5.76357063E+04  3.23315076E-01  0.00000000E+00
  2.30398454E+06  5.57680758E+06  9.17330083E-09  5.75945857E+04  3.22443789E-01  0.00000000E+00
  2.30434527E+06  5.57627667E+06  9.17466318E-09  5.75535224E+04  3.21575369E-01  0.00000000E+00
  2.30470600E+06  5.57574577E+06  9.17602578E-09  5.75125162E+04  3.20709806E-01  0.00000000E+00
  2.30506673E+06  5.57521486E+06  9.17738864E-09  5.74715670E+04  3.19847089E-01  0.00000000E+00
  2.30542746E+06  5.57468396E+06  9.17875175E-09  5.74306747E+04  3.18987208E-01  0.00000000E+00
  2.30578819E+06  5.57415306E+06  9.18011512E-09  5.73898393E+04  3.18130153E-01  0.00000000E+00
  2.30614892E+06  5.57362216E+06  9.18147875E-09  5.73490607E+04  3.17275914E-01  0.00000000E+00
  2.30650965E+06  5.57309127E+06  9.18284263E-09  5.73083389E+04  3.16424480E-01  0.00000000E+00
  2.30687038E+06  5.57256037E+06  9.18420677E-09  5.72676736E+04  3.15575842E-01  0.00000000E+00
  2.30723111E+06  5.57202948E+06  9.18557117E-09  5.72270649E+04  3.14729988E-01  0.00000000E+00
  2.30759184E+06  5.57149859E+06  9.18693582E-09  5.71865127E+04  3.13886910E-01  0.00000000E+00
  2.30795257E+06  5.57096771E+06  9.18830073E-09  5.71460169E+04  3.13046597E-01  0.00000000E+00
  2.30831330E+06  5.57043682E+06  9.18966590E-09  5.71055774E+04  3.12209039E-01  0.00000000E+00
  2.30867404E+06  5.56990594E+06  9.19103132E-09  5.70651941E+04  3.11374227E-01  0.00000000E+00
  2.30903477E+06  5.56937505E+06  9.19239700E-09  5.70248671E+04  3.10542149E-01  0.00000000E+00
  2.30939550E+06  5.56884418E+06  9.19376294E-09  5.69845960E+04  3.09712798E-01  0.00000000E+00
  2.30975623E+06  5.56831330E+06  9.19512914E-09  5.69443810E+04  3.08886161E-01  0.00000000E+00
  2.31011696E+06  5.56778242E+06  9.19649559E-09  5.69042220E+04  3.08062231E-01  0.00000000E+00
  2.31047769E+06  5.56725155E+06  9.19786230E-09  5.68641187E+04  3.07240997E-01  0.00000000E+00
  2.31083842E+06  5.56672068E+06  9.19922926E-09  5.68240713E+04  3.06422449E-01  0.00000000E+00
  2.31119915E+06  5.56618981E+06  9.20059649E-09  5.67840795E+04  3.05606578E-01  0.00000000E+00
  2.31155988E+06  5.56565894E+06  9.20196397E-09  5.67441434E+04  3.04793374E-01  0.00000000E+00
  2.31192061E+06  5.56512807E+06  9.20333171E-09  5.67042628E+04  3.03982827E-01  0.00000000E+00
  2.31228134E+06  5.56459721E+06  9.20469971E-09  5.66644377E+04  3.03174928E-01  0.00000000E+00
  2.31264207E+06  5.56406635E+06  9.20606796E-09  5.66246679E+04  3.02369668E-01  0.00000000E+00
  2.31300280E+06  5.56353549E+06  9.20743648E-09  5.65849535E+04  3.01567036E-01  0.00000000E+00
  2.31336353E+06  5.56300463E+06  9.20880525E-09  5.65452943E+04  3.00767024E-01  0.00000000E+00
  2.31372426E+06  5.56247377E+06  9.21017428E-09  5.65056902E+04  2.99969622E-01  0.00000000E+00
  2.31408499E+06  5.56194292E+06  9.21154357E-09  5.64661413E+04  2.99174821E-01  0.00000000E+00
  2.31444572E+06  5.56141207E+06  9.21291311E-09  5.64266473E+04  2.98382611E-01  0.00000000E+00
  2.31480645E+06  5.56088121E+06  9.21428292E-09  5.63872083E+04  2.97592983E-01  0.00000000E+00
  2.31516718E+06  5.56035037E+06  9.21565298E-09  5.63478241E+04  2.96805928E-01  0.00000000E+00
  2.31552791E+06  5.55981952E+06  9.21702330E-09  5.63084947E+04  2.96021436E-01  0.00000000E+00
  2.31588864E+06  5.55928867E+06  9.21839388E-09  5.62692199E+04  2.95239499E-01  0.00000000E+00
  2.31624937E+06  5.55875783E+06  9.21976472E-09  5.62299998E+04  2.94460106E-01  0.00000000E+00
  2.31661010E+06  5.55822699E+06  9.22113582E-09  5.61908343E+04  2.93683250E-01  0.00000000E+00
  2.31697083E+06  5.55769615E+06  9.22250717E-09  5.61517232E+04  2.92908921E-01  0.00000000E+00
  2.31733156E+06  5.55716531E+06  9.22387879E-09  5.61126665E+04  2.92137109E-01  0.00000000E+00
  2.31769229E+06  5.55663448E+06  9.22525066E-09  5.60736641E+04  2.91367806E-01  0.00000000E+00
  2.31805302E+06  5.55610365E+06  9.22662279E-09  5.60347160E+04  2.90601004E-01  0.00000000E+00
  2.31841375E+06  5.55557281E+06  9.22799518E-09  5.59958220E+04  2.89836692E-01  0.00000000E+00
  2.31877448E+06  5.55504198E+06  9.22936784E-09  5.59569821E+04  2.89074862E-01  0.00000000E+00
  2.31913521E+06  5.55451116E+06  9.23074075E-09  5.59181963E+04  2.88315505E-01  0.00000000E+00
  2.31949594E+06  5.55398033E+06  9.23211391E-09  5.58794644E+04  2.87558612E-01  0.00000000E+00
  2.31985667E+06  5.55344951E+06  9.23348734E-09  5.58407863E+04  2.86804175E-01  0.00000000E+00
  2.32021741E+06  5.55291868E+06  9.23486103E-09  5.58021620E+04  2.86052185E-01  0.00000000E+00
  2.32057814E+06  5.55238786E+06  9.23623498E-09  5.57635915E+04  2.85302632E-01  0.00000000E+00
  2.32093887E+06  5.55185704E+06  9.23760919E-09  5.57250746E+04  2.84555509E-01  0.00000000E+00
  2.32129960E+06  5.55132623E+06  9.23898366E-09  5.56866113E+04  2.83810806E-01  0.00000000E+00
  2.32166033E+06  5.55079541E+06  9.24035838E-09  5.56482014E+04  2.83068515E-01  0.00000000E+00
  2.32202106E+06  5.55026460E+06  9.24173337E-09  5.56098450E+04  2.82328628E-01  0.00000000E+00
  2.32238179E+06  5.54973379E+06  9.24310862E-09  5.55715419E+04  2.81591135E-01  0.00000000E+00
  2.32274252E+06  5.54920298E+06  9.24448412E-09  5.55332921E+04  2.80856028E-01  0.00000000E+00
  2.32310325E+06  5.54867217E+06  9.24585989E-09  5.54950955E+04  2.80123299E-01  0.00000000E+00
  2.32346398E+06  5.54814137E+06  9.24723592E-09  5.54569520E+04  2.79392939E-01  0.00000000E+00
  2.32382471E+06  5.54761056E+06  9.24861221E-09  5.54188615E+04  2.78664940E-01  0.00000000E+00
  2.32418544E+06  5.54707976E+06  9.24998875E-09  5.53808240E+04  2.77939293E-01  0.00000000E+00
  2.32454617E+06  5.54654896E+06  9.25136556E-09  5.53428395E+04  2.77215990E-01  0.00000000E+00
  2.32490690E+06  5.54601816E+06  9.25274263E-09  5.53049077E+04  2.76495022E-01  0.00000000E+00
  2.32526763E+06  5.54548736E+06  9.25411996E-09  5.52670287E+04  2.75776382E-01  0.00000000E+00
  2.32562836E+06  5.54495657E+06  9.25549755E-09  5.52292024E+04  2.75060061E-01  0.00000000E+00
  2.32598909E+06  5.54442578E+06  9.25687540E-09  5.51914287E+04  2.74346050E-01  0.00000000E+00
  2.32634982E+06  5.54389499E+06  9.25825351E-09  5.51537075E+04  2.73634342E-01  0.00000000E+00
  2.32671055E+06  5.54336420E+06  9.25963189E-09  5.51160388E+04  2.72924929E-01  0.00000000E+00
  2.32707128E+06  5.54283341E+06  9.26101052E-09  5.50784225E+04  2.72217801E-01  0.00000000E+00
  2.32743201E+06  5.54230262E+06  9.26238942E-09  5.50408585E+04  2.71512951E-01  0.00000000E+00
  2.32779274E+06  5.54177184E+06  9.26376857E-09  5.50033467E+04  2.70810372E-01  0.00000000E+00
  2.32815347E+06  5.54124106E+06  9.26514799E-09  5.49658871E+04  2.70110054E-01  0.00000000E+00
  2.32851420E+06  5.54071028E+06  9.26652767E-09  5.49284796E+04  2.69411990E-01  0.00000000E+00
  2.32887493E+06  5.54017950E+06  9.26790761E-09  5.48911241E+04  2.68716172E-01  0.00000000E+00
  2.32923566E+06  5.53964872E+06  9.26928781E-09  5.48538206E+04  2.68022592E-01  0.00000000E+00
  2.32959639E+06  5.53911794E+06  9.27066827E-09  5.48165689E+04  2.67331241E-01  0.00000000E+00
  2.32995712E+06  5.53858717E+06  9.27204900E-09  5.47793691E+04  2.66642113E-01  0.00000000E+00
  2.33031785E+06  5.53805640E+06  9.27342998E-09  5.47422210E+04  2.65955199E-01  0.00000000E+00
  2.33067858E+06  5.53752563E+06  9.27481123E-09  5.47051245E+04  2.65270491E-01  0.00000000E+00
  2.33103931E+06  5.53699486E+06  9.27619274E-09  5.46680797E+04  2.64587982E-01  0.00000000E+00
  2.33140005E+06  5.53646409E+06  9.27757451E-09  5.46310863E+04  2.63907663E-01  0.00000000E+00
  2.33176078E+06  5.53593333E+06  9.27895655E-09  5.45941445E+04  2.63229527E-01  0.00000000E+00
  2.33212151E+06  5.53540257E+06  9.28033884E-09  5.45572540E+04  2.62553566E-01  0.00000000E+00
  2.33248224E+06  5.53487181E+06  9.28172140E-09  5.45204147E+04  2.61879773E-01  0.00000000E+00
  2.33284297E+06  5.53434105E+06  9.28310422E-09  5.44836268E+04  2.61208140E-01  0.00000000E+00
  2.33320370E+06  5.53381029E+06  9.28448731E-09  5.44468900E+04  2.60538659E-01  0.00000000E+00
  2.33356443E+06  5.53327953E+06  9.28587065E-09  5.44102043E+04  2.59871322E-01  0.00000000E+00
  2.33392516E+06  5.53274878E+06  9.28725426E-09  5.43735696E+04  2.59206123E-01  0.00000000E+00
  2.33428589E+06  5.53221802E+06  9.28863813E-09  5.43369858E+04  2.58543053E-01  0.00000000E+00
  2.33464662E+06  5.53168727E+06  9.29002226E-09  5.43004529E+04  2.57882104E-01  0.00000000E+00
  2.33500735E+06  5.53115652E+06  9.29140666E-09  5.42639709E+04  2.57223271E-01  0.00000000E+00
  2.33536808E+06  5.53062578E+06  9.29279132E-09  5.42275396E+04  2.56566544E-01  0.00000000E+00
  2.33572881E+06  5.53009503E+06  9.29417624E-09  5.41911589E+04  2.55911916E-01  0.00000000E+00
  2.33608954E+06  5.52956429E+06  9.29556143E-09  5.41548288E+04  2.55259381E-01  0.00000000E+00
  2.33645027E+06  5.52903354E+06  9.29694687E-09  5.41185493E+04  2.54608931E-01  0.00000000E+00
  2.33681100E+06  5.52850280E+06  9.29833258E-09  5.40823202E+04  2.53960558E-01  0.00000000E+00
  2.33717173E+06  5.52797206E+06  9.29971856E-09  5.40461415E+04  2.53314255E-01  0.00000000E+00
  2.33753246E+06  5.52744133E+06  9.30110480E-09  5.40100131E+04  2.52670015E-01  0.00000000E+00
  2.33789319E+06  5.52691059E+06  9.30249130E-09  5.39739350E+04  2.52027830E-01  0.00000000E+00
  2.33825392E+06  5.52637986E+06  9.30387806E-09  5.39379070E+04  2.51387694E-01  0.00000000E+00
  2.33861465E+06  5.52584913E+06  9.30526509E-09  5.39019292E+04  2.50749598E-01  0.00000000E+00
  2.33897538E+06  5.52531839E+06  9.30665238E-09  5.38660014E+04  2.50113537E-01  0.00000000E+00
  2.33933611E+06  5.52478767E+06  9.30803994E-09  5.38301235E+04  2.49479502E-01  0.00000000E+00
  2.33969684E+06  5.52425694E+06  9.30942776E-09  5.37942956E+04  2.48847487E-01  0.00000000E+00
  2.34005757E+06  5.52372621E+06  9.31081584E-09  5.37585174E+04  2.48217485E-01  0.00000000E+00
  2.34041830E+06  5.52319549E+06  9.31220419E-09  5.37227891E+04  2.47589487E-01  0.00000000E+00
  2.34077903E+06  5.52266477E+06  9.31359280E-09  5.36871104E+04  2.46963489E-01  0.00000000E+00
  2.34113976E+06  5.52213405E+06  9.31498167E-09  5.36514813E+04  2.46339481E-01  0.00000000E+00
  2.34150049E+06  5.52160333E+06  9.31637081E-09  5.36159018E+04  2.45717458E-01  0.00000000E+00
  2.34186122E+06  5.52107261E+06  9.31776022E-09  5.35803718E+04  2.45097412E-01  0.00000000E+00
  2.34222195E+06  5.52054189E+06  9.31914988E-09  5.35448912E+04  2.44479337E-01  0.00000000E+00
  2.34258268E+06  5.52001118E+06  9.32053982E-09  5.35094599E+04  2.43863226E-01  0.00000000E+00
  2.34294342E+06  5.51948047E+06  9.32193001E-09  5.34740779E+04  2.43249071E-01  0.00000000E+00
  2.34330415E+06  5.51894976E+06  9.32332048E-09  5.34387451E+04  2.42636865E-01  0.00000000E+00
  2.34366488E+06  5.51841905E+06  9.32471120E-09  5.34034615E+04  2.42026603E-01  0.00000000E+00
  2.34402561E+06  5.51788834E+06  9.32610219E-09  5.33682269E+04  2.41418277E-01  0.00000000E+00
  2.34438634E+06  5.51735763E+06  9.32749345E-09  5.33330413E+04  2.40811881E-01  0.00000000E+00
  2.34474707E+06  5.51682693E+06  9.32888497E-09  5.32979046E+04  2.40207407E-01  0.00000000E+00
  2.34510780E+06  5.51629623E+06  9.33027676E-09  5.32628169E+04  2.39604849E-01  0.00000000E+00
  2.34546853E+06  5.51576553E+06  9.33166881E-09  5.32277779E+04  2.39004200E-01  0.00000000E+00
  2.34582926E+06  5.51523483E+06  9.33306112E-09  5.31927876E+04  2.38405454E-01  0.00000000E+00
  2.34618999E+06  5.51470413E+06  9.33445370E-09  5.31578461E+04  2.37808603E-01  0.00000000E+00
  2.34655072E+06  5.51417343E+06  9.33584655E-09  5.31229531E+04  2.37213642E-01  0.00000000E+00
  2.34691145E+06  5.51364274E+06  9.33723966E-09  5.30881086E+04  2.36620564E-01  0.00000000E+00
  2.34727218E+06  5.51311204E+06  9.33863304E-09  5.30533126E+04  2.36029361E-01  0.00000000E+00
  2.34763291E+06  5.51258135E+06  9.34002668E-09  5.30185650E+04  2.35440029E-01  0.00000000E+00
  2.34799364E+06  5.51205066E+06  9.34142059E-09  5.29838657E+04  2.34852559E-01  0.00000000E+00
  2.34835437E+06  5.51151997E+06  9.34281477E-09  5.29492146E+04  2.34266945E-01  0.00000000E+00
  2.34871510E+06  5.51098929E+06  9.34420921E-09  5.29146118E+04  2.33683182E-01  0.00000000E+00
  2.34907583E+06  5.51045860E+06  9.34560391E-09  5.28800571E+04  2.33101263E-01  0.00000000E+00
  2.34943656E+06  5.50992792E+06  9.34699889E-09  5.28455504E+04  2.32521180E-01  0.00000000E+00
  2.34979729E+06  5.50939724E+06  9.34839413E-09  5.28110918E+04  2.31942928E-01  0.00000000E+00
  2.35015802E+06  5.50886656E+06  9.34978963E-09  5.27766810E+04  2.31366501E-01  0.00000000E+00
  2.35051875E+06  5.50833588E+06  9.35118540E-09  5.27423181E+04  2.30791892E-01  0.00000000E+00
  2.35087948E+06  5.50780520E+06  9.35258144E-09  5.27080030E+04  2.30219094E-01  0.00000000E+00
  2.35124021E+06  5.50727453E+06  9.35397774E-09  5.26737356E+04  2.29648102E-01  0.00000000E+00
  2.35160094E+06  5.50674385E+06  9.35537431E-09  5.26395159E+04  2.29078909E-01  0.00000000E+00
  2.35196167E+06  5.50621318E+06  9.35677115E-09  5.26053438E+04  2.28511509E-01  0.00000000E+00
  2.35232240E+06  5.50568251E+06  9.35816825E-09  5.25712192E+04  2.27945896E-01  0.00000000E+00
  2.35268313E+06  5.50515184E+06  9.35956562E-09  5.25371420E+04  2.27382063E-01  0.00000000E+00
  2.35304386E+06  5.50462117E+06  9.36096326E-09  5.25031123E+04  2.26820004E-01  0.00000000E+00
  2.35340459E+06  5.50409050E+06  9.36236116E-09  5.24691298E+04  2.26259713E-01  0.00000000E+00
  2.35376532E+06  5.50355984E+06  9.36375933E-09  5.24351947E+04  2.25701185E-01  0.00000000E+00
  2.35412606E+06  5.50302918E+06  9.36515777E-09  5.24013067E+04  2.25144412E-01  0.00000000E+00
  2.35448679E+06  5.50249851E+06  9.36655647E-09  5.23674658E+04  2.24589389E-01  0.00000000E+00
  2.35484752E+06  5.50196785E+06  9.36795544E-09  5.23336721E+04  2.24036109E-01  0.00000000E+00
  2.35520825E+06  5.50143720E+06  9.36935468E-09  5.22999253E+04  2.23484568E-01  0.00000000E+00
  2.35556898E+06  5.50090654E+06  9.37075419E-09  5.22662254E+04  2.22934758E-01  0.00000000E+00
  2.35592971E+06  5.50037588E+06  9.37215396E-09  5.22325724E+04  2.22386673E-01  0.00000000E+00
  2.35629044E+06  5.49984523E+06  9.37355400E-09  5.21989663E+04  2.21840309E-01  0.00000000E+00
  2.35665117E+06  5.49931458E+06  9.37495431E-09  5.21654068E+04  2.21295658E-01  0.00000000E+00
  2.35701190E+06  5.49878393E+06  9.37635489E-09  5.21318940E+04  2.20752714E-01  0.00000000E+00
  2.35737263E+06  5.49825328E+06  9.37775573E-09  5.20984279E+04  2.20211473E-01  0.00000000E+00
  2.35773336E+06  5.49772263E+06  9.37915685E-09  5.20650083E+04  2.19671928E-01  0.00000000E+00
  2.35809409E+06  5.49719198E+06  9.38055823E-09  5.20316351E+04  2.19134073E-01  0.00000000E+00
  2.35845482E+06  5.49666134E+06  9.38195988E-09  5.19983084E+04  2.18597902E-01  0.00000000E+00
  2.35881555E+06  5.49613069E+06  9.38336179E-09  5.19650280E+04  2.18063410E-01  0.00000000E+00
  2.35917628E+06  5.49560005E+06  9.38476398E-09  5.19317939E+04  2.17530590E-01  0.00000000E+00
  2.35953701E+06  5.49506941E+06  9.38616643E-09  5.18986060E+04  2.16999437E-01  0.00000000E+00
  2.35989774E+06  5.49453877E+06  9.38756915E-09  5.18654643E+04  2.16469946E-01  0.00000000E+00
  2.36025847E+06  5.49400813E+06  9.38897214E-09  5.18323687E+04  2.15942110E-01  0.00000000E+00
  2.36061920E+06  5.49347750E+06  9.39037540E-09  5.17993191E+04  2.15415924E-01  0.00000000E+00
  2.36097993E+06  5.49294686E+06  9.39177892E-09  5.17663155E+04  2.14891381E-01  0.00000000E+00
  2.36134066E+06  5.49241623E+06  9.39318272E-09  5.17333577E+04  2.14368478E-01  0.00000000E+00
  2.36170139E+06  5.49188560E+06  9.39458678E-09  5.17004458E+04  2.13847207E-01  0.00000000E+00
  2.36206212E+06  5.49135497E+06  9.39599112E-09  5.16675797E+04  2.13327563E-01  0.00000000E+00
  2.36242285E+06  5.49082434E+06  9.39739572E-09  5.16347593E+04  2.12809541E-01  0.00000000E+00
  2.36278358E+06  5.49029371E+06  9.39880059E-09  5.16019845E+04  2.12293134E-01  0.00000000E+00
  2.36314431E+06  5.48976309E+06  9.40020573E-09  5.15692553E+04  2.11778338E-01  0.00000000E+00
  2.36350504E+06  5.48923246E+06  9.40161114E-09  5.15365716E+04  2.11265147E-01  0.00000000E+00
  2.36386577E+06  5.48870184E+06  9.40301681E-09  5.15039334E+04  2.10753556E-01  0.00000000E+00
  2.36422650E+06  5.48817122E+06  9.40442276E-09  5.14713405E+04  2.10243558E-01  0.00000000E+00
  2.36458723E+06  5.48764060E+06  9.40582898E-09  5.14387930E+04  2.09735149E-01  0.00000000E+00
  2.36494796E+06  5.48710998E+06  9.40723547E-09  5.14062908E+04  2.09228324E-01  0.00000000E+00
  2.36530869E+06  5.48657936E+06  9.40864222E-09  5.13738338E+04  2.08723076E-01  0.00000000E+00
  2.36566943E+06  5.48604875E+06  9.41004925E-09  5.13414219E+04  2.08219399E-01  0.00000000E+00
  2.36603016E+06  5.48551813E+06  9.41145654E-09  5.13090550E+04  2.07717289E-01  0.00000000E+00
  2.36639089E+06  5.48498752E+06  9.41286411E-09  5.12767332E+04  2.07216741E-01  0.00000000E+00
  2.36675162E+06  5.48445691E+06  9.41427194E-09  5.12444564E+04  2.06717749E-01  0.00000000E+00
  2.36711235E+06  5.48392630E+06  9.41568005E-09  5.12122244E+04  2.06220307E-01  0.00000000E+00
  2.36747308E+06  5.48339569E+06  9.41708842E-09  5.11800373E+04  2.05724411E-01  0.00000000E+00
  2.36783381E+06  5.48286508E+06  9.41849707E-09  5.11478949E+04  2.05230055E-01  0.00000000E+00
  2.36819454E+06  5.48233448E+06  9.41990598E-09  5.11157972E+04  2.04737234E-01  0.00000000E+00
  2.36855527E+06  5.48180388E+06  9.42131517E-09  5.10837442E+04  2.04245942E-01  0.00000000E+00
  2.36891600E+06  5.48127327E+06  9.42272462E-09  5.10517357E+04  2.03756175E-01  0.00000000E+00
  2.36927673E+06  5.48074267E+06  9.42413435E-09  5.10197718E+04  2.03267927E-01  0.00000000E+00
  2.36963746E+06  5.48021207E+06  9.42554435E-09  5.09878523E+04  2.02781193E-01  0.00000000E+00
  2.36999819E+06  5.47968147E+06  9.42695462E-09  5.09559772E+04  2.02295968E-01  0.00000000E+00
  2.37035892E+06  5.47915088E+06  9.42836515E-09  5.09241464E+04  2.01812247E-01  0.00000000E+00
  2.37071965E+06  5.47862028E+06  9.42977596E-09  5.08923599E+04  2.01330024E-01  0.00000000E+00
  2.37108038E+06  5.47808969E+06  9.43118704E-09  5.08606176E+04  2.00849295E-01  0.00000000E+00
  2.37144111E+06  5.47755909E+06  9.43259839E-09  5.08289195E+04  2.00370054E-01  0.00000000E+00
  2.37180184E+06  5.47702850E+06  9.43401002E-09  5.07972654E+04  1.99892297E-01  0.00000000E+00
  2.37216257E+06  5.47649791E+06  9.43542191E-09  5.07656553E+04  1.99416017E-01  0.00000000E+00
  2.37252330E+06  5.47596732E+06  9.43683407E-09  5.07340893E+04  1.98941211E-01  0.00000000E+00
  2.37288403E+06  5.47543674E+06  9.43824651E-09  5.07025671E+04  1.98467874E-01  0.00000000E+00
  2.37324476E+06  5.47490615E+06  9.43965922E-09  5.06710887E+04  1.97995999E-01  0.00000000E+00
  2.37360549E+06  5.47437557E+06  9.44107220E-09  5.06396542E+04  1.97525583E-01  0.00000000E+00
  2.37396622E+06  5.47384498E+06  9.44248545E-09  5.06082633E+04  1.97056620E-01  0.00000000E+00
  2.37432695E+06  5.47331440E+06  9.44389897E-09  5.05769161E+04  1.96589105E-01  0.00000000E+00
  2.37468768E+06  5.47278382E+06  9.44531276E-09  5.05456125E+04  1.96123034E-01  0.00000000E+00
  2.37504841E+06  5.47225324E+06  9.44672683E-09  5.05143525E+04  1.95658402E-01  0.00000000E+00
  2.37540914E+06  5.47172266E+06  9.44814116E-09  5.04831359E+04  1.95195203E-01  0.00000000E+00
  2.37576987E+06  5.47119209E+06  9.44955577E-09  5.04519627E+04  1.94733433E-01  0.00000000E+00
  2.37613060E+06  5.47066151E+06  9.45097065E-09  5.04208329E+04  1.94273088E-01  0.00000000E+00
  2.37649133E+06  5.47013094E+06  9.45238581E-09  5.03897464E+04  1.93814161E-01  0.00000000E+00
  2.37685207E+06  5.46960037E+06  9.45380123E-09  5.03587031E+04  1.93356649E-01  0.00000000E+00
  2.37721280E+06  5.46906980E+06  9.45521693E-09  5.03277030E+04  1.92900546E-01  0.00000000E+00
  2.37757353E+06  5.46853923E+06  9.45663290E-09  5.02967460E+04  1.92445848E-01  0.00000000E+00
  2.37793426E+06  5.46800866E+06  9.45804914E-09  5.02658320E+04  1.91992551E-01  0.00000000E+00
  2.37829499E+06  5.46747809E+06  9.45946566E-09  5.02349611E+04  1.91540648E-01  0.00000000E+00
  2.37865572E+06  5.46694753E+06  9.46088245E-09  5.02041330E+04  1.91090137E-01  0.00000000E+00
  2.37901645E+06  5.46641696E+06  9.46229951E-09  5.01733479E+04  1.90641011E-01  0.00000000E+00
  2.37937718E+06  5.46588640E+06  9.46371684E-09  5.01426055E+04  1.90193266E-01  0.00000000E+00
  2.37973791E+06  5.46535584E+06  9.46513445E-09  5.01119060E+04  1.89746899E-01  0.00000000E+00
  2.38009864E+06  5.46482528E+06  9.46655232E-09  5.00812491E+04  1.89301903E-01  0.00000000E+00
  2.38045937E+06  5.46429472E+06  9.46797048E-09  5.00506348E+04  1.88858274E-01  0.00000000E+00
  2.38082010E+06  5.46376416E+06  9.46938890E-09  5.00200631E+04  1.88416008E-01  0.00000000E+00
  2.38118083E+06  5.46323361E+06  9.47080760E-09  4.99895340E+04  1.87975101E-01  0.00000000E+00
  2.38154156E+06  5.46270305E+06  9.47222657E-09  4.99590473E+04  1.87535547E-01  0.00000000E+00
  2.38190229E+06  5.46217250E+06  9.47364582E-09  4.99286030E+04  1.87097342E-01  0.00000000E+00
  2.38226302E+06  5.46164195E+06  9.47506533E-09  4.98982010E+04  1.86660482E-01  0.00000000E+00
  2.38262375E+06  5.46111140E+06  9.47648513E-09  4.98678413E+04  1.86224961E-01  0.00000000E+00
  2.38298448E+06  5.46058085E+06  9.47790519E-09  4.98375239E+04  1.85790776E-01  0.00000000E+00
  2.38334521E+06  5.46005030E+06  9.47932553E-09  4.98072486E+04  1.85357922E-01  0.00000000E+00
  2.38370594E+06  5.45951975E+06  9.48074614E-09  4.97770154E+04  1.84926395E-01  0.00000000E+00
  2.38406667E+06  5.45898921E+06  9.48216703E-09  4.97468243E+04  1.84496190E-01  0.00000000E+00
  2.38442740E+06  5.45845866E+06  9.48358819E-09  4.97166751E+04  1.84067302E-01  0.00000000E+00
  2.38478813E+06  5.45792812E+06  9.48500963E-09  4.96865679E+04  1.83639728E-01  0.00000000E+00
  2.38514886E+06  5.45739758E+06  9.48643134E-09  4.96565025E+04  1.83213462E-01  0.00000000E+00
  2.38550959E+06  5.45686704E+06  9.48785332E-09  4.96264790E+04  1.82788501E-01  0.00000000E+00
  2.38587032E+06  5.45633650E+06  9.48927558E-09  4.95964972E+04  1.82364840E-01  0.00000000E+00
  2.38623105E+06  5.45580596E+06  9.49069811E-09  4.95665571E+04  1.81942475E-01  0.00000000E+00
  2.38659178E+06  5.45527542E+06  9.49212092E-09  4.95366587E+04  1.81521401E-01  0.00000000E+00
  2.38695251E+06  5.45474489E+06  9.49354400E-09  4.95068018E+04  1.81101614E-01  0.00000000E+00
  2.38731324E+06  5.45421435E+06  9.49496735E-09  4.94769864E+04  1.80683110E-01  0.00000000E+00
  2.38767397E+06  5.45368382E+06  9.49639098E-09  4.94472126E+04  1.80265885E-01  0.00000000E+00
  2.38803470E+06  5.45315329E+06  9.49781489E-09  4.94174801E+04  1.79849934E-01  0.00000000E+00
  2.38839544E+06  5.45262276E+06  9.49923907E-09  4.93877890E+04  1.79435253E-01  0.00000000E+00
  2.38875617E+06  5.45209223E+06  9.50066352E-09  4.93581391E+04  1.79021837E-01  0.00000000E+00
  2.38911690E+06  5.45156170E+06  9.50208825E-09  4.93285305E+04  1.78609683E-01  0.00000000E+00
  2.38947763E+06  5.45103118E+06  9.50351326E-09  4.92989631E+04  1.78198787E-01  0.00000000E+00
  2.38983836E+06  5.45050065E+06  9.50493854E-09  4.92694368E+04  1.77789143E-01  0.00000000E+00
  2.39019909E+06  5.44997013E+06  9.50636409E-09  4.92399516E+04  1.77380749E-01  0.00000000E+00
  2.39055982E+06  5.44943961E+06  9.50778992E-09  4.92105074E+04  1.76973599E-01  0.00000000E+00
  2.39092055E+06  5.44890909E+06  9.50921603E-09  4.91811041E+04  1.76567691E-01  0.00000000E+00
  2.39128128E+06  5.44837857E+06  9.51064241E-09  4.91517417E+04  1.76163018E-01  0.00000000E+00
  2.39164201E+06  5.44784805E+06  9.51206907E-09  4.91224202E+04  1.75759578E-01  0.00000000E+00
  2.39200274E+06  5.44731753E+06  9.51349600E-09  4.90931394E+04  1.75357367E-01  0.00000000E+00
  2.39236347E+06  5.44678701E+06  9.51492321E-09  4.90638993E+04  1.74956380E-01  0.00000000E+00
  2.39272420E+06  5.44625650E+06  9.51635069E-09  4.90347000E+04  1.74556613E-01  0.00000000E+00
  2.39308493E+06  5.44572599E+06  9.51777845E-09  4.90055412E+04  1.74158062E-01  0.00000000E+00
  2.39344566E+06  5.44519547E+06  9.51920649E-09  4.89764230E+04  1.73760723E-01  0.00000000E+00
  2.39380639E+06  5.44466496E+06  9.52063480E-09  4.89473452E+04  1.73364593E-01  0.00000000E+00
  2.39416712E+06  5.44413445E+06  9.52206339E-09  4.89183079E+04  1.72969667E-01  0.00000000E+00
  2.39452785E+06  5.44360394E+06  9.52349226E-09  4.88893110E+04  1.72575940E-01  0.00000000E+00
  2.39488858E+06  5.44307344E+06  9.52492140E-09  4.88603545E+04  1.72183410E-01  0.00000000E+00
  2.39524931E+06  5.44254293E+06  9.52635082E-09  4.88314381E+04  1.71792073E-01  0.00000000E+00
  2.39561004E+06  5.44201242E+06  9.52778051E-09  4.88025621E+04  1.71401923E-01  0.00000000E+00
  2.39597077E+06  5.44148192E+06  9.52921048E-09  4.87737261E+04  1.71012958E-01  0.00000000E+00
  2.39633150E+06  5.44095142E+06  9.53064073E-09  4.87449303E+04  1.70625173E-01  0.00000000E+00
  2.39669223E+06  5.44042092E+06  9.53207126E-09  4.87161745E+04  1.70238565E-01  0.00000000E+00
  2.39705296E+06  5.43989042E+06  9.53350206E-09  4.86874587E+04  1.69853130E-01  0.00000000E+00
  2.39741369E+06  5.43935992E+06  9.53493314E-09  4.86587829E+04  1.69468863E-01  0.00000000E+00
  2.39777442E+06  5.43882942E+06  9.53636449E-09  4.86301469E+04  1.69085762E-01  0.00000000E+00
  2.39813515E+06  5.43829892E+06  9.53779613E-09  4.86015507E+04  1.68703821E-01  0.00000000E+00
  2.39849588E+06  5.43776843E+06  9.53922804E-09  4.85729944E+04  1.68323038E-01  0.00000000E+00
  2.39885661E+06  5.43723793E+06  9.54066022E-09  4.85444777E+04  1.67943409E-01  0.00000000E+00
  2.39921734E+06  5.43670744E+06  9.54209269E-09  4.85160007E+04  1.67564929E-01  0.00000000E+00
  2.39957808E+06  5.43617695E+06  9.54352543E-09  4.84875633E+04  1.67187595E-01  0.00000000E+00
  2.39993881E+06  5.43564646E+06  9.54495845E-09  4.84591654E+04  1.66811403E-01  0.00000000E+00
  2.40029954E+06  5.43511597E+06  9.54639175E-09  4.84308071E+04  1.66436350E-01  0.00000000E+00
  2.40066027E+06  5.43458548E+06  9.54782532E-09  4.84024882E+04  1.66062431E-01  0.00000000E+00
  2.40102100E+06  5.43405499E+06  9.54925918E-09  4.83742086E+04  1.65689644E-01  0.00000000E+00
  2.40138173E+06  5.43352451E+06  9.55069331E-09  4.83459684E+04  1.65317983E-01  0.00000000E+00
  2.40174246E+06  5.43299402E+06  9.55212772E-09  4.83177675E+04  1.64947446E-01  0.00000000E+00
  2.40210319E+06  5.43246354E+06  9.55356240E-09  4.82896058E+04  1.64578029E-01  0.00000000E+00
  2.40246392E+06  5.43193306E+06  9.55499737E-09  4.82614832E+04  1.64209729E-01  0.00000000E+00
  2.40282465E+06  5.43140258E+06  9.55643261E-09  4.82333998E+04  1.63842541E-01  0.00000000E+00
  2.40318538E+06  5.43087210E+06  9.55786813E-09  4.82053554E+04  1.63476461E-01  0.00000000E+00
  2.40354611E+06  5.43034162E+06  9.55930393E-09  4.81773501E+04  1.63111488E-01  0.00000000E+00
  2.40390684E+06  5.42981114E+06  9.56074001E-09  4.81493836E+04  1.62747615E-01  0.00000000E+00
  2.40426757E+06  5.42928066E+06  9.56217637E-09  4.81214561E+04  1.62384841E-01  0.00000000E+00
  2.40462830E+06  5.42875019E+06  9.56361300E-09  4.80935674E+04  1.62023162E-01  0.00000000E+00
  2.40498903E+06  5.42821971E+06  9.56504992E-09  4.80657175E+04  1.61662573E-01  0.00000000E+00
  2.40534976E+06  5.42768924E+06  9.56648711E-09  4.80379063E+04  1.61303072E-01  0.00000000E+00
  2.40571049E+06  5.42715877E+06  9.56792458E-09  4.80101338E+04  1.60944655E-01  0.00000000E+00
  2.40607122E+06  5.42662830E+06  9.56936233E-09  4.79824000E+04  1.60587318E-01  0.00000000E+00
  2.40643195E+06  5.42609783E+06  9.57080037E-09  4.79547047E+04  1.60231058E-01  0.00000000E+00
  2.40679268E+06  5.42556736E+06  9.57223867E-09  4.79270479E+04  1.59875871E-01  0.00000000E+00
  2.40715341E+06  5.42503689E+06  9.57367726E-09  4.78994296E+04  1.59521755E-01  0.00000000E+00
  2.40751414E+06  5.42450643E+06  9.57511613E-09  4.78718496E+04  1.59168704E-01  0.00000000E+00
  2.40787487E+06  5.42397596E+06  9.57655528E-09  4.78443081E+04  1.58816716E-01  0.00000000E+00
  2.40823560E+06  5.42344550E+06  9.57799471E-09  4.78168048E+04  1.58465788E-01  0.00000000E+00
  2.40859633E+06  5.42291504E+06  9.57943441E-09  4.77893398E+04  1.58115916E-01  0.00000000E+00
  2.40895706E+06  5.42238458E+06  9.58087440E-09  4.77619130E+04  1.57767097E-01  0.00000000E+00
  2.40931779E+06  5.42185412E+06  9.58231466E-09  4.77345244E+04  1.57419326E-01  0.00000000E+00
  2.40967852E+06  5.42132366E+06  9.58375521E-09  4.77071738E+04  1.57072602E-01  0.00000000E+00
  2.41003925E+06  5.42079320E+06  9.58519604E-09  4.76798613E+04  1.56726920E-01  0.00000000E+00
  2.41039998E+06  5.42026274E+06  9.58663714E-09  4.76525867E+04  1.56382276E-01  0.00000000E+00
  2.41076071E+06  5.41973229E+06  9.58807853E-09  4.76253501E+04  1.56038669E-01  0.00000000E+00
  2.41112145E+06  5.41920183E+06  9.58952019E-09  4.75981514E+04  1.55696094E-01  0.00000000E+00
  2.41148218E+06  5.41867138E+06  9.59096214E-09  4.75709904E+04  1.55354548E-01  0.00000000E+00
  2.41184291E+06  5.41814093E+06  9.59240437E-09  4.75438673E+04  1.55014027E-01  0.00000000E+00
  2.41220364E+06  5.41761047E+06  9.59384687E-09  4.75167819E+04  1.54674529E-01  0.00000000E+00
  2.41256437E+06  5.41708002E+06  9.59528966E-09  4.74897341E+04  1.54336050E-01  0.00000000E+00
  2.41292510E+06  5.41654958E+06  9.59673273E-09  4.74627240E+04  1.53998587E-01  0.00000000E+00
  2.41328583E+06  5.41601913E+06  9.59817608E-09  4.74357514E+04  1.53662136E-01  0.00000000E+00
  2.41364656E+06  5.41548868E+06  9.59961971E-09  4.74088164E+04  1.53326695E-01  0.00000000E+00
  2.41400729E+06  5.41495824E+06  9.60106362E-09  4.73819188E+04  1.52992260E-01  0.00000000E+00
  2.41436802E+06  5.41442779E+06  9.60250781E-09  4.73550586E+04  1.52658827E-01  0.00000000E+00
  2.41472875E+06  5.41389735E+06  9.60395228E-09  4.73282358E+04  1.52326394E-01  0.00000000E+00
  2.41508948E+06  5.41336691E+06  9.60539704E-09  4.73014502E+04  1.51994957E-01  0.00000000E+00
  2.41545021E+06  5.41283646E+06  9.60684207E-09  4.72747019E+04  1.51664514E-01  0.00000000E+00
  2.41581094E+06  5.41230602E+06  9.60828739E-09  4.72479909E+04  1.51335060E-01  0.00000000E+00
  2.41617167E+06  5.41177558E+06  9.60973299E-09  4.72213169E+04  1.51006593E-01  0.00000000E+00
  2.41653240E+06  5.41124515E+06  9.61117887E-09  4.71946801E+04  1.50679110E-01  0.00000000E+00
  2.41689313E+06  5.41071471E+06  9.61262503E-09  4.71680803E+04  1.50352608E-01  0.00000000E+00
  2.41725386E+06  5.41018427E+06  9.61407147E-09  4.71415175E+04  1.50027082E-01  0.00000000E+00
  2.41761459E+06  5.40965384E+06  9.61551819E-09  4.71149917E+04  1.49702531E-01  0.00000000E+00
  2.41797532E+06  5.40912341E+06  9.61696520E-09  4.70885027E+04  1.49378951E-01  0.00000000E+00
  2.41833605E+06  5.40859297E+06  9.61841249E-09  4.70620506E+04  1.49056339E-01  0.00000000E+00
  2.41869678E+06  5.40806254E+06  9.61986006E-09  4.70356352E+04  1.48734692E-01  0.00000000E+00
  2.41905751E+06  5.40753211E+06  9.62130791E-09  4.70092566E+04  1.48414007E-01  0.00000000E+00
  2.41941824E+06  5.40700168E+06  9.62275604E-09  4.69829147E+04  1.48094281E-01  0.00000000E+00
  2.41977897E+06  5.40647125E+06  9.62420446E-09  4.69566095E+04  1.47775510E-01  0.00000000E+00
  2.42013970E+06  5.40594083E+06  9.62565316E-09  4.69303408E+04  1.47457692E-01  0.00000000E+00
  2.42050043E+06  5.40541040E+06  9.62710214E-09  4.69041086E+04  1.47140823E-01  0.00000000E+00
  2.42086116E+06  5.40487997E+06  9.62855140E-09  4.68779129E+04  1.46824902E-01  0.00000000E+00
  2.42122189E+06  5.40434955E+06  9.63000095E-09  4.68517537E+04  1.46509923E-01  0.00000000E+00
  2.42158262E+06  5.40381913E+06  9.63145078E-09  4.68256308E+04  1.46195886E-01  0.00000000E+00
  2.42194335E+06  5.40328871E+06  9.63290089E-09  4.67995443E+04  1.45882786E-01  0.00000000E+00
  2.42230409E+06  5.40275829E+06  9.63435128E-09  4.67734940E+04  1.45570621E-01  0.00000000E+00
  2.42266482E+06  5.40222787E+06  9.63580196E-09  4.67474800E+04  1.45259387E-01  0.00000000E+00
  2.42302555E+06  5.40169745E+06  9.63725292E-09  4.67215021E+04  1.44949082E-01  0.00000000E+00
  2.42338628E+06  5.40116703E+06  9.63870416E-09  4.66955604E+04  1.44639703E-01  0.00000000E+00
  2.42374701E+06  5.40063661E+06  9.64015569E-09  4.66696548E+04  1.44331247E-01  0.00000000E+00
  2.42410774E+06  5.40010620E+06  9.64160750E-09  4.66437851E+04  1.44023710E-01  0.00000000E+00
  2.42446847E+06  5.39957578E+06  9.64305959E-09  4.66179515E+04  1.43717091E-01  0.00000000E+00
  2.42482920E+06  5.39904537E+06  9.64451197E-09  4.65921538E+04  1.43411386E-01  0.00000000E+00
  2.42518993E+06  5.39851496E+06  9.64596463E-09  4.65663920E+04  1.43106592E-01  0.00000000E+00
  2.42555066E+06  5.39798455E+06  9.64741757E-09  4.65406659E+04  1.42802706E-01  0.00000000E+00
  2.42591139E+06  5.39745413E+06  9.64887080E-09  4.65149757E+04  1.42499726E-01  0.00000000E+00
  2.42627212E+06  5.39692373E+06  9.65032431E-09  4.64893212E+04  1.42197649E-01  0.00000000E+00
  2.42663285E+06  5.39639332E+06  9.65177811E-09  4.64637024E+04  1.41896471E-01  0.00000000E+00
  2.42699358E+06  5.39586291E+06  9.65323219E-09  4.64381192E+04  1.41596190E-01  0.00000000E+00
  2.42735431E+06  5.39533250E+06  9.65468655E-09  4.64125716E+04  1.41296804E-01  0.00000000E+00
  2.42771504E+06  5.39480210E+06  9.65614120E-09  4.63870595E+04  1.40998308E-01  0.00000000E+00
  2.42807577E+06  5.39427169E+06  9.65759613E-09  4.63615829E+04  1.40700702E-01  0.00000000E+00
  2.42843650E+06  5.39374129E+06  9.65905135E-09  4.63361418E+04  1.40403980E-01  0.00000000E+00
  2.42879723E+06  5.39321089E+06  9.66050685E-09  4.63107360E+04  1.40108142E-01  0.00000000E+00
  2.42915796E+06  5.39268049E+06  9.66196263E-09  4.62853655E+04  1.39813184E-01  0.00000000E+00
  2.42951869E+06  5.39215009E+06  9.66341870E-09  4.62600303E+04  1.39519104E-01  0.00000000E+00
  2.42987942E+06  5.39161969E+06  9.66487505E-09  4.62347304E+04  1.39225898E-01  0.00000000E+00
  2.43024015E+06  5.39108929E+06  9.66633169E-09  4.62094657E+04  1.38933564E-01  0.00000000E+00
  2.43060088E+06  5.39055889E+06  9.66778862E-09  4.61842360E+04  1.38642099E-01  0.00000000E+00
  2.43096161E+06  5.39002850E+06  9.66924583E-09  4.61590415E+04  1.38351500E-01  0.00000000E+00
  2.43132234E+06  5.38949810E+06  9.67070332E-09  4.61338820E+04  1.38061766E-01  0.00000000E+00
  2.43168307E+06  5.38896771E+06  9.67216110E-09  4.61087575E+04  1.37772892E-01  0.00000000E+00
  2.43204380E+06  5.38843732E+06  9.67361916E-09  4.60836680E+04  1.37484877E-01  0.00000000E+00
  2.43240453E+06  5.38790692E+06  9.67507751E-09  4.60586133E+04  1.37197717E-01  0.00000000E+00
  2.43276526E+06  5.38737653E+06  9.67653615E-09  4.60335935E+04  1.36911411E-01  0.00000000E+00
  2.43312599E+06  5.38684614E+06  9.67799507E-09  4.60086085E+04  1.36625955E-01  0.00000000E+00
  2.43348673E+06  5.38631575E+06  9.67945427E-09  4.59836582E+04  1.36341346E-01  0.00000000E+00
  2.43384746E+06  5.38578537E+06  9.68091376E-09  4.59587426E+04  1.36057582E-01  0.00000000E+00
  2.43420819E+06  5.38525498E+06  9.68237354E-09  4.59338617E+04  1.35774661E-01  0.00000000E+00
  2.43456892E+06  5.38472459E+06  9.68383360E-09  4.59090154E+04  1.35492580E-01  0.00000000E+00
  2.43492965E+06  5.38419421E+06  9.68529395E-09  4.58842036E+04  1.35211336E-01  0.00000000E+00
  2.43529038E+06  5.38366382E+06  9.68675458E-09  4.58594264E+04  1.34930926E-01  0.00000000E+00
  2.43565111E+06  5.38313344E+06  9.68821550E-09  4.58346836E+04  1.34651349E-01  0.00000000E+00
  2.43601184E+06  5.38260306E+06  9.68967671E-09  4.58099752E+04  1.34372601E-01  0.00000000E+00
  2.43637257E+06  5.38207268E+06  9.69113820E-09  4.57853011E+04  1.34094679E-01  0.00000000E+00
  2.43673330E+06  5.38154230E+06  9.69259998E-09  4.57606614E+04  1.33817582E-01  0.00000000E+00
  2.43709403E+06  5.38101192E+06  9.69406205E-09  4.57360560E+04  1.33541307E-01  0.00000000E+00
  2.43745476E+06  5.38048154E+06  9.69552440E-09  4.57114848E+04  1.33265851E-01  0.00000000E+00
  2.43781549E+06  5.37995116E+06  9.69698704E-09  4.56869477E+04  1.32991211E-01  0.00000000E+00
  2.43817622E+06  5.37942079E+06  9.69844997E-09  4.56624448E+04  1.32717385E-01  0.00000000E+00
  2.43853695E+06  5.37889041E+06  9.69991318E-09  4.56379759E+04  1.32444372E-01  0.00000000E+00
  2.43889768E+06  5.37836004E+06  9.70137668E-09  4.56135411E+04  1.32172167E-01  0.00000000E+00
  2.43925841E+06  5.37782966E+06  9.70284046E-09  4.55891403E+04  1.31900768E-01  0.00000000E+00
  2.43961914E+06  5.37729929E+06  9.70430454E-09  4.55647734E+04  1.31630174E-01  0.00000000E+00
  2.43997987E+06  5.37676892E+06  9.70576890E-09  4.55404404E+04  1.31360382E-01  0.00000000E+00
  2.44034060E+06  5.37623855E+06  9.70723354E-09  4.55161412E+04  1.31091388E-01  0.00000000E+00
  2.44070133E+06  5.37570818E+06  9.70869848E-09  4.54918758E+04  1.30823191E-01  0.00000000E+00
  2.44106206E+06  5.37517781E+06  9.71016370E-09  4.54676442E+04  1.30555789E-01  0.00000000E+00
  2.44142279E+06  5.37464744E+06  9.71162921E-09  4.54434462E+04  1.30289178E-01  0.00000000E+00
  2.44178352E+06  5.37411708E+06  9.71309500E-09  4.54192819E+04  1.30023357E-01  0.00000000E+00
  2.44214425E+06  5.37358671E+06  9.71456109E-09  4.53951513E+04  1.29758322E-01  0.00000000E+00
  2.44250498E+06  5.37305634E+06  9.71602746E-09  4.53710542E+04  1.29494072E-01  0.00000000E+00
  2.44286571E+06  5.37252598E+06  9.71749412E-09  4.53469906E+04  1.29230604E-01  0.00000000E+00
  2.44322644E+06  5.37199562E+06  9.71896107E-09  4.53229604E+04  1.28967915E-01  0.00000000E+00
  2.44358717E+06  5.37146526E+06  9.72042831E-09  4.52989637E+04  1.28706004E-01  0.00000000E+00
  2.44394790E+06  5.37093490E+06  9.72189583E-09  4.52750004E+04  1.28444868E-01  0.00000000E+00
  2.44430863E+06  5.37040453E+06  9.72336364E-09  4.52510703E+04  1.28184504E-01  0.00000000E+00
  2.44466936E+06  5.36987418E+06  9.72483174E-09  4.52271736E+04  1.27924911E-01  0.00000000E+00
  2.44503010E+06  5.36934382E+06  9.72630013E-09  4.52033101E+04  1.27666085E-01  0.00000000E+00
  2.44539083E+06  5.36881346E+06  9.72776881E-09  4.51794798E+04  1.27408025E-01  0.00000000E+00
  2.44575156E+06  5.36828310E+06  9.72923777E-09  4.51556826E+04  1.27150728E-01  0.00000000E+00
  2.44611229E+06  5.36775275E+06  9.73070703E-09  4.51319185E+04  1.26894191E-01  0.00000000E+00
  2.44647302E+06  5.36722239E+06  9.73217657E-09  4.51081875E+04  1.26638413E-01  0.00000000E+00
  2.44683375E+06  5.36669204E+06  9.73364640E-09  4.50844895E+04  1.26383391E-01  0.00000000E+00
  2.44719448E+06  5.36616169E+06  9.73511652E-09  4.50608244E+04  1.26129123E-01  0.00000000E+00
  2.44755521E+06  5.36563134E+06  9.73658693E-09  4.50371923E+04  1.25875607E-01  0.00000000E+00
  2.44791594E+06  5.36510098E+06  9.73805763E-09  4.50135930E+04  1.25622839E-01  0.00000000E+00
  2.44827667E+06  5.36457064E+06  9.73952862E-09  4.49900265E+04  1.25370819E-01  0.00000000E+00
  2.44863740E+06  5.36404029E+06  9.74099989E-09  4.49664928E+04  1.25119543E-01  0.00000000E+00
  2.44899813E+06  5.36350994E+06  9.74247146E-09  4.49429919E+04  1.24869010E-01  0.00000000E+00
  2.44935886E+06  5.36297959E+06  9.74394332E-09  4.49195236E+04  1.24619217E-01  0.00000000E+00
  2.44971959E+06  5.36244924E+06  9.74541546E-09  4.48960879E+04  1.24370162E-01  0.00000000E+00
  2.45008032E+06  5.36191890E+06  9.74688790E-09  4.48726849E+04  1.24121842E-01  0.00000000E+00
  2.45044105E+06  5.36138855E+06  9.74836062E-09  4.48493144E+04  1.23874256E-01  0.00000000E+00
  2.45080178E+06  5.36085821E+06  9.74983363E-09  4.48259764E+04  1.23627401E-01  0.00000000E+00
  2.45116251E+06  5.36032787E+06  9.75130694E-09  4.48026708E+04  1.23381275E-01  0.00000000E+00
  2.45152324E+06  5.35979753E+06  9.75278053E-09  4.47793977E+04  1.23135875E-01  0.00000000E+00
  2.45188397E+06  5.35926719E+06  9.75425442E-09  4.47561570E+04  1.22891201E-01  0.00000000E+00
  2.45224470E+06  5.35873685E+06  9.75572859E-09  4.47329485E+04  1.22647248E-01  0.00000000E+00
  2.45260543E+06  5.35820651E+06  9.75720305E-09  4.47097723E+04  1.22404016E-01  0.00000000E+00
  2.45296616E+06  5.35767617E+06  9.75867781E-09  4.46866284E+04  1.22161502E-01  0.00000000E+00
  2.45332689E+06  5.35714583E+06  9.76015285E-09  4.46635167E+04  1.21919703E-01  0.00000000E+00
  2.45368762E+06  5.35661550E+06  9.76162819E-09  4.46404371E+04  1.21678619E-01  0.00000000E+00
  2.45404835E+06  5.35608516E+06  9.76310381E-09  4.46173896E+04  1.21438245E-01  0.00000000E+00
  2.45440908E+06  5.35555482E+06  9.76457973E-09  4.45943741E+04  1.21198581E-01  0.00000000E+00
  2.45476981E+06  5.35502449E+06  9.76605594E-09  4.45713907E+04  1.20959624E-01  0.00000000E+00
  2.45513054E+06  5.35449416E+06  9.76753244E-09  4.45484392E+04  1.20721373E-01  0.00000000E+00
  2.45549127E+06  5.35396383E+06  9.76900922E-09  4.45255196E+04  1.20483824E-01  0.00000000E+00
  2.45585200E+06  5.35343350E+06  9.77048630E-09  4.45026319E+04  1.20246976E-01  0.00000000E+00
  2.45621274E+06  5.35290317E+06  9.77196367E-09  4.44797761E+04  1.20010827E-01  0.00000000E+00
  2.45657347E+06  5.35237284E+06  9.77344134E-09  4.44569520E+04  1.19775374E-01  0.00000000E+00
  2.45693420E+06  5.35184251E+06  9.77491929E-09  4.44341597E+04  1.19540616E-01  0.00000000E+00
  2.45729493E+06  5.35131218E+06  9.77639753E-09  4.44113991E+04  1.19306550E-01  0.00000000E+00
  2.45765566E+06  5.35078185E+06  9.77787607E-09  4.43886701E+04  1.19073174E-01  0.00000000E+00
  2.45801639E+06  5.35025153E+06  9.77935490E-09  4.43659727E+04  1.18840487E-01  0.00000000E+00
  2.45837712E+06  5.34972120E+06  9.78083402E-09  4.43433069E+04  1.18608486E-01  0.00000000E+00
  2.45873785E+06  5.34919088E+06  9.78231343E-09  4.43206727E+04  1.18377169E-01  0.00000000E+00
  2.45909858E+06  5.34866055E+06  9.78379313E-09  4.42980699E+04  1.18146534E-01  0.00000000E+00
  2.45945931E+06  5.34813023E+06  9.78527313E-09  4.42754985E+04  1.17916579E-01  0.00000000E+00
  2.45982004E+06  5.34759991E+06  9.78675341E-09  4.42529585E+04  1.17687302E-01  0.00000000E+00
  2.46018077E+06  5.34706959E+06  9.78823399E-09  4.42304499E+04  1.17458701E-01  0.00000000E+00
  2.46054150E+06  5.34653927E+06  9.78971486E-09  4.42079726E+04  1.17230774E-01  0.00000000E+00
  2.46090223E+06  5.34600895E+06  9.79119602E-09  4.41855265E+04  1.17003519E-01  0.00000000E+00
  2.46126296E+06  5.34547863E+06  9.79267748E-09  4.41631117E+04  1.16776933E-01  0.00000000E+00
  2.46162369E+06  5.34494832E+06  9.79415923E-09  4.41407280E+04  1.16551016E-01  0.00000000E+00
  2.46198442E+06  5.34441800E+06  9.79564127E-09  4.41183755E+04  1.16325764E-01  0.00000000E+00
  2.46234515E+06  5.34388768E+06  9.79712360E-09  4.40960540E+04  1.16101176E-01  0.00000000E+00
  2.46270588E+06  5.34335737E+06  9.79860623E-09  4.40737636E+04  1.15877250E-01  0.00000000E+00
  2.46306661E+06  5.34282706E+06  9.80008914E-09  4.40515042E+04  1.15653984E-01  0.00000000E+00
  2.46342734E+06  5.34229674E+06  9.80157236E-09  4.40292757E+04  1.15431376E-01  0.00000000E+00
  2.46378807E+06  5.34176643E+06  9.80305586E-09  4.40070782E+04  1.15209423E-01  0.00000000E+00
  2.46414880E+06  5.34123612E+06  9.80453966E-09  4.39849115E+04  1.14988125E-01  0.00000000E+00
  2.46450953E+06  5.34070581E+06  9.80602375E-09  4.39627757E+04  1.14767479E-01  0.00000000E+00
  2.46487026E+06  5.34017550E+06  9.80750813E-09  4.39406706E+04  1.14547482E-01  0.00000000E+00
  2.46523099E+06  5.33964519E+06  9.80899281E-09  4.39185963E+04  1.14328134E-01  0.00000000E+00
  2.46559172E+06  5.33911488E+06  9.81047778E-09  4.38965527E+04  1.14109432E-01  0.00000000E+00
  2.46595245E+06  5.33858457E+06  9.81196304E-09  4.38745398E+04  1.13891375E-01  0.00000000E+00
  2.46631318E+06  5.33805427E+06  9.81344860E-09  4.38525574E+04  1.13673960E-01  0.00000000E+00
  2.46667391E+06  5.33752396E+06  9.81493445E-09  4.38306056E+04  1.13457185E-01  0.00000000E+00
  2.46703464E+06  5.33699366E+06  9.81642059E-09  4.38086844E+04  1.13241048E-01  0.00000000E+00
  2.46739537E+06  5.33646335E+06  9.81790703E-09  4.37867936E+04  1.13025549E-01  0.00000000E+00
  2.46775611E+06  5.33593305E+06  9.81939376E-09  4.37649333E+04  1.12810684E-01  0.00000000E+00
  2.46811684E+06  5.33540275E+06  9.82088079E-09  4.37431034E+04  1.12596452E-01  0.00000000E+00
  2.46847757E+06  5.33487245E+06  9.82236811E-09  4.37213039E+04  1.12382850E-01  0.00000000E+00
  2.46883830E+06  5.33434215E+06  9.82385573E-09  4.36995346E+04  1.12169878E-01  0.00000000E+00
  2.46919903E+06  5.33381185E+06  9.82534364E-09  4.36777957E+04  1.11957533E-01  0.00000000E+00
  2.46955976E+06  5.33328155E+06  9.82683184E-09  4.36560870E+04  1.11745814E-01  0.00000000E+00
  2.46992049E+06  5.33275125E+06  9.82832034E-09  4.36344084E+04  1.11534717E-01  0.00000000E+00
  2.47028122E+06  5.33222095E+06  9.82980913E-09  4.36127601E+04  1.11324243E-01  0.00000000E+00
  2.47064195E+06  5.33169066E+06  9.83129822E-09  4.35911418E+04  1.11114388E-01  0.00000000E+00
  2.47100268E+06  5.33116036E+06  9.83278760E-09  4.35695536E+04  1.10905151E-01  0.00000000E+00
  2.47136341E+06  5.33063007E+06  9.83427728E-09  4.35479954E+04  1.10696530E-01  0.00000000E+00
  2.47172414E+06  5.33009977E+06  9.83576725E-09  4.35264672E+04  1.10488523E-01  0.00000000E+00
  2.47208487E+06  5.32956948E+06  9.83725751E-09  4.35049689E+04  1.10281129E-01  0.00000000E+00
  2.47244560E+06  5.32903919E+06  9.83874808E-09  4.34835005E+04  1.10074346E-01  0.00000000E+00
  2.47280633E+06  5.32850889E+06  9.84023893E-09  4.34620620E+04  1.09868171E-01  0.00000000E+00
  2.47316706E+06  5.32797860E+06  9.84173009E-09  4.34406533E+04  1.09662603E-01  0.00000000E+00
  2.47352779E+06  5.32744831E+06  9.84322153E-09  4.34192744E+04  1.09457640E-01  0.00000000E+00
  2.47388852E+06  5.32691802E+06  9.84471328E-09  4.33979252E+04  1.09253281E-01  0.00000000E+00
  2.47424925E+06  5.32638774E+06  9.84620532E-09  4.33766057E+04  1.09049523E-01  0.00000000E+00
  2.47460998E+06  5.32585745E+06  9.84769765E-09  4.33553159E+04  1.08846365E-01  0.00000000E+00
  2.47497071E+06  5.32532716E+06  9.84919028E-09  4.33340557E+04  1.08643805E-01  0.00000000E+00
  2.47533144E+06  5.32479688E+06  9.85068321E-09  4.33128250E+04  1.08441841E-01  0.00000000E+00
  2.47569217E+06  5.32426659E+06  9.85217643E-09  4.32916238E+04  1.08240471E-01  0.00000000E+00
  2.47605290E+06  5.32373631E+06  9.85366995E-09  4.32704522E+04  1.08039695E-01  0.00000000E+00
  2.47641363E+06  5.32320602E+06  9.85516376E-09  4.32493100E+04  1.07839509E-01  0.00000000E+00
  2.47677436E+06  5.32267574E+06  9.85665787E-09  4.32281972E+04  1.07639912E-01  0.00000000E+00
  2.47713509E+06  5.32214546E+06  9.85815228E-09  4.32071137E+04  1.07440903E-01  0.00000000E+00
  2.47749582E+06  5.32161517E+06  9.85964698E-09  4.31860596E+04  1.07242480E-01  0.00000000E+00
  2.47785655E+06  5.32108489E+06  9.86114198E-09  4.31650347E+04  1.07044640E-01  0.00000000E+00
  2.47821728E+06  5.32055461E+06  9.86263728E-09  4.31440391E+04  1.06847383E-01  0.00000000E+00
  2.47857801E+06  5.32002434E+06  9.86413287E-09  4.31230727E+04  1.06650706E-01  0.00000000E+00
  2.47893875E+06  5.31949406E+06  9.86562876E-09  4.31021355E+04  1.06454608E-01  0.00000000E+00
  2.47929948E+06  5.31896378E+06  9.86712494E-09  4.30812273E+04  1.06259087E-01  0.00000000E+00
  2.47966021E+06  5.31843350E+06  9.86862143E-09  4.30603483E+04  1.06064141E-01  0.00000000E+00
  2.48002094E+06  5.31790323E+06  9.87011821E-09  4.30394983E+04  1.05869769E-01  0.00000000E+00
  2.48038167E+06  5.31737295E+06  9.87161528E-09  4.30186773E+04  1.05675968E-01  0.00000000E+00
  2.48074240E+06  5.31684268E+06  9.87311266E-09  4.29978852E+04  1.05482738E-01  0.00000000E+00
  2.48110313E+06  5.31631240E+06  9.87461033E-09  4.29771221E+04  1.05290077E-01  0.00000000E+00
  2.48146386E+06  5.31578213E+06  9.87610830E-09  4.29563878E+04  1.05097982E-01  0.00000000E+00
  2.48182459E+06  5.31525186E+06  9.87760657E-09  4.29356824E+04  1.04906452E-01  0.00000000E+00
  2.48218532E+06  5.31472159E+06  9.87910513E-09  4.29150057E+04  1.04715486E-01  0.00000000E+00
  2.48254605E+06  5.31419132E+06  9.88060399E-09  4.28943578E+04  1.04525082E-01  0.00000000E+00
  2.48290678E+06  5.31366105E+06  9.88210315E-09  4.28737387E+04  1.04335238E-01  0.00000000E+00
  2.48326751E+06  5.31313078E+06  9.88360261E-09  4.28531482E+04  1.04145952E-01  0.00000000E+00
  2.48362824E+06  5.31260051E+06  9.88510236E-09  4.28325863E+04  1.03957223E-01  0.00000000E+00
  2.48398897E+06  5.31207024E+06  9.88660242E-09  4.28120531E+04  1.03769049E-01  0.00000000E+00
  2.48434970E+06  5.31153997E+06  9.88810277E-09  4.27915484E+04  1.03581429E-01  0.00000000E+00
  2.48471043E+06  5.31100971E+06  9.88960342E-09  4.27710722E+04  1.03394360E-01  0.00000000E+00
  2.48507116E+06  5.31047944E+06  9.89110437E-09  4.27506245E+04  1.03207842E-01  0.00000000E+00
  2.48543189E+06  5.30994918E+06  9.89260561E-09  4.27302052E+04  1.03021872E-01  0.00000000E+00
  2.48579262E+06  5.30941891E+06  9.89410716E-09  4.27098143E+04  1.02836449E-01  0.00000000E+00
  2.48615335E+06  5.30888865E+06  9.89560900E-09  4.26894518E+04  1.02651572E-01  0.00000000E+00
  2.48651408E+06  5.30835839E+06  9.89711114E-09  4.26691176E+04  1.02467238E-01  0.00000000E+00
  2.48687481E+06  5.30782813E+06  9.89861358E-09  4.26488117E+04  1.02283446E-01  0.00000000E+00
  2.48723554E+06  5.30729787E+06  9.90011632E-09  4.26285340E+04  1.02100195E-01  0.00000000E+00
  2.48759627E+06  5.30676761E+06  9.90161936E-09  4.26082846E+04  1.01917483E-01  0.00000000E+00
  2.48795700E+06  5.30623735E+06  9.90312270E-09  4.25880632E+04  1.01735308E-01  0.00000000E+00
  2.48831773E+06  5.30570709E+06  9.90462634E-09  4.25678701E+04  1.01553668E-01  0.00000000E+00
  2.48867846E+06  5.30517683E+06  9.90613027E-09  4.25477049E+04  1.01372563E-01  0.00000000E+00
  2.48903919E+06  5.30464657E+06  9.90763451E-09  4.25275679E+04  1.01191989E-01  0.00000000E+00
  2.48939992E+06  5.30411632E+06  9.90913904E-09  4.25074588E+04  1.01011947E-01  0.00000000E+00
  2.48976065E+06  5.30358606E+06  9.91064388E-09  4.24873777E+04  1.00832434E-01  0.00000000E+00
  2.49012138E+06  5.30305581E+06  9.91214901E-09  4.24673246E+04  1.00653449E-01  0.00000000E+00
  2.49048212E+06  5.30252555E+06  9.91365444E-09  4.24472993E+04  1.00474990E-01  0.00000000E+00
  2.49084285E+06  5.30199530E+06  9.91516018E-09  4.24273019E+04  1.00297055E-01  0.00000000E+00
  2.49120358E+06  5.30146504E+06  9.91666621E-09  4.24073323E+04  1.00119644E-01  0.00000000E+00
  2.49156431E+06  5.30093479E+06  9.91817254E-09  4.23873904E+04  9.99427537E-02  0.00000000E+00
  2.49192504E+06  5.30040454E+06  9.91967918E-09  4.23674763E+04  9.97663834E-02  0.00000000E+00
  2.49228577E+06  5.29987429E+06  9.92118611E-09  4.23475899E+04  9.95905314E-02  0.00000000E+00
  2.49264650E+06  5.29934404E+06  9.92269334E-09  4.23277312E+04  9.94151962E-02  0.00000000E+00
  2.49300723E+06  5.29881379E+06  9.92420088E-09  4.23079000E+04  9.92403762E-02  0.00000000E+00
  2.49336796E+06  5.29828354E+06  9.92570871E-09  4.22880965E+04  9.90660698E-02  0.00000000E+00
  2.49372869E+06  5.29775329E+06  9.92721684E-09  4.22683204E+04  9.88922756E-02  0.00000000E+00
  2.49408942E+06  5.29722305E+06  9.92872528E-09  4.22485719E+04  9.87189920E-02  0.00000000E+00
  2.49445015E+06  5.29669280E+06  9.93023402E-09  4.22288509E+04  9.85462174E-02  0.00000000E+00
  2.49481088E+06  5.29616256E+06  9.93174305E-09  4.22091573E+04  9.83739504E-02  0.00000000E+00
  2.49517161E+06  5.29563231E+06  9.93325239E-09  4.21894910E+04  9.82021893E-02  0.00000000E+00
  2.49553234E+06  5.29510207E+06  9.93476203E-09  4.21698522E+04  9.80309328E-02  0.00000000E+00
  2.49589307E+06  5.29457182E+06  9.93627197E-09  4.21502406E+04  9.78601793E-02  0.00000000E+00
  2.49625380E+06  5.29404158E+06  9.93778221E-09  4.21306563E+04  9.76899272E-02  0.00000000E+00
  2.49661453E+06  5.29351134E+06  9.93929275E-09  4.21110992E+04  9.75201750E-02  0.00000000E+00
  2.49697526E+06  5.29298110E+06  9.94080359E-09  4.20915694E+04  9.73509213E-02  0.00000000E+00
  2.49733599E+06  5.29245086E+06  9.94231474E-09  4.20720667E+04  9.71821646E-02  0.00000000E+00
  2.49769672E+06  5.29192061E+06  9.94382618E-09  4.20525911E+04  9.70139033E-02  0.00000000E+00
  2.49805745E+06  5.29139038E+06  9.94533793E-09  4.20331426E+04  9.68461360E-02  0.00000000E+00
  2.49841818E+06  5.29086014E+06  9.94684998E-09  4.20137212E+04  9.66788611E-02  0.00000000E+00
  2.49877891E+06  5.29032990E+06  9.94836233E-09  4.19943268E+04  9.65120772E-02  0.00000000E+00
  2.49913964E+06  5.28979966E+06  9.94987498E-09  4.19749593E+04  9.63457828E-02  0.00000000E+00
  2.49950037E+06  5.28926942E+06  9.95138794E-09  4.19556188E+04  9.61799765E-02  0.00000000E+00
  2.49986110E+06  5.28873919E+06  9.95290120E-09  4.19363051E+04  9.60146566E-02  0.00000000E+00
  2.50022183E+06  5.28820895E+06  9.95441476E-09  4.19170184E+04  9.58498219E-02  0.00000000E+00
  2.50058256E+06  5.28767872E+06  9.95592862E-09  4.18977584E+04  9.56854708E-02  0.00000000E+00
  2.50094329E+06  5.28714849E+06  9.95744278E-09  4.18785253E+04  9.55216018E-02  0.00000000E+00
  2.50130402E+06  5.28661825E+06  9.95895725E-09  4.18593189E+04  9.53582134E-02  0.00000000E+00
  2.50166476E+06  5.28608802E+06  9.96047202E-09  4.18401392E+04  9.51953043E-02  0.00000000E+00
  2.50202549E+06  5.28555779E+06  9.96198709E-09  4.18209862E+04  9.50328730E-02  0.00000000E+00
  2.50238622E+06  5.28502756E+06  9.96350246E-09  4.18018598E+04  9.48709179E-02  0.00000000E+00
  2.50274695E+06  5.28449733E+06  9.96501814E-09  4.17827600E+04  9.47094377E-02  0.00000000E+00
  2.50310768E+06  5.28396710E+06  9.96653412E-09  4.17636868E+04  9.45484310E-02  0.00000000E+00
  2.50346841E+06  5.28343687E+06  9.96805040E-09  4.17446401E+04  9.43878962E-02  0.00000000E+00
  2.50382914E+06  5.28290664E+06  9.96956699E-09  4.17256199E+04  9.42278319E-02  0.00000000E+00
  2.50418987E+06  5.28237641E+06  9.97108388E-09  4.17066261E+04  9.40682368E-02  0.00000000E+00
  2.50455060E+06  5.28184618E+06  9.97260107E-09  4.16876588E+04  9.39091093E-02  0.00000000E+00
  2.50491133E+06  5.28131596E+06  9.97411857E-09  4.16687178E+04  9.37504481E-02  0.00000000E+00
  2.50527206E+06  5.28078573E+06  9.97563637E-09  4.16498032E+04  9.35922517E-02  0.00000000E+00
  2.50563279E+06  5.28025551E+06  9.97715447E-09  4.16309149E+04  9.34345186E-02  0.00000000E+00
  2.50599352E+06  5.27972528E+06  9.97867288E-09  4.16120528E+04  9.32772476E-02  0.00000000E+00
  2.50635425E+06  5.27919506E+06  9.98019159E-09  4.15932170E+04  9.31204371E-02  0.00000000E+00
  2.50671498E+06  5.27866484E+06  9.98171060E-09  4.15744074E+04  9.29640858E-02  0.00000000E+00
  2.50707571E+06  5.27813461E+06  9.98322992E-09  4.15556239E+04  9.28081921E-02  0.00000000E+00
  2.50743644E+06  5.27760439E+06  9.98474954E-09  4.15368666E+04  9.26527549E-02  0.00000000E+00
  2.50779717E+06  5.27707417E+06  9.98626947E-09  4.15181353E+04  9.24977725E-02  0.00000000E+00
  2.50815790E+06  5.27654395E+06  9.98778970E-09  4.14994301E+04  9.23432437E-02  0.00000000E+00
  2.50851863E+06  5.27601373E+06  9.98931023E-09  4.14807509E+04  9.21891670E-02  0.00000000E+00
  2.50887936E+06  5.27548351E+06  9.99083107E-09  4.14620977E+04  9.20355410E-02  0.00000000E+00
  2.50924009E+06  5.27495329E+06  9.99235222E-09  4.14434705E+04  9.18823644E-02  0.00000000E+00
  2.50960082E+06  5.27442307E+06  9.99387366E-09  4.14248691E+04  9.17296357E-02  0.00000000E+00
  2.50996155E+06  5.27389286E+06  9.99539542E-09  4.14062936E+04  9.15773536E-02  0.00000000E+00
  2.51032228E+06  5.27336264E+06  9.99691748E-09  4.13877440E+04  9.14255167E-02  0.00000000E+00
  2.51068301E+06  5.27283243E+06  9.99843984E-09  4.13692201E+04  9.12741235E-02  0.00000000E+00
  2.51104374E+06  5.27230221E+06  9.99996251E-09  4.13507220E+04  9.11231729E-02  0.00000000E+00
  2.51140447E+06  5.27177200E+06  1.00014855E-08  4.13322496E+04  9.09726632E-02  0.00000000E+00
  2.51176520E+06  5.27124178E+06  1.00030088E-08  4.13138030E+04  9.08225933E-02  0.00000000E+00
  2.51212593E+06  5.27071157E+06  1.00045323E-08  4.12953819E+04  9.06729616E-02  0.00000000E+00
  2.51248666E+06  5.27018136E+06  1.00060562E-08  4.12769865E+04  9.05237670E-02  0.00000000E+00
  2.51284739E+06  5.26965114E+06  1.00075804E-08  4.12586167E+04  9.03750079E-02  0.00000000E+00
  2.51320813E+06  5.26912093E+06  1.00091049E-08  4.12402724E+04  9.02266830E-02  0.00000000E+00
  2.51356886E+06  5.26859072E+06  1.00106297E-08  4.12219536E+04  9.00787910E-02  0.00000000E+00
  2.51392959E+06  5.26806051E+06  1.00121548E-08  4.12036604E+04  8.99313305E-02  0.00000000E+00
  2.51429032E+06  5.26753030E+06  1.00136803E-08  4.11853925E+04  8.97843002E-02  0.00000000E+00
  2.51465105E+06  5.26700009E+06  1.00152060E-08  4.11671501E+04  8.96376987E-02  0.00000000E+00
  2.51501178E+06  5.26646988E+06  1.00167320E-08  4.11489330E+04  8.94915247E-02  0.00000000E+00
  2.51537251E+06  5.26593968E+06  1.00182583E-08  4.11307413E+04  8.93457768E-02  0.00000000E+00
  2.51573324E+06  5.26540947E+06  1.00197850E-08  4.11125748E+04  8.92004537E-02  0.00000000E+00
  2.51609397E+06  5.26487926E+06  1.00213119E-08  4.10944337E+04  8.90555541E-02  0.00000000E+00
  2.51645470E+06  5.26434906E+06  1.00228392E-08  4.10763177E+04  8.89110766E-02  0.00000000E+00
  2.51681543E+06  5.26381885E+06  1.00243667E-08  4.10582270E+04  8.87670198E-02  0.00000000E+00
  2.51717616E+06  5.26328865E+06  1.00258946E-08  4.10401614E+04  8.86233825E-02  0.00000000E+00
  2.51753689E+06  5.26275845E+06  1.00274228E-08  4.10221209E+04  8.84801634E-02  0.00000000E+00
  2.51789762E+06  5.26222824E+06  1.00289513E-08  4.10041055E+04  8.83373610E-02  0.00000000E+00
  2.51825835E+06  5.26169804E+06  1.00304800E-08  4.09861152E+04  8.81949742E-02  0.00000000E+00
  2.51861908E+06  5.26116784E+06  1.00320091E-08  4.09681499E+04  8.80530015E-02  0.00000000E+00
  2.51897981E+06  5.26063764E+06  1.00335385E-08  4.09502096E+04  8.79114416E-02  0.00000000E+00
  2.51934054E+06  5.26010744E+06  1.00350682E-08  4.09322942E+04  8.77702933E-02  0.00000000E+00
  2.51970127E+06  5.25957724E+06  1.00365983E-08  4.09144038E+04  8.76295552E-02  0.00000000E+00
  2.52006200E+06  5.25904704E+06  1.00381286E-08  4.08965382E+04  8.74892261E-02  0.00000000E+00
  2.52042273E+06  5.25851684E+06  1.00396592E-08  4.08786975E+04  8.73493045E-02  0.00000000E+00
  2.52078346E+06  5.25798664E+06  1.00411902E-08  4.08608816E+04  8.72097893E-02  0.00000000E+00
  2.52114419E+06  5.25745644E+06  1.00427214E-08  4.08430905E+04  8.70706790E-02  0.00000000E+00
  2.52150492E+06  5.25692625E+06  1.00442530E-08  4.08253241E+04  8.69319725E-02  0.00000000E+00
  2.52186565E+06  5.25639605E+06  1.00457848E-08  4.08075824E+04  8.67936684E-02  0.00000000E+00
  2.52222638E+06  5.25586585E+06  1.00473170E-08  4.07898654E+04  8.66557654E-02  0.00000000E+00
  2.52258711E+06  5.25533566E+06  1.00488495E-08  4.07721730E+04  8.65182622E-02  0.00000000E+00
  2.52294784E+06  5.25480546E+06  1.00503822E-08  4.07545053E+04  8.63811576E-02  0.00000000E+00
  2.52330857E+06  5.25427527E+06  1.00519153E-08  4.07368621E+04  8.62444502E-02  0.00000000E+00
  2.52366930E+06  5.25374508E+06  1.00534487E-08  4.07192434E+04  8.61081388E-02  0.00000000E+00
  2.52403003E+06  5.25321488E+06  1.00549824E-08  4.07016493E+04  8.59722221E-02  0.00000000E+00
  2.52439077E+06  5.25268469E+06  1.00565165E-08  4.06840796E+04  8.58366988E-02  0.00000000E+00
  2.52475150E+06  5.25215450E+06  1.00580508E-08  4.06665343E+04  8.57015677E-02  0.00000000E+00
  2.52511223E+06  5.25162431E+06  1.00595854E-08  4.06490135E+04  8.55668274E-02  0.00000000E+00
  2.52547296E+06  5.25109412E+06  1.00611204E-08  4.06315170E+04  8.54324767E-02  0.00000000E+00
  2.52583369E+06  5.25056393E+06  1.00626556E-08  4.06140449E+04  8.52985144E-02  0.00000000E+00
  2.52619442E+06  5.25003374E+06  1.00641912E-08  4.05965970E+04  8.51649391E-02  0.00000000E+00
  2.52655515E+06  5.24950355E+06  1.00657270E-08  4.05791734E+04  8.50317496E-02  0.00000000E+00
  2.52691588E+06  5.24897336E+06  1.00672632E-08  4.05617741E+04  8.48989446E-02  0.00000000E+00
  2.52727661E+06  5.24844318E+06  1.00687997E-08  4.05443989E+04  8.47665229E-02  0.00000000E+00
  2.52763734E+06  5.24791299E+06  1.00703365E-08  4.05270480E+04  8.46344833E-02  0.00000000E+00
  2.52799807E+06  5.24738280E+06  1.00718736E-08  4.05097211E+04  8.45028244E-02  0.00000000E+00
  2.52835880E+06  5.24685262E+06  1.00734110E-08  4.04924183E+04  8.43715450E-02  0.00000000E+00
  2.52871953E+06  5.24632243E+06  1.00749488E-08  4.04751396E+04  8.42406439E-02  0.00000000E+00
  2.52908026E+06  5.24579225E+06  1.00764868E-08  4.04578850E+04  8.41101199E-02  0.00000000E+00
  2.52944099E+06  5.24526206E+06  1.00780252E-08  4.04406543E+04  8.39799716E-02  0.00000000E+00
  2.52980172E+06  5.24473188E+06  1.00795638E-08  4.04234476E+04  8.38501978E-02  0.00000000E+00
  2.53016245E+06  5.24420170E+06  1.00811028E-08  4.04062648E+04  8.37207974E-02  0.00000000E+00
  2.53052318E+06  5.24367152E+06  1.00826420E-08  4.03891059E+04  8.35917690E-02  0.00000000E+00
  2.53088391E+06  5.24314134E+06  1.00841816E-08  4.03719709E+04  8.34631114E-02  0.00000000E+00
  2.53124464E+06  5.24261115E+06  1.00857215E-08  4.03548597E+04  8.33348235E-02  0.00000000E+00
  2.53160537E+06  5.24208097E+06  1.00872617E-08  4.03377724E+04  8.32069039E-02  0.00000000E+00
  2.53196610E+06  5.24155079E+06  1.00888023E-08  4.03207087E+04  8.30793514E-02  0.00000000E+00
  2.53232683E+06  5.24102062E+06  1.00903431E-08  4.03036688E+04  8.29521649E-02  0.00000000E+00
  2.53268756E+06  5.24049044E+06  1.00918842E-08  4.02866527E+04  8.28253430E-02  0.00000000E+00
  2.53304829E+06  5.23996026E+06  1.00934257E-08  4.02696601E+04  8.26988847E-02  0.00000000E+00
  2.53340902E+06  5.23943008E+06  1.00949674E-08  4.02526912E+04  8.25727885E-02  0.00000000E+00
  2.53376975E+06  5.23889990E+06  1.00965095E-08  4.02357459E+04  8.24470534E-02  0.00000000E+00
  2.53413048E+06  5.23836973E+06  1.00980519E-08  4.02188242E+04  8.23216782E-02  0.00000000E+00
  2.53449121E+06  5.23783955E+06  1.00995946E-08  4.02019260E+04  8.21966615E-02  0.00000000E+00
  2.53485194E+06  5.23730938E+06  1.01011376E-08  4.01850513E+04  8.20720023E-02  0.00000000E+00
  2.53521267E+06  5.23677920E+06  1.01026809E-08  4.01682001E+04  8.19476993E-02  0.00000000E+00
  2.53557341E+06  5.23624903E+06  1.01042245E-08  4.01513723E+04  8.18237512E-02  0.00000000E+00
  2.53593414E+06  5.23571886E+06  1.01057685E-08  4.01345679E+04  8.17001570E-02  0.00000000E+00
  2.53629487E+06  5.23518868E+06  1.01073127E-08  4.01177869E+04  8.15769153E-02  0.00000000E+00
  2.53665560E+06  5.23465851E+06  1.01088573E-08  4.01010292E+04  8.14540251E-02  0.00000000E+00
  2.53701633E+06  5.23412834E+06  1.01104022E-08  4.00842948E+04  8.13314851E-02  0.00000000E+00
  2.53737706E+06  5.23359817E+06  1.01119473E-08  4.00675837E+04  8.12092940E-02  0.00000000E+00
  2.53773779E+06  5.23306800E+06  1.01134928E-08  4.00508958E+04  8.10874508E-02  0.00000000E+00
  2.53809852E+06  5.23253783E+06  1.01150386E-08  4.00342312E+04  8.09659543E-02  0.00000000E+00
  2.53845925E+06  5.23200766E+06  1.01165848E-08  4.00175897E+04  8.08448032E-02  0.00000000E+00
  2.53881998E+06  5.23147749E+06  1.01181312E-08  4.00009714E+04  8.07239964E-02  0.00000000E+00
  2.53918071E+06  5.23094732E+06  1.01196780E-08  3.99843762E+04  8.06035326E-02  0.00000000E+00
  2.53954144E+06  5.23041715E+06  1.01212250E-08  3.99678040E+04  8.04834108E-02  0.00000000E+00
  2.53990217E+06  5.22988698E+06  1.01227724E-08  3.99512549E+04  8.03636297E-02  0.00000000E+00
  2.54026290E+06  5.22935682E+06  1.01243201E-08  3.99347288E+04  8.02441882E-02  0.00000000E+00
  2.54062363E+06  5.22882665E+06  1.01258681E-08  3.99182257E+04  8.01250850E-02  0.00000000E+00
  2.54098436E+06  5.22829649E+06  1.01274164E-08  3.99017456E+04  8.00063191E-02  0.00000000E+00
  2.54134509E+06  5.22776632E+06  1.01289650E-08  3.98852884E+04  7.98878893E-02  0.00000000E+00
  2.54170582E+06  5.22723616E+06  1.01305139E-08  3.98688540E+04  7.97697943E-02  0.00000000E+00
  2.54206655E+06  5.22670599E+06  1.01320632E-08  3.98524426E+04  7.96520331E-02  0.00000000E+00
  2.54242728E+06  5.22617583E+06  1.01336127E-08  3.98360539E+04  7.95346045E-02  0.00000000E+00
  2.54278801E+06  5.22564567E+06  1.01351626E-08  3.98196880E+04  7.94175072E-02  0.00000000E+00
  2.54314874E+06  5.22511550E+06  1.01367128E-08  3.98033449E+04  7.93007403E-02  0.00000000E+00
  2.54350947E+06  5.22458534E+06  1.01382633E-08  3.97870246E+04  7.91843025E-02  0.00000000E+00
  2.54387020E+06  5.22405518E+06  1.01398141E-08  3.97707269E+04  7.90681926E-02  0.00000000E+00
  2.54423093E+06  5.22352502E+06  1.01413653E-08  3.97544519E+04  7.89524095E-02  0.00000000E+00
  2.54459166E+06  5.22299486E+06  1.01429167E-08  3.97381995E+04  7.88369522E-02  0.00000000E+00
  2.54495239E+06  5.22246470E+06  1.01444685E-08  3.97219697E+04  7.87218193E-02  0.00000000E+00
  2.54531312E+06  5.22193454E+06  1.01460205E-08  3.97057625E+04  7.86070098E-02  0.00000000E+00
  2.54567385E+06  5.22140438E+06  1.01475729E-08  3.96895779E+04  7.84925226E-02  0.00000000E+00
  2.54603458E+06  5.22087422E+06  1.01491256E-08  3.96734157E+04  7.83783566E-02  0.00000000E+00
  2.54639531E+06  5.22034407E+06  1.01506786E-08  3.96572760E+04  7.82645105E-02  0.00000000E+00
  2.54675604E+06  5.21981391E+06  1.01522320E-08  3.96411588E+04  7.81509832E-02  0.00000000E+00
  2.54711678E+06  5.21928375E+06  1.01537856E-08  3.96250640E+04  7.80377737E-02  0.00000000E+00
  2.54747751E+06  5.21875360E+06  1.01553396E-08  3.96089915E+04  7.79248808E-02  0.00000000E+00
  2.54783824E+06  5.21822344E+06  1.01568939E-08  3.95929415E+04  7.78123034E-02  0.00000000E+00
  2.54819897E+06  5.21769329E+06  1.01584484E-08  3.95769137E+04  7.77000403E-02  0.00000000E+00
  2.54855970E+06  5.21716313E+06  1.01600033E-08  3.95609082E+04  7.75880905E-02  0.00000000E+00
  2.54892043E+06  5.21663298E+06  1.01615586E-08  3.95449250E+04  7.74764528E-02  0.00000000E+00
  2.54928116E+06  5.21610283E+06  1.01631141E-08  3.95289640E+04  7.73651261E-02  0.00000000E+00
  2.54964189E+06  5.21557267E+06  1.01646699E-08  3.95130253E+04  7.72541094E-02  0.00000000E+00
  2.55000262E+06  5.21504252E+06  1.01662261E-08  3.94971086E+04  7.71434014E-02  0.00000000E+00
  2.55036335E+06  5.21451237E+06  1.01677826E-08  3.94812142E+04  7.70330011E-02  0.00000000E+00
  2.55072408E+06  5.21398222E+06  1.01693394E-08  3.94653418E+04  7.69229074E-02  0.00000000E+00
  2.55108481E+06  5.21345207E+06  1.01708965E-08  3.94494915E+04  7.68131191E-02  0.00000000E+00
  2.55144554E+06  5.21292192E+06  1.01724539E-08  3.94336632E+04  7.67036353E-02  0.00000000E+00
  2.55180627E+06  5.21239177E+06  1.01740117E-08  3.94178570E+04  7.65944548E-02  0.00000000E+00
  2.55216700E+06  5.21186162E+06  1.01755697E-08  3.94020727E+04  7.64855764E-02  0.00000000E+00
  2.55252773E+06  5.21133147E+06  1.01771281E-08  3.93863104E+04  7.63769992E-02  0.00000000E+00
  2.55288846E+06  5.21080132E+06  1.01786868E-08  3.93705700E+04  7.62687219E-02  0.00000000E+00
  2.55324919E+06  5.21027117E+06  1.01802458E-08  3.93548515E+04  7.61607436E-02  0.00000000E+00
  2.55360992E+06  5.20974103E+06  1.01818051E-08  3.93391549E+04  7.60530632E-02  0.00000000E+00
  2.55397065E+06  5.20921088E+06  1.01833648E-08  3.93234801E+04  7.59456795E-02  0.00000000E+00
  2.55433138E+06  5.20868073E+06  1.01849247E-08  3.93078271E+04  7.58385915E-02  0.00000000E+00
  2.55469211E+06  5.20815059E+06  1.01864850E-08  3.92921958E+04  7.57317981E-02  0.00000000E+00
  2.55505284E+06  5.20762044E+06  1.01880456E-08  3.92765863E+04  7.56252983E-02  0.00000000E+00
  2.55541357E+06  5.20709030E+06  1.01896065E-08  3.92609985E+04  7.55190909E-02  0.00000000E+00
  2.55577430E+06  5.20656016E+06  1.01911677E-08  3.92454324E+04  7.54131749E-02  0.00000000E+00
  2.55613503E+06  5.20603001E+06  1.01927292E-08  3.92298880E+04  7.53075493E-02  0.00000000E+00
  2.55649576E+06  5.20549987E+06  1.01942911E-08  3.92143651E+04  7.52022129E-02  0.00000000E+00
  2.55685649E+06  5.20496973E+06  1.01958533E-08  3.91988639E+04  7.50971647E-02  0.00000000E+00
  2.55721722E+06  5.20443958E+06  1.01974158E-08  3.91833842E+04  7.49924037E-02  0.00000000E+00
  2.55757795E+06  5.20390944E+06  1.01989786E-08  3.91679260E+04  7.48879288E-02  0.00000000E+00
  2.55793868E+06  5.20337930E+06  1.02005417E-08  3.91524893E+04  7.47837389E-02  0.00000000E+00
  2.55829942E+06  5.20284916E+06  1.02021051E-08  3.91370741E+04  7.46798330E-02  0.00000000E+00
  2.55866015E+06  5.20231902E+06  1.02036689E-08  3.91216803E+04  7.45762101E-02  0.00000000E+00
  2.55902088E+06  5.20178888E+06  1.02052330E-08  3.91063080E+04  7.44728691E-02  0.00000000E+00
  2.55938161E+06  5.20125874E+06  1.02067974E-08  3.90909570E+04  7.43698089E-02  0.00000000E+00
  2.55974234E+06  5.20072860E+06  1.02083621E-08  3.90756274E+04  7.42670285E-02  0.00000000E+00
  2.56010307E+06  5.20019847E+06  1.02099271E-08  3.90603191E+04  7.41645269E-02  0.00000000E+00
  2.56046380E+06  5.19966833E+06  1.02114925E-08  3.90450320E+04  7.40623031E-02  0.00000000E+00
  2.56082453E+06  5.19913819E+06  1.02130581E-08  3.90297663E+04  7.39603559E-02  0.00000000E+00
  2.56118526E+06  5.19860806E+06  1.02146241E-08  3.90145218E+04  7.38586845E-02  0.00000000E+00
  2.56154599E+06  5.19807792E+06  1.02161904E-08  3.89992984E+04  7.37572877E-02  0.00000000E+00
  2.56190672E+06  5.19754778E+06  1.02177571E-08  3.89840963E+04  7.36561645E-02  0.00000000E+00
  2.56226745E+06  5.19701765E+06  1.02193240E-08  3.89689153E+04  7.35553139E-02  0.00000000E+00
  2.56262818E+06  5.19648751E+06  1.02208913E-08  3.89537554E+04  7.34547349E-02  0.00000000E+00
  2.56298891E+06  5.19595738E+06  1.02224588E-08  3.89386165E+04  7.33544265E-02  0.00000000E+00
  2.56334964E+06  5.19542725E+06  1.02240267E-08  3.89234988E+04  7.32543877E-02  0.00000000E+00
  2.56371037E+06  5.19489711E+06  1.02255950E-08  3.89084020E+04  7.31546174E-02  0.00000000E+00
  2.56407110E+06  5.19436698E+06  1.02271635E-08  3.88933263E+04  7.30551146E-02  0.00000000E+00
  2.56443183E+06  5.19383685E+06  1.02287323E-08  3.88782715E+04  7.29558784E-02  0.00000000E+00
  2.56479256E+06  5.19330672E+06  1.02303015E-08  3.88632377E+04  7.28569077E-02  0.00000000E+00
  2.56515329E+06  5.19277659E+06  1.02318710E-08  3.88482247E+04  7.27582015E-02  0.00000000E+00
  2.56551402E+06  5.19224646E+06  1.02334408E-08  3.88332327E+04  7.26597589E-02  0.00000000E+00
  2.56587475E+06  5.19171633E+06  1.02350110E-08  3.88182615E+04  7.25615788E-02  0.00000000E+00
  2.56623548E+06  5.19118620E+06  1.02365814E-08  3.88033111E+04  7.24636602E-02  0.00000000E+00
  2.56659621E+06  5.19065607E+06  1.02381522E-08  3.87883815E+04  7.23660022E-02  0.00000000E+00
  2.56695694E+06  5.19012594E+06  1.02397233E-08  3.87734727E+04  7.22686038E-02  0.00000000E+00
  2.56731767E+06  5.18959581E+06  1.02412947E-08  3.87585846E+04  7.21714639E-02  0.00000000E+00
  2.56767840E+06  5.18906568E+06  1.02428664E-08  3.87437172E+04  7.20745817E-02  0.00000000E+00
  2.56803913E+06  5.18853555E+06  1.02444385E-08  3.87288705E+04  7.19779560E-02  0.00000000E+00
  2.56839986E+06  5.18800543E+06  1.02460109E-08  3.87140444E+04  7.18815861E-02  0.00000000E+00
  2.56876059E+06  5.18747530E+06  1.02475836E-08  3.86992390E+04  7.17854708E-02  0.00000000E+00
  2.56912132E+06  5.18694517E+06  1.02491566E-08  3.86844541E+04  7.16896092E-02  0.00000000E+00
  2.56948205E+06  5.18641505E+06  1.02507299E-08  3.86696899E+04  7.15940003E-02  0.00000000E+00
  2.56984279E+06  5.18588492E+06  1.02523036E-08  3.86549461E+04  7.14986432E-02  0.00000000E+00
  2.57020352E+06  5.18535480E+06  1.02538776E-08  3.86402228E+04  7.14035369E-02  0.00000000E+00
  2.57056425E+06  5.18482468E+06  1.02554519E-08  3.86255201E+04  7.13086805E-02  0.00000000E+00
  2.57092498E+06  5.18429455E+06  1.02570265E-08  3.86108377E+04  7.12140730E-02  0.00000000E+00
  2.57128571E+06  5.18376443E+06  1.02586014E-08  3.85961758E+04  7.11197134E-02  0.00000000E+00
  2.57164644E+06  5.18323431E+06  1.02601767E-08  3.85815343E+04  7.10256008E-02  0.00000000E+00
  2.57200717E+06  5.18270418E+06  1.02617523E-08  3.85669132E+04  7.09317343E-02  0.00000000E+00
  2.57236790E+06  5.18217406E+06  1.02633282E-08  3.85523123E+04  7.08381128E-02  0.00000000E+00
  2.57272863E+06  5.18164394E+06  1.02649044E-08  3.85377318E+04  7.07447355E-02  0.00000000E+00
  2.57308936E+06  5.18111382E+06  1.02664809E-08  3.85231716E+04  7.06516014E-02  0.00000000E+00
  2.57345009E+06  5.18058370E+06  1.02680578E-08  3.85086316E+04  7.05587096E-02  0.00000000E+00
  2.57381082E+06  5.18005358E+06  1.02696350E-08  3.84941118E+04  7.04660592E-02  0.00000000E+00
  2.57417155E+06  5.17952346E+06  1.02712125E-08  3.84796123E+04  7.03736491E-02  0.00000000E+00
  2.57453228E+06  5.17899334E+06  1.02727904E-08  3.84651328E+04  7.02814786E-02  0.00000000E+00
  2.57489301E+06  5.17846322E+06  1.02743685E-08  3.84506736E+04  7.01895466E-02  0.00000000E+00
  2.57525374E+06  5.17793310E+06  1.02759470E-08  3.84362344E+04  7.00978522E-02  0.00000000E+00
  2.57561447E+06  5.17740299E+06  1.02775258E-08  3.84218153E+04  7.00063946E-02  0.00000000E+00
  2.57597520E+06  5.17687287E+06  1.02791049E-08  3.84074163E+04  6.99151727E-02  0.00000000E+00
  2.57633593E+06  5.17634275E+06  1.02806844E-08  3.83930373E+04  6.98241858E-02  0.00000000E+00
  2.57669666E+06  5.17581264E+06  1.02822641E-08  3.83786783E+04  6.97334328E-02  0.00000000E+00
  2.57705739E+06  5.17528252E+06  1.02838442E-08  3.83643393E+04  6.96429129E-02  0.00000000E+00
  2.57741812E+06  5.17475241E+06  1.02854247E-08  3.83500202E+04  6.95526252E-02  0.00000000E+00
  2.57777885E+06  5.17422229E+06  1.02870054E-08  3.83357210E+04  6.94625687E-02  0.00000000E+00
  2.57813958E+06  5.17369218E+06  1.02885865E-08  3.83214417E+04  6.93727426E-02  0.00000000E+00
  2.57850031E+06  5.17316206E+06  1.02901678E-08  3.83071823E+04  6.92831459E-02  0.00000000E+00
  2.57886104E+06  5.17263195E+06  1.02917496E-08  3.82929427E+04  6.91937779E-02  0.00000000E+00
  2.57922177E+06  5.17210184E+06  1.02933316E-08  3.82787228E+04  6.91046375E-02  0.00000000E+00
  2.57958250E+06  5.17157172E+06  1.02949139E-08  3.82645228E+04  6.90157239E-02  0.00000000E+00
  2.57994323E+06  5.17104161E+06  1.02964966E-08  3.82503425E+04  6.89270362E-02  0.00000000E+00
  2.58030396E+06  5.17051150E+06  1.02980796E-08  3.82361820E+04  6.88385735E-02  0.00000000E+00
  2.58066469E+06  5.16998139E+06  1.02996629E-08  3.82220411E+04  6.87503350E-02  0.00000000E+00
  2.58102543E+06  5.16945128E+06  1.03012466E-08  3.82079199E+04  6.86623198E-02  0.00000000E+00
  2.58138616E+06  5.16892117E+06  1.03028306E-08  3.81938184E+04  6.85745270E-02  0.00000000E+00
  2.58174689E+06  5.16839106E+06  1.03044149E-08  3.81797364E+04  6.84869557E-02  0.00000000E+00
  2.58210762E+06  5.16786095E+06  1.03059995E-08  3.81656741E+04  6.83996050E-02  0.00000000E+00
  2.58246835E+06  5.16733084E+06  1.03075844E-08  3.81516313E+04  6.83124742E-02  0.00000000E+00
  2.58282908E+06  5.16680073E+06  1.03091697E-08  3.81376080E+04  6.82255623E-02  0.00000000E+00
  2.58318981E+06  5.16627062E+06  1.03107553E-08  3.81236042E+04  6.81388684E-02  0.00000000E+00
  2.58355054E+06  5.16574051E+06  1.03123412E-08  3.81096199E+04  6.80523918E-02  0.00000000E+00
  2.58391127E+06  5.16521041E+06  1.03139275E-08  3.80956551E+04  6.79661316E-02  0.00000000E+00
  2.58427200E+06  5.16468030E+06  1.03155140E-08  3.80817097E+04  6.78800869E-02  0.00000000E+00
  2.58463273E+06  5.16415019E+06  1.03171009E-08  3.80677836E+04  6.77942569E-02  0.00000000E+00
  2.58499346E+06  5.16362009E+06  1.03186882E-08  3.80538770E+04  6.77086407E-02  0.00000000E+00
  2.58535419E+06  5.16308998E+06  1.03202757E-08  3.80399897E+04  6.76232374E-02  0.00000000E+00
  2.58571492E+06  5.16255987E+06  1.03218636E-08  3.80261216E+04  6.75380464E-02  0.00000000E+00
  2.58607565E+06  5.16202977E+06  1.03234518E-08  3.80122729E+04  6.74530666E-02  0.00000000E+00
  2.58643638E+06  5.16149967E+06  1.03250403E-08  3.79984435E+04  6.73682974E-02  0.00000000E+00
  2.58679711E+06  5.16096956E+06  1.03266291E-08  3.79846332E+04  6.72837378E-02  0.00000000E+00
  2.58715784E+06  5.16043946E+06  1.03282183E-08  3.79708422E+04  6.71993870E-02  0.00000000E+00
  2.58751857E+06  5.15990935E+06  1.03298078E-08  3.79570704E+04  6.71152443E-02  0.00000000E+00
  2.58787930E+06  5.15937925E+06  1.03313976E-08  3.79433177E+04  6.70313087E-02  0.00000000E+00
  2.58824003E+06  5.15884915E+06  1.03329878E-08  3.79295841E+04  6.69475795E-02  0.00000000E+00
  2.58860076E+06  5.15831905E+06  1.03345782E-08  3.79158696E+04  6.68640559E-02  0.00000000E+00
  2.58896149E+06  5.15778895E+06  1.03361690E-08  3.79021743E+04  6.67807370E-02  0.00000000E+00
  2.58932222E+06  5.15725885E+06  1.03377602E-08  3.78884979E+04  6.66976221E-02  0.00000000E+00
  2.58968295E+06  5.15672875E+06  1.03393516E-08  3.78748406E+04  6.66147103E-02  0.00000000E+00
  2.59004368E+06  5.15619864E+06  1.03409434E-08  3.78612023E+04  6.65320009E-02  0.00000000E+00
  2.59040441E+06  5.15566855E+06  1.03425355E-08  3.78475829E+04  6.64494929E-02  0.00000000E+00
  2.59076514E+06  5.15513845E+06  1.03441279E-08  3.78339825E+04  6.63671858E-02  0.00000000E+00
  2.59112587E+06  5.15460835E+06  1.03457207E-08  3.78204010E+04  6.62850785E-02  0.00000000E+00
  2.59148660E+06  5.15407825E+06  1.03473138E-08  3.78068383E+04  6.62031704E-02  0.00000000E+00
  2.59184733E+06  5.15354815E+06  1.03489072E-08  3.77932946E+04  6.61214607E-02  0.00000000E+00
  2.59220806E+06  5.15301805E+06  1.03505009E-08  3.77797697E+04  6.60399486E-02  0.00000000E+00
  2.59256880E+06  5.15248796E+06  1.03520950E-08  3.77662636E+04  6.59586333E-02  0.00000000E+00
  2.59292953E+06  5.15195786E+06  1.03536894E-08  3.77527762E+04  6.58775141E-02  0.00000000E+00
  2.59329026E+06  5.15142776E+06  1.03552841E-08  3.77393077E+04  6.57965900E-02  0.00000000E+00
  2.59365099E+06  5.15089767E+06  1.03568792E-08  3.77258578E+04  6.57158605E-02  0.00000000E+00
  2.59401172E+06  5.15036757E+06  1.03584745E-08  3.77124267E+04  6.56353247E-02  0.00000000E+00
  2.59437245E+06  5.14983748E+06  1.03600703E-08  3.76990142E+04  6.55549818E-02  0.00000000E+00
  2.59473318E+06  5.14930738E+06  1.03616663E-08  3.76856204E+04  6.54748311E-02  0.00000000E+00
  2.59509391E+06  5.14877729E+06  1.03632626E-08  3.76722453E+04  6.53948719E-02  0.00000000E+00
  2.59545464E+06  5.14824719E+06  1.03648593E-08  3.76588887E+04  6.53151033E-02  0.00000000E+00
  2.59581537E+06  5.14771710E+06  1.03664563E-08  3.76455507E+04  6.52355246E-02  0.00000000E+00
  2.59617610E+06  5.14718701E+06  1.03680537E-08  3.76322312E+04  6.51561351E-02  0.00000000E+00
  2.59653683E+06  5.14665691E+06  1.03696514E-08  3.76189303E+04  6.50769340E-02  0.00000000E+00
  2.59689756E+06  5.14612682E+06  1.03712494E-08  3.76056479E+04  6.49979206E-02  0.00000000E+00
  2.59725829E+06  5.14559673E+06  1.03728477E-08  3.75923839E+04  6.49190941E-02  0.00000000E+00
  2.59761902E+06  5.14506664E+06  1.03744463E-08  3.75791384E+04  6.48404539E-02  0.00000000E+00
  2.59797975E+06  5.14453655E+06  1.03760453E-08  3.75659114E+04  6.47619990E-02  0.00000000E+00
  2.59834048E+06  5.14400646E+06  1.03776446E-08  3.75527027E+04  6.46837289E-02  0.00000000E+00
  2.59870121E+06  5.14347636E+06  1.03792443E-08  3.75395123E+04  6.46056428E-02  0.00000000E+00
  2.59906194E+06  5.14294627E+06  1.03808443E-08  3.75263404E+04  6.45277400E-02  0.00000000E+00
  2.59942267E+06  5.14241619E+06  1.03824446E-08  3.75131867E+04  6.44500197E-02  0.00000000E+00
  2.59978340E+06  5.14188610E+06  1.03840452E-08  3.75000513E+04  6.43724812E-02  0.00000000E+00
  2.60014413E+06  5.14135601E+06  1.03856462E-08  3.74869342E+04  6.42951239E-02  0.00000000E+00
  2.60050486E+06  5.14082592E+06  1.03872474E-08  3.74738354E+04  6.42179469E-02  0.00000000E+00
  2.60086559E+06  5.14029583E+06  1.03888491E-08  3.74607548E+04  6.41409496E-02  0.00000000E+00
  2.60122632E+06  5.13976574E+06  1.03904510E-08  3.74476923E+04  6.40641313E-02  0.00000000E+00
  2.60158705E+06  5.13923566E+06  1.03920533E-08  3.74346480E+04  6.39874913E-02  0.00000000E+00
  2.60194778E+06  5.13870557E+06  1.03936559E-08  3.74216219E+04  6.39110288E-02  0.00000000E+00
  2.60230851E+06  5.13817548E+06  1.03952588E-08  3.74086139E+04  6.38347432E-02  0.00000000E+00
  2.60266924E+06  5.13764540E+06  1.03968621E-08  3.73956239E+04  6.37586337E-02  0.00000000E+00
  2.60302997E+06  5.13711531E+06  1.03984657E-08  3.73826521E+04  6.36826997E-02  0.00000000E+00
  2.60339070E+06  5.13658523E+06  1.04000696E-08  3.73696983E+04  6.36069406E-02  0.00000000E+00
  2.60375144E+06  5.13605514E+06  1.04016739E-08  3.73567625E+04  6.35313555E-02  0.00000000E+00
  2.60411217E+06  5.13552506E+06  1.04032785E-08  3.73438446E+04  6.34559438E-02  0.00000000E+00
  2.60447290E+06  5.13499497E+06  1.04048834E-08  3.73309448E+04  6.33807048E-02  0.00000000E+00
  2.60483363E+06  5.13446489E+06  1.04064886E-08  3.73180629E+04  6.33056379E-02  0.00000000E+00
  2.60519436E+06  5.13393481E+06  1.04080942E-08  3.73051989E+04  6.32307424E-02  0.00000000E+00
  2.60555509E+06  5.13340472E+06  1.04097001E-08  3.72923528E+04  6.31560175E-02  0.00000000E+00
  2.60591582E+06  5.13287464E+06  1.04113064E-08  3.72795245E+04  6.30814627E-02  0.00000000E+00
  2.60627655E+06  5.13234456E+06  1.04129129E-08  3.72667141E+04  6.30070773E-02  0.00000000E+00
  2.60663728E+06  5.13181448E+06  1.04145199E-08  3.72539215E+04  6.29328605E-02  0.00000000E+00
  2.60699801E+06  5.13128440E+06  1.04161271E-08  3.72411467E+04  6.28588118E-02  0.00000000E+00
  2.60735874E+06  5.13075431E+06  1.04177347E-08  3.72283897E+04  6.27849305E-02  0.00000000E+00
  2.60771947E+06  5.13022423E+06  1.04193426E-08  3.72156504E+04  6.27112159E-02  0.00000000E+00
  2.60808020E+06  5.12969415E+06  1.04209508E-08  3.72029289E+04  6.26376673E-02  0.00000000E+00
  2.60844093E+06  5.12916407E+06  1.04225593E-08  3.71902250E+04  6.25642842E-02  0.00000000E+00
  2.60880166E+06  5.12863399E+06  1.04241682E-08  3.71775388E+04  6.24910659E-02  0.00000000E+00
  2.60916239E+06  5.12810392E+06  1.04257775E-08  3.71648702E+04  6.24180116E-02  0.00000000E+00
  2.60952312E+06  5.12757384E+06  1.04273870E-08  3.71522193E+04  6.23451209E-02  0.00000000E+00
  2.60988385E+06  5.12704376E+06  1.04289969E-08  3.71395859E+04  6.22723930E-02  0.00000000E+00
  2.61024458E+06  5.12651368E+06  1.04306071E-08  3.71269701E+04  6.21998274E-02  0.00000000E+00
  2.61060531E+06  5.12598360E+06  1.04322177E-08  3.71143719E+04  6.21274233E-02  0.00000000E+00
  2.61096604E+06  5.12545353E+06  1.04338286E-08  3.71017912E+04  6.20551802E-02  0.00000000E+00
  2.61132677E+06  5.12492345E+06  1.04354398E-08  3.70892280E+04  6.19830974E-02  0.00000000E+00
  2.61168750E+06  5.12439337E+06  1.04370513E-08  3.70766822E+04  6.19111743E-02  0.00000000E+00
  2.61204823E+06  5.12386330E+06  1.04386632E-08  3.70641539E+04  6.18394103E-02  0.00000000E+00
  2.61240896E+06  5.12333322E+06  1.04402754E-08  3.70516430E+04  6.17678048E-02  0.00000000E+00
  2.61276969E+06  5.12280315E+06  1.04418880E-08  3.70391496E+04  6.16963571E-02  0.00000000E+00
  2.61313042E+06  5.12227307E+06  1.04435009E-08  3.70266735E+04  6.16250667E-02  0.00000000E+00
  2.61349115E+06  5.12174300E+06  1.04451141E-08  3.70142147E+04  6.15539329E-02  0.00000000E+00
  2.61385188E+06  5.12121292E+06  1.04467276E-08  3.70017733E+04  6.14829551E-02  0.00000000E+00
  2.61421261E+06  5.12068285E+06  1.04483415E-08  3.69893492E+04  6.14121328E-02  0.00000000E+00
  2.61457334E+06  5.12015277E+06  1.04499557E-08  3.69769423E+04  6.13414652E-02  0.00000000E+00
  2.61493407E+06  5.11962270E+06  1.04515703E-08  3.69645527E+04  6.12709519E-02  0.00000000E+00
  2.61529481E+06  5.11909263E+06  1.04531852E-08  3.69521804E+04  6.12005922E-02  0.00000000E+00
  2.61565554E+06  5.11856256E+06  1.04548004E-08  3.69398252E+04  6.11303856E-02  0.00000000E+00
  2.61601627E+06  5.11803248E+06  1.04564159E-08  3.69274872E+04  6.10603314E-02  0.00000000E+00
  2.61637700E+06  5.11750241E+06  1.04580318E-08  3.69151664E+04  6.09904291E-02  0.00000000E+00
  2.61673773E+06  5.11697234E+06  1.04596480E-08  3.69028628E+04  6.09206780E-02  0.00000000E+00
  2.61709846E+06  5.11644227E+06  1.04612646E-08  3.68905762E+04  6.08510776E-02  0.00000000E+00
  2.61745919E+06  5.11591220E+06  1.04628815E-08  3.68783067E+04  6.07816274E-02  0.00000000E+00
  2.61781992E+06  5.11538213E+06  1.04644987E-08  3.68660543E+04  6.07123267E-02  0.00000000E+00
  2.61818065E+06  5.11485206E+06  1.04661162E-08  3.68538189E+04  6.06431749E-02  0.00000000E+00
  2.61854138E+06  5.11432199E+06  1.04677341E-08  3.68416006E+04  6.05741716E-02  0.00000000E+00
  2.61890211E+06  5.11379192E+06  1.04693524E-08  3.68293992E+04  6.05053161E-02  0.00000000E+00
  2.61926284E+06  5.11326185E+06  1.04709709E-08  3.68172148E+04  6.04366078E-02  0.00000000E+00
  2.61962357E+06  5.11273178E+06  1.04725898E-08  3.68050474E+04  6.03680463E-02  0.00000000E+00
  2.61998430E+06  5.11220172E+06  1.04742090E-08  3.67928969E+04  6.02996309E-02  0.00000000E+00
  2.62034503E+06  5.11167165E+06  1.04758286E-08  3.67807632E+04  6.02313611E-02  0.00000000E+00
  2.62070576E+06  5.11114158E+06  1.04774485E-08  3.67686465E+04  6.01632364E-02  0.00000000E+00
  2.62106649E+06  5.11061151E+06  1.04790687E-08  3.67565466E+04  6.00952561E-02  0.00000000E+00
  2.62142722E+06  5.11008145E+06  1.04806893E-08  3.67444635E+04  6.00274198E-02  0.00000000E+00
  2.62178795E+06  5.10955138E+06  1.04823102E-08  3.67323972E+04  5.99597268E-02  0.00000000E+00
  2.62214868E+06  5.10902131E+06  1.04839315E-08  3.67203477E+04  5.98921768E-02  0.00000000E+00
  2.62250941E+06  5.10849125E+06  1.04855530E-08  3.67083150E+04  5.98247690E-02  0.00000000E+00
  2.62287014E+06  5.10796118E+06  1.04871749E-08  3.66962990E+04  5.97575030E-02  0.00000000E+00
  2.62323087E+06  5.10743112E+06  1.04887972E-08  3.66842997E+04  5.96903782E-02  0.00000000E+00
  2.62359160E+06  5.10690105E+06  1.04904198E-08  3.66723171E+04  5.96233942E-02  0.00000000E+00
  2.62395233E+06  5.10637099E+06  1.04920427E-08  3.66603512E+04  5.95565503E-02  0.00000000E+00
  2.62431306E+06  5.10584093E+06  1.04936660E-08  3.66484019E+04  5.94898461E-02  0.00000000E+00
  2.62467379E+06  5.10531086E+06  1.04952895E-08  3.66364692E+04  5.94232811E-02  0.00000000E+00
  2.62503452E+06  5.10478080E+06  1.04969135E-08  3.66245531E+04  5.93568546E-02  0.00000000E+00
  2.62539525E+06  5.10425074E+06  1.04985377E-08  3.66126536E+04  5.92905662E-02  0.00000000E+00
  2.62575598E+06  5.10372067E+06  1.05001623E-08  3.66007707E+04  5.92244154E-02  0.00000000E+00
  2.62611671E+06  5.10319061E+06  1.05017873E-08  3.65889042E+04  5.91584017E-02  0.00000000E+00
  2.62647745E+06  5.10266055E+06  1.05034126E-08  3.65770543E+04  5.90925245E-02  0.00000000E+00
  2.62683818E+06  5.10213049E+06  1.05050382E-08  3.65652209E+04  5.90267834E-02  0.00000000E+00
  2.62719891E+06  5.10160043E+06  1.05066641E-08  3.65534039E+04  5.89611778E-02  0.00000000E+00
  2.62755964E+06  5.10107037E+06  1.05082904E-08  3.65416033E+04  5.88957072E-02  0.00000000E+00
  2.62792037E+06  5.10054031E+06  1.05099170E-08  3.65298192E+04  5.88303712E-02  0.00000000E+00
  2.62828110E+06  5.10001025E+06  1.05115440E-08  3.65180514E+04  5.87651692E-02  0.00000000E+00
  2.62864183E+06  5.09948019E+06  1.05131713E-08  3.65063000E+04  5.87001007E-02  0.00000000E+00
  2.62900256E+06  5.09895013E+06  1.05147989E-08  3.64945650E+04  5.86351653E-02  0.00000000E+00
  2.62936329E+06  5.09842007E+06  1.05164269E-08  3.64828463E+04  5.85703624E-02  0.00000000E+00
  2.62972402E+06  5.09789001E+06  1.05180552E-08  3.64711438E+04  5.85056917E-02  0.00000000E+00
  2.63008475E+06  5.09735995E+06  1.05196839E-08  3.64594577E+04  5.84411525E-02  0.00000000E+00
  2.63044548E+06  5.09682989E+06  1.05213129E-08  3.64477878E+04  5.83767444E-02  0.00000000E+00
  2.63080621E+06  5.09629983E+06  1.05229422E-08  3.64361341E+04  5.83124669E-02  0.00000000E+00
  2.63116694E+06  5.09576978E+06  1.05245719E-08  3.64244966E+04  5.82483196E-02  0.00000000E+00
  2.63152767E+06  5.09523972E+06  1.05262019E-08  3.64128753E+04  5.81843020E-02  0.00000000E+00
  2.63188840E+06  5.09470966E+06  1.05278322E-08  3.64012702E+04  5.81204135E-02  0.00000000E+00
  2.63224913E+06  5.09417961E+06  1.05294629E-08  3.63896812E+04  5.80566538E-02  0.00000000E+00
  2.63260986E+06  5.09364955E+06  1.05310939E-08  3.63781084E+04  5.79930224E-02  0.00000000E+00
  2.63297059E+06  5.09311950E+06  1.05327253E-08  3.63665516E+04  5.79295187E-02  0.00000000E+00
  2.63333132E+06  5.09258944E+06  1.05343570E-08  3.63550109E+04  5.78661424E-02  0.00000000E+00
  2.63369205E+06  5.09205938E+06  1.05359890E-08  3.63434863E+04  5.78028929E-02  0.00000000E+00
  2.63405278E+06  5.09152933E+06  1.05376214E-08  3.63319777E+04  5.77397699E-02  0.00000000E+00
  2.63441351E+06  5.09099928E+06  1.05392541E-08  3.63204851E+04  5.76767729E-02  0.00000000E+00
  2.63477424E+06  5.09046922E+06  1.05408871E-08  3.63090084E+04  5.76139013E-02  0.00000000E+00
  2.63513497E+06  5.08993917E+06  1.05425205E-08  3.62975478E+04  5.75511548E-02  0.00000000E+00
  2.63549570E+06  5.08940911E+06  1.05441543E-08  3.62861030E+04  5.74885329E-02  0.00000000E+00
  2.63585643E+06  5.08887906E+06  1.05457884E-08  3.62746742E+04  5.74260352E-02  0.00000000E+00
  2.63621716E+06  5.08834901E+06  1.05474228E-08  3.62632613E+04  5.73636612E-02  0.00000000E+00
  2.63657789E+06  5.08781896E+06  1.05490575E-08  3.62518643E+04  5.73014105E-02  0.00000000E+00
  2.63693862E+06  5.08728890E+06  1.05506926E-08  3.62404831E+04  5.72392826E-02  0.00000000E+00
  2.63729935E+06  5.08675885E+06  1.05523280E-08  3.62291177E+04  5.71772771E-02  0.00000000E+00
  2.63766008E+06  5.08622880E+06  1.05539638E-08  3.62177681E+04  5.71153936E-02  0.00000000E+00
  2.63802082E+06  5.08569875E+06  1.05555999E-08  3.62064344E+04  5.70536316E-02  0.00000000E+00
  2.63838155E+06  5.08516870E+06  1.05572364E-08  3.61951164E+04  5.69919908E-02  0.00000000E+00
  2.63874228E+06  5.08463865E+06  1.05588732E-08  3.61838141E+04  5.69304706E-02  0.00000000E+00
  2.63910301E+06  5.08410860E+06  1.05605103E-08  3.61725275E+04  5.68690707E-02  0.00000000E+00
  2.63946374E+06  5.08357855E+06  1.05621478E-08  3.61612567E+04  5.68077906E-02  0.00000000E+00
  2.63982447E+06  5.08304850E+06  1.05637856E-08  3.61500015E+04  5.67466299E-02  0.00000000E+00
  2.64018520E+06  5.08251845E+06  1.05654238E-08  3.61387620E+04  5.66855883E-02  0.00000000E+00
  2.64054593E+06  5.08198840E+06  1.05670623E-08  3.61275381E+04  5.66246652E-02  0.00000000E+00
  2.64090666E+06  5.08145835E+06  1.05687011E-08  3.61163298E+04  5.65638603E-02  0.00000000E+00
  2.64126739E+06  5.08092830E+06  1.05703403E-08  3.61051371E+04  5.65031732E-02  0.00000000E+00
  2.64162812E+06  5.08039826E+06  1.05719798E-08  3.60939599E+04  5.64426034E-02  0.00000000E+00
  2.64198885E+06  5.07986821E+06  1.05736197E-08  3.60827983E+04  5.63821505E-02  0.00000000E+00
  2.64234958E+06  5.07933816E+06  1.05752599E-08  3.60716523E+04  5.63218142E-02  0.00000000E+00
  2.64271031E+06  5.07880811E+06  1.05769004E-08  3.60605217E+04  5.62615940E-02  0.00000000E+00
  2.64307104E+06  5.07827807E+06  1.05785413E-08  3.60494066E+04  5.62014896E-02  0.00000000E+00
  2.64343177E+06  5.07774802E+06  1.05801825E-08  3.60383070E+04  5.61415005E-02  0.00000000E+00
  2.64379250E+06  5.07721797E+06  1.05818241E-08  3.60272228E+04  5.60816264E-02  0.00000000E+00
  2.64415323E+06  5.07668793E+06  1.05834660E-08  3.60161540E+04  5.60218668E-02  0.00000000E+00
  2.64451396E+06  5.07615788E+06  1.05851083E-08  3.60051006E+04  5.59622213E-02  0.00000000E+00
  2.64487469E+06  5.07562784E+06  1.05867509E-08  3.59940626E+04  5.59026897E-02  0.00000000E+00
  2.64523542E+06  5.07509779E+06  1.05883938E-08  3.59830400E+04  5.58432714E-02  0.00000000E+00
  2.64559615E+06  5.07456775E+06  1.05900371E-08  3.59720326E+04  5.57839661E-02  0.00000000E+00
  2.64595688E+06  5.07403770E+06  1.05916807E-08  3.59610406E+04  5.57247734E-02  0.00000000E+00
  2.64631761E+06  5.07350766E+06  1.05933247E-08  3.59500639E+04  5.56656930E-02  0.00000000E+00
  2.64667834E+06  5.07297762E+06  1.05949690E-08  3.59391024E+04  5.56067245E-02  0.00000000E+00
  2.64703907E+06  5.07244757E+06  1.05966137E-08  3.59281562E+04  5.55478674E-02  0.00000000E+00
  2.64739980E+06  5.07191753E+06  1.05982587E-08  3.59172252E+04  5.54891214E-02  0.00000000E+00
  2.64776053E+06  5.07138749E+06  1.05999040E-08  3.59063094E+04  5.54304862E-02  0.00000000E+00
  2.64812126E+06  5.07085745E+06  1.06015497E-08  3.58954088E+04  5.53719613E-02  0.00000000E+00
  2.64848199E+06  5.07032740E+06  1.06031957E-08  3.58845233E+04  5.53135464E-02  0.00000000E+00
  2.64884272E+06  5.06979736E+06  1.06048421E-08  3.58736530E+04  5.52552412E-02  0.00000000E+00
  2.64920346E+06  5.06926732E+06  1.06064888E-08  3.58627978E+04  5.51970452E-02  0.00000000E+00
  2.64956419E+06  5.06873728E+06  1.06081359E-08  3.58519577E+04  5.51389581E-02  0.00000000E+00
  2.64992492E+06  5.06820724E+06  1.06097833E-08  3.58411327E+04  5.50809796E-02  0.00000000E+00
  2.65028565E+06  5.06767720E+06  1.06114310E-08  3.58303227E+04  5.50231093E-02  0.00000000E+00
  2.65064638E+06  5.06714716E+06  1.06130791E-08  3.58195278E+04  5.49653468E-02  0.00000000E+00
  2.65100711E+06  5.06661712E+06  1.06147276E-08  3.58087478E+04  5.49076918E-02  0.00000000E+00
  2.65136784E+06  5.06608708E+06  1.06163763E-08  3.57979829E+04  5.48501439E-02  0.00000000E+00
  2.65172857E+06  5.06555704E+06  1.06180255E-08  3.57872329E+04  5.47927028E-02  0.00000000E+00
  2.65208930E+06  5.06502700E+06  1.06196749E-08  3.57764979E+04  5.47353681E-02  0.00000000E+00
  2.65245003E+06  5.06449696E+06  1.06213248E-08  3.57657778E+04  5.46781395E-02  0.00000000E+00
  2.65281076E+06  5.06396692E+06  1.06229749E-08  3.57550727E+04  5.46210167E-02  0.00000000E+00
  2.65317149E+06  5.06343688E+06  1.06246254E-08  3.57443824E+04  5.45639992E-02  0.00000000E+00
  2.65353222E+06  5.06290685E+06  1.06262763E-08  3.57337070E+04  5.45070868E-02  0.00000000E+00
  2.65389295E+06  5.06237681E+06  1.06279275E-08  3.57230464E+04  5.44502791E-02  0.00000000E+00
  2.65425368E+06  5.06184677E+06  1.06295790E-08  3.57124006E+04  5.43935758E-02  0.00000000E+00
  2.65461441E+06  5.06131673E+06  1.06312309E-08  3.57017697E+04  5.43369766E-02  0.00000000E+00
  2.65497514E+06  5.06078670E+06  1.06328831E-08  3.56911535E+04  5.42804811E-02  0.00000000E+00
  2.65533587E+06  5.06025666E+06  1.06345357E-08  3.56805521E+04  5.42240889E-02  0.00000000E+00
  2.65569660E+06  5.05972662E+06  1.06361886E-08  3.56699655E+04  5.41677998E-02  0.00000000E+00
  2.65605733E+06  5.05919659E+06  1.06378419E-08  3.56593936E+04  5.41116135E-02  0.00000000E+00
  2.65641806E+06  5.05866655E+06  1.06394955E-08  3.56488363E+04  5.40555295E-02  0.00000000E+00
  2.65677879E+06  5.05813652E+06  1.06411494E-08  3.56382938E+04  5.39995476E-02  0.00000000E+00
  2.65713952E+06  5.05760648E+06  1.06428037E-08  3.56277659E+04  5.39436675E-02  0.00000000E+00
  2.65750025E+06  5.05707645E+06  1.06444584E-08  3.56172527E+04  5.38878889E-02  0.00000000E+00
  2.65786098E+06  5.05654641E+06  1.06461134E-08  3.56067541E+04  5.38322113E-02  0.00000000E+00
  2.65822171E+06  5.05601638E+06  1.06477687E-08  3.55962701E+04  5.37766346E-02  0.00000000E+00
  2.65858244E+06  5.05548635E+06  1.06494244E-08  3.55858006E+04  5.37211583E-02  0.00000000E+00
  2.65894317E+06  5.05495631E+06  1.06510805E-08  3.55753458E+04  5.36657822E-02  0.00000000E+00
  2.65930390E+06  5.05442628E+06  1.06527368E-08  3.55649054E+04  5.36105060E-02  0.00000000E+00
  2.65966463E+06  5.05389625E+06  1.06543936E-08  3.55544796E+04  5.35553294E-02  0.00000000E+00
  2.66002536E+06  5.05336621E+06  1.06560507E-08  3.55440683E+04  5.35002520E-02  0.00000000E+00
  2.66038610E+06  5.05283618E+06  1.06577081E-08  3.55336715E+04  5.34452736E-02  0.00000000E+00
  2.66074683E+06  5.05230615E+06  1.06593658E-08  3.55232891E+04  5.33903938E-02  0.00000000E+00
  2.66110756E+06  5.05177612E+06  1.06610240E-08  3.55129211E+04  5.33356123E-02  0.00000000E+00
  2.66146829E+06  5.05124609E+06  1.06626824E-08  3.55025676E+04  5.32809289E-02  0.00000000E+00
  2.66182902E+06  5.05071605E+06  1.06643412E-08  3.54922285E+04  5.32263433E-02  0.00000000E+00
  2.66218975E+06  5.05018602E+06  1.06660004E-08  3.54819038E+04  5.31718551E-02  0.00000000E+00
  2.66255048E+06  5.04965599E+06  1.06676599E-08  3.54715934E+04  5.31174640E-02  0.00000000E+00
  2.66291121E+06  5.04912596E+06  1.06693198E-08  3.54612974E+04  5.30631698E-02  0.00000000E+00
  2.66327194E+06  5.04859593E+06  1.06709800E-08  3.54510156E+04  5.30089721E-02  0.00000000E+00
  2.66363267E+06  5.04806590E+06  1.06726405E-08  3.54407482E+04  5.29548708E-02  0.00000000E+00
  2.66399340E+06  5.04753587E+06  1.06743014E-08  3.54304951E+04  5.29008654E-02  0.00000000E+00
  2.66435413E+06  5.04700584E+06  1.06759627E-08  3.54202562E+04  5.28469557E-02  0.00000000E+00
  2.66471486E+06  5.04647581E+06  1.06776243E-08  3.54100315E+04  5.27931415E-02  0.00000000E+00
  2.66507559E+06  5.04594579E+06  1.06792862E-08  3.53998211E+04  5.27394223E-02  0.00000000E+00
  2.66543632E+06  5.04541576E+06  1.06809485E-08  3.53896249E+04  5.26857981E-02  0.00000000E+00
  2.66579705E+06  5.04488573E+06  1.06826112E-08  3.53794428E+04  5.26322683E-02  0.00000000E+00
  2.66615778E+06  5.04435570E+06  1.06842741E-08  3.53692750E+04  5.25788329E-02  0.00000000E+00
  2.66651851E+06  5.04382567E+06  1.06859375E-08  3.53591212E+04  5.25254915E-02  0.00000000E+00
  2.66687924E+06  5.04329565E+06  1.06876012E-08  3.53489816E+04  5.24722439E-02  0.00000000E+00
  2.66723997E+06  5.04276562E+06  1.06892652E-08  3.53388561E+04  5.24190897E-02  0.00000000E+00
  2.66760070E+06  5.04223559E+06  1.06909296E-08  3.53287446E+04  5.23660286E-02  0.00000000E+00
  2.66796143E+06  5.04170557E+06  1.06925943E-08  3.53186473E+04  5.23130606E-02  0.00000000E+00
  2.66832216E+06  5.04117554E+06  1.06942594E-08  3.53085639E+04  5.22601851E-02  0.00000000E+00
  2.66868289E+06  5.04064551E+06  1.06959249E-08  3.52984946E+04  5.22074021E-02  0.00000000E+00
  2.66904362E+06  5.04011549E+06  1.06975907E-08  3.52884393E+04  5.21547111E-02  0.00000000E+00
  2.66940435E+06  5.03958546E+06  1.06992568E-08  3.52783980E+04  5.21021120E-02  0.00000000E+00
  2.66976508E+06  5.03905544E+06  1.07009233E-08  3.52683706E+04  5.20496045E-02  0.00000000E+00
  2.67012581E+06  5.03852541E+06  1.07025901E-08  3.52583572E+04  5.19971884E-02  0.00000000E+00
  2.67048654E+06  5.03799539E+06  1.07042573E-08  3.52483577E+04  5.19448633E-02  0.00000000E+00
  2.67084727E+06  5.03746536E+06  1.07059248E-08  3.52383722E+04  5.18926290E-02  0.00000000E+00
  2.67120800E+06  5.03693534E+06  1.07075927E-08  3.52284005E+04  5.18404852E-02  0.00000000E+00
  2.67156873E+06  5.03640531E+06  1.07092610E-08  3.52184426E+04  5.17884318E-02  0.00000000E+00
  2.67192947E+06  5.03587529E+06  1.07109295E-08  3.52084987E+04  5.17364683E-02  0.00000000E+00
  2.67229020E+06  5.03534527E+06  1.07125985E-08  3.51985685E+04  5.16845947E-02  0.00000000E+00
  2.67265093E+06  5.03481524E+06  1.07142678E-08  3.51886522E+04  5.16328106E-02  0.00000000E+00
  2.67301166E+06  5.03428522E+06  1.07159374E-08  3.51787496E+04  5.15811158E-02  0.00000000E+00
  2.67337239E+06  5.03375520E+06  1.07176074E-08  3.51688609E+04  5.15295100E-02  0.00000000E+00
  2.67373312E+06  5.03322518E+06  1.07192777E-08  3.51589858E+04  5.14779930E-02  0.00000000E+00
  2.67409385E+06  5.03269516E+06  1.07209484E-08  3.51491246E+04  5.14265646E-02  0.00000000E+00
  2.67445458E+06  5.03216513E+06  1.07226195E-08  3.51392770E+04  5.13752244E-02  0.00000000E+00
  2.67481531E+06  5.03163511E+06  1.07242909E-08  3.51294431E+04  5.13239724E-02  0.00000000E+00
  2.67517604E+06  5.03110509E+06  1.07259626E-08  3.51196229E+04  5.12728081E-02  0.00000000E+00
  2.67553677E+06  5.03057507E+06  1.07276347E-08  3.51098164E+04  5.12217314E-02  0.00000000E+00
  2.67589750E+06  5.03004505E+06  1.07293072E-08  3.51000235E+04  5.11707420E-02  0.00000000E+00
  2.67625823E+06  5.02951503E+06  1.07309800E-08  3.50902442E+04  5.11198397E-02  0.00000000E+00
  2.67661896E+06  5.02898501E+06  1.07326531E-08  3.50804785E+04  5.10690243E-02  0.00000000E+00
  2.67697969E+06  5.02845499E+06  1.07343266E-08  3.50707264E+04  5.10182955E-02  0.00000000E+00
  2.67734042E+06  5.02792497E+06  1.07360005E-08  3.50609879E+04  5.09676531E-02  0.00000000E+00
  2.67770115E+06  5.02739495E+06  1.07376747E-08  3.50512629E+04  5.09170968E-02  0.00000000E+00
  2.67806188E+06  5.02686493E+06  1.07393493E-08  3.50415514E+04  5.08666265E-02  0.00000000E+00
  2.67842261E+06  5.02633491E+06  1.07410242E-08  3.50318534E+04  5.08162418E-02  0.00000000E+00
  2.67878334E+06  5.02580489E+06  1.07426995E-08  3.50221689E+04  5.07659427E-02  0.00000000E+00
  2.67914407E+06  5.02527487E+06  1.07443751E-08  3.50124979E+04  5.07157287E-02  0.00000000E+00
  2.67950480E+06  5.02474486E+06  1.07460511E-08  3.50028404E+04  5.06655998E-02  0.00000000E+00
  2.67986553E+06  5.02421484E+06  1.07477274E-08  3.49931962E+04  5.06155557E-02  0.00000000E+00
  2.68022626E+06  5.02368482E+06  1.07494041E-08  3.49835655E+04  5.05655961E-02  0.00000000E+00
  2.68058699E+06  5.02315480E+06  1.07510811E-08  3.49739482E+04  5.05157209E-02  0.00000000E+00
  2.68094772E+06  5.02262479E+06  1.07527585E-08  3.49643443E+04  5.04659298E-02  0.00000000E+00
  2.68130845E+06  5.02209477E+06  1.07544362E-08  3.49547537E+04  5.04162226E-02  0.00000000E+00
  2.68166918E+06  5.02156475E+06  1.07561143E-08  3.49451764E+04  5.03665991E-02  0.00000000E+00
  2.68202991E+06  5.02103474E+06  1.07577928E-08  3.49356125E+04  5.03170591E-02  0.00000000E+00
  2.68239064E+06  5.02050472E+06  1.07594716E-08  3.49260619E+04  5.02676023E-02  0.00000000E+00
  2.68275137E+06  5.01997471E+06  1.07611508E-08  3.49165245E+04  5.02182285E-02  0.00000000E+00
  2.68311211E+06  5.01944469E+06  1.07628303E-08  3.49070004E+04  5.01689376E-02  0.00000000E+00
  2.68347284E+06  5.01891467E+06  1.07645101E-08  3.48974896E+04  5.01197292E-02  0.00000000E+00
  2.68383357E+06  5.01838466E+06  1.07661904E-08  3.48879920E+04  5.00706033E-02  0.00000000E+00
  2.68419430E+06  5.01785464E+06  1.07678709E-08  3.48785076E+04  5.00215595E-02  0.00000000E+00
  2.68455503E+06  5.01732463E+06  1.07695519E-08  3.48690363E+04  4.99725978E-02  0.00000000E+00
  2.68491576E+06  5.01679462E+06  1.07712331E-08  3.48595783E+04  4.99237178E-02  0.00000000E+00
  2.68527649E+06  5.01626460E+06  1.07729148E-08  3.48501334E+04  4.98749193E-02  0.00000000E+00
  2.68563722E+06  5.01573459E+06  1.07745968E-08  3.48407017E+04  4.98262022E-02  0.00000000E+00
  2.68599795E+06  5.01520457E+06  1.07762791E-08  3.48312830E+04  4.97775663E-02  0.00000000E+00
  2.68635868E+06  5.01467456E+06  1.07779618E-08  3.48218775E+04  4.97290113E-02  0.00000000E+00
  2.68671941E+06  5.01414455E+06  1.07796449E-08  3.48124850E+04  4.96805371E-02  0.00000000E+00
  2.68708014E+06  5.01361454E+06  1.07813283E-08  3.48031056E+04  4.96321434E-02  0.00000000E+00
  2.68744087E+06  5.01308452E+06  1.07830121E-08  3.47937393E+04  4.95838300E-02  0.00000000E+00
  2.68780160E+06  5.01255451E+06  1.07846962E-08  3.47843860E+04  4.95355968E-02  0.00000000E+00
  2.68816233E+06  5.01202450E+06  1.07863807E-08  3.47750457E+04  4.94874435E-02  0.00000000E+00
  2.68852306E+06  5.01149449E+06  1.07880655E-08  3.47657183E+04  4.94393700E-02  0.00000000E+00
  2.68888379E+06  5.01096448E+06  1.07897507E-08  3.47564040E+04  4.93913761E-02  0.00000000E+00
  2.68924452E+06  5.01043446E+06  1.07914362E-08  3.47471026E+04  4.93434615E-02  0.00000000E+00
  2.68960525E+06  5.00990445E+06  1.07931222E-08  3.47378141E+04  4.92956260E-02  0.00000000E+00
  2.68996598E+06  5.00937444E+06  1.07948084E-08  3.47285386E+04  4.92478696E-02  0.00000000E+00
  2.69032671E+06  5.00884443E+06  1.07964950E-08  3.47192759E+04  4.92001919E-02  0.00000000E+00
  2.69068744E+06  5.00831442E+06  1.07981820E-08  3.47100262E+04  4.91525928E-02  0.00000000E+00
  2.69104817E+06  5.00778441E+06  1.07998693E-08  3.47007893E+04  4.91050721E-02  0.00000000E+00
  2.69140890E+06  5.00725440E+06  1.08015570E-08  3.46915652E+04  4.90576297E-02  0.00000000E+00
  2.69176963E+06  5.00672439E+06  1.08032451E-08  3.46823540E+04  4.90102652E-02  0.00000000E+00
  2.69213036E+06  5.00619438E+06  1.08049335E-08  3.46731556E+04  4.89629786E-02  0.00000000E+00
  2.69249109E+06  5.00566437E+06  1.08066222E-08  3.46639699E+04  4.89157697E-02  0.00000000E+00
  2.69285182E+06  5.00513436E+06  1.08083113E-08  3.46547971E+04  4.88686382E-02  0.00000000E+00
  2.69321255E+06  5.00460435E+06  1.08100008E-08  3.46456370E+04  4.88215840E-02  0.00000000E+00
  2.69357328E+06  5.00407435E+06  1.08116906E-08  3.46364896E+04  4.87746069E-02  0.00000000E+00
  2.69393401E+06  5.00354434E+06  1.08133808E-08  3.46273550E+04  4.87277067E-02  0.00000000E+00
  2.69429474E+06  5.00301433E+06  1.08150714E-08  3.46182331E+04  4.86808833E-02  0.00000000E+00
  2.69465548E+06  5.00248432E+06  1.08167623E-08  3.46091238E+04  4.86341364E-02  0.00000000E+00
  2.69501621E+06  5.00195431E+06  1.08184535E-08  3.46000273E+04  4.85874659E-02  0.00000000E+00
  2.69537694E+06  5.00142431E+06  1.08201451E-08  3.45909434E+04  4.85408716E-02  0.00000000E+00
  2.69573767E+06  5.00089430E+06  1.08218371E-08  3.45818721E+04  4.84943533E-02  0.00000000E+00
  2.69609840E+06  5.00036429E+06  1.08235295E-08  3.45728134E+04  4.84479109E-02  0.00000000E+00
  2.69645913E+06  4.99983429E+06  1.08252222E-08  3.45637673E+04  4.84015441E-02  0.00000000E+00
  2.69681986E+06  4.99930428E+06  1.08269152E-08  3.45547338E+04  4.83552529E-02  0.00000000E+00
  2.69718059E+06  4.99877427E+06  1.08286086E-08  3.45457129E+04  4.83090370E-02  0.00000000E+00
  2.69754132E+06  4.99824427E+06  1.08303024E-08  3.45367045E+04  4.82628962E-02  0.00000000E+00
  2.69790205E+06  4.99771426E+06  1.08319965E-08  3.45277087E+04  4.82168305E-02  0.00000000E+00
  2.69826278E+06  4.99718426E+06  1.08336910E-08  3.45187253E+04  4.81708395E-02  0.00000000E+00
  2.69862351E+06  4.99665425E+06  1.08353858E-08  3.45097545E+04  4.81249232E-02  0.00000000E+00
  2.69898424E+06  4.99612425E+06  1.08370810E-08  3.45007961E+04  4.80790813E-02  0.00000000E+00
  2.69934497E+06  4.99559424E+06  1.08387766E-08  3.44918502E+04  4.80333138E-02  0.00000000E+00
  2.69970570E+06  4.99506424E+06  1.08404725E-08  3.44829167E+04  4.79876204E-02  0.00000000E+00
  2.70006643E+06  4.99453423E+06  1.08421688E-08  3.44739956E+04  4.79420010E-02  0.00000000E+00
  2.70042716E+06  4.99400423E+06  1.08438654E-08  3.44650870E+04  4.78964553E-02  0.00000000E+00
  2.70078789E+06  4.99347423E+06  1.08455624E-08  3.44561907E+04  4.78509834E-02  0.00000000E+00
  2.70114862E+06  4.99294422E+06  1.08472598E-08  3.44473069E+04  4.78055849E-02  0.00000000E+00
  2.70150935E+06  4.99241422E+06  1.08489575E-08  3.44384353E+04  4.77602597E-02  0.00000000E+00
  2.70187008E+06  4.99188422E+06  1.08506556E-08  3.44295762E+04  4.77150077E-02  0.00000000E+00
  2.70223081E+06  4.99135421E+06  1.08523540E-08  3.44207293E+04  4.76698286E-02  0.00000000E+00
  2.70259154E+06  4.99082421E+06  1.08540528E-08  3.44118947E+04  4.76247224E-02  0.00000000E+00
  2.70295227E+06  4.99029421E+06  1.08557520E-08  3.44030724E+04  4.75796889E-02  0.00000000E+00
  2.70331300E+06  4.98976421E+06  1.08574515E-08  3.43942624E+04  4.75347279E-02  0.00000000E+00
  2.70367373E+06  4.98923420E+06  1.08591514E-08  3.43854647E+04  4.74898392E-02  0.00000000E+00
  2.70403446E+06  4.98870420E+06  1.08608517E-08  3.43766792E+04  4.74450228E-02  0.00000000E+00
  2.70439519E+06  4.98817420E+06  1.08625523E-08  3.43679059E+04  4.74002783E-02  0.00000000E+00
  2.70475592E+06  4.98764420E+06  1.08642532E-08  3.43591448E+04  4.73556058E-02  0.00000000E+00
  2.70511665E+06  4.98711420E+06  1.08659546E-08  3.43503958E+04  4.73110050E-02  0.00000000E+00
  2.70547738E+06  4.98658420E+06  1.08676562E-08  3.43416591E+04  4.72664758E-02  0.00000000E+00
  2.70583812E+06  4.98605420E+06  1.08693583E-08  3.43329345E+04  4.72220180E-02  0.00000000E+00
  2.70619885E+06  4.98552420E+06  1.08710607E-08  3.43242220E+04  4.71776314E-02  0.00000000E+00
  2.70655958E+06  4.98499420E+06  1.08727635E-08  3.43155217E+04  4.71333160E-02  0.00000000E+00
  2.70692031E+06  4.98446420E+06  1.08744666E-08  3.43068334E+04  4.70890716E-02  0.00000000E+00
  2.70728104E+06  4.98393420E+06  1.08761701E-08  3.42981573E+04  4.70448980E-02  0.00000000E+00
  2.70764177E+06  4.98340420E+06  1.08778740E-08  3.42894932E+04  4.70007950E-02  0.00000000E+00
  2.70800250E+06  4.98287420E+06  1.08795782E-08  3.42808411E+04  4.69567626E-02  0.00000000E+00
  2.70836323E+06  4.98234420E+06  1.08812827E-08  3.42722011E+04  4.69128005E-02  0.00000000E+00
  2.70872396E+06  4.98181420E+06  1.08829877E-08  3.42635731E+04  4.68689086E-02  0.00000000E+00
  2.70908469E+06  4.98128420E+06  1.08846930E-08  3.42549571E+04  4.68250869E-02  0.00000000E+00
  2.70944542E+06  4.98075420E+06  1.08863987E-08  3.42463531E+04  4.67813350E-02  0.00000000E+00
  2.70980615E+06  4.98022420E+06  1.08881047E-08  3.42377610E+04  4.67376530E-02  0.00000000E+00
  2.71016688E+06  4.97969420E+06  1.08898111E-08  3.42291809E+04  4.66940405E-02  0.00000000E+00
  2.71052761E+06  4.97916421E+06  1.08915178E-08  3.42206128E+04  4.66504976E-02  0.00000000E+00
  2.71088834E+06  4.97863421E+06  1.08932250E-08  3.42120565E+04  4.66070240E-02  0.00000000E+00
  2.71124907E+06  4.97810421E+06  1.08949324E-08  3.42035121E+04  4.65636197E-02  0.00000000E+00
  2.71160980E+06  4.97757421E+06  1.08966403E-08  3.41949797E+04  4.65202844E-02  0.00000000E+00
  2.71197053E+06  4.97704422E+06  1.08983485E-08  3.41864591E+04  4.64770180E-02  0.00000000E+00
  2.71233126E+06  4.97651422E+06  1.09000571E-08  3.41779503E+04  4.64338204E-02  0.00000000E+00
  2.71269199E+06  4.97598422E+06  1.09017660E-08  3.41694534E+04  4.63906915E-02  0.00000000E+00
  2.71305272E+06  4.97545423E+06  1.09034753E-08  3.41609683E+04  4.63476310E-02  0.00000000E+00
  2.71341345E+06  4.97492423E+06  1.09051850E-08  3.41524950E+04  4.63046389E-02  0.00000000E+00
  2.71377418E+06  4.97439424E+06  1.09068950E-08  3.41440335E+04  4.62617151E-02  0.00000000E+00
  2.71413491E+06  4.97386424E+06  1.09086054E-08  3.41355837E+04  4.62188593E-02  0.00000000E+00
  2.71449564E+06  4.97333425E+06  1.09103161E-08  3.41271457E+04  4.61760715E-02  0.00000000E+00
  2.71485637E+06  4.97280425E+06  1.09120272E-08  3.41187194E+04  4.61333515E-02  0.00000000E+00
  2.71521710E+06  4.97227425E+06  1.09137387E-08  3.41103049E+04  4.60906992E-02  0.00000000E+00
  2.71557783E+06  4.97174426E+06  1.09154506E-08  3.41019021E+04  4.60481145E-02  0.00000000E+00
  2.71593856E+06  4.97121427E+06  1.09171628E-08  3.40935109E+04  4.60055971E-02  0.00000000E+00
  2.71629929E+06  4.97068427E+06  1.09188754E-08  3.40851314E+04  4.59631470E-02  0.00000000E+00
  2.71666002E+06  4.97015428E+06  1.09205883E-08  3.40767636E+04  4.59207641E-02  0.00000000E+00
  2.71702075E+06  4.96962428E+06  1.09223016E-08  3.40684074E+04  4.58784482E-02  0.00000000E+00
  2.71738149E+06  4.96909429E+06  1.09240153E-08  3.40600628E+04  4.58361991E-02  0.00000000E+00
  2.71774222E+06  4.96856430E+06  1.09257293E-08  3.40517298E+04  4.57940168E-02  0.00000000E+00
  2.71810295E+06  4.96803430E+06  1.09274437E-08  3.40434084E+04  4.57519011E-02  0.00000000E+00
  2.71846368E+06  4.96750431E+06  1.09291585E-08  3.40350986E+04  4.57098519E-02  0.00000000E+00
  2.71882441E+06  4.96697432E+06  1.09308736E-08  3.40268004E+04  4.56678691E-02  0.00000000E+00
  2.71918514E+06  4.96644432E+06  1.09325891E-08  3.40185137E+04  4.56259525E-02  0.00000000E+00
  2.71954587E+06  4.96591433E+06  1.09343050E-08  3.40102385E+04  4.55841020E-02  0.00000000E+00
  2.71990660E+06  4.96538434E+06  1.09360212E-08  3.40019748E+04  4.55423174E-02  0.00000000E+00
  2.72026733E+06  4.96485435E+06  1.09377378E-08  3.39937226E+04  4.55005987E-02  0.00000000E+00
  2.72062806E+06  4.96432435E+06  1.09394548E-08  3.39854819E+04  4.54589457E-02  0.00000000E+00
  2.72098879E+06  4.96379436E+06  1.09411721E-08  3.39772527E+04  4.54173583E-02  0.00000000E+00
  2.72134952E+06  4.96326437E+06  1.09428898E-08  3.39690349E+04  4.53758364E-02  0.00000000E+00
  2.72171025E+06  4.96273438E+06  1.09446078E-08  3.39608285E+04  4.53343798E-02  0.00000000E+00
  2.72207098E+06  4.96220439E+06  1.09463263E-08  3.39526335E+04  4.52929884E-02  0.00000000E+00
  2.72243171E+06  4.96167440E+06  1.09480451E-08  3.39444499E+04  4.52516621E-02  0.00000000E+00
  2.72279244E+06  4.96114441E+06  1.09497642E-08  3.39362778E+04  4.52104008E-02  0.00000000E+00
  2.72315317E+06  4.96061442E+06  1.09514838E-08  3.39281169E+04  4.51692043E-02  0.00000000E+00
  2.72351390E+06  4.96008443E+06  1.09532036E-08  3.39199675E+04  4.51280725E-02  0.00000000E+00
  2.72387463E+06  4.95955444E+06  1.09549239E-08  3.39118293E+04  4.50870053E-02  0.00000000E+00
  2.72423536E+06  4.95902445E+06  1.09566445E-08  3.39037025E+04  4.50460026E-02  0.00000000E+00
  2.72459609E+06  4.95849446E+06  1.09583655E-08  3.38955870E+04  4.50050642E-02  0.00000000E+00
  2.72495682E+06  4.95796447E+06  1.09600869E-08  3.38874828E+04  4.49641901E-02  0.00000000E+00
  2.72531755E+06  4.95743448E+06  1.09618086E-08  3.38793898E+04  4.49233801E-02  0.00000000E+00
  2.72567828E+06  4.95690449E+06  1.09635307E-08  3.38713081E+04  4.48826341E-02  0.00000000E+00
  2.72603901E+06  4.95637450E+06  1.09652532E-08  3.38632377E+04  4.48419519E-02  0.00000000E+00
  2.72639974E+06  4.95584451E+06  1.09669760E-08  3.38551784E+04  4.48013335E-02  0.00000000E+00
  2.72676047E+06  4.95531452E+06  1.09686992E-08  3.38471304E+04  4.47607787E-02  0.00000000E+00
  2.72712120E+06  4.95478453E+06  1.09704228E-08  3.38390936E+04  4.47202875E-02  0.00000000E+00
  2.72748193E+06  4.95425454E+06  1.09721467E-08  3.38310679E+04  4.46798596E-02  0.00000000E+00
  2.72784266E+06  4.95372456E+06  1.09738710E-08  3.38230534E+04  4.46394951E-02  0.00000000E+00
  2.72820339E+06  4.95319457E+06  1.09755957E-08  3.38150500E+04  4.45991937E-02  0.00000000E+00
  2.72856413E+06  4.95266458E+06  1.09773208E-08  3.38070578E+04  4.45589553E-02  0.00000000E+00
  2.72892486E+06  4.95213459E+06  1.09790462E-08  3.37990767E+04  4.45187799E-02  0.00000000E+00
  2.72928559E+06  4.95160461E+06  1.09807720E-08  3.37911067E+04  4.44786673E-02  0.00000000E+00
  2.72964632E+06  4.95107462E+06  1.09824981E-08  3.37831478E+04  4.44386173E-02  0.00000000E+00
  2.73000705E+06  4.95054463E+06  1.09842246E-08  3.37751999E+04  4.43986300E-02  0.00000000E+00
  2.73036778E+06  4.95001465E+06  1.09859515E-08  3.37672631E+04  4.43587052E-02  0.00000000E+00
  2.73072851E+06  4.94948466E+06  1.09876788E-08  3.37593374E+04  4.43188427E-02  0.00000000E+00
  2.73108924E+06  4.94895467E+06  1.09894064E-08  3.37514226E+04  4.42790425E-02  0.00000000E+00
  2.73144997E+06  4.94842469E+06  1.09911344E-08  3.37435189E+04  4.42393044E-02  0.00000000E+00
  2.73181070E+06  4.94789470E+06  1.09928628E-08  3.37356261E+04  4.41996283E-02  0.00000000E+00
  2.73217143E+06  4.94736472E+06  1.09945915E-08  3.37277444E+04  4.41600141E-02  0.00000000E+00
  2.73253216E+06  4.94683473E+06  1.09963206E-08  3.37198736E+04  4.41204618E-02  0.00000000E+00
  2.73289289E+06  4.94630475E+06  1.09980501E-08  3.37120137E+04  4.40809711E-02  0.00000000E+00
  2.73325362E+06  4.94577476E+06  1.09997800E-08  3.37041648E+04  4.40415420E-02  0.00000000E+00
  2.73361435E+06  4.94524478E+06  1.10015102E-08  3.36963268E+04  4.40021743E-02  0.00000000E+00
  2.73397508E+06  4.94471479E+06  1.10032408E-08  3.36884997E+04  4.39628681E-02  0.00000000E+00
  2.73433581E+06  4.94418481E+06  1.10049717E-08  3.36806834E+04  4.39236230E-02  0.00000000E+00
  2.73469654E+06  4.94365482E+06  1.10067031E-08  3.36728781E+04  4.38844391E-02  0.00000000E+00
  2.73505727E+06  4.94312484E+06  1.10084348E-08  3.36650836E+04  4.38453163E-02  0.00000000E+00
  2.73541800E+06  4.94259485E+06  1.10101668E-08  3.36572999E+04  4.38062544E-02  0.00000000E+00
  2.73577873E+06  4.94206487E+06  1.10118993E-08  3.36495271E+04  4.37672532E-02  0.00000000E+00
  2.73613946E+06  4.94153489E+06  1.10136321E-08  3.36417651E+04  4.37283128E-02  0.00000000E+00
  2.73650019E+06  4.94100490E+06  1.10153653E-08  3.36340138E+04  4.36894330E-02  0.00000000E+00
  2.73686092E+06  4.94047492E+06  1.10170988E-08  3.36262734E+04  4.36506137E-02  0.00000000E+00
  2.73722165E+06  4.93994494E+06  1.10188328E-08  3.36185437E+04  4.36118548E-02  0.00000000E+00
  2.73758238E+06  4.93941495E+06  1.10205671E-08  3.36108248E+04  4.35731561E-02  0.00000000E+00
  2.73794311E+06  4.93888497E+06  1.10223017E-08  3.36031166E+04  4.35345176E-02  0.00000000E+00
  2.73830384E+06  4.93835499E+06  1.10240368E-08  3.35954191E+04  4.34959392E-02  0.00000000E+00
  2.73866457E+06  4.93782501E+06  1.10257722E-08  3.35877323E+04  4.34574208E-02  0.00000000E+00
  2.73902530E+06  4.93729503E+06  1.10275080E-08  3.35800562E+04  4.34189622E-02  0.00000000E+00
  2.73938603E+06  4.93676504E+06  1.10292441E-08  3.35723908E+04  4.33805634E-02  0.00000000E+00
  2.73974676E+06  4.93623506E+06  1.10309807E-08  3.35647361E+04  4.33422242E-02  0.00000000E+00
  2.74010750E+06  4.93570508E+06  1.10327176E-08  3.35570920E+04  4.33039446E-02  0.00000000E+00
  2.74046823E+06  4.93517510E+06  1.10344549E-08  3.35494585E+04  4.32657244E-02  0.00000000E+00
  2.74082896E+06  4.93464512E+06  1.10361925E-08  3.35418357E+04  4.32275636E-02  0.00000000E+00
  2.74118969E+06  4.93411514E+06  1.10379305E-08  3.35342234E+04  4.31894620E-02  0.00000000E+00
  2.74155042E+06  4.93358516E+06  1.10396689E-08  3.35266217E+04  4.31514196E-02  0.00000000E+00
  2.74191115E+06  4.93305518E+06  1.10414077E-08  3.35190307E+04  4.31134362E-02  0.00000000E+00
  2.74227188E+06  4.93252519E+06  1.10431468E-08  3.35114501E+04  4.30755117E-02  0.00000000E+00
  2.74263261E+06  4.93199521E+06  1.10448864E-08  3.35038801E+04  4.30376460E-02  0.00000000E+00
  2.74299334E+06  4.93146523E+06  1.10466263E-08  3.34963207E+04  4.29998391E-02  0.00000000E+00
  2.74335407E+06  4.93093525E+06  1.10483665E-08  3.34887717E+04  4.29620908E-02  0.00000000E+00
  2.74371480E+06  4.93040528E+06  1.10501072E-08  3.34812332E+04  4.29244011E-02  0.00000000E+00
  2.74407553E+06  4.92987530E+06  1.10518482E-08  3.34737053E+04  4.28867698E-02  0.00000000E+00
  2.74443626E+06  4.92934532E+06  1.10535895E-08  3.34661878E+04  4.28491968E-02  0.00000000E+00
  2.74479699E+06  4.92881534E+06  1.10553313E-08  3.34586807E+04  4.28116820E-02  0.00000000E+00
  2.74515772E+06  4.92828536E+06  1.10570734E-08  3.34511841E+04  4.27742254E-02  0.00000000E+00
  2.74551845E+06  4.92775538E+06  1.10588160E-08  3.34436979E+04  4.27368268E-02  0.00000000E+00
  2.74587918E+06  4.92722540E+06  1.10605588E-08  3.34362222E+04  4.26994862E-02  0.00000000E+00
  2.74623991E+06  4.92669542E+06  1.10623021E-08  3.34287568E+04  4.26622034E-02  0.00000000E+00
  2.74660064E+06  4.92616544E+06  1.10640457E-08  3.34213018E+04  4.26249783E-02  0.00000000E+00
  2.74696137E+06  4.92563547E+06  1.10657897E-08  3.34138572E+04  4.25878109E-02  0.00000000E+00
  2.74732210E+06  4.92510549E+06  1.10675341E-08  3.34064229E+04  4.25507010E-02  0.00000000E+00
  2.74768283E+06  4.92457551E+06  1.10692789E-08  3.33989990E+04  4.25136486E-02  0.00000000E+00
  2.74804356E+06  4.92404553E+06  1.10710240E-08  3.33915854E+04  4.24766536E-02  0.00000000E+00
  2.74840429E+06  4.92351556E+06  1.10727695E-08  3.33841821E+04  4.24397157E-02  0.00000000E+00
  2.74876502E+06  4.92298558E+06  1.10745154E-08  3.33767891E+04  4.24028351E-02  0.00000000E+00
  2.74912575E+06  4.92245560E+06  1.10762616E-08  3.33694064E+04  4.23660115E-02  0.00000000E+00
  2.74948648E+06  4.92192562E+06  1.10780083E-08  3.33620339E+04  4.23292449E-02  0.00000000E+00
  2.74984721E+06  4.92139565E+06  1.10797553E-08  3.33546717E+04  4.22925351E-02  0.00000000E+00
  2.75020794E+06  4.92086567E+06  1.10815027E-08  3.33473198E+04  4.22558822E-02  0.00000000E+00
  2.75056867E+06  4.92033569E+06  1.10832504E-08  3.33399780E+04  4.22192859E-02  0.00000000E+00
  2.75092940E+06  4.91980572E+06  1.10849986E-08  3.33326465E+04  4.21827462E-02  0.00000000E+00
  2.75129014E+06  4.91927574E+06  1.10867471E-08  3.33253252E+04  4.21462630E-02  0.00000000E+00
  2.75165087E+06  4.91874577E+06  1.10884960E-08  3.33180141E+04  4.21098362E-02  0.00000000E+00
  2.75201160E+06  4.91821579E+06  1.10902452E-08  3.33107131E+04  4.20734657E-02  0.00000000E+00
  2.75237233E+06  4.91768582E+06  1.10919949E-08  3.33034223E+04  4.20371515E-02  0.00000000E+00
  2.75273306E+06  4.91715584E+06  1.10937449E-08  3.32961416E+04  4.20008933E-02  0.00000000E+00
  2.75309379E+06  4.91662586E+06  1.10954953E-08  3.32888710E+04  4.19646912E-02  0.00000000E+00
  2.75345452E+06  4.91609589E+06  1.10972461E-08  3.32816106E+04  4.19285450E-02  0.00000000E+00
  2.75381525E+06  4.91556592E+06  1.10989972E-08  3.32743602E+04  4.18924547E-02  0.00000000E+00
  2.75417598E+06  4.91503594E+06  1.11007488E-08  3.32671200E+04  4.18564201E-02  0.00000000E+00
  2.75453671E+06  4.91450597E+06  1.11025007E-08  3.32598898E+04  4.18204411E-02  0.00000000E+00
  2.75489744E+06  4.91397599E+06  1.11042529E-08  3.32526696E+04  4.17845178E-02  0.00000000E+00
  2.75525817E+06  4.91344602E+06  1.11060056E-08  3.32454595E+04  4.17486499E-02  0.00000000E+00
  2.75561890E+06  4.91291604E+06  1.11077586E-08  3.32382595E+04  4.17128374E-02  0.00000000E+00
  2.75597963E+06  4.91238607E+06  1.11095121E-08  3.32310694E+04  4.16770802E-02  0.00000000E+00
  2.75634036E+06  4.91185610E+06  1.11112659E-08  3.32238893E+04  4.16413782E-02  0.00000000E+00
  2.75670109E+06  4.91132612E+06  1.11130200E-08  3.32167193E+04  4.16057313E-02  0.00000000E+00
  2.75706182E+06  4.91079615E+06  1.11147746E-08  3.32095592E+04  4.15701394E-02  0.00000000E+00
  2.75742255E+06  4.91026618E+06  1.11165295E-08  3.32024090E+04  4.15346025E-02  0.00000000E+00
  2.75778328E+06  4.90973620E+06  1.11182848E-08  3.31952688E+04  4.14991204E-02  0.00000000E+00
  2.75814401E+06  4.90920623E+06  1.11200405E-08  3.31881386E+04  4.14636930E-02  0.00000000E+00
  2.75850474E+06  4.90867626E+06  1.11217966E-08  3.31810182E+04  4.14283204E-02  0.00000000E+00
  2.75886547E+06  4.90814629E+06  1.11235530E-08  3.31739077E+04  4.13930023E-02  0.00000000E+00
  2.75922620E+06  4.90761631E+06  1.11253098E-08  3.31668072E+04  4.13577386E-02  0.00000000E+00
  2.75958693E+06  4.90708634E+06  1.11270670E-08  3.31597165E+04  4.13225294E-02  0.00000000E+00
  2.75994766E+06  4.90655637E+06  1.11288246E-08  3.31526357E+04  4.12873745E-02  0.00000000E+00
  2.76030839E+06  4.90602640E+06  1.11305826E-08  3.31455647E+04  4.12522738E-02  0.00000000E+00
  2.76066912E+06  4.90549643E+06  1.11323409E-08  3.31385036E+04  4.12172272E-02  0.00000000E+00
  2.76102985E+06  4.90496645E+06  1.11340996E-08  3.31314522E+04  4.11822347E-02  0.00000000E+00
  2.76139058E+06  4.90443648E+06  1.11358587E-08  3.31244107E+04  4.11472962E-02  0.00000000E+00
  2.76175131E+06  4.90390651E+06  1.11376182E-08  3.31173790E+04  4.11124115E-02  0.00000000E+00
  2.76211204E+06  4.90337654E+06  1.11393781E-08  3.31103570E+04  4.10775806E-02  0.00000000E+00
  2.76247278E+06  4.90284657E+06  1.11411383E-08  3.31033449E+04  4.10428033E-02  0.00000000E+00
  2.76283351E+06  4.90231660E+06  1.11428989E-08  3.30963424E+04  4.10080797E-02  0.00000000E+00
  2.76319424E+06  4.90178663E+06  1.11446599E-08  3.30893498E+04  4.09734096E-02  0.00000000E+00
  2.76355497E+06  4.90125666E+06  1.11464213E-08  3.30823668E+04  4.09387930E-02  0.00000000E+00
  2.76391570E+06  4.90072669E+06  1.11481831E-08  3.30753935E+04  4.09042297E-02  0.00000000E+00
  2.76427643E+06  4.90019672E+06  1.11499452E-08  3.30684300E+04  4.08697196E-02  0.00000000E+00
  2.76463716E+06  4.89966675E+06  1.11517078E-08  3.30614761E+04  4.08352628E-02  0.00000000E+00
  2.76499789E+06  4.89913678E+06  1.11534707E-08  3.30545319E+04  4.08008590E-02  0.00000000E+00
  2.76535862E+06  4.89860681E+06  1.11552339E-08  3.30475974E+04  4.07665082E-02  0.00000000E+00
  2.76571935E+06  4.89807684E+06  1.11569976E-08  3.30406725E+04  4.07322104E-02  0.00000000E+00
  2.76608008E+06  4.89754687E+06  1.11587617E-08  3.30337572E+04  4.06979653E-02  0.00000000E+00
  2.76644081E+06  4.89701690E+06  1.11605261E-08  3.30268516E+04  4.06637731E-02  0.00000000E+00
  2.76680154E+06  4.89648693E+06  1.11622909E-08  3.30199555E+04  4.06296335E-02  0.00000000E+00
  2.76716227E+06  4.89595696E+06  1.11640561E-08  3.30130691E+04  4.05955465E-02  0.00000000E+00
  2.76752300E+06  4.89542700E+06  1.11658217E-08  3.30061922E+04  4.05615119E-02  0.00000000E+00
  2.76788373E+06  4.89489703E+06  1.11675876E-08  3.29993249E+04  4.05275298E-02  0.00000000E+00
  2.76824446E+06  4.89436706E+06  1.11693540E-08  3.29924671E+04  4.04936000E-02  0.00000000E+00
  2.76860519E+06  4.89383709E+06  1.11711207E-08  3.29856189E+04  4.04597225E-02  0.00000000E+00
  2.76896592E+06  4.89330712E+06  1.11728878E-08  3.29787802E+04  4.04258971E-02  0.00000000E+00
  2.76932665E+06  4.89277716E+06  1.11746553E-08  3.29719510E+04  4.03921238E-02  0.00000000E+00
  2.76968738E+06  4.89224719E+06  1.11764231E-08  3.29651313E+04  4.03584025E-02  0.00000000E+00
  2.77004811E+06  4.89171722E+06  1.11781914E-08  3.29583211E+04  4.03247331E-02  0.00000000E+00
  2.77040884E+06  4.89118725E+06  1.11799600E-08  3.29515204E+04  4.02911155E-02  0.00000000E+00
  2.77076957E+06  4.89065729E+06  1.11817290E-08  3.29447291E+04  4.02575497E-02  0.00000000E+00
  2.77113030E+06  4.89012732E+06  1.11834984E-08  3.29379472E+04  4.02240355E-02  0.00000000E+00
  2.77149103E+06  4.88959735E+06  1.11852682E-08  3.29311748E+04  4.01905729E-02  0.00000000E+00
  2.77185176E+06  4.88906738E+06  1.11870384E-08  3.29244119E+04  4.01571618E-02  0.00000000E+00
  2.77221249E+06  4.88853742E+06  1.11888089E-08  3.29176583E+04  4.01238021E-02  0.00000000E+00
  2.77257322E+06  4.88800745E+06  1.11905799E-08  3.29109141E+04  4.00904938E-02  0.00000000E+00
  2.77293395E+06  4.88747749E+06  1.11923512E-08  3.29041793E+04  4.00572367E-02  0.00000000E+00
  2.77329468E+06  4.88694752E+06  1.11941229E-08  3.28974539E+04  4.00240307E-02  0.00000000E+00
  2.77365541E+06  4.88641755E+06  1.11958950E-08  3.28907378E+04  3.99908759E-02  0.00000000E+00
  2.77401615E+06  4.88588759E+06  1.11976674E-08  3.28840310E+04  3.99577720E-02  0.00000000E+00
  2.77437688E+06  4.88535762E+06  1.11994403E-08  3.28773336E+04  3.99247191E-02  0.00000000E+00
  2.77473761E+06  4.88482766E+06  1.12012135E-08  3.28706455E+04  3.98917171E-02  0.00000000E+00
  2.77509834E+06  4.88429769E+06  1.12029871E-08  3.28639667E+04  3.98587658E-02  0.00000000E+00
  2.77545907E+06  4.88376773E+06  1.12047611E-08  3.28572972E+04  3.98258651E-02  0.00000000E+00
  2.77581980E+06  4.88323776E+06  1.12065355E-08  3.28506369E+04  3.97930151E-02  0.00000000E+00
  2.77618053E+06  4.88270780E+06  1.12083103E-08  3.28439860E+04  3.97602156E-02  0.00000000E+00
  2.77654126E+06  4.88217783E+06  1.12100855E-08  3.28373442E+04  3.97274665E-02  0.00000000E+00
  2.77690199E+06  4.88164787E+06  1.12118610E-08  3.28307117E+04  3.96947678E-02  0.00000000E+00
  2.77726272E+06  4.88111790E+06  1.12136369E-08  3.28240885E+04  3.96621194E-02  0.00000000E+00
  2.77762345E+06  4.88058794E+06  1.12154133E-08  3.28174744E+04  3.96295212E-02  0.00000000E+00
  2.77798418E+06  4.88005797E+06  1.12171900E-08  3.28108696E+04  3.95969731E-02  0.00000000E+00
  2.77834491E+06  4.87952801E+06  1.12189670E-08  3.28042739E+04  3.95644750E-02  0.00000000E+00
  2.77870564E+06  4.87899805E+06  1.12207445E-08  3.27976874E+04  3.95320269E-02  0.00000000E+00
  2.77906637E+06  4.87846808E+06  1.12225224E-08  3.27911101E+04  3.94996287E-02  0.00000000E+00
  2.77942710E+06  4.87793812E+06  1.12243006E-08  3.27845419E+04  3.94672803E-02  0.00000000E+00
  2.77978783E+06  4.87740816E+06  1.12260793E-08  3.27779828E+04  3.94349816E-02  0.00000000E+00
  2.78014856E+06  4.87687819E+06  1.12278583E-08  3.27714329E+04  3.94027326E-02  0.00000000E+00
  2.78050929E+06  4.87634823E+06  1.12296377E-08  3.27648921E+04  3.93705331E-02  0.00000000E+00
  2.78087002E+06  4.87581827E+06  1.12314175E-08  3.27583603E+04  3.93383831E-02  0.00000000E+00
  2.78123075E+06  4.87528830E+06  1.12331976E-08  3.27518377E+04  3.93062825E-02  0.00000000E+00
  2.78159148E+06  4.87475834E+06  1.12349782E-08  3.27453241E+04  3.92742313E-02  0.00000000E+00
  2.78195221E+06  4.87422838E+06  1.12367591E-08  3.27388196E+04  3.92422293E-02  0.00000000E+00
  2.78231294E+06  4.87369842E+06  1.12385405E-08  3.27323241E+04  3.92102764E-02  0.00000000E+00
  2.78267367E+06  4.87316845E+06  1.12403222E-08  3.27258377E+04  3.91783727E-02  0.00000000E+00
  2.78303440E+06  4.87263849E+06  1.12421043E-08  3.27193603E+04  3.91465180E-02  0.00000000E+00
  2.78339513E+06  4.87210853E+06  1.12438868E-08  3.27128919E+04  3.91147122E-02  0.00000000E+00
  2.78375586E+06  4.87157857E+06  1.12456697E-08  3.27064325E+04  3.90829553E-02  0.00000000E+00
  2.78411659E+06  4.87104861E+06  1.12474530E-08  3.26999821E+04  3.90512472E-02  0.00000000E+00
  2.78447732E+06  4.87051864E+06  1.12492366E-08  3.26935406E+04  3.90195878E-02  0.00000000E+00
  2.78483805E+06  4.86998868E+06  1.12510207E-08  3.26871081E+04  3.89879770E-02  0.00000000E+00
  2.78519879E+06  4.86945872E+06  1.12528051E-08  3.26806846E+04  3.89564148E-02  0.00000000E+00
  2.78555952E+06  4.86892876E+06  1.12545900E-08  3.26742699E+04  3.89249010E-02  0.00000000E+00
  2.78592025E+06  4.86839880E+06  1.12563752E-08  3.26678642E+04  3.88934357E-02  0.00000000E+00
  2.78628098E+06  4.86786884E+06  1.12581608E-08  3.26614675E+04  3.88620187E-02  0.00000000E+00
  2.78664171E+06  4.86733888E+06  1.12599468E-08  3.26550796E+04  3.88306499E-02  0.00000000E+00
  2.78700244E+06  4.86680892E+06  1.12617331E-08  3.26487006E+04  3.87993293E-02  0.00000000E+00
  2.78736317E+06  4.86627896E+06  1.12635199E-08  3.26423304E+04  3.87680568E-02  0.00000000E+00
  2.78772390E+06  4.86574900E+06  1.12653071E-08  3.26359691E+04  3.87368323E-02  0.00000000E+00
  2.78808463E+06  4.86521904E+06  1.12670946E-08  3.26296167E+04  3.87056557E-02  0.00000000E+00
  2.78844536E+06  4.86468908E+06  1.12688825E-08  3.26232731E+04  3.86745270E-02  0.00000000E+00
  2.78880609E+06  4.86415912E+06  1.12706709E-08  3.26169383E+04  3.86434461E-02  0.00000000E+00
  2.78916682E+06  4.86362916E+06  1.12724596E-08  3.26106124E+04  3.86124130E-02  0.00000000E+00
  2.78952755E+06  4.86309920E+06  1.12742487E-08  3.26042952E+04  3.85814274E-02  0.00000000E+00
  2.78988828E+06  4.86256924E+06  1.12760382E-08  3.25979868E+04  3.85504894E-02  0.00000000E+00
  2.79024901E+06  4.86203928E+06  1.12778281E-08  3.25916872E+04  3.85195989E-02  0.00000000E+00
  2.79060974E+06  4.86150932E+06  1.12796183E-08  3.25853964E+04  3.84887559E-02  0.00000000E+00
  2.79097047E+06  4.86097936E+06  1.12814090E-08  3.25791143E+04  3.84579601E-02  0.00000000E+00
  2.79133120E+06  4.86044940E+06  1.12832000E-08  3.25728409E+04  3.84272117E-02  0.00000000E+00
  2.79169193E+06  4.85991944E+06  1.12849915E-08  3.25665763E+04  3.83965104E-02  0.00000000E+00
  2.79205266E+06  4.85938949E+06  1.12867833E-08  3.25603204E+04  3.83658562E-02  0.00000000E+00
  2.79241339E+06  4.85885953E+06  1.12885755E-08  3.25540732E+04  3.83352491E-02  0.00000000E+00
  2.79277412E+06  4.85832957E+06  1.12903682E-08  3.25478346E+04  3.83046889E-02  0.00000000E+00
  2.79313485E+06  4.85779961E+06  1.12921612E-08  3.25416048E+04  3.82741756E-02  0.00000000E+00
  2.79349558E+06  4.85726965E+06  1.12939546E-08  3.25353836E+04  3.82437091E-02  0.00000000E+00
  2.79385631E+06  4.85673970E+06  1.12957484E-08  3.25291710E+04  3.82132894E-02  0.00000000E+00
  2.79421704E+06  4.85620974E+06  1.12975425E-08  3.25229671E+04  3.81829163E-02  0.00000000E+00
  2.79457777E+06  4.85567978E+06  1.12993371E-08  3.25167719E+04  3.81525899E-02  0.00000000E+00
  2.79493850E+06  4.85514982E+06  1.13011321E-08  3.25105852E+04  3.81223099E-02  0.00000000E+00
  2.79529923E+06  4.85461987E+06  1.13029274E-08  3.25044071E+04  3.80920764E-02  0.00000000E+00
  2.79565996E+06  4.85408991E+06  1.13047232E-08  3.24982377E+04  3.80618893E-02  0.00000000E+00
  2.79602069E+06  4.85355995E+06  1.13065193E-08  3.24920768E+04  3.80317484E-02  0.00000000E+00
  2.79638142E+06  4.85302999E+06  1.13083158E-08  3.24859245E+04  3.80016538E-02  0.00000000E+00
  2.79674216E+06  4.85250004E+06  1.13101127E-08  3.24797807E+04  3.79716053E-02  0.00000000E+00
  2.79710289E+06  4.85197008E+06  1.13119101E-08  3.24736455E+04  3.79416029E-02  0.00000000E+00
  2.79746362E+06  4.85144012E+06  1.13137078E-08  3.24675188E+04  3.79116465E-02  0.00000000E+00
  2.79782435E+06  4.85091017E+06  1.13155059E-08  3.24614007E+04  3.78817361E-02  0.00000000E+00
  2.79818508E+06  4.85038021E+06  1.13173044E-08  3.24552910E+04  3.78518715E-02  0.00000000E+00
  2.79854581E+06  4.84985026E+06  1.13191032E-08  3.24491899E+04  3.78220527E-02  0.00000000E+00
  2.79890654E+06  4.84932030E+06  1.13209025E-08  3.24430972E+04  3.77922796E-02  0.00000000E+00
  2.79926727E+06  4.84879034E+06  1.13227022E-08  3.24370130E+04  3.77625521E-02  0.00000000E+00
  2.79962800E+06  4.84826039E+06  1.13245022E-08  3.24309373E+04  3.77328702E-02  0.00000000E+00
  2.79998873E+06  4.84773043E+06  1.13263027E-08  3.24248700E+04  3.77032338E-02  0.00000000E+00
  2.80034946E+06  4.84720048E+06  1.13281035E-08  3.24188112E+04  3.76736428E-02  0.00000000E+00
  2.80071019E+06  4.84667052E+06  1.13299048E-08  3.24127607E+04  3.76440972E-02  0.00000000E+00
  2.80107092E+06  4.84614057E+06  1.13317064E-08  3.24067187E+04  3.76145968E-02  0.00000000E+00
  2.80143165E+06  4.84561061E+06  1.13335085E-08  3.24006851E+04  3.75851417E-02  0.00000000E+00
  2.80179238E+06  4.84508066E+06  1.13353109E-08  3.23946599E+04  3.75557317E-02  0.00000000E+00
  2.80215311E+06  4.84455070E+06  1.13371137E-08  3.23886431E+04  3.75263667E-02  0.00000000E+00
  2.80251384E+06  4.84402075E+06  1.13389169E-08  3.23826346E+04  3.74970467E-02  0.00000000E+00
  2.80287457E+06  4.84349079E+06  1.13407205E-08  3.23766345E+04  3.74677717E-02  0.00000000E+00
  2.80323530E+06  4.84296084E+06  1.13425245E-08  3.23706427E+04  3.74385415E-02  0.00000000E+00
  2.80359603E+06  4.84243088E+06  1.13443289E-08  3.23646593E+04  3.74093560E-02  0.00000000E+00
  2.80395676E+06  4.84190093E+06  1.13461337E-08  3.23586842E+04  3.73802153E-02  0.00000000E+00
  2.80431749E+06  4.84137098E+06  1.13479389E-08  3.23527174E+04  3.73511192E-02  0.00000000E+00
  2.80467822E+06  4.84084102E+06  1.13497445E-08  3.23467589E+04  3.73220677E-02  0.00000000E+00
  2.80503895E+06  4.84031107E+06  1.13515504E-08  3.23408087E+04  3.72930606E-02  0.00000000E+00
  2.80539968E+06  4.83978111E+06  1.13533568E-08  3.23348668E+04  3.72640980E-02  0.00000000E+00
  2.80576041E+06  4.83925116E+06  1.13551636E-08  3.23289331E+04  3.72351797E-02  0.00000000E+00
  2.80612114E+06  4.83872121E+06  1.13569707E-08  3.23230077E+04  3.72063057E-02  0.00000000E+00
  2.80648187E+06  4.83819125E+06  1.13587783E-08  3.23170905E+04  3.71774759E-02  0.00000000E+00
  2.80684260E+06  4.83766130E+06  1.13605862E-08  3.23111815E+04  3.71486902E-02  0.00000000E+00
  2.80720333E+06  4.83713135E+06  1.13623946E-08  3.23052808E+04  3.71199486E-02  0.00000000E+00
  2.80756406E+06  4.83660139E+06  1.13642033E-08  3.22993883E+04  3.70912510E-02  0.00000000E+00
  2.80792480E+06  4.83607144E+06  1.13660125E-08  3.22935039E+04  3.70625973E-02  0.00000000E+00
  2.80828553E+06  4.83554149E+06  1.13678220E-08  3.22876278E+04  3.70339875E-02  0.00000000E+00
  2.80864626E+06  4.83501154E+06  1.13696319E-08  3.22817598E+04  3.70054214E-02  0.00000000E+00
  2.80900699E+06  4.83448158E+06  1.13714423E-08  3.22759000E+04  3.69768991E-02  0.00000000E+00
  2.80936772E+06  4.83395163E+06  1.13732530E-08  3.22700483E+04  3.69484204E-02  0.00000000E+00
  2.80972845E+06  4.83342168E+06  1.13750641E-08  3.22642048E+04  3.69199853E-02  0.00000000E+00
  2.81008918E+06  4.83289173E+06  1.13768756E-08  3.22583694E+04  3.68915936E-02  0.00000000E+00
  2.81044991E+06  4.83236178E+06  1.13786876E-08  3.22525421E+04  3.68632454E-02  0.00000000E+00
  2.81081064E+06  4.83183182E+06  1.13804999E-08  3.22467229E+04  3.68349406E-02  0.00000000E+00
  2.81117137E+06  4.83130187E+06  1.13823126E-08  3.22409118E+04  3.68066791E-02  0.00000000E+00
  2.81153210E+06  4.83077192E+06  1.13841257E-08  3.22351088E+04  3.67784608E-02  0.00000000E+00
  2.81189283E+06  4.83024197E+06  1.13859392E-08  3.22293139E+04  3.67502856E-02  0.00000000E+00
  2.81225356E+06  4.82971202E+06  1.13877531E-08  3.22235270E+04  3.67221535E-02  0.00000000E+00
  2.81261429E+06  4.82918207E+06  1.13895674E-08  3.22177482E+04  3.66940645E-02  0.00000000E+00
  2.81297502E+06  4.82865212E+06  1.13913821E-08  3.22119774E+04  3.66660184E-02  0.00000000E+00
  2.81333575E+06  4.82812217E+06  1.13931972E-08  3.22062146E+04  3.66380152E-02  0.00000000E+00
  2.81369648E+06  4.82759222E+06  1.13950127E-08  3.22004599E+04  3.66100547E-02  0.00000000E+00
  2.81405721E+06  4.82706226E+06  1.13968286E-08  3.21947131E+04  3.65821371E-02  0.00000000E+00
  2.81441794E+06  4.82653231E+06  1.13986449E-08  3.21889744E+04  3.65542620E-02  0.00000000E+00
  2.81477867E+06  4.82600236E+06  1.14004616E-08  3.21832436E+04  3.65264296E-02  0.00000000E+00
  2.81513940E+06  4.82547241E+06  1.14022787E-08  3.21775208E+04  3.64986398E-02  0.00000000E+00
  2.81550013E+06  4.82494246E+06  1.14040961E-08  3.21718059E+04  3.64708924E-02  0.00000000E+00
  2.81586086E+06  4.82441251E+06  1.14059140E-08  3.21660990E+04  3.64431873E-02  0.00000000E+00
  2.81622159E+06  4.82388256E+06  1.14077323E-08  3.21604001E+04  3.64155247E-02  0.00000000E+00
  2.81658232E+06  4.82335261E+06  1.14095510E-08  3.21547090E+04  3.63879042E-02  0.00000000E+00
  2.81694305E+06  4.82282266E+06  1.14113701E-08  3.21490259E+04  3.63603260E-02  0.00000000E+00
  2.81730378E+06  4.82229271E+06  1.14131896E-08  3.21433507E+04  3.63327899E-02  0.00000000E+00
  2.81766451E+06  4.82176276E+06  1.14150095E-08  3.21376834E+04  3.63052958E-02  0.00000000E+00
  2.81802524E+06  4.82123282E+06  1.14168297E-08  3.21320239E+04  3.62778438E-02  0.00000000E+00
  2.81838597E+06  4.82070287E+06  1.14186504E-08  3.21263723E+04  3.62504336E-02  0.00000000E+00
  2.81874670E+06  4.82017292E+06  1.14204715E-08  3.21207286E+04  3.62230653E-02  0.00000000E+00
  2.81910743E+06  4.81964297E+06  1.14222930E-08  3.21150928E+04  3.61957388E-02  0.00000000E+00
  2.81946817E+06  4.81911302E+06  1.14241149E-08  3.21094647E+04  3.61684540E-02  0.00000000E+00
  2.81982890E+06  4.81858307E+06  1.14259372E-08  3.21038445E+04  3.61412109E-02  0.00000000E+00
  2.82018963E+06  4.81805312E+06  1.14277599E-08  3.20982321E+04  3.61140093E-02  0.00000000E+00
  2.82055036E+06  4.81752317E+06  1.14295829E-08  3.20926276E+04  3.60868493E-02  0.00000000E+00
  2.82091109E+06  4.81699323E+06  1.14314064E-08  3.20870308E+04  3.60597307E-02  0.00000000E+00
  2.82127182E+06  4.81646328E+06  1.14332303E-08  3.20814418E+04  3.60326534E-02  0.00000000E+00
  2.82163255E+06  4.81593333E+06  1.14350546E-08  3.20758606E+04  3.60056175E-02  0.00000000E+00
  2.82199328E+06  4.81540338E+06  1.14368793E-08  3.20702871E+04  3.59786229E-02  0.00000000E+00
  2.82235401E+06  4.81487343E+06  1.14387044E-08  3.20647214E+04  3.59516694E-02  0.00000000E+00
  2.82271474E+06  4.81434349E+06  1.14405299E-08  3.20591634E+04  3.59247570E-02  0.00000000E+00
  2.82307547E+06  4.81381354E+06  1.14423558E-08  3.20536132E+04  3.58978857E-02  0.00000000E+00
  2.82343620E+06  4.81328359E+06  1.14441821E-08  3.20480706E+04  3.58710553E-02  0.00000000E+00
  2.82379693E+06  4.81275364E+06  1.14460088E-08  3.20425358E+04  3.58442659E-02  0.00000000E+00
  2.82415766E+06  4.81222370E+06  1.14478359E-08  3.20370087E+04  3.58175173E-02  0.00000000E+00
  2.82451839E+06  4.81169375E+06  1.14496634E-08  3.20314893E+04  3.57908095E-02  0.00000000E+00
  2.82487912E+06  4.81116380E+06  1.14514913E-08  3.20259775E+04  3.57641424E-02  0.00000000E+00
  2.82523985E+06  4.81063385E+06  1.14533196E-08  3.20204734E+04  3.57375159E-02  0.00000000E+00
  2.82560058E+06  4.81010391E+06  1.14551483E-08  3.20149770E+04  3.57109300E-02  0.00000000E+00
  2.82596131E+06  4.80957396E+06  1.14569774E-08  3.20094882E+04  3.56843847E-02  0.00000000E+00
  2.82632204E+06  4.80904401E+06  1.14588069E-08  3.20040070E+04  3.56578798E-02  0.00000000E+00
  2.82668277E+06  4.80851407E+06  1.14606369E-08  3.19985335E+04  3.56314152E-02  0.00000000E+00
  2.82704350E+06  4.80798412E+06  1.14624672E-08  3.19930676E+04  3.56049910E-02  0.00000000E+00
  2.82740423E+06  4.80745417E+06  1.14642979E-08  3.19876093E+04  3.55786070E-02  0.00000000E+00
  2.82776496E+06  4.80692423E+06  1.14661290E-08  3.19821585E+04  3.55522632E-02  0.00000000E+00
  2.82812569E+06  4.80639428E+06  1.14679606E-08  3.19767154E+04  3.55259596E-02  0.00000000E+00
  2.82848642E+06  4.80586434E+06  1.14697925E-08  3.19712798E+04  3.54996960E-02  0.00000000E+00
  2.82884715E+06  4.80533439E+06  1.14716248E-08  3.19658518E+04  3.54734723E-02  0.00000000E+00
  2.82920788E+06  4.80480444E+06  1.14734576E-08  3.19604313E+04  3.54472886E-02  0.00000000E+00
  2.82956861E+06  4.80427450E+06  1.14752907E-08  3.19550184E+04  3.54211448E-02  0.00000000E+00
  2.82992934E+06  4.80374455E+06  1.14771243E-08  3.19496130E+04  3.53950407E-02  0.00000000E+00
  2.83029007E+06  4.80321461E+06  1.14789583E-08  3.19442151E+04  3.53689764E-02  0.00000000E+00
  2.83065081E+06  4.80268466E+06  1.14807926E-08  3.19388247E+04  3.53429517E-02  0.00000000E+00
  2.83101154E+06  4.80215472E+06  1.14826274E-08  3.19334418E+04  3.53169666E-02  0.00000000E+00
  2.83137227E+06  4.80162477E+06  1.14844625E-08  3.19280664E+04  3.52910211E-02  0.00000000E+00
  2.83173300E+06  4.80109483E+06  1.14862981E-08  3.19226985E+04  3.52651150E-02  0.00000000E+00
  2.83209373E+06  4.80056488E+06  1.14881341E-08  3.19173380E+04  3.52392483E-02  0.00000000E+00
  2.83245446E+06  4.80003494E+06  1.14899705E-08  3.19119850E+04  3.52134210E-02  0.00000000E+00
  2.83281519E+06  4.79950499E+06  1.14918073E-08  3.19066395E+04  3.51876329E-02  0.00000000E+00
  2.83317592E+06  4.79897505E+06  1.14936445E-08  3.19013014E+04  3.51618840E-02  0.00000000E+00
  2.83353665E+06  4.79844510E+06  1.14954821E-08  3.18959707E+04  3.51361743E-02  0.00000000E+00
  2.83389738E+06  4.79791516E+06  1.14973201E-08  3.18906474E+04  3.51105037E-02  0.00000000E+00
  2.83425811E+06  4.79738522E+06  1.14991585E-08  3.18853315E+04  3.50848720E-02  0.00000000E+00
  2.83461884E+06  4.79685527E+06  1.15009973E-08  3.18800230E+04  3.50592794E-02  0.00000000E+00
  2.83497957E+06  4.79632533E+06  1.15028365E-08  3.18747219E+04  3.50337256E-02  0.00000000E+00
  2.83534030E+06  4.79579538E+06  1.15046762E-08  3.18694282E+04  3.50082106E-02  0.00000000E+00
  2.83570103E+06  4.79526544E+06  1.15065162E-08  3.18641418E+04  3.49827344E-02  0.00000000E+00
  2.83606176E+06  4.79473550E+06  1.15083567E-08  3.18588628E+04  3.49572969E-02  0.00000000E+00
  2.83642249E+06  4.79420555E+06  1.15101975E-08  3.18535911E+04  3.49318980E-02  0.00000000E+00
  2.83678322E+06  4.79367561E+06  1.15120388E-08  3.18483268E+04  3.49065376E-02  0.00000000E+00
  2.83714395E+06  4.79314567E+06  1.15138804E-08  3.18430697E+04  3.48812158E-02  0.00000000E+00
  2.83750468E+06  4.79261572E+06  1.15157225E-08  3.18378200E+04  3.48559324E-02  0.00000000E+00
  2.83786541E+06  4.79208578E+06  1.15175650E-08  3.18325776E+04  3.48306874E-02  0.00000000E+00
  2.83822614E+06  4.79155584E+06  1.15194079E-08  3.18273425E+04  3.48054807E-02  0.00000000E+00
  2.83858687E+06  4.79102589E+06  1.15212512E-08  3.18221146E+04  3.47803123E-02  0.00000000E+00
  2.83894760E+06  4.79049595E+06  1.15230949E-08  3.18168941E+04  3.47551820E-02  0.00000000E+00
  2.83930833E+06  4.78996601E+06  1.15249390E-08  3.18116808E+04  3.47300899E-02  0.00000000E+00
  2.83966906E+06  4.78943607E+06  1.15267835E-08  3.18064747E+04  3.47050358E-02  0.00000000E+00
  2.84002979E+06  4.78890612E+06  1.15286284E-08  3.18012759E+04  3.46800197E-02  0.00000000E+00
  2.84039052E+06  4.78837618E+06  1.15304737E-08  3.17960843E+04  3.46550416E-02  0.00000000E+00
  2.84075125E+06  4.78784624E+06  1.15323195E-08  3.17908999E+04  3.46301013E-02  0.00000000E+00
  2.84111198E+06  4.78731630E+06  1.15341656E-08  3.17857228E+04  3.46051988E-02  0.00000000E+00
  2.84147271E+06  4.78678636E+06  1.15360122E-08  3.17805528E+04  3.45803341E-02  0.00000000E+00
  2.84183344E+06  4.78625641E+06  1.15378592E-08  3.17753900E+04  3.45555070E-02  0.00000000E+00
  2.84219418E+06  4.78572647E+06  1.15397065E-08  3.17702344E+04  3.45307176E-02  0.00000000E+00
  2.84255491E+06  4.78519653E+06  1.15415543E-08  3.17650860E+04  3.45059657E-02  0.00000000E+00
  2.84291564E+06  4.78466659E+06  1.15434025E-08  3.17599448E+04  3.44812513E-02  0.00000000E+00
  2.84327637E+06  4.78413665E+06  1.15452511E-08  3.17548107E+04  3.44565744E-02  0.00000000E+00
  2.84363710E+06  4.78360671E+06  1.15471001E-08  3.17496837E+04  3.44319348E-02  0.00000000E+00
  2.84399783E+06  4.78307676E+06  1.15489496E-08  3.17445638E+04  3.44073325E-02  0.00000000E+00
  2.84435856E+06  4.78254682E+06  1.15507994E-08  3.17394511E+04  3.43827675E-02  0.00000000E+00
  2.84471929E+06  4.78201688E+06  1.15526496E-08  3.17343455E+04  3.43582397E-02  0.00000000E+00
  2.84508002E+06  4.78148694E+06  1.15545003E-08  3.17292470E+04  3.43337490E-02  0.00000000E+00
  2.84544075E+06  4.78095700E+06  1.15563513E-08  3.17241556E+04  3.43092953E-02  0.00000000E+00
  2.84580148E+06  4.78042706E+06  1.15582028E-08  3.17190713E+04  3.42848786E-02  0.00000000E+00
  2.84616221E+06  4.77989712E+06  1.15600547E-08  3.17139940E+04  3.42604989E-02  0.00000000E+00
  2.84652294E+06  4.77936718E+06  1.15619070E-08  3.17089238E+04  3.42361560E-02  0.00000000E+00
  2.84688367E+06  4.77883724E+06  1.15637597E-08  3.17038606E+04  3.42118500E-02  0.00000000E+00
  2.84724440E+06  4.77830730E+06  1.15656128E-08  3.16988045E+04  3.41875807E-02  0.00000000E+00
  2.84760513E+06  4.77777736E+06  1.15674663E-08  3.16937555E+04  3.41633481E-02  0.00000000E+00
  2.84796586E+06  4.77724742E+06  1.15693202E-08  3.16887134E+04  3.41391521E-02  0.00000000E+00
  2.84832659E+06  4.77671748E+06  1.15711746E-08  3.16836784E+04  3.41149927E-02  0.00000000E+00
  2.84868732E+06  4.77618754E+06  1.15730294E-08  3.16786503E+04  3.40908698E-02  0.00000000E+00
  2.84904805E+06  4.77565760E+06  1.15748845E-08  3.16736293E+04  3.40667834E-02  0.00000000E+00
  2.84940878E+06  4.77512766E+06  1.15767401E-08  3.16686152E+04  3.40427333E-02  0.00000000E+00
  2.84976951E+06  4.77459772E+06  1.15785961E-08  3.16636081E+04  3.40187195E-02  0.00000000E+00
  2.85013024E+06  4.77406778E+06  1.15804525E-08  3.16586080E+04  3.39947421E-02  0.00000000E+00
  2.85049097E+06  4.77353784E+06  1.15823093E-08  3.16536148E+04  3.39708008E-02  0.00000000E+00
  2.85085170E+06  4.77300790E+06  1.15841665E-08  3.16486286E+04  3.39468956E-02  0.00000000E+00
  2.85121243E+06  4.77247796E+06  1.15860242E-08  3.16436493E+04  3.39230266E-02  0.00000000E+00
  2.85157316E+06  4.77194802E+06  1.15878822E-08  3.16386769E+04  3.38991935E-02  0.00000000E+00
  2.85193389E+06  4.77141808E+06  1.15897407E-08  3.16337114E+04  3.38753964E-02  0.00000000E+00
  2.85229462E+06  4.77088814E+06  1.15915996E-08  3.16287529E+04  3.38516352E-02  0.00000000E+00
  2.85265535E+06  4.77035820E+06  1.15934589E-08  3.16238012E+04  3.38279099E-02  0.00000000E+00
  2.85301608E+06  4.76982826E+06  1.15953186E-08  3.16188565E+04  3.38042203E-02  0.00000000E+00
  2.85337682E+06  4.76929833E+06  1.15971787E-08  3.16139186E+04  3.37805664E-02  0.00000000E+00
  2.85373755E+06  4.76876839E+06  1.15990392E-08  3.16089876E+04  3.37569482E-02  0.00000000E+00
  2.85409828E+06  4.76823845E+06  1.16009002E-08  3.16040634E+04  3.37333656E-02  0.00000000E+00
  2.85445901E+06  4.76770851E+06  1.16027615E-08  3.15991461E+04  3.37098186E-02  0.00000000E+00
  2.85481974E+06  4.76717857E+06  1.16046233E-08  3.15942356E+04  3.36863070E-02  0.00000000E+00
  2.85518047E+06  4.76664863E+06  1.16064855E-08  3.15893319E+04  3.36628308E-02  0.00000000E+00
  2.85554120E+06  4.76611870E+06  1.16083481E-08  3.15844351E+04  3.36393900E-02  0.00000000E+00
  2.85590193E+06  4.76558876E+06  1.16102111E-08  3.15795451E+04  3.36159845E-02  0.00000000E+00
  2.85626266E+06  4.76505882E+06  1.16120745E-08  3.15746619E+04  3.35926142E-02  0.00000000E+00
  2.85662339E+06  4.76452888E+06  1.16139383E-08  3.15697854E+04  3.35692791E-02  0.00000000E+00
  2.85698412E+06  4.76399894E+06  1.16158026E-08  3.15649158E+04  3.35459791E-02  0.00000000E+00
  2.85734485E+06  4.76346901E+06  1.16176673E-08  3.15600529E+04  3.35227142E-02  0.00000000E+00
  2.85770558E+06  4.76293907E+06  1.16195323E-08  3.15551968E+04  3.34994843E-02  0.00000000E+00
  2.85806631E+06  4.76240913E+06  1.16213978E-08  3.15503474E+04  3.34762893E-02  0.00000000E+00
  2.85842704E+06  4.76187919E+06  1.16232637E-08  3.15455048E+04  3.34531292E-02  0.00000000E+00
  2.85878777E+06  4.76134926E+06  1.16251301E-08  3.15406690E+04  3.34300039E-02  0.00000000E+00
  2.85914850E+06  4.76081932E+06  1.16269968E-08  3.15358398E+04  3.34069134E-02  0.00000000E+00
  2.85950923E+06  4.76028938E+06  1.16288640E-08  3.15310174E+04  3.33838576E-02  0.00000000E+00
  2.85986996E+06  4.75975945E+06  1.16307316E-08  3.15262016E+04  3.33608365E-02  0.00000000E+00
  2.86023069E+06  4.75922951E+06  1.16325995E-08  3.15213926E+04  3.33378499E-02  0.00000000E+00
  2.86059142E+06  4.75869957E+06  1.16344679E-08  3.15165903E+04  3.33148979E-02  0.00000000E+00
  2.86095215E+06  4.75816964E+06  1.16363368E-08  3.15117946E+04  3.32919803E-02  0.00000000E+00
  2.86131288E+06  4.75763970E+06  1.16382060E-08  3.15070056E+04  3.32690971E-02  0.00000000E+00
  2.86167361E+06  4.75710976E+06  1.16400757E-08  3.15022233E+04  3.32462483E-02  0.00000000E+00
  2.86203434E+06  4.75657983E+06  1.16419457E-08  3.14974476E+04  3.32234338E-02  0.00000000E+00
  2.86239507E+06  4.75604989E+06  1.16438162E-08  3.14926785E+04  3.32006536E-02  0.00000000E+00
  2.86275580E+06  4.75551995E+06  1.16456871E-08  3.14879161E+04  3.31779075E-02  0.00000000E+00
  2.86311653E+06  4.75499002E+06  1.16475584E-08  3.14831603E+04  3.31551955E-02  0.00000000E+00
  2.86347726E+06  4.75446008E+06  1.16494302E-08  3.14784112E+04  3.31325176E-02  0.00000000E+00
  2.86383799E+06  4.75393015E+06  1.16513023E-08  3.14736686E+04  3.31098737E-02  0.00000000E+00
  2.86419872E+06  4.75340021E+06  1.16531749E-08  3.14689326E+04  3.30872638E-02  0.00000000E+00
  2.86455945E+06  4.75287027E+06  1.16550479E-08  3.14642032E+04  3.30646877E-02  0.00000000E+00
  2.86492019E+06  4.75234034E+06  1.16569213E-08  3.14594804E+04  3.30421455E-02  0.00000000E+00
  2.86528092E+06  4.75181040E+06  1.16587951E-08  3.14547642E+04  3.30196371E-02  0.00000000E+00
  2.86564165E+06  4.75128047E+06  1.16606694E-08  3.14500545E+04  3.29971623E-02  0.00000000E+00
  2.86600238E+06  4.75075053E+06  1.16625440E-08  3.14453514E+04  3.29747213E-02  0.00000000E+00
  2.86636311E+06  4.75022060E+06  1.16644191E-08  3.14406548E+04  3.29523138E-02  0.00000000E+00
  2.86672384E+06  4.74969066E+06  1.16662946E-08  3.14359647E+04  3.29299399E-02  0.00000000E+00
  2.86708457E+06  4.74916073E+06  1.16681705E-08  3.14312812E+04  3.29075994E-02  0.00000000E+00
  2.86744530E+06  4.74863079E+06  1.16700468E-08  3.14266041E+04  3.28852924E-02  0.00000000E+00
  2.86780603E+06  4.74810086E+06  1.16719236E-08  3.14219336E+04  3.28630188E-02  0.00000000E+00
  2.86816676E+06  4.74757092E+06  1.16738008E-08  3.14172696E+04  3.28407785E-02  0.00000000E+00
  2.86852749E+06  4.74704099E+06  1.16756784E-08  3.14126121E+04  3.28185714E-02  0.00000000E+00
  2.86888822E+06  4.74651105E+06  1.16775564E-08  3.14079610E+04  3.27963976E-02  0.00000000E+00
  2.86924895E+06  4.74598112E+06  1.16794348E-08  3.14033164E+04  3.27742569E-02  0.00000000E+00
  2.86960968E+06  4.74545118E+06  1.16813136E-08  3.13986783E+04  3.27521492E-02  0.00000000E+00
  2.86997041E+06  4.74492125E+06  1.16831929E-08  3.13940466E+04  3.27300746E-02  0.00000000E+00
  2.87033114E+06  4.74439131E+06  1.16850726E-08  3.13894214E+04  3.27080330E-02  0.00000000E+00
  2.87069187E+06  4.74386138E+06  1.16869527E-08  3.13848026E+04  3.26860243E-02  0.00000000E+00
  2.87105260E+06  4.74333145E+06  1.16888332E-08  3.13801902E+04  3.26640485E-02  0.00000000E+00
  2.87141333E+06  4.74280151E+06  1.16907142E-08  3.13755842E+04  3.26421055E-02  0.00000000E+00
  2.87177406E+06  4.74227158E+06  1.16925955E-08  3.13709846E+04  3.26201952E-02  0.00000000E+00
  2.87213479E+06  4.74174164E+06  1.16944773E-08  3.13663915E+04  3.25983176E-02  0.00000000E+00
  2.87249552E+06  4.74121171E+06  1.16963595E-08  3.13618047E+04  3.25764727E-02  0.00000000E+00
  2.87285625E+06  4.74068178E+06  1.16982421E-08  3.13572243E+04  3.25546603E-02  0.00000000E+00
  2.87321698E+06  4.74015184E+06  1.17001252E-08  3.13526503E+04  3.25328805E-02  0.00000000E+00
  2.87357771E+06  4.73962191E+06  1.17020087E-08  3.13480826E+04  3.25111331E-02  0.00000000E+00
  2.87393844E+06  4.73909198E+06  1.17038925E-08  3.13435213E+04  3.24894182E-02  0.00000000E+00
  2.87429917E+06  4.73856204E+06  1.17057769E-08  3.13389663E+04  3.24677356E-02  0.00000000E+00
  2.87465990E+06  4.73803211E+06  1.17076616E-08  3.13344177E+04  3.24460853E-02  0.00000000E+00
  2.87502063E+06  4.73750218E+06  1.17095467E-08  3.13298754E+04  3.24244672E-02  0.00000000E+00
  2.87538136E+06  4.73697224E+06  1.17114323E-08  3.13253394E+04  3.24028814E-02  0.00000000E+00
  2.87574209E+06  4.73644231E+06  1.17133183E-08  3.13208097E+04  3.23813277E-02  0.00000000E+00
  2.87610283E+06  4.73591238E+06  1.17152047E-08  3.13162863E+04  3.23598060E-02  0.00000000E+00
  2.87646356E+06  4.73538245E+06  1.17170916E-08  3.13117692E+04  3.23383164E-02  0.00000000E+00
  2.87682429E+06  4.73485251E+06  1.17189788E-08  3.13072584E+04  3.23168588E-02  0.00000000E+00
  2.87718502E+06  4.73432258E+06  1.17208665E-08  3.13027538E+04  3.22954331E-02  0.00000000E+00
  2.87754575E+06  4.73379265E+06  1.17227546E-08  3.12982556E+04  3.22740392E-02  0.00000000E+00
  2.87790648E+06  4.73326272E+06  1.17246432E-08  3.12937635E+04  3.22526772E-02  0.00000000E+00
  2.87826721E+06  4.73273278E+06  1.17265321E-08  3.12892778E+04  3.22313469E-02  0.00000000E+00
  2.87862794E+06  4.73220285E+06  1.17284215E-08  3.12847982E+04  3.22100483E-02  0.00000000E+00
  2.87898867E+06  4.73167292E+06  1.17303113E-08  3.12803249E+04  3.21887813E-02  0.00000000E+00
  2.87934940E+06  4.73114299E+06  1.17322015E-08  3.12758579E+04  3.21675459E-02  0.00000000E+00
  2.87971013E+06  4.73061305E+06  1.17340922E-08  3.12713970E+04  3.21463421E-02  0.00000000E+00
  2.88007086E+06  4.73008312E+06  1.17359832E-08  3.12669423E+04  3.21251697E-02  0.00000000E+00
  2.88043159E+06  4.72955319E+06  1.17378747E-08  3.12624938E+04  3.21040288E-02  0.00000000E+00
  2.88079232E+06  4.72902326E+06  1.17397666E-08  3.12580516E+04  3.20829192E-02  0.00000000E+00
  2.88115305E+06  4.72849333E+06  1.17416590E-08  3.12536155E+04  3.20618410E-02  0.00000000E+00
  2.88151378E+06  4.72796340E+06  1.17435517E-08  3.12491855E+04  3.20407940E-02  0.00000000E+00
  2.88187451E+06  4.72743346E+06  1.17454449E-08  3.12447617E+04  3.20197782E-02  0.00000000E+00
  2.88223524E+06  4.72690353E+06  1.17473385E-08  3.12403441E+04  3.19987935E-02  0.00000000E+00
  2.88259597E+06  4.72637360E+06  1.17492326E-08  3.12359326E+04  3.19778400E-02  0.00000000E+00
  2.88295670E+06  4.72584367E+06  1.17511270E-08  3.12315273E+04  3.19569175E-02  0.00000000E+00
  2.88331743E+06  4.72531374E+06  1.17530219E-08  3.12271281E+04  3.19360260E-02  0.00000000E+00
  2.88367816E+06  4.72478381E+06  1.17549172E-08  3.12227350E+04  3.19151654E-02  0.00000000E+00
  2.88403889E+06  4.72425388E+06  1.17568130E-08  3.12183480E+04  3.18943358E-02  0.00000000E+00
  2.88439962E+06  4.72372395E+06  1.17587091E-08  3.12139671E+04  3.18735369E-02  0.00000000E+00
  2.88476035E+06  4.72319401E+06  1.17606057E-08  3.12095923E+04  3.18527688E-02  0.00000000E+00
  2.88512108E+06  4.72266408E+06  1.17625027E-08  3.12052236E+04  3.18320315E-02  0.00000000E+00
  2.88548181E+06  4.72213415E+06  1.17644001E-08  3.12008609E+04  3.18113248E-02  0.00000000E+00
  2.88584254E+06  4.72160422E+06  1.17359798E-08  3.11965044E+04  3.18721485E-02  0.00000000E+00
  2.88620327E+06  4.72107429E+06  1.17001127E-08  3.11921539E+04  3.19534633E-02  0.00000000E+00
  2.88656400E+06  4.72054436E+06  1.16643924E-08  3.11878094E+04  3.20349036E-02  0.00000000E+00
  2.88692473E+06  4.72001443E+06  1.16288185E-08  3.11834710E+04  3.21164690E-02  0.00000000E+00
  2.88728547E+06  4.71948450E+06  1.15933902E-08  3.11791386E+04  3.21981592E-02  0.00000000E+00
  2.88764620E+06  4.71895457E+06  1.15581071E-08  3.11748122E+04  3.22799738E-02  0.00000000E+00
  2.88800693E+06  4.71842464E+06  1.15229685E-08  3.11704919E+04  3.23619125E-02  0.00000000E+00
  2.88836766E+06  4.71789471E+06  1.14879738E-08  3.11661776E+04  3.24439749E-02  0.00000000E+00
  2.88872839E+06  4.71736478E+06  1.14531224E-08  3.11618692E+04  3.25261607E-02  0.00000000E+00
  2.88908912E+06  4.71683485E+06  1.14184139E-08  3.11575669E+04  3.26084696E-02  0.00000000E+00
  2.88944985E+06  4.71630492E+06  1.13838475E-08  3.11532705E+04  3.26909010E-02  0.00000000E+00
  2.88981058E+06  4.71577499E+06  1.13494227E-08  3.11489802E+04  3.27734547E-02  0.00000000E+00
  2.89017131E+06  4.71524506E+06  1.13151390E-08  3.11446957E+04  3.28561304E-02  0.00000000E+00
  2.89053204E+06  4.71471513E+06  1.12809957E-08  3.11404173E+04  3.29389276E-02  0.00000000E+00
  2.89089277E+06  4.71418520E+06  1.12469923E-08  3.11361448E+04  3.30218459E-02  0.00000000E+00
  2.89125350E+06  4.71365527E+06  1.12131283E-08  3.11318782E+04  3.31048850E-02  0.00000000E+00
  2.89161423E+06  4.71312534E+06  1.11794030E-08  3.11276176E+04  3.31880445E-02  0.00000000E+00
  2.89197496E+06  4.71259542E+06  1.11458159E-08  3.11233629E+04  3.32713240E-02  0.00000000E+00
  2.89233569E+06  4.71206549E+06  1.11123664E-08  3.11191141E+04  3.33547231E-02  0.00000000E+00
  2.89269642E+06  4.71153556E+06  1.10790540E-08  3.11148712E+04  3.34382414E-02  0.00000000E+00
  2.89305715E+06  4.71100563E+06  1.10458782E-08  3.11106342E+04  3.35218785E-02  0.00000000E+00
  2.89341788E+06  4.71047570E+06  1.10128383E-08  3.11064031E+04  3.36056341E-02  0.00000000E+00
  2.89377861E+06  4.70994577E+06  1.09799338E-08  3.11021779E+04  3.36895076E-02  0.00000000E+00
  2.89413934E+06  4.70941584E+06  1.09471642E-08  3.10979586E+04  3.37734988E-02  0.00000000E+00
  2.89450007E+06  4.70888591E+06  1.09145289E-08  3.10937451E+04  3.38576071E-02  0.00000000E+00
  2.89486080E+06  4.70835598E+06  1.08820274E-08  3.10895375E+04  3.39418322E-02  0.00000000E+00
  2.89522153E+06  4.70782606E+06  1.08496592E-08  3.10853358E+04  3.40261737E-02  0.00000000E+00
  2.89558226E+06  4.70729613E+06  1.08174236E-08  3.10811399E+04  3.41106310E-02  0.00000000E+00
  2.89594299E+06  4.70676620E+06  1.07853201E-08  3.10769498E+04  3.41952039E-02  0.00000000E+00
  2.89630372E+06  4.70623627E+06  1.07533483E-08  3.10727656E+04  3.42798918E-02  0.00000000E+00
  2.89666445E+06  4.70570634E+06  1.07215076E-08  3.10685872E+04  3.43646944E-02  0.00000000E+00
  2.89702518E+06  4.70517641E+06  1.06897974E-08  3.10644145E+04  3.44496111E-02  0.00000000E+00
  2.89738591E+06  4.70464649E+06  1.06582172E-08  3.10602477E+04  3.45346416E-02  0.00000000E+00
  2.89774664E+06  4.70411656E+06  1.06267666E-08  3.10560867E+04  3.46197854E-02  0.00000000E+00
  2.89810737E+06  4.70358663E+06  1.05954449E-08  3.10519315E+04  3.47050421E-02  0.00000000E+00
  2.89846810E+06  4.70305670E+06  1.05642516E-08  3.10477821E+04  3.47904111E-02  0.00000000E+00
  2.89882884E+06  4.70252677E+06  1.05331863E-08  3.10436384E+04  3.48758921E-02  0.00000000E+00
  2.89918957E+06  4.70199685E+06  1.05022483E-08  3.10395005E+04  3.49614846E-02  0.00000000E+00
  2.89955030E+06  4.70146692E+06  1.04714373E-08  3.10353683E+04  3.50471882E-02  0.00000000E+00
  2.89991103E+06  4.70093699E+06  1.04407526E-08  3.10312419E+04  3.51330023E-02  0.00000000E+00
  2.90027176E+06  4.70040706E+06  1.04101938E-08  3.10271212E+04  3.52189264E-02  0.00000000E+00
  2.90063249E+06  4.69987714E+06  1.03797603E-08  3.10230063E+04  3.53049602E-02  0.00000000E+00
  2.90099322E+06  4.69934721E+06  1.03494517E-08  3.10188971E+04  3.53911032E-02  0.00000000E+00
  2.90135395E+06  4.69881728E+06  1.03192674E-08  3.10147935E+04  3.54773547E-02  0.00000000E+00
  2.90171468E+06  4.69828736E+06  1.02892069E-08  3.10106957E+04  3.55637145E-02  0.00000000E+00
  2.90207541E+06  4.69775743E+06  1.02592698E-08  3.10066037E+04  3.56501820E-02  0.00000000E+00
  2.90243614E+06  4.69722750E+06  1.02294555E-08  3.10025172E+04  3.57367566E-02  0.00000000E+00
  2.90279687E+06  4.69669757E+06  1.01997635E-08  3.09984365E+04  3.58234380E-02  0.00000000E+00
  2.90315760E+06  4.69616765E+06  1.01701934E-08  3.09943615E+04  3.59102255E-02  0.00000000E+00
  2.90351833E+06  4.69563772E+06  1.01407445E-08  3.09902921E+04  3.59971188E-02  0.00000000E+00
  2.90387906E+06  4.69510779E+06  1.01114166E-08  3.09862284E+04  3.60841172E-02  0.00000000E+00
  2.90423979E+06  4.69457787E+06  1.00822089E-08  3.09821703E+04  3.61712203E-02  0.00000000E+00
  2.90460052E+06  4.69404794E+06  1.00531212E-08  3.09781179E+04  3.62584277E-02  0.00000000E+00
  2.90496125E+06  4.69351801E+06  1.00241528E-08  3.09740711E+04  3.63457386E-02  0.00000000E+00
  2.90532198E+06  4.69298809E+06  9.99530335E-09  3.09700299E+04  3.64331527E-02  0.00000000E+00
  2.90568271E+06  4.69245816E+06  9.96657228E-09  3.09659944E+04  3.65206695E-02  0.00000000E+00
  2.90604344E+06  4.69192824E+06  9.93795915E-09  3.09619644E+04  3.66082883E-02  0.00000000E+00
  2.90640417E+06  4.69139831E+06  9.90946347E-09  3.09579401E+04  3.66960087E-02  0.00000000E+00
  2.90676490E+06  4.69086838E+06  9.88108477E-09  3.09539214E+04  3.67838301E-02  0.00000000E+00
  2.90712563E+06  4.69033846E+06  9.85282258E-09  3.09499082E+04  3.68717520E-02  0.00000000E+00
  2.90748636E+06  4.68980853E+06  9.82467641E-09  3.09459007E+04  3.69597738E-02  0.00000000E+00
  2.90784709E+06  4.68927861E+06  9.79664580E-09  3.09418987E+04  3.70478951E-02  0.00000000E+00
  2.90820782E+06  4.68874868E+06  9.76873028E-09  3.09379023E+04  3.71361152E-02  0.00000000E+00
  2.90856855E+06  4.68821875E+06  9.74092939E-09  3.09339114E+04  3.72244336E-02  0.00000000E+00
  2.90892928E+06  4.68768883E+06  9.71324265E-09  3.09299261E+04  3.73128498E-02  0.00000000E+00
  2.90929001E+06  4.68715890E+06  9.68566961E-09  3.09259463E+04  3.74013632E-02  0.00000000E+00
  2.90965074E+06  4.68662898E+06  9.65820981E-09  3.09219721E+04  3.74899732E-02  0.00000000E+00
  2.91001148E+06  4.68609905E+06  9.63086278E-09  3.09180034E+04  3.75786793E-02  0.00000000E+00
  2.91037221E+06  4.68556913E+06  9.60362806E-09  3.09140402E+04  3.76674808E-02  0.00000000E+00
  2.91073294E+06  4.68503920E+06  9.57650521E-09  3.09100825E+04  3.77563774E-02  0.00000000E+00
  2.91109367E+06  4.68450928E+06  9.54949377E-09  3.09061303E+04  3.78453682E-02  0.00000000E+00
  2.91145440E+06  4.68397935E+06  9.52259328E-09  3.09021837E+04  3.79344529E-02  0.00000000E+00
  2.91181513E+06  4.68344943E+06  9.49580329E-09  3.08982425E+04  3.80236308E-02  0.00000000E+00
  2.91217586E+06  4.68291950E+06  9.46912337E-09  3.08943068E+04  3.81129012E-02  0.00000000E+00
  2.91253659E+06  4.68238958E+06  9.44255305E-09  3.08903765E+04  3.82022637E-02  0.00000000E+00
  2.91289732E+06  4.68185965E+06  9.41609190E-09  3.08864518E+04  3.82917176E-02  0.00000000E+00
  2.91325805E+06  4.68132973E+06  9.38973947E-09  3.08825325E+04  3.83812624E-02  0.00000000E+00
  2.91361878E+06  4.68079980E+06  9.36349533E-09  3.08786186E+04  3.84708974E-02  0.00000000E+00
  2.91397951E+06  4.68026988E+06  9.33735903E-09  3.08747102E+04  3.85606220E-02  0.00000000E+00
  2.91434024E+06  4.67973995E+06  9.31133013E-09  3.08708072E+04  3.86504357E-02  0.00000000E+00
  2.91470097E+06  4.67921003E+06  9.28540820E-09  3.08669097E+04  3.87403378E-02  0.00000000E+00
  2.91506170E+06  4.67868010E+06  9.25959281E-09  3.08630175E+04  3.88303277E-02  0.00000000E+00
  2.91542243E+06  4.67815018E+06  9.23388352E-09  3.08591308E+04  3.89204048E-02  0.00000000E+00
  2.91578316E+06  4.67762025E+06  9.20827991E-09  3.08552495E+04  3.90105685E-02  0.00000000E+00
  2.91614389E+06  4.67709033E+06  9.18278154E-09  3.08513736E+04  3.91008181E-02  0.00000000E+00
  2.91650462E+06  4.67656041E+06  9.15738799E-09  3.08475031E+04  3.91911530E-02  0.00000000E+00
  2.91686535E+06  4.67603048E+06  9.13209883E-09  3.08436379E+04  3.92815727E-02  0.00000000E+00
  2.91722608E+06  4.67550056E+06  9.10691363E-09  3.08397782E+04  3.93720764E-02  0.00000000E+00
  2.91758681E+06  4.67497063E+06  9.08183199E-09  3.08359238E+04  3.94626636E-02  0.00000000E+00
  2.91794754E+06  4.67444071E+06  9.05685347E-09  3.08320747E+04  3.95533335E-02  0.00000000E+00
  2.91830827E+06  4.67391079E+06  9.03197766E-09  3.08282310E+04  3.96440857E-02  0.00000000E+00
  2.91866900E+06  4.67338086E+06  9.00720414E-09  3.08243927E+04  3.97349193E-02  0.00000000E+00
  2.91902973E+06  4.67285094E+06  8.98253250E-09  3.08205597E+04  3.98258338E-02  0.00000000E+00
  2.91939046E+06  4.67232102E+06  8.95796233E-09  3.08167320E+04  3.99168285E-02  0.00000000E+00
  2.91975119E+06  4.67179109E+06  8.93349320E-09  3.08129097E+04  4.00079027E-02  0.00000000E+00
  2.92011192E+06  4.67126117E+06  8.90912472E-09  3.08090927E+04  4.00990558E-02  0.00000000E+00
  2.92047265E+06  4.67073124E+06  8.88485647E-09  3.08052809E+04  4.01902872E-02  0.00000000E+00
  2.92083338E+06  4.67020132E+06  8.86068805E-09  3.08014745E+04  4.02815962E-02  0.00000000E+00
  2.92119411E+06  4.66967140E+06  8.83661905E-09  3.07976734E+04  4.03729820E-02  0.00000000E+00
  2.92155485E+06  4.66914148E+06  8.81264907E-09  3.07938775E+04  4.04644441E-02  0.00000000E+00
  2.92191558E+06  4.66861155E+06  8.78877771E-09  3.07900870E+04  4.05559818E-02  0.00000000E+00
  2.92227631E+06  4.66808163E+06  8.76500457E-09  3.07863017E+04  4.06475943E-02  0.00000000E+00
  2.92263704E+06  4.66755171E+06  8.74132924E-09  3.07825217E+04  4.07392811E-02  0.00000000E+00
  2.92299777E+06  4.66702178E+06  8.71775134E-09  3.07787469E+04  4.08310414E-02  0.00000000E+00
  2.92335850E+06  4.66649186E+06  8.69427046E-09  3.07749774E+04  4.09228745E-02  0.00000000E+00
  2.92371923E+06  4.66596194E+06  8.67088622E-09  3.07712131E+04  4.10147797E-02  0.00000000E+00
  2.92407996E+06  4.66543201E+06  8.64759822E-09  3.07674541E+04  4.11067565E-02  0.00000000E+00
  2.92444069E+06  4.66490209E+06  8.62440607E-09  3.07637002E+04  4.11988039E-02  0.00000000E+00
  2.92480142E+06  4.66437217E+06  8.60130939E-09  3.07599517E+04  4.12909215E-02  0.00000000E+00
  2.92516215E+06  4.66384225E+06  8.57830778E-09  3.07562083E+04  4.13831084E-02  0.00000000E+00
  2.92552288E+06  4.66331232E+06  8.55540085E-09  3.07524701E+04  4.14753639E-02  0.00000000E+00
  2.92588361E+06  4.66278240E+06  8.53258824E-09  3.07487371E+04  4.15676874E-02  0.00000000E+00
  2.92624434E+06  4.66225248E+06  8.50986955E-09  3.07450093E+04  4.16600782E-02  0.00000000E+00
  2.92660507E+06  4.66172256E+06  8.48724440E-09  3.07412867E+04  4.17525355E-02  0.00000000E+00
  2.92696580E+06  4.66119263E+06  8.46471241E-09  3.07375693E+04  4.18450586E-02  0.00000000E+00
  2.92732653E+06  4.66066271E+06  8.44227321E-09  3.07338571E+04  4.19376468E-02  0.00000000E+00
  2.92768726E+06  4.66013279E+06  8.41992642E-09  3.07301500E+04  4.20302993E-02  0.00000000E+00
  2.92804799E+06  4.65960287E+06  8.39767166E-09  3.07264481E+04  4.21230155E-02  0.00000000E+00
  2.92840872E+06  4.65907295E+06  8.37550856E-09  3.07227513E+04  4.22157946E-02  0.00000000E+00
  2.92876945E+06  4.65854302E+06  8.35343675E-09  3.07190596E+04  4.23086360E-02  0.00000000E+00
  2.92913018E+06  4.65801310E+06  8.33145586E-09  3.07153731E+04  4.24015387E-02  0.00000000E+00
  2.92949091E+06  4.65748318E+06  8.30956551E-09  3.07116917E+04  4.24945022E-02  0.00000000E+00
  2.92985164E+06  4.65695326E+06  8.28776536E-09  3.07080155E+04  4.25875257E-02  0.00000000E+00
  2.93021237E+06  4.65642334E+06  8.26605501E-09  3.07043443E+04  4.26806084E-02  0.00000000E+00
  2.93057310E+06  4.65589342E+06  8.24443412E-09  3.07006783E+04  4.27737496E-02  0.00000000E+00
  2.93093383E+06  4.65536349E+06  8.22290232E-09  3.06970173E+04  4.28669486E-02  0.00000000E+00
  2.93129456E+06  4.65483357E+06  8.20145925E-09  3.06933615E+04  4.29602045E-02  0.00000000E+00
  2.93165529E+06  4.65430365E+06  8.18010455E-09  3.06897107E+04  4.30535167E-02  0.00000000E+00
  2.93201602E+06  4.65377373E+06  8.15883786E-09  3.06860650E+04  4.31468844E-02  0.00000000E+00
  2.93237675E+06  4.65324381E+06  8.13765882E-09  3.06824244E+04  4.32403069E-02  0.00000000E+00
  2.93273749E+06  4.65271389E+06  8.11656708E-09  3.06787888E+04  4.33337833E-02  0.00000000E+00
  2.93309822E+06  4.65218397E+06  8.09556228E-09  3.06751583E+04  4.34273129E-02  0.00000000E+00
  2.93345895E+06  4.65165405E+06  8.07464408E-09  3.06715329E+04  4.35208949E-02  0.00000000E+00
  2.93381968E+06  4.65112413E+06  8.05381211E-09  3.06679125E+04  4.36145287E-02  0.00000000E+00
  2.93418041E+06  4.65059420E+06  8.03306604E-09  3.06642971E+04  4.37082133E-02  0.00000000E+00
  2.93454114E+06  4.65006428E+06  8.01240550E-09  3.06606867E+04  4.38019481E-02  0.00000000E+00
  2.93490187E+06  4.64953436E+06  7.99183016E-09  3.06570814E+04  4.38957322E-02  0.00000000E+00
  2.93526260E+06  4.64900444E+06  7.97133968E-09  3.06534811E+04  4.39895649E-02  0.00000000E+00
  2.93562333E+06  4.64847452E+06  7.95093369E-09  3.06498858E+04  4.40834454E-02  0.00000000E+00
  2.93598406E+06  4.64794460E+06  7.93061187E-09  3.06462955E+04  4.41773729E-02  0.00000000E+00
  2.93634479E+06  4.64741468E+06  7.91037387E-09  3.06427102E+04  4.42713466E-02  0.00000000E+00
  2.93670552E+06  4.64688476E+06  7.89021936E-09  3.06391298E+04  4.43653658E-02  0.00000000E+00
  2.93706625E+06  4.64635484E+06  7.87014798E-09  3.06355545E+04  4.44594296E-02  0.00000000E+00
  2.93742698E+06  4.64582492E+06  7.85015942E-09  3.06319841E+04  4.45535373E-02  0.00000000E+00
  2.93778771E+06  4.64529500E+06  7.83025332E-09  3.06284187E+04  4.46476880E-02  0.00000000E+00
  2.93814844E+06  4.64476508E+06  7.81042936E-09  3.06248582E+04  4.47418810E-02  0.00000000E+00
  2.93850917E+06  4.64423516E+06  7.79068720E-09  3.06213027E+04  4.48361155E-02  0.00000000E+00
  2.93886990E+06  4.64370524E+06  7.77102651E-09  3.06177522E+04  4.49303906E-02  0.00000000E+00
  2.93923063E+06  4.64317532E+06  7.75144697E-09  3.06142066E+04  4.50247055E-02  0.00000000E+00
  2.93959136E+06  4.64264540E+06  7.73194823E-09  3.06106659E+04  4.51190595E-02  0.00000000E+00
  2.93995209E+06  4.64211548E+06  7.71252998E-09  3.06071301E+04  4.52134518E-02  0.00000000E+00
  2.94031282E+06  4.64158556E+06  7.69319189E-09  3.06035993E+04  4.53078814E-02  0.00000000E+00
  2.94067355E+06  4.64105564E+06  7.67393362E-09  3.06000733E+04  4.54023477E-02  0.00000000E+00
  2.94103428E+06  4.64052572E+06  7.65475487E-09  3.05965523E+04  4.54968497E-02  0.00000000E+00
  2.94139501E+06  4.63999580E+06  7.63565531E-09  3.05930362E+04  4.55913868E-02  0.00000000E+00
  2.94175574E+06  4.63946588E+06  7.61663461E-09  3.05895249E+04  4.56859580E-02  0.00000000E+00
  2.94211647E+06  4.63893596E+06  7.59769245E-09  3.05860186E+04  4.57805625E-02  0.00000000E+00
  2.94247720E+06  4.63840604E+06  7.57882852E-09  3.05825171E+04  4.58751995E-02  0.00000000E+00
  2.94283793E+06  4.63787612E+06  7.56004251E-09  3.05790205E+04  4.59698682E-02  0.00000000E+00
  2.94319866E+06  4.63734620E+06  7.54133408E-09  3.05755287E+04  4.60645678E-02  0.00000000E+00
  2.94355939E+06  4.63681628E+06  7.52270294E-09  3.05720418E+04  4.61592974E-02  0.00000000E+00
  2.94392012E+06  4.63628636E+06  7.50414876E-09  3.05685598E+04  4.62540561E-02  0.00000000E+00
  2.94428086E+06  4.63575644E+06  7.48567124E-09  3.05650826E+04  4.63488432E-02  0.00000000E+00
  2.94464159E+06  4.63522652E+06  7.46727006E-09  3.05616102E+04  4.64436579E-02  0.00000000E+00
  2.94500232E+06  4.63469660E+06  7.44894491E-09  3.05581427E+04  4.65384992E-02  0.00000000E+00
  2.94536305E+06  4.63416669E+06  7.43069549E-09  3.05546800E+04  4.66333664E-02  0.00000000E+00
  2.94572378E+06  4.63363677E+06  7.41252149E-09  3.05512221E+04  4.67282585E-02  0.00000000E+00
  2.94608451E+06  4.63310685E+06  7.39442260E-09  3.05477690E+04  4.68231748E-02  0.00000000E+00
  2.94644524E+06  4.63257693E+06  7.37639852E-09  3.05443207E+04  4.69181144E-02  0.00000000E+00
  2.94680597E+06  4.63204701E+06  7.35844894E-09  3.05408772E+04  4.70130765E-02  0.00000000E+00
  2.94716670E+06  4.63151709E+06  7.34057356E-09  3.05374385E+04  4.71080602E-02  0.00000000E+00
  2.94752743E+06  4.63098717E+06  7.32277209E-09  3.05340046E+04  4.72030646E-02  0.00000000E+00
  2.94788816E+06  4.63045725E+06  7.30504422E-09  3.05305754E+04  4.72980890E-02  0.00000000E+00
  2.94824889E+06  4.62992734E+06  7.28738966E-09  3.05271510E+04  4.73931324E-02  0.00000000E+00
  2.94860962E+06  4.62939742E+06  7.26980810E-09  3.05237314E+04  4.74881939E-02  0.00000000E+00
  2.94897035E+06  4.62886750E+06  7.25229925E-09  3.05203166E+04  4.75832729E-02  0.00000000E+00
  2.94933108E+06  4.62833758E+06  7.23486282E-09  3.05169064E+04  4.76783683E-02  0.00000000E+00
  2.94969181E+06  4.62780766E+06  7.21749851E-09  3.05135011E+04  4.77734793E-02  0.00000000E+00
  2.95005254E+06  4.62727774E+06  7.20020603E-09  3.05101004E+04  4.78686051E-02  0.00000000E+00
  2.95041327E+06  4.62674783E+06  7.18298508E-09  3.05067045E+04  4.79637447E-02  0.00000000E+00
  2.95077400E+06  4.62621791E+06  7.16583539E-09  3.05033134E+04  4.80588974E-02  0.00000000E+00
  2.95113473E+06  4.62568799E+06  7.14875666E-09  3.04999269E+04  4.81540622E-02  0.00000000E+00
  2.95149546E+06  4.62515807E+06  7.13174860E-09  3.04965452E+04  4.82492383E-02  0.00000000E+00
  2.95185619E+06  4.62462815E+06  7.11481093E-09  3.04931681E+04  4.83444249E-02  0.00000000E+00
  2.95221692E+06  4.62409824E+06  7.09794335E-09  3.04897957E+04  4.84396210E-02  0.00000000E+00
  2.95257765E+06  4.62356832E+06  7.08114559E-09  3.04864281E+04  4.85348257E-02  0.00000000E+00
  2.95293838E+06  4.62303840E+06  7.06441737E-09  3.04830651E+04  4.86300383E-02  0.00000000E+00
  2.95329911E+06  4.62250848E+06  7.04775840E-09  3.04797068E+04  4.87252578E-02  0.00000000E+00
  2.95365984E+06  4.62197856E+06  7.03116840E-09  3.04763532E+04  4.88204833E-02  0.00000000E+00
  2.95402057E+06  4.62144865E+06  7.01464709E-09  3.04730042E+04  4.89157140E-02  0.00000000E+00
  2.95438130E+06  4.62091873E+06  6.99819419E-09  3.04696599E+04  4.90109490E-02  0.00000000E+00
  2.95474203E+06  4.62038881E+06  6.98180942E-09  3.04663202E+04  4.91061874E-02  0.00000000E+00
  2.95510276E+06  4.61985889E+06  6.96549252E-09  3.04629852E+04  4.92014283E-02  0.00000000E+00
  2.95546350E+06  4.61932898E+06  6.94924320E-09  3.04596548E+04  4.92966708E-02  0.00000000E+00
  2.95582423E+06  4.61879906E+06  6.93306119E-09  3.04563291E+04  4.93919142E-02  0.00000000E+00
  2.95618496E+06  4.61826914E+06  6.91694622E-09  3.04530080E+04  4.94871574E-02  0.00000000E+00
  2.95654569E+06  4.61773922E+06  6.90089801E-09  3.04496915E+04  4.95823996E-02  0.00000000E+00
  2.95690642E+06  4.61720931E+06  6.88491630E-09  3.04463796E+04  4.96776398E-02  0.00000000E+00
  2.95726715E+06  4.61667939E+06  6.86900081E-09  3.04430723E+04  4.97728774E-02  0.00000000E+00
  2.95762788E+06  4.61614947E+06  6.85315128E-09  3.04397696E+04  4.98681112E-02  0.00000000E+00
  2.95798861E+06  4.61561956E+06  6.83736744E-09  3.04364715E+04  4.99633405E-02  0.00000000E+00
  2.95834934E+06  4.61508964E+06  6.82164903E-09  3.04331780E+04  5.00585643E-02  0.00000000E+00
  2.95871007E+06  4.61455972E+06  6.80599577E-09  3.04298891E+04  5.01537817E-02  0.00000000E+00
  2.95907080E+06  4.61402980E+06  6.79040741E-09  3.04266048E+04  5.02489920E-02  0.00000000E+00
  2.95943153E+06  4.61349989E+06  6.77488367E-09  3.04233250E+04  5.03441941E-02  0.00000000E+00
  2.95979226E+06  4.61296997E+06  6.75942431E-09  3.04200497E+04  5.04393872E-02  0.00000000E+00
  2.96015299E+06  4.61244005E+06  6.74402905E-09  3.04167791E+04  5.05345703E-02  0.00000000E+00
  2.96051372E+06  4.61191014E+06  6.72869765E-09  3.04135130E+04  5.06297426E-02  0.00000000E+00
  2.96087445E+06  4.61138022E+06  6.71342983E-09  3.04102514E+04  5.07249033E-02  0.00000000E+00
  2.96123518E+06  4.61085030E+06  6.69822534E-09  3.04069944E+04  5.08200513E-02  0.00000000E+00
  2.96159591E+06  4.61032039E+06  6.68308393E-09  3.04037418E+04  5.09151858E-02  0.00000000E+00
  2.96195664E+06  4.60979047E+06  6.66800534E-09  3.04004939E+04  5.10103059E-02  0.00000000E+00
  2.96231737E+06  4.60926056E+06  6.65298931E-09  3.03972504E+04  5.11054107E-02  0.00000000E+00
  2.96267810E+06  4.60873064E+06  6.63803560E-09  3.03940114E+04  5.12004993E-02  0.00000000E+00
  2.96303883E+06  4.60820072E+06  6.62314394E-09  3.03907770E+04  5.12955708E-02  0.00000000E+00
  2.96339956E+06  4.60767081E+06  6.60831409E-09  3.03875470E+04  5.13906242E-02  0.00000000E+00
  2.96376029E+06  4.60714089E+06  6.59354580E-09  3.03843216E+04  5.14856588E-02  0.00000000E+00
  2.96412102E+06  4.60661097E+06  6.57883882E-09  3.03811006E+04  5.15806736E-02  0.00000000E+00
  2.96448175E+06  4.60608106E+06  6.56419289E-09  3.03778841E+04  5.16756677E-02  0.00000000E+00
  2.96484248E+06  4.60555114E+06  6.54960778E-09  3.03746721E+04  5.17706401E-02  0.00000000E+00
  2.96520321E+06  4.60502123E+06  6.53508323E-09  3.03714645E+04  5.18655901E-02  0.00000000E+00
  2.96556394E+06  4.60449131E+06  6.52061900E-09  3.03682614E+04  5.19605166E-02  0.00000000E+00
  2.96592467E+06  4.60396139E+06  6.50621484E-09  3.03650628E+04  5.20554188E-02  0.00000000E+00
  2.96628540E+06  4.60343148E+06  6.49187052E-09  3.03618686E+04  5.21502958E-02  0.00000000E+00
  2.96664613E+06  4.60290156E+06  6.47758579E-09  3.03586788E+04  5.22451467E-02  0.00000000E+00
  2.96700687E+06  4.60237165E+06  6.46336040E-09  3.03554935E+04  5.23399705E-02  0.00000000E+00
  2.96736760E+06  4.60184173E+06  6.44919412E-09  3.03523126E+04  5.24347664E-02  0.00000000E+00
  2.96772833E+06  4.60131182E+06  6.43508671E-09  3.03491362E+04  5.25295335E-02  0.00000000E+00
  2.96808906E+06  4.60078190E+06  6.42103793E-09  3.03459641E+04  5.26242708E-02  0.00000000E+00
  2.96844979E+06  4.60025199E+06  6.40704754E-09  3.03427965E+04  5.27189775E-02  0.00000000E+00
  2.96881052E+06  4.59972207E+06  6.39311530E-09  3.03396333E+04  5.28136526E-02  0.00000000E+00
  2.96917125E+06  4.59919215E+06  6.37924099E-09  3.03364744E+04  5.29082953E-02  0.00000000E+00
  2.96953198E+06  4.59866224E+06  6.36542436E-09  3.03333200E+04  5.30029047E-02  0.00000000E+00
  2.96989271E+06  4.59813232E+06  6.35166518E-09  3.03301700E+04  5.30974798E-02  0.00000000E+00
  2.97025344E+06  4.59760241E+06  6.33796321E-09  3.03270243E+04  5.31920197E-02  0.00000000E+00
  2.97061417E+06  4.59707249E+06  6.32431824E-09  3.03238830E+04  5.32865235E-02  0.00000000E+00
  2.97097490E+06  4.59654258E+06  6.31073002E-09  3.03207461E+04  5.33809904E-02  0.00000000E+00
  2.97133563E+06  4.59601266E+06  6.29719832E-09  3.03176135E+04  5.34754194E-02  0.00000000E+00
  2.97169636E+06  4.59548275E+06  6.28372292E-09  3.03144853E+04  5.35698097E-02  0.00000000E+00
  2.97205709E+06  4.59495283E+06  6.27030359E-09  3.03113615E+04  5.36641602E-02  0.00000000E+00
  2.97241782E+06  4.59442292E+06  6.25694010E-09  3.03082420E+04  5.37584702E-02  0.00000000E+00
  2.97277855E+06  4.59389300E+06  6.24363222E-09  3.03051268E+04  5.38527387E-02  0.00000000E+00
  2.97313928E+06  4.59336309E+06  6.23037974E-09  3.03020160E+04  5.39469648E-02  0.00000000E+00
  2.97350001E+06  4.59283317E+06  6.21718242E-09  3.02989094E+04  5.40411477E-02  0.00000000E+00
  2.97386074E+06  4.59230326E+06  6.20404004E-09  3.02958073E+04  5.41352863E-02  0.00000000E+00
  2.97422147E+06  4.59177334E+06  6.19095238E-09  3.02927094E+04  5.42293799E-02  0.00000000E+00
  2.97458220E+06  4.59124343E+06  6.17791921E-09  3.02896158E+04  5.43234274E-02  0.00000000E+00
  2.97494293E+06  4.59071352E+06  6.16494032E-09  3.02865265E+04  5.44174281E-02  0.00000000E+00
  2.97530366E+06  4.59018360E+06  6.15201549E-09  3.02834416E+04  5.45113810E-02  0.00000000E+00
  2.97566439E+06  4.58965369E+06  6.13914450E-09  3.02803609E+04  5.46052852E-02  0.00000000E+00
  2.97602512E+06  4.58912377E+06  6.12632713E-09  3.02772845E+04  5.46991398E-02  0.00000000E+00
  2.97638585E+06  4.58859386E+06  6.11356315E-09  3.02742124E+04  5.47929440E-02  0.00000000E+00
  2.97674658E+06  4.58806394E+06  6.10085237E-09  3.02711445E+04  5.48866968E-02  0.00000000E+00
  2.97710731E+06  4.58753403E+06  6.08819455E-09  3.02680810E+04  5.49803973E-02  0.00000000E+00
  2.97746804E+06  4.58700411E+06  6.07558949E-09  3.02650217E+04  5.50740446E-02  0.00000000E+00
  2.97782877E+06  4.58647420E+06  6.06303697E-09  3.02619666E+04  5.51676379E-02  0.00000000E+00
  2.97818951E+06  4.58594429E+06  6.05053678E-09  3.02589158E+04  5.52611762E-02  0.00000000E+00
  2.97855024E+06  4.58541437E+06  6.03808871E-09  3.02558692E+04  5.53546587E-02  0.00000000E+00
  2.97891097E+06  4.58488446E+06  6.02569254E-09  3.02528269E+04  5.54480845E-02  0.00000000E+00
  2.97927170E+06  4.58435454E+06  6.01334807E-09  3.02497888E+04  5.55414526E-02  0.00000000E+00
  2.97963243E+06  4.58382463E+06  6.00105509E-09  3.02467549E+04  5.56347622E-02  0.00000000E+00
  2.97999316E+06  4.58329472E+06  5.98881338E-09  3.02437252E+04  5.57280124E-02  0.00000000E+00
  2.98035389E+06  4.58276480E+06  5.97662274E-09  3.02406998E+04  5.58212023E-02  0.00000000E+00
  2.98071462E+06  4.58223489E+06  5.96448297E-09  3.02376786E+04  5.59143310E-02  0.00000000E+00
  2.98107535E+06  4.58170498E+06  5.95239385E-09  3.02346615E+04  5.60073976E-02  0.00000000E+00
  2.98143608E+06  4.58117506E+06  5.94035519E-09  3.02316487E+04  5.61004013E-02  0.00000000E+00
  2.98179681E+06  4.58064515E+06  5.92836677E-09  3.02286400E+04  5.61933412E-02  0.00000000E+00
  2.98215754E+06  4.58011523E+06  5.91642840E-09  3.02256356E+04  5.62862163E-02  0.00000000E+00
  2.98251827E+06  4.57958532E+06  5.90453986E-09  3.02226353E+04  5.63790259E-02  0.00000000E+00
  2.98287900E+06  4.57905541E+06  5.89270097E-09  3.02196392E+04  5.64717689E-02  0.00000000E+00
  2.98323973E+06  4.57852549E+06  5.88091152E-09  3.02166472E+04  5.65644446E-02  0.00000000E+00
  2.98360046E+06  4.57799558E+06  5.86917130E-09  3.02136594E+04  5.66570521E-02  0.00000000E+00
  2.98396119E+06  4.57746567E+06  5.85748012E-09  3.02106758E+04  5.67495904E-02  0.00000000E+00
  2.98432192E+06  4.57693575E+06  5.84583778E-09  3.02076963E+04  5.68420588E-02  0.00000000E+00
  2.98468265E+06  4.57640584E+06  5.83424409E-09  3.02047210E+04  5.69344563E-02  0.00000000E+00
  2.98504338E+06  4.57587593E+06  5.82269883E-09  3.02017498E+04  5.70267820E-02  0.00000000E+00
  2.98540411E+06  4.57534601E+06  5.81120183E-09  3.01987827E+04  5.71190352E-02  0.00000000E+00
  2.98576484E+06  4.57481610E+06  5.79975288E-09  3.01958198E+04  5.72112148E-02  0.00000000E+00
  2.98612557E+06  4.57428619E+06  5.78835179E-09  3.01928610E+04  5.73033202E-02  0.00000000E+00
  2.98648630E+06  4.57375627E+06  5.77699837E-09  3.01899063E+04  5.73953503E-02  0.00000000E+00
  2.98684703E+06  4.57322636E+06  5.76569241E-09  3.01869557E+04  5.74873043E-02  0.00000000E+00
  2.98720776E+06  4.57269645E+06  5.75443374E-09  3.01840092E+04  5.75791814E-02  0.00000000E+00
  2.98756849E+06  4.57216654E+06  5.74322215E-09  3.01810668E+04  5.76709807E-02  0.00000000E+00
  2.98792922E+06  4.57163662E+06  5.73205746E-09  3.01781285E+04  5.77627014E-02  0.00000000E+00
  2.98828995E+06  4.57110671E+06  5.72093948E-09  3.01751943E+04  5.78543425E-02  0.00000000E+00
  2.98865068E+06  4.57057680E+06  5.70986802E-09  3.01722641E+04  5.79459032E-02  0.00000000E+00
  2.98901141E+06  4.57004689E+06  5.69884289E-09  3.01693381E+04  5.80373828E-02  0.00000000E+00
  2.98937215E+06  4.56951697E+06  5.68786390E-09  3.01664161E+04  5.81287802E-02  0.00000000E+00
  2.98973288E+06  4.56898706E+06  5.67693086E-09  3.01634982E+04  5.82200947E-02  0.00000000E+00
  2.99009361E+06  4.56845715E+06  5.66604359E-09  3.01605843E+04  5.83113254E-02  0.00000000E+00
  2.99045434E+06  4.56792723E+06  5.65520191E-09  3.01576745E+04  5.84024715E-02  0.00000000E+00
  2.99081507E+06  4.56739732E+06  5.64440563E-09  3.01547687E+04  5.84935321E-02  0.00000000E+00
  2.99117580E+06  4.56686741E+06  5.63365456E-09  3.01518670E+04  5.85845063E-02  0.00000000E+00
  2.99153653E+06  4.56633750E+06  5.62294853E-09  3.01489693E+04  5.86753934E-02  0.00000000E+00
  2.99189726E+06  4.56580759E+06  5.61228734E-09  3.01460756E+04  5.87661925E-02  0.00000000E+00
  2.99225799E+06  4.56527767E+06  5.60167083E-09  3.01431860E+04  5.88569028E-02  0.00000000E+00
  2.99261872E+06  4.56474776E+06  5.59109880E-09  3.01403004E+04  5.89475234E-02  0.00000000E+00
  2.99297945E+06  4.56421785E+06  5.58057108E-09  3.01374187E+04  5.90380534E-02  0.00000000E+00
  2.99334018E+06  4.56368794E+06  5.57008748E-09  3.01345411E+04  5.91284921E-02  0.00000000E+00
  2.99370091E+06  4.56315802E+06  5.55964784E-09  3.01316676E+04  5.92188387E-02  0.00000000E+00
  2.99406164E+06  4.56262811E+06  5.54925197E-09  3.01287979E+04  5.93090922E-02  0.00000000E+00
  2.99442237E+06  4.56209820E+06  5.53889969E-09  3.01259323E+04  5.93992519E-02  0.00000000E+00
  2.99478310E+06  4.56156829E+06  5.52859082E-09  3.01230707E+04  5.94893169E-02  0.00000000E+00
  2.99514383E+06  4.56103838E+06  5.51832520E-09  3.01202131E+04  5.95792865E-02  0.00000000E+00
  2.99550456E+06  4.56050846E+06  5.50810265E-09  3.01173594E+04  5.96691598E-02  0.00000000E+00
  2.99586529E+06  4.55997855E+06  5.49792299E-09  3.01145097E+04  5.97589359E-02  0.00000000E+00
  2.99622602E+06  4.55944864E+06  5.48778605E-09  3.01116640E+04  5.98486142E-02  0.00000000E+00
  2.99658675E+06  4.55891873E+06  5.47769165E-09  3.01088222E+04  5.99381936E-02  0.00000000E+00
  2.99694748E+06  4.55838882E+06  5.46763963E-09  3.01059843E+04  6.00276736E-02  0.00000000E+00
  2.99730821E+06  4.55785891E+06  5.45762981E-09  3.01031505E+04  6.01170532E-02  0.00000000E+00
  2.99766894E+06  4.55732899E+06  5.44766201E-09  3.01003205E+04  6.02063316E-02  0.00000000E+00
  2.99802967E+06  4.55679908E+06  5.43773608E-09  3.00974945E+04  6.02955080E-02  0.00000000E+00
  2.99839040E+06  4.55626917E+06  5.42785184E-09  3.00946724E+04  6.03845817E-02  0.00000000E+00
  2.99875113E+06  4.55573926E+06  5.41800913E-09  3.00918543E+04  6.04735518E-02  0.00000000E+00
  2.99911186E+06  4.55520935E+06  5.40820777E-09  3.00890401E+04  6.05624176E-02  0.00000000E+00
  2.99947259E+06  4.55467944E+06  5.39844759E-09  3.00862297E+04  6.06511782E-02  0.00000000E+00
  2.99983332E+06  4.55414953E+06  5.38872844E-09  3.00834233E+04  6.07398329E-02  0.00000000E+00
  3.00019405E+06  4.55361961E+06  5.37905013E-09  3.00806208E+04  6.08283808E-02  0.00000000E+00
  3.00055478E+06  4.55308970E+06  5.36941252E-09  3.00778222E+04  6.09168212E-02  0.00000000E+00
  3.00091552E+06  4.55255979E+06  5.35981543E-09  3.00750275E+04  6.10051533E-02  0.00000000E+00
  3.00127625E+06  4.55202988E+06  5.35025871E-09  3.00722367E+04  6.10933764E-02  0.00000000E+00
  3.00163698E+06  4.55149997E+06  5.34074217E-09  3.00694497E+04  6.11814896E-02  0.00000000E+00
  3.00199771E+06  4.55097006E+06  5.33126568E-09  3.00666667E+04  6.12694921E-02  0.00000000E+00
  3.00235844E+06  4.55044015E+06  5.32182905E-09  3.00638875E+04  6.13573833E-02  0.00000000E+00
  3.00271917E+06  4.54991024E+06  5.31243213E-09  3.00611121E+04  6.14451622E-02  0.00000000E+00
  3.00307990E+06  4.54938033E+06  5.30307477E-09  3.00583406E+04  6.15328283E-02  0.00000000E+00
  3.00344063E+06  4.54885042E+06  5.29375679E-09  3.00555730E+04  6.16203806E-02  0.00000000E+00
  3.00380136E+06  4.54832050E+06  5.28447804E-09  3.00528092E+04  6.17078185E-02  0.00000000E+00
  3.00416209E+06  4.54779059E+06  5.27523837E-09  3.00500493E+04  6.17951412E-02  0.00000000E+00
  3.00452282E+06  4.54726068E+06  5.26603760E-09  3.00472932E+04  6.18823479E-02  0.00000000E+00
  3.00488355E+06  4.54673077E+06  5.25687560E-09  3.00445410E+04  6.19694379E-02  0.00000000E+00
  3.00524428E+06  4.54620086E+06  5.24775219E-09  3.00417925E+04  6.20564103E-02  0.00000000E+00
  3.00560501E+06  4.54567095E+06  5.23866722E-09  3.00390479E+04  6.21432646E-02  0.00000000E+00
  3.00596574E+06  4.54514104E+06  5.22962054E-09  3.00363071E+04  6.22299999E-02  0.00000000E+00
  3.00632647E+06  4.54461113E+06  5.22061199E-09  3.00335702E+04  6.23166155E-02  0.00000000E+00
  3.00668720E+06  4.54408122E+06  5.21164142E-09  3.00308370E+04  6.24031107E-02  0.00000000E+00
  3.00704793E+06  4.54355131E+06  5.20270868E-09  3.00281076E+04  6.24894847E-02  0.00000000E+00
  3.00740866E+06  4.54302140E+06  5.19381360E-09  3.00253820E+04  6.25757368E-02  0.00000000E+00
  3.00776939E+06  4.54249149E+06  5.18495605E-09  3.00226603E+04  6.26618662E-02  0.00000000E+00
  3.00813012E+06  4.54196158E+06  5.17613585E-09  3.00199423E+04  6.27478723E-02  0.00000000E+00
  3.00849085E+06  4.54143167E+06  5.16735288E-09  3.00172280E+04  6.28337543E-02  0.00000000E+00
  3.00885158E+06  4.54090176E+06  5.15860697E-09  3.00145176E+04  6.29195115E-02  0.00000000E+00
  3.00921231E+06  4.54037185E+06  5.14989797E-09  3.00118109E+04  6.30051432E-02  0.00000000E+00
  3.00957304E+06  4.53984194E+06  5.14122574E-09  3.00091080E+04  6.30906487E-02  0.00000000E+00
  3.00993377E+06  4.53931203E+06  5.13259013E-09  3.00064088E+04  6.31760272E-02  0.00000000E+00
  3.01029450E+06  4.53878212E+06  5.12399098E-09  3.00037134E+04  6.32612781E-02  0.00000000E+00
  3.01065523E+06  4.53825221E+06  5.11542815E-09  3.00010218E+04  6.33464006E-02  0.00000000E+00
  3.01101596E+06  4.53772230E+06  5.10690150E-09  2.99983339E+04  6.34313941E-02  0.00000000E+00
  3.01137669E+06  4.53719239E+06  5.09841087E-09  2.99956497E+04  6.35162579E-02  0.00000000E+00
  3.01173742E+06  4.53666248E+06  5.08995613E-09  2.99929693E+04  6.36009912E-02  0.00000000E+00
  3.01209816E+06  4.53613257E+06  5.08153712E-09  2.99902926E+04  6.36855934E-02  0.00000000E+00
  3.01245889E+06  4.53560266E+06  5.07315370E-09  2.99876196E+04  6.37700638E-02  0.00000000E+00
  3.01281962E+06  4.53507275E+06  5.06480574E-09  2.99849503E+04  6.38544017E-02  0.00000000E+00
  3.01318035E+06  4.53454284E+06  5.05649307E-09  2.99822848E+04  6.39386065E-02  0.00000000E+00
  3.01354108E+06  4.53401293E+06  5.04821557E-09  2.99796229E+04  6.40226774E-02  0.00000000E+00
  3.01390181E+06  4.53348302E+06  5.03997308E-09  2.99769648E+04  6.41066137E-02  0.00000000E+00
  3.01426254E+06  4.53295311E+06  5.03176548E-09  2.99743103E+04  6.41904149E-02  0.00000000E+00
  3.01462327E+06  4.53242320E+06  5.02359260E-09  2.99716596E+04  6.42740803E-02  0.00000000E+00
  3.01498400E+06  4.53189329E+06  5.01545433E-09  2.99690125E+04  6.43576091E-02  0.00000000E+00
  3.01534473E+06  4.53136338E+06  5.00735051E-09  2.99663691E+04  6.44410007E-02  0.00000000E+00
  3.01570546E+06  4.53083347E+06  4.99928100E-09  2.99637294E+04  6.45242546E-02  0.00000000E+00
  3.01606619E+06  4.53030356E+06  4.99124568E-09  2.99610934E+04  6.46073699E-02  0.00000000E+00
  3.01642692E+06  4.52977365E+06  4.98324439E-09  2.99584610E+04  6.46903461E-02  0.00000000E+00
  3.01678765E+06  4.52924374E+06  4.97527700E-09  2.99558323E+04  6.47731826E-02  0.00000000E+00
  3.01714838E+06  4.52871383E+06  4.96734338E-09  2.99532072E+04  6.48558786E-02  0.00000000E+00
  3.01750911E+06  4.52818392E+06  4.95944339E-09  2.99505858E+04  6.49384336E-02  0.00000000E+00
  3.01786984E+06  4.52765401E+06  4.95157688E-09  2.99479680E+04  6.50208469E-02  0.00000000E+00
  3.01823057E+06  4.52712410E+06  4.94374374E-09  2.99453539E+04  6.51031179E-02  0.00000000E+00
  3.01859130E+06  4.52659420E+06  4.93594381E-09  2.99427434E+04  6.51852459E-02  0.00000000E+00
  3.01895203E+06  4.52606429E+06  4.92817697E-09  2.99401366E+04  6.52672304E-02  0.00000000E+00
  3.01931276E+06  4.52553438E+06  4.92044308E-09  2.99375333E+04  6.53490707E-02  0.00000000E+00
  3.01967349E+06  4.52500447E+06  4.91274202E-09  2.99349337E+04  6.54307662E-02  0.00000000E+00
  3.02003422E+06  4.52447456E+06  4.90507364E-09  2.99323377E+04  6.55123163E-02  0.00000000E+00
  3.02039495E+06  4.52394465E+06  4.89743781E-09  2.99297453E+04  6.55937204E-02  0.00000000E+00
  3.02075568E+06  4.52341474E+06  4.88983441E-09  2.99271566E+04  6.56749778E-02  0.00000000E+00
  3.02111641E+06  4.52288483E+06  4.88226330E-09  2.99245714E+04  6.57560881E-02  0.00000000E+00
  3.02147714E+06  4.52235492E+06  4.87472435E-09  2.99219898E+04  6.58370505E-02  0.00000000E+00
  3.02183787E+06  4.52182501E+06  4.86721743E-09  2.99194118E+04  6.59178645E-02  0.00000000E+00
  3.02219860E+06  4.52129511E+06  4.85974241E-09  2.99168374E+04  6.59985295E-02  0.00000000E+00
  3.02255933E+06  4.52076520E+06  4.85229916E-09  2.99142666E+04  6.60790450E-02  0.00000000E+00
  3.02292006E+06  4.52023529E+06  4.84488756E-09  2.99116993E+04  6.61594103E-02  0.00000000E+00
  3.02328079E+06  4.51970538E+06  4.83750747E-09  2.99091356E+04  6.62396248E-02  0.00000000E+00
  3.02364153E+06  4.51917547E+06  4.83015877E-09  2.99065755E+04  6.63196880E-02  0.00000000E+00
  3.02400226E+06  4.51864556E+06  4.82284134E-09  2.99040190E+04  6.63995993E-02  0.00000000E+00
  3.02436299E+06  4.51811565E+06  4.81555504E-09  2.99014660E+04  6.64793582E-02  0.00000000E+00
  3.02472372E+06  4.51758575E+06  4.80829974E-09  2.98989165E+04  6.65589641E-02  0.00000000E+00
  3.02508445E+06  4.51705584E+06  4.80107533E-09  2.98963706E+04  6.66384164E-02  0.00000000E+00
  3.02544518E+06  4.51652593E+06  4.79388168E-09  2.98938282E+04  6.67177145E-02  0.00000000E+00
  3.02580591E+06  4.51599602E+06  4.78671866E-09  2.98912894E+04  6.67968580E-02  0.00000000E+00
  3.02616664E+06  4.51546611E+06  4.77958616E-09  2.98887541E+04  6.68758463E-02  0.00000000E+00
  3.02652737E+06  4.51493620E+06  4.77248404E-09  2.98862223E+04  6.69546788E-02  0.00000000E+00
  3.02688810E+06  4.51440630E+06  4.76541218E-09  2.98836941E+04  6.70333550E-02  0.00000000E+00
  3.02724883E+06  4.51387639E+06  4.75837047E-09  2.98811693E+04  6.71118744E-02  0.00000000E+00
  3.02760956E+06  4.51334648E+06  4.75135877E-09  2.98786481E+04  6.71902364E-02  0.00000000E+00
  3.02797029E+06  4.51281657E+06  4.74437698E-09  2.98761304E+04  6.72684405E-02  0.00000000E+00
  3.02833102E+06  4.51228666E+06  4.73742496E-09  2.98736162E+04  6.73464862E-02  0.00000000E+00
  3.02869175E+06  4.51175675E+06  4.73050260E-09  2.98711055E+04  6.74243730E-02  0.00000000E+00
  3.02905248E+06  4.51122685E+06  4.72360977E-09  2.98685982E+04  6.75021003E-02  0.00000000E+00
  3.02941321E+06  4.51069694E+06  4.71674637E-09  2.98660945E+04  6.75796676E-02  0.00000000E+00
  3.02977394E+06  4.51016703E+06  4.70991226E-09  2.98635942E+04  6.76570745E-02  0.00000000E+00
  3.03013467E+06  4.50963712E+06  4.70310733E-09  2.98610975E+04  6.77343204E-02  0.00000000E+00
  3.03049540E+06  4.50910721E+06  4.69633146E-09  2.98586042E+04  6.78114048E-02  0.00000000E+00
  3.03085613E+06  4.50857731E+06  4.68958454E-09  2.98561143E+04  6.78883273E-02  0.00000000E+00
  3.03121686E+06  4.50804740E+06  4.68286645E-09  2.98536279E+04  6.79650874E-02  0.00000000E+00
  3.03157759E+06  4.50751749E+06  4.67617706E-09  2.98511450E+04  6.80416845E-02  0.00000000E+00
  3.03193832E+06  4.50698758E+06  4.66951628E-09  2.98486656E+04  6.81181181E-02  0.00000000E+00
  3.03229905E+06  4.50645768E+06  4.66288397E-09  2.98461895E+04  6.81943879E-02  0.00000000E+00
  3.03265978E+06  4.50592777E+06  4.65628002E-09  2.98437170E+04  6.82704933E-02  0.00000000E+00
  3.03302051E+06  4.50539786E+06  4.64970433E-09  2.98412478E+04  6.83464339E-02  0.00000000E+00
  3.03338124E+06  4.50486795E+06  4.64315677E-09  2.98387821E+04  6.84222091E-02  0.00000000E+00
  3.03374197E+06  4.50433805E+06  4.63663723E-09  2.98363198E+04  6.84978186E-02  0.00000000E+00
  3.03410270E+06  4.50380814E+06  4.63014560E-09  2.98338610E+04  6.85732619E-02  0.00000000E+00
  3.03446343E+06  4.50327823E+06  4.62368177E-09  2.98314056E+04  6.86485385E-02  0.00000000E+00
  3.03482417E+06  4.50274832E+06  4.61724562E-09  2.98289535E+04  6.87236479E-02  0.00000000E+00
  3.03518490E+06  4.50221842E+06  4.61083704E-09  2.98265049E+04  6.87985898E-02  0.00000000E+00
  3.03554563E+06  4.50168851E+06  4.60445592E-09  2.98240597E+04  6.88733637E-02  0.00000000E+00
  3.03590636E+06  4.50115860E+06  4.59810214E-09  2.98216179E+04  6.89479691E-02  0.00000000E+00
  3.03626709E+06  4.50062869E+06  4.59177561E-09  2.98191795E+04  6.90224056E-02  0.00000000E+00
  3.03662782E+06  4.50009879E+06  4.58547620E-09  2.98167445E+04  6.90966728E-02  0.00000000E+00
  3.03698855E+06  4.49956888E+06  4.57920382E-09  2.98143129E+04  6.91707703E-02  0.00000000E+00
  3.03734928E+06  4.49903897E+06  4.57295834E-09  2.98118847E+04  6.92446976E-02  0.00000000E+00
  3.03771001E+06  4.49850906E+06  4.56673966E-09  2.98094598E+04  6.93184544E-02  0.00000000E+00
  3.03807074E+06  4.49797916E+06  4.56054767E-09  2.98070383E+04  6.93920402E-02  0.00000000E+00
  3.03843147E+06  4.49744925E+06  4.55438227E-09  2.98046202E+04  6.94654546E-02  0.00000000E+00
  3.03879220E+06  4.49691934E+06  4.54824335E-09  2.98022054E+04  6.95386971E-02  0.00000000E+00
  3.03915293E+06  4.49638944E+06  4.54213079E-09  2.97997940E+04  6.96117675E-02  0.00000000E+00
  3.03951366E+06  4.49585953E+06  4.53604450E-09  2.97973860E+04  6.96846653E-02  0.00000000E+00
  3.03987439E+06  4.49532962E+06  4.52998436E-09  2.97949813E+04  6.97573902E-02  0.00000000E+00
  3.04023512E+06  4.49479972E+06  4.52395028E-09  2.97925799E+04  6.98299416E-02  0.00000000E+00
  3.04059585E+06  4.49426981E+06  4.51794214E-09  2.97901819E+04  6.99023193E-02  0.00000000E+00
  3.04095658E+06  4.49373990E+06  4.51195984E-09  2.97877872E+04  6.99745229E-02  0.00000000E+00
  3.04131731E+06  4.49320999E+06  4.50600328E-09  2.97853958E+04  7.00465520E-02  0.00000000E+00
  3.04167804E+06  4.49268009E+06  4.50007235E-09  2.97830078E+04  7.01184062E-02  0.00000000E+00
  3.04203877E+06  4.49215018E+06  4.49416695E-09  2.97806231E+04  7.01900852E-02  0.00000000E+00
  3.04239950E+06  4.49162027E+06  4.48828698E-09  2.97782417E+04  7.02615886E-02  0.00000000E+00
  3.04276023E+06  4.49109037E+06  4.48243233E-09  2.97758636E+04  7.03329160E-02  0.00000000E+00
  3.04312096E+06  4.49056046E+06  4.47660290E-09  2.97734889E+04  7.04040671E-02  0.00000000E+00
  3.04348169E+06  4.49003055E+06  4.47079858E-09  2.97711174E+04  7.04750416E-02  0.00000000E+00
  3.04384242E+06  4.48950065E+06  4.46501929E-09  2.97687492E+04  7.05458390E-02  0.00000000E+00
  3.04420315E+06  4.48897074E+06  4.45926491E-09  2.97663844E+04  7.06164592E-02  0.00000000E+00
  3.04456388E+06  4.48844083E+06  4.45353535E-09  2.97640228E+04  7.06869016E-02  0.00000000E+00
  3.04492461E+06  4.48791093E+06  4.44783050E-09  2.97616645E+04  7.07571660E-02  0.00000000E+00
  3.04528534E+06  4.48738102E+06  4.44215027E-09  2.97593094E+04  7.08272521E-02  0.00000000E+00
  3.04564607E+06  4.48685112E+06  4.43649456E-09  2.97569577E+04  7.08971596E-02  0.00000000E+00
  3.04600680E+06  4.48632121E+06  4.43086326E-09  2.97546092E+04  7.09668880E-02  0.00000000E+00
  3.04636754E+06  4.48579130E+06  4.42525627E-09  2.97522640E+04  7.10364372E-02  0.00000000E+00
  3.04672827E+06  4.48526140E+06  4.41967351E-09  2.97499221E+04  7.11058067E-02  0.00000000E+00
  3.04708900E+06  4.48473149E+06  4.41411487E-09  2.97475834E+04  7.11749964E-02  0.00000000E+00
  3.04744973E+06  4.48420158E+06  4.40858026E-09  2.97452479E+04  7.12440058E-02  0.00000000E+00
  3.04781046E+06  4.48367168E+06  4.40306957E-09  2.97429157E+04  7.13128347E-02  0.00000000E+00
  3.04817119E+06  4.48314177E+06  4.39758272E-09  2.97405868E+04  7.13814828E-02  0.00000000E+00
  3.04853192E+06  4.48261187E+06  4.39211960E-09  2.97382611E+04  7.14499498E-02  0.00000000E+00
  3.04889265E+06  4.48208196E+06  4.38668011E-09  2.97359386E+04  7.15182355E-02  0.00000000E+00
  3.04925338E+06  4.48155205E+06  4.38126417E-09  2.97336193E+04  7.15863394E-02  0.00000000E+00
  3.04961411E+06  4.48102215E+06  4.37587168E-09  2.97313033E+04  7.16542615E-02  0.00000000E+00
  3.04997484E+06  4.48049224E+06  4.37050254E-09  2.97289905E+04  7.17220013E-02  0.00000000E+00
  3.05033557E+06  4.47996234E+06  4.36515666E-09  2.97266809E+04  7.17895586E-02  0.00000000E+00
  3.05069630E+06  4.47943243E+06  4.35983395E-09  2.97243746E+04  7.18569331E-02  0.00000000E+00
  3.05105703E+06  4.47890252E+06  4.35453431E-09  2.97220714E+04  7.19241247E-02  0.00000000E+00
  3.05141776E+06  4.47837262E+06  4.34925764E-09  2.97197715E+04  7.19911330E-02  0.00000000E+00
  3.05177849E+06  4.47784271E+06  4.34400386E-09  2.97174747E+04  7.20579578E-02  0.00000000E+00
  3.05213922E+06  4.47731281E+06  4.33877288E-09  2.97151811E+04  7.21245988E-02  0.00000000E+00
  3.05249995E+06  4.47678290E+06  4.33356459E-09  2.97128907E+04  7.21910558E-02  0.00000000E+00
  3.05286068E+06  4.47625299E+06  4.32837892E-09  2.97106036E+04  7.22573285E-02  0.00000000E+00
  3.05322141E+06  4.47572309E+06  4.32321576E-09  2.97083195E+04  7.23234168E-02  0.00000000E+00
  3.05358214E+06  4.47519318E+06  4.31807503E-09  2.97060387E+04  7.23893203E-02  0.00000000E+00
  3.05394287E+06  4.47466328E+06  4.31295664E-09  2.97037610E+04  7.24550389E-02  0.00000000E+00
  3.05430360E+06  4.47413337E+06  4.30786049E-09  2.97014866E+04  7.25205723E-02  0.00000000E+00
  3.05466433E+06  4.47360347E+06  4.30278650E-09  2.96992152E+04  7.25859204E-02  0.00000000E+00
  3.05502506E+06  4.47307356E+06  4.29773457E-09  2.96969471E+04  7.26510828E-02  0.00000000E+00
  3.05538579E+06  4.47254366E+06  4.29270463E-09  2.96946820E+04  7.27160594E-02  0.00000000E+00
  3.05574652E+06  4.47201375E+06  4.28769657E-09  2.96924202E+04  7.27808500E-02  0.00000000E+00
  3.05610725E+06  4.47148384E+06  4.28271031E-09  2.96901614E+04  7.28454544E-02  0.00000000E+00
  3.05646798E+06  4.47095394E+06  4.27774577E-09  2.96879059E+04  7.29098723E-02  0.00000000E+00
  3.05682871E+06  4.47042403E+06  4.27280285E-09  2.96856534E+04  7.29741036E-02  0.00000000E+00
  3.05718944E+06  4.46989413E+06  4.26788146E-09  2.96834041E+04  7.30381482E-02  0.00000000E+00
  3.05755018E+06  4.46936422E+06  4.26298153E-09  2.96811579E+04  7.31020057E-02  0.00000000E+00
  3.05791091E+06  4.46883432E+06  4.25810297E-09  2.96789149E+04  7.31656760E-02  0.00000000E+00
  3.05827164E+06  4.46830441E+06  4.25324568E-09  2.96766749E+04  7.32291590E-02  0.00000000E+00
  3.05863237E+06  4.46777451E+06  4.24840958E-09  2.96744381E+04  7.32924545E-02  0.00000000E+00
  3.05899310E+06  4.46724460E+06  4.24359459E-09  2.96722044E+04  7.33555622E-02  0.00000000E+00
  3.05935383E+06  4.46671470E+06  4.23880062E-09  2.96699738E+04  7.34184821E-02  0.00000000E+00
  3.05971456E+06  4.46618479E+06  4.23402758E-09  2.96677463E+04  7.34812140E-02  0.00000000E+00
  3.06007529E+06  4.46565489E+06  4.22927540E-09  2.96655219E+04  7.35437577E-02  0.00000000E+00
  3.06043602E+06  4.46512498E+06  4.22454398E-09  2.96633005E+04  7.36061130E-02  0.00000000E+00
  3.06079675E+06  4.46459508E+06  4.21983325E-09  2.96610823E+04  7.36682798E-02  0.00000000E+00
  3.06115748E+06  4.46406517E+06  4.21514312E-09  2.96588672E+04  7.37302580E-02  0.00000000E+00
  3.06151821E+06  4.46353527E+06  4.21047351E-09  2.96566551E+04  7.37920474E-02  0.00000000E+00
  3.06187894E+06  4.46300536E+06  4.20582433E-09  2.96544461E+04  7.38536479E-02  0.00000000E+00
  3.06223967E+06  4.46247546E+06  4.20119550E-09  2.96522402E+04  7.39150594E-02  0.00000000E+00
  3.06260040E+06  4.46194555E+06  4.19658694E-09  2.96500374E+04  7.39762816E-02  0.00000000E+00
  3.06296113E+06  4.46141565E+06  4.19199857E-09  2.96478376E+04  7.40373146E-02  0.00000000E+00
  3.06332186E+06  4.46088574E+06  4.18743030E-09  2.96456409E+04  7.40981581E-02  0.00000000E+00
  3.06368259E+06  4.46035584E+06  4.18288206E-09  2.96434472E+04  7.41588120E-02  0.00000000E+00
  3.06404332E+06  4.45982593E+06  4.17835377E-09  2.96412566E+04  7.42192763E-02  0.00000000E+00
  3.06440405E+06  4.45929603E+06  4.17384534E-09  2.96390690E+04  7.42795509E-02  0.00000000E+00
  3.06476478E+06  4.45876612E+06  4.16935669E-09  2.96368845E+04  7.43396355E-02  0.00000000E+00
  3.06512551E+06  4.45823622E+06  4.16488774E-09  2.96347030E+04  7.43995301E-02  0.00000000E+00
  3.06548624E+06  4.45770631E+06  4.16043842E-09  2.96325246E+04  7.44592347E-02  0.00000000E+00
  3.06584697E+06  4.45717641E+06  4.15600865E-09  2.96303492E+04  7.45187491E-02  0.00000000E+00
  3.06620770E+06  4.45664650E+06  4.15159834E-09  2.96281768E+04  7.45780731E-02  0.00000000E+00
  3.06656843E+06  4.45611660E+06  4.14720741E-09  2.96260074E+04  7.46372069E-02  0.00000000E+00
  3.06692916E+06  4.45558670E+06  4.14283580E-09  2.96238410E+04  7.46961502E-02  0.00000000E+00
  3.06728989E+06  4.45505679E+06  4.13848342E-09  2.96216777E+04  7.47549029E-02  0.00000000E+00
  3.06765062E+06  4.45452689E+06  4.13415019E-09  2.96195173E+04  7.48134651E-02  0.00000000E+00
  3.06801135E+06  4.45399698E+06  4.12983604E-09  2.96173600E+04  7.48718366E-02  0.00000000E+00
  3.06837208E+06  4.45346708E+06  4.12554089E-09  2.96152057E+04  7.49300173E-02  0.00000000E+00
  3.06873281E+06  4.45293717E+06  4.12126466E-09  2.96130543E+04  7.49880073E-02  0.00000000E+00
  3.06909355E+06  4.45240727E+06  4.11700728E-09  2.96109060E+04  7.50458063E-02  0.00000000E+00
  3.06945428E+06  4.45187736E+06  4.11276867E-09  2.96087606E+04  7.51034145E-02  0.00000000E+00
  3.06981501E+06  4.45134746E+06  4.10854875E-09  2.96066183E+04  7.51608316E-02  0.00000000E+00
  3.07017574E+06  4.45081756E+06  4.10434745E-09  2.96044789E+04  7.52180578E-02  0.00000000E+00
  3.07053647E+06  4.45028765E+06  4.10016470E-09  2.96023424E+04  7.52750928E-02  0.00000000E+00
  3.07089720E+06  4.44975775E+06  4.09600041E-09  2.96002090E+04  7.53319368E-02  0.00000000E+00
  3.07125793E+06  4.44922784E+06  4.09185452E-09  2.95980785E+04  7.53885895E-02  0.00000000E+00
  3.07161866E+06  4.44869794E+06  4.08772696E-09  2.95959510E+04  7.54450511E-02  0.00000000E+00
  3.07197939E+06  4.44816804E+06  4.08361763E-09  2.95938264E+04  7.55013215E-02  0.00000000E+00
  3.07234012E+06  4.44763813E+06  4.07952648E-09  2.95917048E+04  7.55574006E-02  0.00000000E+00
  3.07270085E+06  4.44710823E+06  4.07545344E-09  2.95895862E+04  7.56132884E-02  0.00000000E+00
  3.07306158E+06  4.44657832E+06  4.07139841E-09  2.95874705E+04  7.56689849E-02  0.00000000E+00
  3.07342231E+06  4.44604842E+06  4.06736134E-09  2.95853577E+04  7.57244902E-02  0.00000000E+00
  3.07378304E+06  4.44551852E+06  4.06334216E-09  2.95832479E+04  7.57798040E-02  0.00000000E+00
  3.07414377E+06  4.44498861E+06  4.05934078E-09  2.95811410E+04  7.58349266E-02  0.00000000E+00
  3.07450450E+06  4.44445871E+06  4.05535714E-09  2.95790370E+04  7.58898578E-02  0.00000000E+00
  3.07486523E+06  4.44392880E+06  4.05139117E-09  2.95769360E+04  7.59445977E-02  0.00000000E+00
  3.07522596E+06  4.44339890E+06  4.04744279E-09  2.95748379E+04  7.59991462E-02  0.00000000E+00
  3.07558669E+06  4.44286900E+06  4.04351193E-09  2.95727427E+04  7.60535033E-02  0.00000000E+00
  3.07594742E+06  4.44233909E+06  4.03959853E-09  2.95706504E+04  7.61076692E-02  0.00000000E+00
  3.07630815E+06  4.44180919E+06  4.03570251E-09  2.95685610E+04  7.61616437E-02  0.00000000E+00
  3.07666888E+06  4.44127928E+06  4.03182381E-09  2.95664745E+04  7.62154269E-02  0.00000000E+00
  3.07702961E+06  4.44074938E+06  4.02796235E-09  2.95643910E+04  7.62690188E-02  0.00000000E+00
  3.07739034E+06  4.44021948E+06  4.02411806E-09  2.95623103E+04  7.63224194E-02  0.00000000E+00
  3.07775107E+06  4.43968957E+06  4.02029087E-09  2.95602325E+04  7.63756288E-02  0.00000000E+00
  3.07811180E+06  4.43915967E+06  4.01648072E-09  2.95581577E+04  7.64286470E-02  0.00000000E+00
  3.07847253E+06  4.43862977E+06  4.01268754E-09  2.95560857E+04  7.64814740E-02  0.00000000E+00
  3.07883326E+06  4.43809986E+06  4.00891125E-09  2.95540165E+04  7.65341099E-02  0.00000000E+00
  3.07919399E+06  4.43756996E+06  4.00515180E-09  2.95519503E+04  7.65865546E-02  0.00000000E+00
  3.07955472E+06  4.43704006E+06  4.00140910E-09  2.95498869E+04  7.66388083E-02  0.00000000E+00
  3.07991545E+06  4.43651015E+06  3.99768311E-09  2.95478264E+04  7.66908709E-02  0.00000000E+00
  3.08027619E+06  4.43598025E+06  3.99397373E-09  2.95457688E+04  7.67427426E-02  0.00000000E+00
  3.08063692E+06  4.43545035E+06  3.99028092E-09  2.95437140E+04  7.67944234E-02  0.00000000E+00
  3.08099765E+06  4.43492044E+06  3.98660460E-09  2.95416621E+04  7.68459133E-02  0.00000000E+00
  3.08135838E+06  4.43439054E+06  3.98294471E-09  2.95396131E+04  7.68972123E-02  0.00000000E+00
  3.08171911E+06  4.43386064E+06  3.97930118E-09  2.95375669E+04  7.69483207E-02  0.00000000E+00
  3.08207984E+06  4.43333073E+06  3.97567395E-09  2.95355235E+04  7.69992383E-02  0.00000000E+00
  3.08244057E+06  4.43280083E+06  3.97206294E-09  2.95334830E+04  7.70499654E-02  0.00000000E+00
  3.08280130E+06  4.43227093E+06  3.96846810E-09  2.95314453E+04  7.71005019E-02  0.00000000E+00
  3.08316203E+06  4.43174102E+06  3.96488935E-09  2.95294105E+04  7.71508479E-02  0.00000000E+00
  3.08352276E+06  4.43121112E+06  3.96132664E-09  2.95273784E+04  7.72010036E-02  0.00000000E+00
  3.08388349E+06  4.43068122E+06  3.95777990E-09  2.95253492E+04  7.72509689E-02  0.00000000E+00
  3.08424422E+06  4.43015131E+06  3.95424906E-09  2.95233229E+04  7.73007440E-02  0.00000000E+00
  3.08460495E+06  4.42962141E+06  3.95073407E-09  2.95212993E+04  7.73503290E-02  0.00000000E+00
  3.08496568E+06  4.42909151E+06  3.94723485E-09  2.95192786E+04  7.73997239E-02  0.00000000E+00
  3.08532641E+06  4.42856160E+06  3.94375134E-09  2.95172607E+04  7.74489289E-02  0.00000000E+00
  3.08568714E+06  4.42803170E+06  3.94028348E-09  2.95152455E+04  7.74979441E-02  0.00000000E+00
  3.08604787E+06  4.42750180E+06  3.93683121E-09  2.95132332E+04  7.75467694E-02  0.00000000E+00
  3.08640860E+06  4.42697189E+06  3.93339447E-09  2.95112237E+04  7.75954051E-02  0.00000000E+00
  3.08676933E+06  4.42644199E+06  3.92997318E-09  2.95092170E+04  7.76438513E-02  0.00000000E+00
  3.08713006E+06  4.42591209E+06  3.92656730E-09  2.95072130E+04  7.76921081E-02  0.00000000E+00
  3.08749079E+06  4.42538219E+06  3.92317675E-09  2.95052119E+04  7.77401755E-02  0.00000000E+00
  3.08785152E+06  4.42485228E+06  3.91980147E-09  2.95032135E+04  7.77880537E-02  0.00000000E+00
  3.08821225E+06  4.42432238E+06  3.91644141E-09  2.95012179E+04  7.78357428E-02  0.00000000E+00
  3.08857298E+06  4.42379248E+06  3.91309651E-09  2.94992251E+04  7.78832429E-02  0.00000000E+00
  3.08893371E+06  4.42326257E+06  3.90976669E-09  2.94972351E+04  7.79305542E-02  0.00000000E+00
  3.08929444E+06  4.42273267E+06  3.90645190E-09  2.94952478E+04  7.79776768E-02  0.00000000E+00
  3.08965517E+06  4.42220277E+06  3.90315209E-09  2.94932633E+04  7.80246107E-02  0.00000000E+00
  3.09001590E+06  4.42167287E+06  3.89986718E-09  2.94912816E+04  7.80713563E-02  0.00000000E+00
  3.09037663E+06  4.42114296E+06  3.89659712E-09  2.94893026E+04  7.81179135E-02  0.00000000E+00
  3.09073736E+06  4.42061306E+06  3.89334186E-09  2.94873263E+04  7.81642825E-02  0.00000000E+00
  3.09109809E+06  4.42008316E+06  3.89010132E-09  2.94853528E+04  7.82104634E-02  0.00000000E+00
  3.09145883E+06  4.41955326E+06  3.88687545E-09  2.94833821E+04  7.82564565E-02  0.00000000E+00
  3.09181956E+06  4.41902335E+06  3.88366420E-09  2.94814141E+04  7.83022618E-02  0.00000000E+00
  3.09218029E+06  4.41849345E+06  3.88046750E-09  2.94794488E+04  7.83478795E-02  0.00000000E+00
  3.09254102E+06  4.41796355E+06  3.87728529E-09  2.94774863E+04  7.83933097E-02  0.00000000E+00
  3.09290175E+06  4.41743365E+06  3.87411752E-09  2.94755265E+04  7.84385527E-02  0.00000000E+00
  3.09326248E+06  4.41690374E+06  3.87096413E-09  2.94735694E+04  7.84836085E-02  0.00000000E+00
  3.09362321E+06  4.41637384E+06  3.86782505E-09  2.94716150E+04  7.85284773E-02  0.00000000E+00
  3.09398394E+06  4.41584394E+06  3.86470024E-09  2.94696634E+04  7.85731593E-02  0.00000000E+00
  3.09434467E+06  4.41531404E+06  3.86158964E-09  2.94677145E+04  7.86176547E-02  0.00000000E+00
  3.09470540E+06  4.41478413E+06  3.85849318E-09  2.94657683E+04  7.86619636E-02  0.00000000E+00
  3.09506613E+06  4.41425423E+06  3.85541081E-09  2.94638247E+04  7.87060862E-02  0.00000000E+00
  3.09542686E+06  4.41372433E+06  3.85234248E-09  2.94618839E+04  7.87500226E-02  0.00000000E+00
  3.09578759E+06  4.41319443E+06  3.84928812E-09  2.94599458E+04  7.87937731E-02  0.00000000E+00
  3.09614832E+06  4.41266452E+06  3.84624768E-09  2.94580104E+04  7.88373378E-02  0.00000000E+00
  3.09650905E+06  4.41213462E+06  3.84322111E-09  2.94560777E+04  7.88807169E-02  0.00000000E+00
  3.09686978E+06  4.41160472E+06  3.84020835E-09  2.94541477E+04  7.89239106E-02  0.00000000E+00
  3.09723051E+06  4.41107482E+06  3.83720934E-09  2.94522203E+04  7.89669190E-02  0.00000000E+00
  3.09759124E+06  4.41054492E+06  3.83422403E-09  2.94502957E+04  7.90097424E-02  0.00000000E+00
  3.09795197E+06  4.41001501E+06  3.83125237E-09  2.94483737E+04  7.90523810E-02  0.00000000E+00
  3.09831270E+06  4.40948511E+06  3.82829429E-09  2.94464543E+04  7.90948349E-02  0.00000000E+00
  3.09867343E+06  4.40895521E+06  3.82534974E-09  2.94445377E+04  7.91371043E-02  0.00000000E+00
  3.09903416E+06  4.40842531E+06  3.82241868E-09  2.94426237E+04  7.91791895E-02  0.00000000E+00
  3.09939489E+06  4.40789541E+06  3.81950104E-09  2.94407124E+04  7.92210907E-02  0.00000000E+00
  3.09975562E+06  4.40736550E+06  3.81659677E-09  2.94388037E+04  7.92628080E-02  0.00000000E+00
  3.10011635E+06  4.40683560E+06  3.81370581E-09  2.94368977E+04  7.93043416E-02  0.00000000E+00
  3.10047708E+06  4.40630570E+06  3.81082812E-09  2.94349944E+04  7.93456918E-02  0.00000000E+00
  3.10083781E+06  4.40577580E+06  3.80796364E-09  2.94330937E+04  7.93868588E-02  0.00000000E+00
  3.10119854E+06  4.40524590E+06  3.80511232E-09  2.94311956E+04  7.94278427E-02  0.00000000E+00
  3.10155927E+06  4.40471599E+06  3.80227410E-09  2.94293002E+04  7.94686439E-02  0.00000000E+00
  3.10192000E+06  4.40418609E+06  3.79944893E-09  2.94274074E+04  7.95092625E-02  0.00000000E+00
  3.10228073E+06  4.40365619E+06  3.79663676E-09  2.94255172E+04  7.95496987E-02  0.00000000E+00
  3.10264146E+06  4.40312629E+06  3.79383754E-09  2.94236297E+04  7.95899528E-02  0.00000000E+00
  3.10300220E+06  4.40259639E+06  3.79105121E-09  2.94217448E+04  7.96300250E-02  0.00000000E+00
  3.10336293E+06  4.40206649E+06  3.78827772E-09  2.94198625E+04  7.96699155E-02  0.00000000E+00
  3.10372366E+06  4.40153658E+06  3.78551703E-09  2.94179828E+04  7.97096246E-02  0.00000000E+00
  3.10408439E+06  4.40100668E+06  3.78276907E-09  2.94161058E+04  7.97491524E-02  0.00000000E+00
  3.10444512E+06  4.40047678E+06  3.78003380E-09  2.94142313E+04  7.97884993E-02  0.00000000E+00
  3.10480585E+06  4.39994688E+06  3.77731117E-09  2.94123595E+04  7.98276653E-02  0.00000000E+00
  3.10516658E+06  4.39941698E+06  3.77460112E-09  2.94104903E+04  7.98666509E-02  0.00000000E+00
  3.10552731E+06  4.39888708E+06  3.77190361E-09  2.94086236E+04  7.99054562E-02  0.00000000E+00
  3.10588804E+06  4.39835717E+06  3.76921859E-09  2.94067596E+04  7.99440815E-02  0.00000000E+00
  3.10624877E+06  4.39782727E+06  3.76654600E-09  2.94048982E+04  7.99825270E-02  0.00000000E+00
  3.10660950E+06  4.39729737E+06  3.76388579E-09  2.94030393E+04  8.00207929E-02  0.00000000E+00
  3.10697023E+06  4.39676747E+06  3.76123792E-09  2.94011830E+04  8.00588796E-02  0.00000000E+00
  3.10733096E+06  4.39623757E+06  3.75860233E-09  2.93993293E+04  8.00967872E-02  0.00000000E+00
  3.10769169E+06  4.39570767E+06  3.75597898E-09  2.93974782E+04  8.01345161E-02  0.00000000E+00
  3.10805242E+06  4.39517776E+06  3.75336782E-09  2.93956297E+04  8.01720664E-02  0.00000000E+00
  3.10841315E+06  4.39464786E+06  3.75076879E-09  2.93937837E+04  8.02094384E-02  0.00000000E+00
  3.10877388E+06  4.39411796E+06  3.74818186E-09  2.93919403E+04  8.02466324E-02  0.00000000E+00
  3.10913461E+06  4.39358806E+06  3.74560696E-09  2.93900995E+04  8.02836486E-02  0.00000000E+00
  3.10949534E+06  4.39305816E+06  3.74304406E-09  2.93882612E+04  8.03204874E-02  0.00000000E+00
  3.10985607E+06  4.39252826E+06  3.74049310E-09  2.93864255E+04  8.03571489E-02  0.00000000E+00
  3.11021680E+06  4.39199836E+06  3.73795403E-09  2.93845923E+04  8.03936335E-02  0.00000000E+00
  3.11057753E+06  4.39146846E+06  3.73542681E-09  2.93827617E+04  8.04299414E-02  0.00000000E+00
  3.11093826E+06  4.39093855E+06  3.73291140E-09  2.93809337E+04  8.04660729E-02  0.00000000E+00
  3.11129899E+06  4.39040865E+06  3.73040773E-09  2.93791081E+04  8.05020282E-02  0.00000000E+00
  3.11165972E+06  4.38987875E+06  3.72791577E-09  2.93772851E+04  8.05378076E-02  0.00000000E+00
  3.11202045E+06  4.38934885E+06  3.72543547E-09  2.93754647E+04  8.05734114E-02  0.00000000E+00
  3.11238118E+06  4.38881895E+06  3.72296678E-09  2.93736468E+04  8.06088399E-02  0.00000000E+00
  3.11274191E+06  4.38828905E+06  3.72050966E-09  2.93718314E+04  8.06440934E-02  0.00000000E+00
  3.11310264E+06  4.38775915E+06  3.71806405E-09  2.93700185E+04  8.06791721E-02  0.00000000E+00
  3.11346337E+06  4.38722925E+06  3.71562992E-09  2.93682082E+04  8.07140763E-02  0.00000000E+00
  3.11382410E+06  4.38669935E+06  3.71320721E-09  2.93664003E+04  8.07488064E-02  0.00000000E+00
  3.11418484E+06  4.38616944E+06  3.71079588E-09  2.93645950E+04  8.07833625E-02  0.00000000E+00
  3.11454557E+06  4.38563954E+06  3.70839589E-09  2.93627922E+04  8.08177450E-02  0.00000000E+00
  3.11490630E+06  4.38510964E+06  3.70600719E-09  2.93609919E+04  8.08519542E-02  0.00000000E+00
  3.11526703E+06  4.38457974E+06  3.70362973E-09  2.93591941E+04  8.08859903E-02  0.00000000E+00
  3.11562776E+06  4.38404984E+06  3.70126346E-09  2.93573988E+04  8.09198537E-02  0.00000000E+00
  3.11598849E+06  4.38351994E+06  3.69890835E-09  2.93556060E+04  8.09535446E-02  0.00000000E+00
  3.11634922E+06  4.38299004E+06  3.69656435E-09  2.93538157E+04  8.09870634E-02  0.00000000E+00
  3.11670995E+06  4.38246014E+06  3.69423142E-09  2.93520279E+04  8.10204104E-02  0.00000000E+00
  3.11707068E+06  4.38193024E+06  3.69190950E-09  2.93502426E+04  8.10535857E-02  0.00000000E+00
  3.11743141E+06  4.38140034E+06  3.68959856E-09  2.93484598E+04  8.10865899E-02  0.00000000E+00
  3.11779214E+06  4.38087044E+06  3.68729855E-09  2.93466794E+04  8.11194230E-02  0.00000000E+00
  3.11815287E+06  4.38034053E+06  3.68500942E-09  2.93449015E+04  8.11520856E-02  0.00000000E+00
  3.11851360E+06  4.37981063E+06  3.68273114E-09  2.93431261E+04  8.11845777E-02  0.00000000E+00
  3.11887433E+06  4.37928073E+06  3.68046366E-09  2.93413531E+04  8.12168999E-02  0.00000000E+00
  3.11923506E+06  4.37875083E+06  3.67820693E-09  2.93395827E+04  8.12490523E-02  0.00000000E+00
  3.11959579E+06  4.37822093E+06  3.67596092E-09  2.93378147E+04  8.12810353E-02  0.00000000E+00
  3.11995652E+06  4.37769103E+06  3.67372558E-09  2.93360491E+04  8.13128492E-02  0.00000000E+00
  3.12031725E+06  4.37716113E+06  3.67150087E-09  2.93342860E+04  8.13444943E-02  0.00000000E+00
  3.12067798E+06  4.37663123E+06  3.66928674E-09  2.93325253E+04  8.13759710E-02  0.00000000E+00
  3.12103871E+06  4.37610133E+06  3.66708315E-09  2.93307671E+04  8.14072795E-02  0.00000000E+00
  3.12139944E+06  4.37557143E+06  3.66489006E-09  2.93290114E+04  8.14384201E-02  0.00000000E+00
  3.12176017E+06  4.37504153E+06  3.66270743E-09  2.93272581E+04  8.14693932E-02  0.00000000E+00
  3.12212090E+06  4.37451163E+06  3.66053522E-09  2.93255072E+04  8.15001991E-02  0.00000000E+00
  3.12248163E+06  4.37398173E+06  3.65837338E-09  2.93237587E+04  8.15308381E-02  0.00000000E+00
  3.12284236E+06  4.37345183E+06  3.65622187E-09  2.93220127E+04  8.15613106E-02  0.00000000E+00
  3.12320309E+06  4.37292193E+06  3.65408066E-09  2.93202691E+04  8.15916168E-02  0.00000000E+00
  3.12356382E+06  4.37239203E+06  3.65194969E-09  2.93185280E+04  8.16217572E-02  0.00000000E+00
  3.12392455E+06  4.37186213E+06  3.64982893E-09  2.93167893E+04  8.16517319E-02  0.00000000E+00
  3.12428528E+06  4.37133222E+06  3.64771834E-09  2.93150529E+04  8.16815414E-02  0.00000000E+00
  3.12464601E+06  4.37080232E+06  3.64561787E-09  2.93133190E+04  8.17111859E-02  0.00000000E+00
  3.12500674E+06  4.37027242E+06  3.64352749E-09  2.93115875E+04  8.17406659E-02  0.00000000E+00
  3.12536747E+06  4.36974252E+06  3.64144716E-09  2.93098585E+04  8.17699816E-02  0.00000000E+00
  3.12572821E+06  4.36921262E+06  3.63937683E-09  2.93081318E+04  8.17991333E-02  0.00000000E+00
  3.12608894E+06  4.36868272E+06  3.63731646E-09  2.93064075E+04  8.18281215E-02  0.00000000E+00
  3.12644967E+06  4.36815282E+06  3.63526602E-09  2.93046856E+04  8.18569464E-02  0.00000000E+00
  3.12681040E+06  4.36762292E+06  3.63322547E-09  2.93029661E+04  8.18856084E-02  0.00000000E+00
  3.12717113E+06  4.36709302E+06  3.63119476E-09  2.93012490E+04  8.19141078E-02  0.00000000E+00
  3.12753186E+06  4.36656312E+06  3.62917386E-09  2.92995343E+04  8.19424449E-02  0.00000000E+00
  3.12789259E+06  4.36603322E+06  3.62716272E-09  2.92978220E+04  8.19706201E-02  0.00000000E+00
  3.12825332E+06  4.36550332E+06  3.62516131E-09  2.92961121E+04  8.19986338E-02  0.00000000E+00
  3.12861405E+06  4.36497342E+06  3.62316959E-09  2.92944045E+04  8.20264862E-02  0.00000000E+00
  3.12897478E+06  4.36444352E+06  3.62118752E-09  2.92926993E+04  8.20541778E-02  0.00000000E+00
  3.12933551E+06  4.36391362E+06  3.61921506E-09  2.92909965E+04  8.20817088E-02  0.00000000E+00
  3.12969624E+06  4.36338372E+06  3.61725217E-09  2.92892961E+04  8.21090796E-02  0.00000000E+00
  3.13005697E+06  4.36285382E+06  3.61529882E-09  2.92875980E+04  8.21362905E-02  0.00000000E+00
  3.13041770E+06  4.36232392E+06  3.61335496E-09  2.92859023E+04  8.21633420E-02  0.00000000E+00
  3.13077843E+06  4.36179402E+06  3.61142056E-09  2.92842089E+04  8.21902343E-02  0.00000000E+00
  3.13113916E+06  4.36126412E+06  3.60949558E-09  2.92825179E+04  8.22169677E-02  0.00000000E+00
  3.13149989E+06  4.36073422E+06  3.60757998E-09  2.92808292E+04  8.22435428E-02  0.00000000E+00
  3.13186062E+06  4.36020432E+06  3.60567372E-09  2.92791429E+04  8.22699597E-02  0.00000000E+00
  3.13222135E+06  4.35967442E+06  3.60377677E-09  2.92774590E+04  8.22962188E-02  0.00000000E+00
  3.13258208E+06  4.35914452E+06  3.60188909E-09  2.92757773E+04  8.23223206E-02  0.00000000E+00
  3.13294281E+06  4.35861462E+06  3.60001065E-09  2.92740981E+04  8.23482653E-02  0.00000000E+00
  3.13330354E+06  4.35808472E+06  3.59814139E-09  2.92724211E+04  8.23740533E-02  0.00000000E+00
  3.13366427E+06  4.35755482E+06  3.59628130E-09  2.92707465E+04  8.23996850E-02  0.00000000E+00
  3.13402500E+06  4.35702492E+06  3.59443033E-09  2.92690742E+04  8.24251607E-02  0.00000000E+00
  3.13438573E+06  4.35649502E+06  3.59258844E-09  2.92674043E+04  8.24504807E-02  0.00000000E+00
  3.13474646E+06  4.35596512E+06  3.59075560E-09  2.92657366E+04  8.24756455E-02  0.00000000E+00
  3.13510719E+06  4.35543522E+06  3.58893178E-09  2.92640713E+04  8.25006554E-02  0.00000000E+00
  3.13546792E+06  4.35490532E+06  3.58711693E-09  2.92624083E+04  8.25255107E-02  0.00000000E+00
  3.13582865E+06  4.35437542E+06  3.58531102E-09  2.92607476E+04  8.25502119E-02  0.00000000E+00
  3.13618938E+06  4.35384552E+06  3.58351401E-09  2.92590892E+04  8.25747592E-02  0.00000000E+00
  3.13655011E+06  4.35331562E+06  3.58172588E-09  2.92574332E+04  8.25991530E-02  0.00000000E+00
  3.13691085E+06  4.35278572E+06  3.57994657E-09  2.92557794E+04  8.26233937E-02  0.00000000E+00
  3.13727158E+06  4.35225583E+06  3.57817607E-09  2.92541279E+04  8.26474817E-02  0.00000000E+00
  3.13763231E+06  4.35172593E+06  3.57641433E-09  2.92524788E+04  8.26714173E-02  0.00000000E+00
  3.13799304E+06  4.35119603E+06  3.57466131E-09  2.92508319E+04  8.26952009E-02  0.00000000E+00
  3.13835377E+06  4.35066613E+06  3.57291699E-09  2.92491873E+04  8.27188328E-02  0.00000000E+00
  3.13871450E+06  4.35013623E+06  3.57118132E-09  2.92475450E+04  8.27423134E-02  0.00000000E+00
  3.13907523E+06  4.34960633E+06  3.56945428E-09  2.92459050E+04  8.27656432E-02  0.00000000E+00
  3.13943596E+06  4.34907643E+06  3.56773583E-09  2.92442672E+04  8.27888223E-02  0.00000000E+00
  3.13979669E+06  4.34854653E+06  3.56602593E-09  2.92426318E+04  8.28118513E-02  0.00000000E+00
  3.14015742E+06  4.34801663E+06  3.56432455E-09  2.92409986E+04  8.28347305E-02  0.00000000E+00
  3.14051815E+06  4.34748673E+06  3.56263166E-09  2.92393677E+04  8.28574602E-02  0.00000000E+00
  3.14087888E+06  4.34695683E+06  3.56094722E-09  2.92377390E+04  8.28800408E-02  0.00000000E+00
  3.14123961E+06  4.34642693E+06  3.55927119E-09  2.92361126E+04  8.29024728E-02  0.00000000E+00
  3.14160034E+06  4.34589703E+06  3.55760355E-09  2.92344885E+04  8.29247564E-02  0.00000000E+00
  3.14196107E+06  4.34536713E+06  3.55594426E-09  2.92328667E+04  8.29468920E-02  0.00000000E+00
  3.14232180E+06  4.34483723E+06  3.55429329E-09  2.92312471E+04  8.29688800E-02  0.00000000E+00
  3.14268253E+06  4.34430733E+06  3.55265060E-09  2.92296297E+04  8.29907208E-02  0.00000000E+00
  3.14304326E+06  4.34377743E+06  3.55101616E-09  2.92280146E+04  8.30124148E-02  0.00000000E+00
  3.14340399E+06  4.34324753E+06  3.54938994E-09  2.92264018E+04  8.30339622E-02  0.00000000E+00
  3.14376472E+06  4.34271764E+06  3.54777191E-09  2.92247911E+04  8.30553636E-02  0.00000000E+00
  3.14412545E+06  4.34218774E+06  3.54616203E-09  2.92231828E+04  8.30766192E-02  0.00000000E+00
  3.14448618E+06  4.34165784E+06  3.54456026E-09  2.92215766E+04  8.30977295E-02  0.00000000E+00
  3.14484691E+06  4.34112794E+06  3.54296658E-09  2.92199727E+04  8.31186948E-02  0.00000000E+00
  3.14520764E+06  4.34059804E+06  3.54138096E-09  2.92183711E+04  8.31395155E-02  0.00000000E+00
  3.14556837E+06  4.34006814E+06  3.53980336E-09  2.92167716E+04  8.31601920E-02  0.00000000E+00
  3.14592910E+06  4.33953824E+06  3.53823375E-09  2.92151744E+04  8.31807246E-02  0.00000000E+00
  3.14628983E+06  4.33900834E+06  3.53667210E-09  2.92135794E+04  8.32011138E-02  0.00000000E+00
  3.14665056E+06  4.33847844E+06  3.53511837E-09  2.92119866E+04  8.32213598E-02  0.00000000E+00
  3.14701129E+06  4.33794854E+06  3.53357254E-09  2.92103961E+04  8.32414631E-02  0.00000000E+00
  3.14737202E+06  4.33741864E+06  3.53203457E-09  2.92088077E+04  8.32614241E-02  0.00000000E+00
  3.14773275E+06  4.33688875E+06  3.53050444E-09  2.92072216E+04  8.32812431E-02  0.00000000E+00
  3.14809348E+06  4.33635885E+06  3.52898210E-09  2.92056376E+04  8.33009205E-02  0.00000000E+00
  3.14845422E+06  4.33582895E+06  3.52746753E-09  2.92040559E+04  8.33204567E-02  0.00000000E+00
  3.14881495E+06  4.33529905E+06  3.52596070E-09  2.92024763E+04  8.33398521E-02  0.00000000E+00
  3.14917568E+06  4.33476915E+06  3.52446158E-09  2.92008990E+04  8.33591070E-02  0.00000000E+00
  3.14953641E+06  4.33423925E+06  3.52297014E-09  2.91993239E+04  8.33782219E-02  0.00000000E+00
  3.14989714E+06  4.33370935E+06  3.52148634E-09  2.91977509E+04  8.33971970E-02  0.00000000E+00
  3.15025787E+06  4.33317945E+06  3.52001015E-09  2.91961801E+04  8.34160329E-02  0.00000000E+00
  3.15061860E+06  4.33264955E+06  3.51854155E-09  2.91946116E+04  8.34347298E-02  0.00000000E+00
  3.15097933E+06  4.33211965E+06  3.51708050E-09  2.91930452E+04  8.34532881E-02  0.00000000E+00
  3.15134006E+06  4.33158976E+06  3.51562698E-09  2.91914809E+04  8.34717083E-02  0.00000000E+00
  3.15170079E+06  4.33105986E+06  3.51418095E-09  2.91899189E+04  8.34899907E-02  0.00000000E+00
  3.15206152E+06  4.33052996E+06  3.51274239E-09  2.91883590E+04  8.35081357E-02  0.00000000E+00
  3.15242225E+06  4.33000006E+06  3.51131126E-09  2.91868013E+04  8.35261437E-02  0.00000000E+00
  3.15278298E+06  4.32947016E+06  3.50988753E-09  2.91852458E+04  8.35440151E-02  0.00000000E+00
  3.15314371E+06  4.32894026E+06  3.50847118E-09  2.91836924E+04  8.35617501E-02  0.00000000E+00
  3.15350444E+06  4.32841036E+06  3.50706217E-09  2.91821412E+04  8.35793493E-02  0.00000000E+00
  3.15386517E+06  4.32788046E+06  3.50566048E-09  2.91805921E+04  8.35968130E-02  0.00000000E+00
  3.15422590E+06  4.32735057E+06  3.50426608E-09  2.91790452E+04  8.36141416E-02  0.00000000E+00
  3.15458663E+06  4.32682067E+06  3.50287893E-09  2.91775005E+04  8.36313354E-02  0.00000000E+00
  3.15494736E+06  4.32629077E+06  3.50149901E-09  2.91759579E+04  8.36483949E-02  0.00000000E+00
  3.15530809E+06  4.32576087E+06  3.50012629E-09  2.91744174E+04  8.36653204E-02  0.00000000E+00
  3.15566882E+06  4.32523097E+06  3.49876075E-09  2.91728791E+04  8.36821123E-02  0.00000000E+00
  3.15602955E+06  4.32470107E+06  3.49740234E-09  2.91713429E+04  8.36987711E-02  0.00000000E+00
  3.15639028E+06  4.32417117E+06  3.49605105E-09  2.91698089E+04  8.37152970E-02  0.00000000E+00
  3.15675101E+06  4.32364128E+06  3.49470685E-09  2.91682770E+04  8.37316905E-02  0.00000000E+00
  3.15711174E+06  4.32311138E+06  3.49336970E-09  2.91667472E+04  8.37479519E-02  0.00000000E+00
  3.15747247E+06  4.32258148E+06  3.49203958E-09  2.91652195E+04  8.37640816E-02  0.00000000E+00
  3.15783320E+06  4.32205158E+06  3.49071646E-09  2.91636940E+04  8.37800801E-02  0.00000000E+00
  3.15819393E+06  4.32152168E+06  3.48940031E-09  2.91621706E+04  8.37959476E-02  0.00000000E+00
  3.15855466E+06  4.32099178E+06  3.48809111E-09  2.91606493E+04  8.38116847E-02  0.00000000E+00
  3.15891539E+06  4.32046188E+06  3.48678883E-09  2.91591302E+04  8.38272916E-02  0.00000000E+00
  3.15927612E+06  4.31993199E+06  3.48549344E-09  2.91576131E+04  8.38427687E-02  0.00000000E+00
  3.15963686E+06  4.31940209E+06  3.48420490E-09  2.91560982E+04  8.38581165E-02  0.00000000E+00
  3.15999759E+06  4.31887219E+06  3.48292321E-09  2.91545853E+04  8.38733353E-02  0.00000000E+00
  3.16035832E+06  4.31834229E+06  3.48164832E-09  2.91530746E+04  8.38884255E-02  0.00000000E+00
  3.16071905E+06  4.31781239E+06  3.48038021E-09  2.91515659E+04  8.39033874E-02  0.00000000E+00
  3.16107978E+06  4.31728249E+06  3.47911885E-09  2.91500594E+04  8.39182215E-02  0.00000000E+00
  3.16144051E+06  4.31675260E+06  3.47786422E-09  2.91485550E+04  8.39329282E-02  0.00000000E+00
  3.16180124E+06  4.31622270E+06  3.47661629E-09  2.91470526E+04  8.39475078E-02  0.00000000E+00
  3.16216197E+06  4.31569280E+06  3.47537503E-09  2.91455524E+04  8.39619607E-02  0.00000000E+00
  3.16252270E+06  4.31516290E+06  3.47414042E-09  2.91440542E+04  8.39762873E-02  0.00000000E+00
  3.16288343E+06  4.31463300E+06  3.47291243E-09  2.91425581E+04  8.39904880E-02  0.00000000E+00
  3.16324416E+06  4.31410310E+06  3.47169103E-09  2.91410641E+04  8.40045631E-02  0.00000000E+00
  3.16360489E+06  4.31357321E+06  3.47047620E-09  2.91395722E+04  8.40185131E-02  0.00000000E+00
  3.16396562E+06  4.31304331E+06  3.46926791E-09  2.91380823E+04  8.40323382E-02  0.00000000E+00
  3.16432635E+06  4.31251341E+06  3.46806613E-09  2.91365945E+04  8.40460390E-02  0.00000000E+00
  3.16468708E+06  4.31198351E+06  3.46687085E-09  2.91351088E+04  8.40596158E-02  0.00000000E+00
  3.16504781E+06  4.31145361E+06  3.46568202E-09  2.91336252E+04  8.40730690E-02  0.00000000E+00
  3.16540854E+06  4.31092372E+06  3.46449963E-09  2.91321436E+04  8.40863989E-02  0.00000000E+00
  3.16576927E+06  4.31039382E+06  3.46332366E-09  2.91306640E+04  8.40996059E-02  0.00000000E+00
  3.16613000E+06  4.30986392E+06  3.46215407E-09  2.91291866E+04  8.41126905E-02  0.00000000E+00
  3.16649073E+06  4.30933402E+06  3.46099084E-09  2.91277112E+04  8.41256529E-02  0.00000000E+00
  3.16685146E+06  4.30880412E+06  3.45983394E-09  2.91262378E+04  8.41384936E-02  0.00000000E+00
  3.16721219E+06  4.30827422E+06  3.45868335E-09  2.91247665E+04  8.41512130E-02  0.00000000E+00
  3.16757292E+06  4.30774433E+06  3.45753905E-09  2.91232972E+04  8.41638114E-02  0.00000000E+00
  3.16793365E+06  4.30721443E+06  3.45640101E-09  2.91218300E+04  8.41762893E-02  0.00000000E+00
  3.16829438E+06  4.30668453E+06  3.45526920E-09  2.91203648E+04  8.41886469E-02  0.00000000E+00
  3.16865511E+06  4.30615463E+06  3.45414361E-09  2.91189017E+04  8.42008847E-02  0.00000000E+00
  3.16901584E+06  4.30562473E+06  3.45302419E-09  2.91174406E+04  8.42130031E-02  0.00000000E+00
  3.16937657E+06  4.30509484E+06  3.45191094E-09  2.91159815E+04  8.42250024E-02  0.00000000E+00
  3.16973730E+06  4.30456494E+06  3.45080382E-09  2.91145245E+04  8.42368831E-02  0.00000000E+00
  3.17009803E+06  4.30403504E+06  3.44970282E-09  2.91130694E+04  8.42486454E-02  0.00000000E+00
  3.17045876E+06  4.30350514E+06  3.44860790E-09  2.91116164E+04  8.42602898E-02  0.00000000E+00
  3.17081949E+06  4.30297525E+06  3.44751905E-09  2.91101655E+04  8.42718167E-02  0.00000000E+00
  3.17118023E+06  4.30244535E+06  3.44643623E-09  2.91087165E+04  8.42832264E-02  0.00000000E+00
  3.17154096E+06  4.30191545E+06  3.44535943E-09  2.91072696E+04  8.42945193E-02  0.00000000E+00
  3.17190169E+06  4.30138555E+06  3.44428861E-09  2.91058246E+04  8.43056958E-02  0.00000000E+00
  3.17226242E+06  4.30085565E+06  3.44322377E-09  2.91043817E+04  8.43167562E-02  0.00000000E+00
  3.17262315E+06  4.30032576E+06  3.44216487E-09  2.91029408E+04  8.43277010E-02  0.00000000E+00
  3.17298388E+06  4.29979586E+06  3.44111188E-09  2.91015019E+04  8.43385306E-02  0.00000000E+00
  3.17334461E+06  4.29926596E+06  3.44006480E-09  2.91000650E+04  8.43492452E-02  0.00000000E+00
  3.17370534E+06  4.29873606E+06  3.43902358E-09  2.90986301E+04  8.43598453E-02  0.00000000E+00
  3.17406607E+06  4.29820616E+06  3.43798822E-09  2.90971971E+04  8.43703312E-02  0.00000000E+00
  3.17442680E+06  4.29767627E+06  3.43695868E-09  2.90957662E+04  8.43807034E-02  0.00000000E+00
  3.17478753E+06  4.29714637E+06  3.43593494E-09  2.90943373E+04  8.43909621E-02  0.00000000E+00
  3.17514826E+06  4.29661647E+06  3.43491698E-09  2.90929103E+04  8.44011079E-02  0.00000000E+00
  3.17550899E+06  4.29608657E+06  3.43390478E-09  2.90914854E+04  8.44111410E-02  0.00000000E+00
  3.17586972E+06  4.29555668E+06  3.43289831E-09  2.90900624E+04  8.44210618E-02  0.00000000E+00
  3.17623045E+06  4.29502678E+06  3.43189755E-09  2.90886414E+04  8.44308707E-02  0.00000000E+00
  3.17659118E+06  4.29449688E+06  3.43090248E-09  2.90872224E+04  8.44405680E-02  0.00000000E+00
  3.17695191E+06  4.29396698E+06  3.42991308E-09  2.90858053E+04  8.44501543E-02  0.00000000E+00
  3.17731264E+06  4.29343709E+06  3.42892931E-09  2.90843902E+04  8.44596297E-02  0.00000000E+00
  3.17767337E+06  4.29290719E+06  3.42795117E-09  2.90829771E+04  8.44689947E-02  0.00000000E+00
  3.17803410E+06  4.29237729E+06  3.42697863E-09  2.90815660E+04  8.44782497E-02  0.00000000E+00
  3.17839483E+06  4.29184739E+06  3.42601166E-09  2.90801568E+04  8.44873950E-02  0.00000000E+00
  3.17875556E+06  4.29131750E+06  3.42505025E-09  2.90787496E+04  8.44964310E-02  0.00000000E+00
  3.17911629E+06  4.29078760E+06  3.42409436E-09  2.90773443E+04  8.45053580E-02  0.00000000E+00
  3.17947702E+06  4.29025770E+06  3.42314399E-09  2.90759410E+04  8.45141765E-02  0.00000000E+00
  3.17983775E+06  4.28972780E+06  3.42219911E-09  2.90745396E+04  8.45228868E-02  0.00000000E+00
  3.18019848E+06  4.28919791E+06  3.42125969E-09  2.90731402E+04  8.45314893E-02  0.00000000E+00
  3.18055921E+06  4.28866801E+06  3.42032571E-09  2.90717428E+04  8.45399844E-02  0.00000000E+00
  3.18091994E+06  4.28813811E+06  3.41939716E-09  2.90703472E+04  8.45483723E-02  0.00000000E+00
  3.18128067E+06  4.28760821E+06  3.41847400E-09  2.90689537E+04  8.45566536E-02  0.00000000E+00
  3.18164140E+06  4.28707832E+06  3.41755623E-09  2.90675620E+04  8.45648285E-02  0.00000000E+00
  3.18200213E+06  4.28654842E+06  3.41664382E-09  2.90661723E+04  8.45728974E-02  0.00000000E+00
  3.18236287E+06  4.28601852E+06  3.41573674E-09  2.90647845E+04  8.45808607E-02  0.00000000E+00
  3.18272360E+06  4.28548862E+06  3.41483498E-09  2.90633987E+04  8.45887187E-02  0.00000000E+00
  3.18308433E+06  4.28495873E+06  3.41393851E-09  2.90620148E+04  8.45964719E-02  0.00000000E+00
  3.18344506E+06  4.28442883E+06  3.41304731E-09  2.90606328E+04  8.46041205E-02  0.00000000E+00
  3.18380579E+06  4.28389893E+06  3.41216137E-09  2.90592527E+04  8.46116650E-02  0.00000000E+00
  3.18416652E+06  4.28336904E+06  3.41128066E-09  2.90578745E+04  8.46191057E-02  0.00000000E+00
  3.18452725E+06  4.28283914E+06  3.41040516E-09  2.90564983E+04  8.46264429E-02  0.00000000E+00
  3.18488798E+06  4.28230924E+06  3.40953485E-09  2.90551240E+04  8.46336771E-02  0.00000000E+00
  3.18524871E+06  4.28177934E+06  3.40866971E-09  2.90537516E+04  8.46408086E-02  0.00000000E+00
  3.18560944E+06  4.28124945E+06  3.40780972E-09  2.90523811E+04  8.46478377E-02  0.00000000E+00
  3.18597017E+06  4.28071955E+06  3.40695486E-09  2.90510125E+04  8.46547649E-02  0.00000000E+00
  3.18633090E+06  4.28018965E+06  3.40610510E-09  2.90496458E+04  8.46615904E-02  0.00000000E+00
  3.18669163E+06  4.27965975E+06  3.40526044E-09  2.90482810E+04  8.46683147E-02  0.00000000E+00
  3.18705236E+06  4.27912986E+06  3.40442084E-09  2.90469181E+04  8.46749381E-02  0.00000000E+00
  3.18741309E+06  4.27859996E+06  3.40358629E-09  2.90455571E+04  8.46814609E-02  0.00000000E+00
  3.18777382E+06  4.27807006E+06  3.40275676E-09  2.90441980E+04  8.46878835E-02  0.00000000E+00
  3.18813455E+06  4.27754017E+06  3.40193225E-09  2.90428408E+04  8.46942064E-02  0.00000000E+00
  3.18849528E+06  4.27701027E+06  3.40111272E-09  2.90414855E+04  8.47004297E-02  0.00000000E+00
  3.18885601E+06  4.27648037E+06  3.40029816E-09  2.90401320E+04  8.47065539E-02  0.00000000E+00
  3.18921674E+06  4.27595048E+06  3.39948855E-09  2.90387805E+04  8.47125794E-02  0.00000000E+00
  3.18957747E+06  4.27542058E+06  3.39868387E-09  2.90374308E+04  8.47185065E-02  0.00000000E+00
  3.18993820E+06  4.27489068E+06  3.39788410E-09  2.90360830E+04  8.47243356E-02  0.00000000E+00
  3.19029893E+06  4.27436078E+06  3.39708921E-09  2.90347370E+04  8.47300669E-02  0.00000000E+00
  3.19065966E+06  4.27383089E+06  3.39629920E-09  2.90333930E+04  8.47357009E-02  0.00000000E+00
  3.19102039E+06  4.27330099E+06  3.39551404E-09  2.90320508E+04  8.47412379E-02  0.00000000E+00
  3.19138112E+06  4.27277109E+06  3.39473371E-09  2.90307105E+04  8.47466783E-02  0.00000000E+00
  3.19174185E+06  4.27224120E+06  3.39395819E-09  2.90293720E+04  8.47520225E-02  0.00000000E+00
  3.19210258E+06  4.27171130E+06  3.39318747E-09  2.90280354E+04  8.47572706E-02  0.00000000E+00
  3.19246331E+06  4.27118140E+06  3.39242152E-09  2.90267007E+04  8.47624233E-02  0.00000000E+00
  3.19282404E+06  4.27065151E+06  3.39166032E-09  2.90253678E+04  8.47674806E-02  0.00000000E+00
  3.19318477E+06  4.27012161E+06  3.39090387E-09  2.90240368E+04  8.47724432E-02  0.00000000E+00
  3.19354550E+06  4.26959171E+06  3.39015213E-09  2.90227076E+04  8.47773111E-02  0.00000000E+00
  3.19390624E+06  4.26906182E+06  3.38940509E-09  2.90213803E+04  8.47820849E-02  0.00000000E+00
  3.19426697E+06  4.26853192E+06  3.38866273E-09  2.90200548E+04  8.47867649E-02  0.00000000E+00
  3.19462770E+06  4.26800202E+06  3.38792504E-09  2.90187312E+04  8.47913514E-02  0.00000000E+00
  3.19498843E+06  4.26747212E+06  3.38719199E-09  2.90174094E+04  8.47958448E-02  0.00000000E+00
  3.19534916E+06  4.26694223E+06  3.38646356E-09  2.90160894E+04  8.48002453E-02  0.00000000E+00
  3.19570989E+06  4.26641233E+06  3.38573974E-09  2.90147713E+04  8.48045534E-02  0.00000000E+00
  3.19607062E+06  4.26588243E+06  3.38502051E-09  2.90134550E+04  8.48087694E-02  0.00000000E+00
  3.19643135E+06  4.26535254E+06  3.38430585E-09  2.90121405E+04  8.48128937E-02  0.00000000E+00
  3.19679208E+06  4.26482264E+06  3.38359574E-09  2.90108279E+04  8.48169265E-02  0.00000000E+00
  3.19715281E+06  4.26429274E+06  3.38289017E-09  2.90095171E+04  8.48208683E-02  0.00000000E+00
  3.19751354E+06  4.26376285E+06  3.38218912E-09  2.90082081E+04  8.48247193E-02  0.00000000E+00
  3.19787427E+06  4.26323295E+06  3.38149256E-09  2.90069009E+04  8.48284800E-02  0.00000000E+00
  3.19823500E+06  4.26270305E+06  3.38080048E-09  2.90055956E+04  8.48321506E-02  0.00000000E+00
  3.19859573E+06  4.26217316E+06  3.38011287E-09  2.90042921E+04  8.48357314E-02  0.00000000E+00
  3.19895646E+06  4.26164326E+06  3.37942970E-09  2.90029904E+04  8.48392229E-02  0.00000000E+00
  3.19931719E+06  4.26111336E+06  3.37875097E-09  2.90016904E+04  8.48426254E-02  0.00000000E+00
  3.19967792E+06  4.26058347E+06  3.37807664E-09  2.90003923E+04  8.48459392E-02  0.00000000E+00
  3.20003865E+06  4.26005357E+06  3.37740670E-09  2.89990961E+04  8.48491647E-02  0.00000000E+00
  3.20039938E+06  4.25952367E+06  3.37674114E-09  2.89978016E+04  8.48523021E-02  0.00000000E+00
  3.20076011E+06  4.25899378E+06  3.37607994E-09  2.89965089E+04  8.48553518E-02  0.00000000E+00
  3.20112084E+06  4.25846388E+06  3.37542308E-09  2.89952180E+04  8.48583142E-02  0.00000000E+00
  3.20148157E+06  4.25793398E+06  3.37477055E-09  2.89939289E+04  8.48611896E-02  0.00000000E+00
  3.20184230E+06  4.25740409E+06  3.37412232E-09  2.89926416E+04  8.48639782E-02  0.00000000E+00
  3.20220303E+06  4.25687419E+06  3.37347838E-09  2.89913561E+04  8.48666806E-02  0.00000000E+00
  3.20256376E+06  4.25634430E+06  3.37283872E-09  2.89900723E+04  8.48692969E-02  0.00000000E+00
  3.20292449E+06  4.25581440E+06  3.37220331E-09  2.89887904E+04  8.48718276E-02  0.00000000E+00
  3.20328522E+06  4.25528450E+06  3.37157214E-09  2.89875102E+04  8.48742728E-02  0.00000000E+00
  3.20364595E+06  4.25475461E+06  3.37094519E-09  2.89862319E+04  8.48766331E-02  0.00000000E+00
  3.20400668E+06  4.25422471E+06  3.37032245E-09  2.89849553E+04  8.48789087E-02  0.00000000E+00
  3.20436741E+06  4.25369481E+06  3.36970390E-09  2.89836804E+04  8.48810999E-02  0.00000000E+00
  3.20472814E+06  4.25316492E+06  3.36908952E-09  2.89824074E+04  8.48832071E-02  0.00000000E+00
  3.20508888E+06  4.25263502E+06  3.36847930E-09  2.89811361E+04  8.48852305E-02  0.00000000E+00
  3.20544961E+06  4.25210512E+06  3.36787322E-09  2.89798666E+04  8.48871706E-02  0.00000000E+00
  3.20581034E+06  4.25157523E+06  3.36727126E-09  2.89785989E+04  8.48890277E-02  0.00000000E+00
  3.20617107E+06  4.25104533E+06  3.36667341E-09  2.89773329E+04  8.48908020E-02  0.00000000E+00
  3.20653180E+06  4.25051543E+06  3.36607964E-09  2.89760686E+04  8.48924938E-02  0.00000000E+00
  3.20689253E+06  4.24998554E+06  3.36548996E-09  2.89748062E+04  8.48941037E-02  0.00000000E+00
  3.20725326E+06  4.24945564E+06  3.36490433E-09  2.89735455E+04  8.48956317E-02  0.00000000E+00
  3.20761399E+06  4.24892575E+06  3.36432275E-09  2.89722865E+04  8.48970783E-02  0.00000000E+00
  3.20797472E+06  4.24839585E+06  3.36374519E-09  2.89710293E+04  8.48984438E-02  0.00000000E+00
  3.20833545E+06  4.24786595E+06  3.36317165E-09  2.89697739E+04  8.48997285E-02  0.00000000E+00
  3.20869618E+06  4.24733606E+06  3.36260210E-09  2.89685201E+04  8.49009328E-02  0.00000000E+00
  3.20905691E+06  4.24680616E+06  3.36203653E-09  2.89672682E+04  8.49020568E-02  0.00000000E+00
  3.20941764E+06  4.24627626E+06  3.36147492E-09  2.89660180E+04  8.49031011E-02  0.00000000E+00
  3.20977837E+06  4.24574637E+06  3.36091726E-09  2.89647695E+04  8.49040658E-02  0.00000000E+00
  3.21013910E+06  4.24521647E+06  3.36036354E-09  2.89635227E+04  8.49049513E-02  0.00000000E+00
  3.21049983E+06  4.24468658E+06  3.35981373E-09  2.89622777E+04  8.49057579E-02  0.00000000E+00
  3.21086056E+06  4.24415668E+06  3.35926782E-09  2.89610344E+04  8.49064860E-02  0.00000000E+00
  3.21122129E+06  4.24362678E+06  3.35872580E-09  2.89597929E+04  8.49071358E-02  0.00000000E+00
  3.21158202E+06  4.24309689E+06  3.35818765E-09  2.89585530E+04  8.49077077E-02  0.00000000E+00
  3.21194275E+06  4.24256699E+06  3.35765336E-09  2.89573149E+04  8.49082019E-02  0.00000000E+00
  3.21230348E+06  4.24203709E+06  3.35712290E-09  2.89560785E+04  8.49086188E-02  0.00000000E+00
  3.21266421E+06  4.24150720E+06  3.35659627E-09  2.89548439E+04  8.49089587E-02  0.00000000E+00
  3.21302494E+06  4.24097730E+06  3.35607346E-09  2.89536109E+04  8.49092220E-02  0.00000000E+00
  3.21338567E+06  4.24044741E+06  3.35555444E-09  2.89523797E+04  8.49094088E-02  0.00000000E+00
  3.21374640E+06  4.23991751E+06  3.35503919E-09  2.89511502E+04  8.49095196E-02  0.00000000E+00
  3.21410713E+06  4.23938761E+06  3.35452772E-09  2.89499224E+04  8.49095546E-02  0.00000000E+00
  3.21446786E+06  4.23885772E+06  3.35401999E-09  2.89486963E+04  8.49095142E-02  0.00000000E+00
  3.21482859E+06  4.23832782E+06  3.35351601E-09  2.89474719E+04  8.49093986E-02  0.00000000E+00
  3.21518932E+06  4.23779793E+06  3.35301574E-09  2.89462492E+04  8.49092081E-02  0.00000000E+00
  3.21555005E+06  4.23726803E+06  3.35251918E-09  2.89450282E+04  8.49089431E-02  0.00000000E+00
  3.21591078E+06  4.23673813E+06  3.35202631E-09  2.89438089E+04  8.49086039E-02  0.00000000E+00
  3.21627152E+06  4.23620824E+06  3.35153712E-09  2.89425913E+04  8.49081908E-02  0.00000000E+00
  3.21663225E+06  4.23567834E+06  3.35105159E-09  2.89413754E+04  8.49077040E-02  0.00000000E+00
  3.21699298E+06  4.23514845E+06  3.35056971E-09  2.89401612E+04  8.49071440E-02  0.00000000E+00
  3.21735371E+06  4.23461855E+06  3.35009147E-09  2.89389486E+04  8.49065109E-02  0.00000000E+00
  3.21771444E+06  4.23408865E+06  3.34961685E-09  2.89377378E+04  8.49058051E-02  0.00000000E+00
  3.21807517E+06  4.23355876E+06  3.34914583E-09  2.89365286E+04  8.49050268E-02  0.00000000E+00
  3.21843590E+06  4.23302886E+06  3.34867840E-09  2.89353212E+04  8.49041765E-02  0.00000000E+00
  3.21879663E+06  4.23249897E+06  3.34821455E-09  2.89341154E+04  8.49032543E-02  0.00000000E+00
  3.21915736E+06  4.23196907E+06  3.34775427E-09  2.89329112E+04  8.49022606E-02  0.00000000E+00
  3.21951809E+06  4.23143918E+06  3.34729753E-09  2.89317088E+04  8.49011957E-02  0.00000000E+00
  3.21987882E+06  4.23090928E+06  3.34684433E-09  2.89305080E+04  8.49000598E-02  0.00000000E+00
  3.22023955E+06  4.23037938E+06  3.34639465E-09  2.89293089E+04  8.48988533E-02  0.00000000E+00
  3.22060028E+06  4.22984949E+06  3.34594849E-09  2.89281115E+04  8.48975765E-02  0.00000000E+00
  3.22096101E+06  4.22931959E+06  3.34550581E-09  2.89269157E+04  8.48962297E-02  0.00000000E+00
  3.22132174E+06  4.22878970E+06  3.34506661E-09  2.89257216E+04  8.48948130E-02  0.00000000E+00
  3.22168247E+06  4.22825980E+06  3.34463089E-09  2.89245292E+04  8.48933270E-02  0.00000000E+00
  3.22204320E+06  4.22772990E+06  3.34419861E-09  2.89233384E+04  8.48917717E-02  0.00000000E+00
  3.22240393E+06  4.22720001E+06  3.34376978E-09  2.89221493E+04  8.48901476E-02  0.00000000E+00
  3.22276466E+06  4.22667011E+06  3.34334437E-09  2.89209618E+04  8.48884549E-02  0.00000000E+00
  3.22312539E+06  4.22614022E+06  3.34292237E-09  2.89197760E+04  8.48866939E-02  0.00000000E+00
  3.22348612E+06  4.22561032E+06  3.34250377E-09  2.89185918E+04  8.48848649E-02  0.00000000E+00
  3.22384685E+06  4.22508043E+06  3.34208856E-09  2.89174092E+04  8.48829681E-02  0.00000000E+00
  3.22420758E+06  4.22455053E+06  3.34167672E-09  2.89162284E+04  8.48810040E-02  0.00000000E+00
  3.22456831E+06  4.22402063E+06  3.34126825E-09  2.89150491E+04  8.48789727E-02  0.00000000E+00
  3.22492904E+06  4.22349074E+06  3.34086311E-09  2.89138715E+04  8.48768745E-02  0.00000000E+00
  3.22528977E+06  4.22296084E+06  3.34046131E-09  2.89126955E+04  8.48747097E-02  0.00000000E+00
  3.22565050E+06  4.22243095E+06  3.34006284E-09  2.89115212E+04  8.48724787E-02  0.00000000E+00
  3.22601123E+06  4.22190105E+06  3.33966767E-09  2.89103485E+04  8.48701816E-02  0.00000000E+00
  3.22637196E+06  4.22137116E+06  3.33927579E-09  2.89091775E+04  8.48678188E-02  0.00000000E+00
  3.22673269E+06  4.22084126E+06  3.33888719E-09  2.89080080E+04  8.48653906E-02  0.00000000E+00
  3.22709342E+06  4.22031137E+06  3.33850187E-09  2.89068402E+04  8.48628972E-02  0.00000000E+00
  3.22745415E+06  4.21978147E+06  3.33811979E-09  2.89056740E+04  8.48603389E-02  0.00000000E+00
  3.22781489E+06  4.21925157E+06  3.33774097E-09  2.89045095E+04  8.48577160E-02  0.00000000E+00
  3.22817562E+06  4.21872168E+06  3.33736537E-09  2.89033465E+04  8.48550288E-02  0.00000000E+00
  3.22853635E+06  4.21819178E+06  3.33699299E-09  2.89021852E+04  8.48522775E-02  0.00000000E+00
  3.22889708E+06  4.21766189E+06  3.33662381E-09  2.89010255E+04  8.48494624E-02  0.00000000E+00
  3.22925781E+06  4.21713199E+06  3.33625783E-09  2.88998674E+04  8.48465839E-02  0.00000000E+00
  3.22961854E+06  4.21660210E+06  3.33589503E-09  2.88987109E+04  8.48436421E-02  0.00000000E+00
  3.22997927E+06  4.21607220E+06  3.33553539E-09  2.88975560E+04  8.48406374E-02  0.00000000E+00
  3.23034000E+06  4.21554231E+06  3.33517891E-09  2.88964027E+04  8.48375700E-02  0.00000000E+00
  3.23070073E+06  4.21501241E+06  3.33482557E-09  2.88952511E+04  8.48344401E-02  0.00000000E+00
  3.23106146E+06  4.21448251E+06  3.33447537E-09  2.88941010E+04  8.48312482E-02  0.00000000E+00
  3.23142219E+06  4.21395262E+06  3.33412828E-09  2.88929525E+04  8.48279944E-02  0.00000000E+00
  3.23178292E+06  4.21342272E+06  3.33378430E-09  2.88918057E+04  8.48246790E-02  0.00000000E+00
  3.23214365E+06  4.21289283E+06  3.33344341E-09  2.88906604E+04  8.48213022E-02  0.00000000E+00
  3.23250438E+06  4.21236293E+06  3.33310560E-09  2.88895167E+04  8.48178644E-02  0.00000000E+00
  3.23286511E+06  4.21183304E+06  3.33277087E-09  2.88883746E+04  8.48143659E-02  0.00000000E+00
  3.23322584E+06  4.21130314E+06  3.33243919E-09  2.88872341E+04  8.48108068E-02  0.00000000E+00
  3.23358657E+06  4.21077325E+06  3.33211056E-09  2.88860952E+04  8.48071874E-02  0.00000000E+00
  3.23394730E+06  4.21024335E+06  3.33178496E-09  2.88849578E+04  8.48035081E-02  0.00000000E+00
  3.23430803E+06  4.20971346E+06  3.33146238E-09  2.88838221E+04  8.47997691E-02  0.00000000E+00
  3.23466876E+06  4.20918356E+06  3.33114282E-09  2.88826879E+04  8.47959706E-02  0.00000000E+00
  3.23502949E+06  4.20865367E+06  3.33082625E-09  2.88815553E+04  8.47921128E-02  0.00000000E+00
  3.23539022E+06  4.20812377E+06  3.33051267E-09  2.88804243E+04  8.47881962E-02  0.00000000E+00
  3.23575095E+06  4.20759387E+06  3.33020207E-09  2.88792948E+04  8.47842209E-02  0.00000000E+00
  3.23611168E+06  4.20706398E+06  3.32989443E-09  2.88781670E+04  8.47801872E-02  0.00000000E+00
  3.23647241E+06  4.20653408E+06  3.32958974E-09  2.88770407E+04  8.47760953E-02  0.00000000E+00
  3.23683314E+06  4.20600419E+06  3.32928799E-09  2.88759159E+04  8.47719455E-02  0.00000000E+00
  3.23719387E+06  4.20547429E+06  3.32898918E-09  2.88747927E+04  8.47677381E-02  0.00000000E+00
  3.23755460E+06  4.20494440E+06  3.32869328E-09  2.88736711E+04  8.47634733E-02  0.00000000E+00
  3.23791533E+06  4.20441450E+06  3.32840028E-09  2.88725511E+04  8.47591515E-02  0.00000000E+00
  3.23827606E+06  4.20388461E+06  3.32811018E-09  2.88714326E+04  8.47547727E-02  0.00000000E+00
  3.23863679E+06  4.20335471E+06  3.32782297E-09  2.88703156E+04  8.47503373E-02  0.00000000E+00
  3.23899753E+06  4.20282482E+06  3.32753863E-09  2.88692002E+04  8.47458456E-02  0.00000000E+00
  3.23935826E+06  4.20229492E+06  3.32725715E-09  2.88680864E+04  8.47412978E-02  0.00000000E+00
  3.23971899E+06  4.20176503E+06  3.32697852E-09  2.88669741E+04  8.47366941E-02  0.00000000E+00
  3.24007972E+06  4.20123513E+06  3.32670273E-09  2.88658634E+04  8.47320348E-02  0.00000000E+00
  3.24044045E+06  4.20070524E+06  3.32642976E-09  2.88647542E+04  8.47273202E-02  0.00000000E+00
  3.24080118E+06  4.20017534E+06  3.32615962E-09  2.88636465E+04  8.47225505E-02  0.00000000E+00
  3.24116191E+06  4.19964545E+06  3.32589228E-09  2.88625404E+04  8.47177259E-02  0.00000000E+00
  3.24152264E+06  4.19911555E+06  3.32562774E-09  2.88614358E+04  8.47128468E-02  0.00000000E+00
  3.24188337E+06  4.19858566E+06  3.32536598E-09  2.88603328E+04  8.47079133E-02  0.00000000E+00
  3.24224410E+06  4.19805576E+06  3.32510699E-09  2.88592313E+04  8.47029257E-02  0.00000000E+00
  3.24260483E+06  4.19752587E+06  3.32485077E-09  2.88581313E+04  8.46978842E-02  0.00000000E+00
  3.24296556E+06  4.19699597E+06  3.32459730E-09  2.88570328E+04  8.46927892E-02  0.00000000E+00
  3.24332629E+06  4.19646608E+06  3.32434657E-09  2.88559359E+04  8.46876408E-02  0.00000000E+00
  3.24368702E+06  4.19593618E+06  3.32409857E-09  2.88548405E+04  8.46824392E-02  0.00000000E+00
  3.24404775E+06  4.19540629E+06  3.32385329E-09  2.88537467E+04  8.46771848E-02  0.00000000E+00
  3.24440848E+06  4.19487639E+06  3.32361072E-09  2.88526543E+04  8.46718777E-02  0.00000000E+00
  3.24476921E+06  4.19434650E+06  3.32337085E-09  2.88515635E+04  8.46665183E-02  0.00000000E+00
  3.24512994E+06  4.19381660E+06  3.32313367E-09  2.88504742E+04  8.46611067E-02  0.00000000E+00
  3.24549067E+06  4.19328671E+06  3.32289916E-09  2.88493864E+04  8.46556432E-02  0.00000000E+00
  3.24585140E+06  4.19275681E+06  3.32266733E-09  2.88483001E+04  8.46501280E-02  0.00000000E+00
  3.24621213E+06  4.19222692E+06  3.32243815E-09  2.88472153E+04  8.46445614E-02  0.00000000E+00
  3.24657286E+06  4.19169702E+06  3.32221162E-09  2.88461321E+04  8.46389436E-02  0.00000000E+00
  3.24693359E+06  4.19116713E+06  3.32198772E-09  2.88450503E+04  8.46332748E-02  0.00000000E+00
  3.24729432E+06  4.19063723E+06  3.32176645E-09  2.88439701E+04  8.46275553E-02  0.00000000E+00
  3.24765505E+06  4.19010734E+06  3.32154780E-09  2.88428913E+04  8.46217854E-02  0.00000000E+00
  3.24801578E+06  4.18957744E+06  3.32133176E-09  2.88418141E+04  8.46159652E-02  0.00000000E+00
  3.24837651E+06  4.18904755E+06  3.32111831E-09  2.88407383E+04  8.46100949E-02  0.00000000E+00
  3.24873724E+06  4.18851765E+06  3.32090744E-09  2.88396640E+04  8.46041749E-02  0.00000000E+00
  3.24909797E+06  4.18798776E+06  3.32069916E-09  2.88385913E+04  8.45982053E-02  0.00000000E+00
  3.24945870E+06  4.18745786E+06  3.32049344E-09  2.88375200E+04  8.45921864E-02  0.00000000E+00
  3.24981943E+06  4.18692797E+06  3.32029027E-09  2.88364502E+04  8.45861185E-02  0.00000000E+00
  3.25018016E+06  4.18639807E+06  3.32008965E-09  2.88353819E+04  8.45800016E-02  0.00000000E+00
  3.25054090E+06  4.18586818E+06  3.31989157E-09  2.88343151E+04  8.45738362E-02  0.00000000E+00
  3.25090163E+06  4.18533828E+06  3.31969602E-09  2.88332498E+04  8.45676223E-02  0.00000000E+00
  3.25126236E+06  4.18480839E+06  3.31950298E-09  2.88321860E+04  8.45613603E-02  0.00000000E+00
  3.25162309E+06  4.18427849E+06  3.31931244E-09  2.88311236E+04  8.45550503E-02  0.00000000E+00
  3.25198382E+06  4.18374860E+06  3.31912441E-09  2.88300627E+04  8.45486926E-02  0.00000000E+00
  3.25234455E+06  4.18321870E+06  3.31893886E-09  2.88290033E+04  8.45422874E-02  0.00000000E+00
  3.25270528E+06  4.18268881E+06  3.31875579E-09  2.88279454E+04  8.45358349E-02  0.00000000E+00
  3.25306601E+06  4.18215891E+06  3.31857519E-09  2.88268889E+04  8.45293354E-02  0.00000000E+00
  3.25342674E+06  4.18162902E+06  3.31839705E-09  2.88258339E+04  8.45227891E-02  0.00000000E+00
  3.25378747E+06  4.18109912E+06  3.31822136E-09  2.88247804E+04  8.45161962E-02  0.00000000E+00
  3.25414820E+06  4.18056923E+06  3.31804811E-09  2.88237283E+04  8.45095569E-02  0.00000000E+00
  3.25450893E+06  4.18003934E+06  3.31787729E-09  2.88226777E+04  8.45028714E-02  0.00000000E+00
  3.25486966E+06  4.17950944E+06  3.31770889E-09  2.88216286E+04  8.44961400E-02  0.00000000E+00
  3.25523039E+06  4.17897955E+06  3.31754290E-09  2.88205809E+04  8.44893629E-02  0.00000000E+00
  3.25559112E+06  4.17844965E+06  3.31737931E-09  2.88195347E+04  8.44825403E-02  0.00000000E+00
  3.25595185E+06  4.17791976E+06  3.31721812E-09  2.88184899E+04  8.44756724E-02  0.00000000E+00
  3.25631258E+06  4.17738986E+06  3.31705931E-09  2.88174466E+04  8.44687595E-02  0.00000000E+00
  3.25667331E+06  4.17685997E+06  3.31690288E-09  2.88164047E+04  8.44618017E-02  0.00000000E+00
  3.25703404E+06  4.17633007E+06  3.31674881E-09  2.88153643E+04  8.44547993E-02  0.00000000E+00
  3.25739477E+06  4.17580018E+06  3.31659710E-09  2.88143254E+04  8.44477524E-02  0.00000000E+00
  3.25775550E+06  4.17527028E+06  3.31644774E-09  2.88132878E+04  8.44406614E-02  0.00000000E+00
  3.25811623E+06  4.17474039E+06  3.31630071E-09  2.88122518E+04  8.44335264E-02  0.00000000E+00
  3.25847696E+06  4.17421049E+06  3.31615602E-09  2.88112171E+04  8.44263476E-02  0.00000000E+00
  3.25883769E+06  4.17368060E+06  3.31601364E-09  2.88101839E+04  8.44191252E-02  0.00000000E+00
  3.25919842E+06  4.17315071E+06  3.31587358E-09  2.88091522E+04  8.44118595E-02  0.00000000E+00
  3.25955915E+06  4.17262081E+06  3.31573581E-09  2.88081218E+04  8.44045507E-02  0.00000000E+00
  3.25991988E+06  4.17209092E+06  3.31560035E-09  2.88070929E+04  8.43971989E-02  0.00000000E+00
  3.26028061E+06  4.17156102E+06  3.31546716E-09  2.88060655E+04  8.43898044E-02  0.00000000E+00
  3.26064134E+06  4.17103113E+06  3.31533626E-09  2.88050394E+04  8.43823674E-02  0.00000000E+00
  3.26100207E+06  4.17050123E+06  3.31520762E-09  2.88040148E+04  8.43748881E-02  0.00000000E+00
  3.26136280E+06  4.16997134E+06  3.31508124E-09  2.88029917E+04  8.43673666E-02  0.00000000E+00
  3.26172354E+06  4.16944144E+06  3.31495711E-09  2.88019699E+04  8.43598033E-02  0.00000000E+00
  3.26208427E+06  4.16891155E+06  3.31483522E-09  2.88009496E+04  8.43521983E-02  0.00000000E+00
  3.26244500E+06  4.16838165E+06  3.31471556E-09  2.87999306E+04  8.43445519E-02  0.00000000E+00
  3.26280573E+06  4.16785176E+06  3.31459813E-09  2.87989131E+04  8.43368641E-02  0.00000000E+00
  3.26316646E+06  4.16732187E+06  3.31448291E-09  2.87978970E+04  8.43291353E-02  0.00000000E+00
  3.26352719E+06  4.16679197E+06  3.31436990E-09  2.87968824E+04  8.43213656E-02  0.00000000E+00
  3.26388792E+06  4.16626208E+06  3.31425909E-09  2.87958691E+04  8.43135552E-02  0.00000000E+00
  3.26424865E+06  4.16573218E+06  3.31415046E-09  2.87948572E+04  8.43057044E-02  0.00000000E+00
  3.26460938E+06  4.16520229E+06  3.31404402E-09  2.87938468E+04  8.42978133E-02  0.00000000E+00
  3.26497011E+06  4.16467239E+06  3.31393976E-09  2.87928378E+04  8.42898821E-02  0.00000000E+00
  3.26533084E+06  4.16414250E+06  3.31383766E-09  2.87918301E+04  8.42819111E-02  0.00000000E+00
  3.26569157E+06  4.16361260E+06  3.31373771E-09  2.87908239E+04  8.42739004E-02  0.00000000E+00
  3.26605230E+06  4.16308271E+06  3.31363991E-09  2.87898190E+04  8.42658502E-02  0.00000000E+00
  3.26641303E+06  4.16255282E+06  3.31354426E-09  2.87888156E+04  8.42577607E-02  0.00000000E+00
  3.26677376E+06  4.16202292E+06  3.31345073E-09  2.87878136E+04  8.42496322E-02  0.00000000E+00
  3.26713449E+06  4.16149303E+06  3.31335933E-09  2.87868129E+04  8.42414647E-02  0.00000000E+00
  3.26749522E+06  4.16096313E+06  3.31327005E-09  2.87858136E+04  8.42332586E-02  0.00000000E+00
  3.26785595E+06  4.16043324E+06  3.31318287E-09  2.87848158E+04  8.42250140E-02  0.00000000E+00
  3.26821668E+06  4.15990334E+06  3.31309779E-09  2.87838193E+04  8.42167310E-02  0.00000000E+00
  3.26857741E+06  4.15937345E+06  3.31301480E-09  2.87828242E+04  8.42084100E-02  0.00000000E+00
  3.26893814E+06  4.15884356E+06  3.31293390E-09  2.87818305E+04  8.42000510E-02  0.00000000E+00
  3.26929887E+06  4.15831366E+06  3.31285507E-09  2.87808382E+04  8.41916544E-02  0.00000000E+00
  3.26965960E+06  4.15778377E+06  3.31277831E-09  2.87798472E+04  8.41832201E-02  0.00000000E+00
  3.27002033E+06  4.15725387E+06  3.31270361E-09  2.87788576E+04  8.41747485E-02  0.00000000E+00
  3.27038106E+06  4.15672398E+06  3.31263096E-09  2.87778694E+04  8.41662398E-02  0.00000000E+00
  3.27074179E+06  4.15619408E+06  3.31256036E-09  2.87768826E+04  8.41576941E-02  0.00000000E+00
  3.27110252E+06  4.15566419E+06  3.31249179E-09  2.87758972E+04  8.41491116E-02  0.00000000E+00
  3.27146325E+06  4.15513430E+06  3.31242525E-09  2.87749131E+04  8.41404925E-02  0.00000000E+00
  3.27182398E+06  4.15460440E+06  3.31236073E-09  2.87739304E+04  8.41318370E-02  0.00000000E+00
  3.27218471E+06  4.15407451E+06  3.31229822E-09  2.87729490E+04  8.41231453E-02  0.00000000E+00
  3.27254544E+06  4.15354461E+06  3.31223772E-09  2.87719691E+04  8.41144175E-02  0.00000000E+00
  3.27290617E+06  4.15301472E+06  3.31217922E-09  2.87709904E+04  8.41056539E-02  0.00000000E+00
  3.27326691E+06  4.15248483E+06  3.31212270E-09  2.87700132E+04  8.40968546E-02  0.00000000E+00
  3.27362764E+06  4.15195493E+06  3.31206817E-09  2.87690373E+04  8.40880198E-02  0.00000000E+00
  3.27398837E+06  4.15142504E+06  3.31201561E-09  2.87680628E+04  8.40791498E-02  0.00000000E+00
  3.27434910E+06  4.15089514E+06  3.31196502E-09  2.87670896E+04  8.40702445E-02  0.00000000E+00
  3.27470983E+06  4.15036525E+06  3.31191639E-09  2.87661177E+04  8.40613044E-02  0.00000000E+00
  3.27507056E+06  4.14983535E+06  3.31186971E-09  2.87651473E+04  8.40523295E-02  0.00000000E+00
  3.27543129E+06  4.14930546E+06  3.31182498E-09  2.87641781E+04  8.40433199E-02  0.00000000E+00
  3.27579202E+06  4.14877557E+06  3.31178218E-09  2.87632104E+04  8.40342760E-02  0.00000000E+00
  3.27615275E+06  4.14824567E+06  3.31174131E-09  2.87622439E+04  8.40251979E-02  0.00000000E+00
  3.27651348E+06  4.14771578E+06  3.31170237E-09  2.87612788E+04  8.40160857E-02  0.00000000E+00
  3.27687421E+06  4.14718588E+06  3.31166534E-09  2.87603151E+04  8.40069396E-02  0.00000000E+00
  3.27723494E+06  4.14665599E+06  3.31163022E-09  2.87593527E+04  8.39977598E-02  0.00000000E+00
  3.27759567E+06  4.14612610E+06  3.31159700E-09  2.87583916E+04  8.39885465E-02  0.00000000E+00
  3.27795640E+06  4.14559620E+06  3.31156567E-09  2.87574319E+04  8.39792999E-02  0.00000000E+00
  3.27831713E+06  4.14506631E+06  3.31153624E-09  2.87564735E+04  8.39700201E-02  0.00000000E+00
  3.27867786E+06  4.14453641E+06  3.31150867E-09  2.87555164E+04  8.39607073E-02  0.00000000E+00
  3.27903859E+06  4.14400652E+06  3.31148299E-09  2.87545607E+04  8.39513616E-02  0.00000000E+00
  3.27939932E+06  4.14347663E+06  3.31145916E-09  2.87536063E+04  8.39419833E-02  0.00000000E+00
  3.27976005E+06  4.14294673E+06  3.31143720E-09  2.87526532E+04  8.39325725E-02  0.00000000E+00
  3.28012078E+06  4.14241684E+06  3.31141708E-09  2.87517014E+04  8.39231294E-02  0.00000000E+00
  3.28048151E+06  4.14188694E+06  3.31139881E-09  2.87507510E+04  8.39136542E-02  0.00000000E+00
  3.28084224E+06  4.14135705E+06  3.31138238E-09  2.87498019E+04  8.39041469E-02  0.00000000E+00
  3.28120297E+06  4.14082716E+06  3.31136777E-09  2.87488541E+04  8.38946079E-02  0.00000000E+00
  3.28156370E+06  4.14029726E+06  3.31135499E-09  2.87479076E+04  8.38850372E-02  0.00000000E+00
  3.28192443E+06  4.13976737E+06  3.31134402E-09  2.87469625E+04  8.38754351E-02  0.00000000E+00
  3.28228516E+06  4.13923747E+06  3.31133487E-09  2.87460186E+04  8.38658017E-02  0.00000000E+00
  3.28264589E+06  4.13870758E+06  3.31132751E-09  2.87450761E+04  8.38561371E-02  0.00000000E+00
  3.28300662E+06  4.13817769E+06  3.31132195E-09  2.87441349E+04  8.38464415E-02  0.00000000E+00
  3.28336735E+06  4.13764779E+06  3.31131818E-09  2.87431950E+04  8.38367152E-02  0.00000000E+00
  3.28372808E+06  4.13711790E+06  3.31131619E-09  2.87422564E+04  8.38269582E-02  0.00000000E+00
  3.28408881E+06  4.13658800E+06  3.31131598E-09  2.87413191E+04  8.38171707E-02  0.00000000E+00
  3.28444955E+06  4.13605811E+06  3.31131753E-09  2.87403831E+04  8.38073529E-02  0.00000000E+00
  3.28481028E+06  4.13552822E+06  3.31132085E-09  2.87394484E+04  8.37975050E-02  0.00000000E+00
  3.28517101E+06  4.13499832E+06  3.31132592E-09  2.87385150E+04  8.37876270E-02  0.00000000E+00
  3.28553174E+06  4.13446843E+06  3.31133274E-09  2.87375830E+04  8.37777193E-02  0.00000000E+00
  3.28589247E+06  4.13393854E+06  3.31134130E-09  2.87366522E+04  8.37677818E-02  0.00000000E+00
  3.28625320E+06  4.13340864E+06  3.31135160E-09  2.87357227E+04  8.37578149E-02  0.00000000E+00
  3.28661393E+06  4.13287875E+06  3.31136362E-09  2.87347945E+04  8.37478186E-02  0.00000000E+00
  3.28697466E+06  4.13234885E+06  3.31137737E-09  2.87338675E+04  8.37377931E-02  0.00000000E+00
  3.28733539E+06  4.13181896E+06  3.31139283E-09  2.87329419E+04  8.37277385E-02  0.00000000E+00
  3.28769612E+06  4.13128907E+06  3.31141001E-09  2.87320176E+04  8.37176551E-02  0.00000000E+00
  3.28805685E+06  4.13075917E+06  3.31142888E-09  2.87310945E+04  8.37075430E-02  0.00000000E+00
  3.28841758E+06  4.13022928E+06  3.31144945E-09  2.87301728E+04  8.36974023E-02  0.00000000E+00
  3.28877831E+06  4.12969938E+06  3.31147171E-09  2.87292523E+04  8.36872332E-02  0.00000000E+00
  3.28913904E+06  4.12916949E+06  3.31149566E-09  2.87283331E+04  8.36770359E-02  0.00000000E+00
  3.28949977E+06  4.12863960E+06  3.31152128E-09  2.87274151E+04  8.36668104E-02  0.00000000E+00
  3.28986050E+06  4.12810970E+06  3.31154857E-09  2.87264985E+04  8.36565570E-02  0.00000000E+00
  3.29022123E+06  4.12757981E+06  3.31157753E-09  2.87255831E+04  8.36462758E-02  0.00000000E+00
  3.29058196E+06  4.12704992E+06  3.31160814E-09  2.87246690E+04  8.36359670E-02  0.00000000E+00
  3.29094269E+06  4.12652002E+06  3.31164041E-09  2.87237562E+04  8.36256307E-02  0.00000000E+00
  3.29130342E+06  4.12599013E+06  3.31167432E-09  2.87228446E+04  8.36152671E-02  0.00000000E+00
  3.29166415E+06  4.12546024E+06  3.31170988E-09  2.87219343E+04  8.36048762E-02  0.00000000E+00
  3.29202488E+06  4.12493034E+06  3.31174706E-09  2.87210253E+04  8.35944583E-02  0.00000000E+00
  3.29238561E+06  4.12440045E+06  3.31178588E-09  2.87201175E+04  8.35840136E-02  0.00000000E+00
  3.29274634E+06  4.12387055E+06  3.31182631E-09  2.87192110E+04  8.35735421E-02  0.00000000E+00
  3.29310707E+06  4.12334066E+06  3.31186836E-09  2.87183058E+04  8.35630440E-02  0.00000000E+00
  3.29346780E+06  4.12281077E+06  3.31191202E-09  2.87174018E+04  8.35525194E-02  0.00000000E+00
  3.29382853E+06  4.12228087E+06  3.31195728E-09  2.87164990E+04  8.35419686E-02  0.00000000E+00
  3.29418926E+06  4.12175098E+06  3.31200414E-09  2.87155976E+04  8.35313916E-02  0.00000000E+00
  3.29454999E+06  4.12122109E+06  3.31205259E-09  2.87146974E+04  8.35207887E-02  0.00000000E+00
  3.29491072E+06  4.12069119E+06  3.31210262E-09  2.87137984E+04  8.35101598E-02  0.00000000E+00
  3.29527145E+06  4.12016130E+06  3.31215424E-09  2.87129007E+04  8.34995053E-02  0.00000000E+00
  3.29563218E+06  4.11963140E+06  3.31220742E-09  2.87120042E+04  8.34888251E-02  0.00000000E+00
  3.29599292E+06  4.11910151E+06  3.31226218E-09  2.87111090E+04  8.34781196E-02  0.00000000E+00
  3.29635365E+06  4.11857162E+06  3.31231850E-09  2.87102150E+04  8.34673888E-02  0.00000000E+00
  3.29671438E+06  4.11804172E+06  3.31237637E-09  2.87093223E+04  8.34566328E-02  0.00000000E+00
  3.29707511E+06  4.11751183E+06  3.31243579E-09  2.87084308E+04  8.34458518E-02  0.00000000E+00
  3.29743584E+06  4.11698194E+06  3.31249675E-09  2.87075405E+04  8.34350460E-02  0.00000000E+00
  3.29779657E+06  4.11645204E+06  3.31255926E-09  2.87066515E+04  8.34242155E-02  0.00000000E+00
  3.29815730E+06  4.11592215E+06  3.31262329E-09  2.87057637E+04  8.34133604E-02  0.00000000E+00
  3.29851803E+06  4.11539226E+06  3.31268886E-09  2.87048772E+04  8.34024808E-02  0.00000000E+00
  3.29887876E+06  4.11486236E+06  3.31275594E-09  2.87039919E+04  8.33915769E-02  0.00000000E+00
  3.29923949E+06  4.11433247E+06  3.31282454E-09  2.87031078E+04  8.33806489E-02  0.00000000E+00
  3.29960022E+06  4.11380258E+06  3.31289465E-09  2.87022250E+04  8.33696969E-02  0.00000000E+00
  3.29996095E+06  4.11327268E+06  3.31296626E-09  2.87013433E+04  8.33587210E-02  0.00000000E+00
  3.30032168E+06  4.11274279E+06  3.31303937E-09  2.87004630E+04  8.33477213E-02  0.00000000E+00
  3.30068241E+06  4.11221290E+06  3.31311397E-09  2.86995838E+04  8.33366980E-02  0.00000000E+00
  3.30104314E+06  4.11168300E+06  3.31319006E-09  2.86987058E+04  8.33256513E-02  0.00000000E+00
  3.30140387E+06  4.11115311E+06  3.31326764E-09  2.86978291E+04  8.33145812E-02  0.00000000E+00
  3.30176460E+06  4.11062321E+06  3.31334669E-09  2.86969536E+04  8.33034879E-02  0.00000000E+00
  3.30212533E+06  4.11009332E+06  3.31342721E-09  2.86960793E+04  8.32923715E-02  0.00000000E+00
  3.30248606E+06  4.10956343E+06  3.31350919E-09  2.86952062E+04  8.32812322E-02  0.00000000E+00
  3.30284679E+06  4.10903353E+06  3.31359264E-09  2.86943344E+04  8.32700701E-02  0.00000000E+00
  3.30320752E+06  4.10850364E+06  3.31367754E-09  2.86934637E+04  8.32588853E-02  0.00000000E+00
  3.30356825E+06  4.10797375E+06  3.31376388E-09  2.86925943E+04  8.32476780E-02  0.00000000E+00
  3.30392898E+06  4.10744385E+06  3.31385168E-09  2.86917261E+04  8.32364482E-02  0.00000000E+00
  3.30428971E+06  4.10691396E+06  3.31394091E-09  2.86908591E+04  8.32251962E-02  0.00000000E+00
  3.30465044E+06  4.10638407E+06  3.31403157E-09  2.86899932E+04  8.32139220E-02  0.00000000E+00
  3.30501117E+06  4.10585417E+06  3.31412366E-09  2.86891286E+04  8.32026258E-02  0.00000000E+00
  3.30537190E+06  4.10532428E+06  3.31421717E-09  2.86882652E+04  8.31913077E-02  0.00000000E+00
  3.30573263E+06  4.10479439E+06  3.31431210E-09  2.86874030E+04  8.31799678E-02  0.00000000E+00
  3.30609336E+06  4.10426449E+06  3.31440844E-09  2.86865420E+04  8.31686063E-02  0.00000000E+00
  3.30645409E+06  4.10373460E+06  3.31450619E-09  2.86856822E+04  8.31572233E-02  0.00000000E+00
  3.30681482E+06  4.10320471E+06  3.31460534E-09  2.86848236E+04  8.31458189E-02  0.00000000E+00
  3.30717556E+06  4.10267481E+06  3.31470588E-09  2.86839662E+04  8.31343933E-02  0.00000000E+00
  3.30753629E+06  4.10214492E+06  3.31480782E-09  2.86831100E+04  8.31229465E-02  0.00000000E+00
  3.30789702E+06  4.10161503E+06  3.31491114E-09  2.86822549E+04  8.31114787E-02  0.00000000E+00
  3.30825775E+06  4.10108513E+06  3.31501585E-09  2.86814011E+04  8.30999901E-02  0.00000000E+00
  3.30861848E+06  4.10055524E+06  3.31512192E-09  2.86805484E+04  8.30884807E-02  0.00000000E+00
  3.30897921E+06  4.10002535E+06  3.31522937E-09  2.86796969E+04  8.30769506E-02  0.00000000E+00
  3.30933994E+06  4.09949545E+06  3.31533819E-09  2.86788466E+04  8.30654001E-02  0.00000000E+00
  3.30970067E+06  4.09896556E+06  3.31544836E-09  2.86779975E+04  8.30538291E-02  0.00000000E+00
  3.31006140E+06  4.09843567E+06  3.31555989E-09  2.86771496E+04  8.30422379E-02  0.00000000E+00
  3.31042213E+06  4.09790577E+06  3.31567277E-09  2.86763029E+04  8.30306266E-02  0.00000000E+00
  3.31078286E+06  4.09737588E+06  3.31578699E-09  2.86754573E+04  8.30189952E-02  0.00000000E+00
  3.31114359E+06  4.09684599E+06  3.31590256E-09  2.86746129E+04  8.30073439E-02  0.00000000E+00
  3.31150432E+06  4.09631609E+06  3.31601946E-09  2.86737697E+04  8.29956728E-02  0.00000000E+00
  3.31186505E+06  4.09578620E+06  3.31613769E-09  2.86729276E+04  8.29839821E-02  0.00000000E+00
  3.31222578E+06  4.09525631E+06  3.31625725E-09  2.86720868E+04  8.29722719E-02  0.00000000E+00
  3.31258651E+06  4.09472641E+06  3.31637813E-09  2.86712471E+04  8.29605422E-02  0.00000000E+00
  3.31294724E+06  4.09419652E+06  3.31650032E-09  2.86704085E+04  8.29487932E-02  0.00000000E+00
  3.31330797E+06  4.09366663E+06  3.31662382E-09  2.86695711E+04  8.29370250E-02  0.00000000E+00
  3.31366870E+06  4.09313674E+06  3.31674863E-09  2.86687349E+04  8.29252378E-02  0.00000000E+00
  3.31402943E+06  4.09260684E+06  3.31687475E-09  2.86678999E+04  8.29134315E-02  0.00000000E+00
  3.31439016E+06  4.09207695E+06  3.31700216E-09  2.86670660E+04  8.29016065E-02  0.00000000E+00
  3.31475089E+06  4.09154706E+06  3.31713086E-09  2.86662333E+04  8.28897627E-02  0.00000000E+00
  3.31511162E+06  4.09101716E+06  3.31726084E-09  2.86654017E+04  8.28779003E-02  0.00000000E+00
  3.31547235E+06  4.09048727E+06  3.31739211E-09  2.86645713E+04  8.28660195E-02  0.00000000E+00
  3.31583308E+06  4.08995738E+06  3.31752466E-09  2.86637421E+04  8.28541202E-02  0.00000000E+00
  3.31619381E+06  4.08942748E+06  3.31765848E-09  2.86629140E+04  8.28422027E-02  0.00000000E+00
  3.31655454E+06  4.08889759E+06  3.31779357E-09  2.86620870E+04  8.28302670E-02  0.00000000E+00
  3.31691527E+06  4.08836770E+06  3.31792992E-09  2.86612612E+04  8.28183133E-02  0.00000000E+00
  3.31727600E+06  4.08783780E+06  3.31806753E-09  2.86604366E+04  8.28063417E-02  0.00000000E+00
  3.31763673E+06  4.08730791E+06  3.31820640E-09  2.86596131E+04  8.27943522E-02  0.00000000E+00
  3.31799746E+06  4.08677802E+06  3.31834652E-09  2.86587907E+04  8.27823450E-02  0.00000000E+00
  3.31835820E+06  4.08624812E+06  3.31848788E-09  2.86579695E+04  8.27703203E-02  0.00000000E+00
  3.31871893E+06  4.08571823E+06  3.31863048E-09  2.86571494E+04  8.27582780E-02  0.00000000E+00
  3.31907966E+06  4.08518834E+06  3.31877432E-09  2.86563305E+04  8.27462184E-02  0.00000000E+00
  3.31944039E+06  4.08465845E+06  3.31891939E-09  2.86555127E+04  8.27341415E-02  0.00000000E+00
  3.31980112E+06  4.08412855E+06  3.31906568E-09  2.86546960E+04  8.27220475E-02  0.00000000E+00
  3.32016185E+06  4.08359866E+06  3.31921320E-09  2.86538805E+04  8.27099364E-02  0.00000000E+00
  3.32052258E+06  4.08306877E+06  3.31936194E-09  2.86530661E+04  8.26978083E-02  0.00000000E+00
  3.32088331E+06  4.08253887E+06  3.31951189E-09  2.86522529E+04  8.26856635E-02  0.00000000E+00
  3.32124404E+06  4.08200898E+06  3.31966305E-09  2.86514408E+04  8.26735019E-02  0.00000000E+00
  3.32160477E+06  4.08147909E+06  3.31981542E-09  2.86506298E+04  8.26613236E-02  0.00000000E+00
  3.32196550E+06  4.08094919E+06  3.31996899E-09  2.86498199E+04  8.26491289E-02  0.00000000E+00
  3.32232623E+06  4.08041930E+06  3.32012375E-09  2.86490112E+04  8.26369177E-02  0.00000000E+00
  3.32268696E+06  4.07988941E+06  3.32027970E-09  2.86482035E+04  8.26246903E-02  0.00000000E+00
  3.32304769E+06  4.07935951E+06  3.32043685E-09  2.86473971E+04  8.26124466E-02  0.00000000E+00
  3.32340842E+06  4.07882962E+06  3.32059517E-09  2.86465917E+04  8.26001869E-02  0.00000000E+00
  3.32376915E+06  4.07829973E+06  3.32075468E-09  2.86457874E+04  8.25879112E-02  0.00000000E+00
  3.32412988E+06  4.07776984E+06  3.32091535E-09  2.86449843E+04  8.25756195E-02  0.00000000E+00
  3.32449061E+06  4.07723994E+06  3.32107720E-09  2.86441823E+04  8.25633121E-02  0.00000000E+00
  3.32485134E+06  4.07671005E+06  3.32124022E-09  2.86433814E+04  8.25509890E-02  0.00000000E+00
  3.32521207E+06  4.07618016E+06  3.32140440E-09  2.86425816E+04  8.25386503E-02  0.00000000E+00
  3.32557280E+06  4.07565026E+06  3.32156973E-09  2.86417829E+04  8.25262962E-02  0.00000000E+00
  3.32593353E+06  4.07512037E+06  3.32173622E-09  2.86409854E+04  8.25139266E-02  0.00000000E+00
  3.32629426E+06  4.07459048E+06  3.32190386E-09  2.86401889E+04  8.25015418E-02  0.00000000E+00
  3.32665499E+06  4.07406059E+06  3.32207264E-09  2.86393936E+04  8.24891418E-02  0.00000000E+00
  3.32701572E+06  4.07353069E+06  3.32224256E-09  2.86385994E+04  8.24767267E-02  0.00000000E+00
  3.32737645E+06  4.07300080E+06  3.32241362E-09  2.86378062E+04  8.24642966E-02  0.00000000E+00
  3.32773718E+06  4.07247091E+06  3.32258582E-09  2.86370142E+04  8.24518517E-02  0.00000000E+00
  3.32809791E+06  4.07194101E+06  3.32275914E-09  2.86362233E+04  8.24393920E-02  0.00000000E+00
  3.32845864E+06  4.07141112E+06  3.32293358E-09  2.86354334E+04  8.24269176E-02  0.00000000E+00
  3.32881937E+06  4.07088123E+06  3.32310915E-09  2.86346447E+04  8.24144285E-02  0.00000000E+00
  3.32918010E+06  4.07035133E+06  3.32328583E-09  2.86338571E+04  8.24019250E-02  0.00000000E+00
  3.32954083E+06  4.06982144E+06  3.32346363E-09  2.86330705E+04  8.23894072E-02  0.00000000E+00
  3.32990157E+06  4.06929155E+06  3.32364253E-09  2.86322851E+04  8.23768750E-02  0.00000000E+00
  3.33026230E+06  4.06876166E+06  3.32382254E-09  2.86315007E+04  8.23643286E-02  0.00000000E+00
  3.33062303E+06  4.06823176E+06  3.32400365E-09  2.86307175E+04  8.23517681E-02  0.00000000E+00
  3.33098376E+06  4.06770187E+06  3.32418586E-09  2.86299353E+04  8.23391936E-02  0.00000000E+00
  3.33134449E+06  4.06717198E+06  3.32436916E-09  2.86291542E+04  8.23266051E-02  0.00000000E+00
  3.33170522E+06  4.06664208E+06  3.32455354E-09  2.86283742E+04  8.23140029E-02  0.00000000E+00
  3.33206595E+06  4.06611219E+06  3.32473901E-09  2.86275953E+04  8.23013869E-02  0.00000000E+00
  3.33242668E+06  4.06558230E+06  3.32492557E-09  2.86268175E+04  8.22887572E-02  0.00000000E+00
  3.33278741E+06  4.06505241E+06  3.32511320E-09  2.86260407E+04  8.22761141E-02  0.00000000E+00
  3.33314814E+06  4.06452251E+06  3.32530190E-09  2.86252651E+04  8.22634574E-02  0.00000000E+00
  3.33350887E+06  4.06399262E+06  3.32549167E-09  2.86244905E+04  8.22507874E-02  0.00000000E+00
  3.33386960E+06  4.06346273E+06  3.32568251E-09  2.86237170E+04  8.22381042E-02  0.00000000E+00
  3.33423033E+06  4.06293284E+06  3.32587441E-09  2.86229445E+04  8.22254077E-02  0.00000000E+00
  3.33459106E+06  4.06240294E+06  3.32606736E-09  2.86221732E+04  8.22126982E-02  0.00000000E+00
  3.33495179E+06  4.06187305E+06  3.32626138E-09  2.86214029E+04  8.21999757E-02  0.00000000E+00
  3.33531252E+06  4.06134316E+06  3.32645644E-09  2.86206337E+04  8.21872403E-02  0.00000000E+00
  3.33567325E+06  4.06081326E+06  3.32665254E-09  2.86198655E+04  8.21744920E-02  0.00000000E+00
  3.33603398E+06  4.06028337E+06  3.32684969E-09  2.86190984E+04  8.21617310E-02  0.00000000E+00
  3.33639471E+06  4.05975348E+06  3.32704788E-09  2.86183324E+04  8.21489574E-02  0.00000000E+00
  3.33675544E+06  4.05922359E+06  3.32724711E-09  2.86175675E+04  8.21361712E-02  0.00000000E+00
  3.33711617E+06  4.05869369E+06  3.32744736E-09  2.86168036E+04  8.21233726E-02  0.00000000E+00
  3.33747690E+06  4.05816380E+06  3.32764865E-09  2.86160408E+04  8.21105616E-02  0.00000000E+00
  3.33783763E+06  4.05763391E+06  3.32785096E-09  2.86152790E+04  8.20977383E-02  0.00000000E+00
  3.33819836E+06  4.05710402E+06  3.32805428E-09  2.86145183E+04  8.20849028E-02  0.00000000E+00
  3.33855909E+06  4.05657412E+06  3.32825863E-09  2.86137587E+04  8.20720551E-02  0.00000000E+00
  3.33891982E+06  4.05604423E+06  3.32846399E-09  2.86130001E+04  8.20591955E-02  0.00000000E+00
  3.33928055E+06  4.05551434E+06  3.32867036E-09  2.86122425E+04  8.20463239E-02  0.00000000E+00
  3.33964128E+06  4.05498444E+06  3.32887773E-09  2.86114861E+04  8.20334404E-02  0.00000000E+00
  3.34000201E+06  4.05445455E+06  3.32908611E-09  2.86107306E+04  8.20205452E-02  0.00000000E+00
  3.34036274E+06  4.05392466E+06  3.32929549E-09  2.86099763E+04  8.20076382E-02  0.00000000E+00
  3.34072347E+06  4.05339477E+06  3.32950586E-09  2.86092229E+04  8.19947197E-02  0.00000000E+00
  3.34108421E+06  4.05286487E+06  3.32971723E-09  2.86084707E+04  8.19817896E-02  0.00000000E+00
  3.34144494E+06  4.05233498E+06  3.32992958E-09  2.86077194E+04  8.19688481E-02  0.00000000E+00
  3.34180567E+06  4.05180509E+06  3.33014292E-09  2.86069692E+04  8.19558952E-02  0.00000000E+00
  3.34216640E+06  4.05127520E+06  3.33035724E-09  2.86062201E+04  8.19429311E-02  0.00000000E+00
  3.34252713E+06  4.05074530E+06  3.33057253E-09  2.86054720E+04  8.19299557E-02  0.00000000E+00
  3.34288786E+06  4.05021541E+06  3.33078881E-09  2.86047249E+04  8.19169693E-02  0.00000000E+00
  3.34324859E+06  4.04968552E+06  3.33100605E-09  2.86039789E+04  8.19039718E-02  0.00000000E+00
  3.34360932E+06  4.04915563E+06  3.33122426E-09  2.86032339E+04  8.18909633E-02  0.00000000E+00
  3.34397005E+06  4.04862573E+06  3.33144344E-09  2.86024900E+04  8.18779440E-02  0.00000000E+00
  3.34433078E+06  4.04809584E+06  3.33166357E-09  2.86017471E+04  8.18649139E-02  0.00000000E+00
  3.34469151E+06  4.04756595E+06  3.33188467E-09  2.86010052E+04  8.18518731E-02  0.00000000E+00
  3.34505224E+06  4.04703606E+06  3.33210671E-09  2.86002643E+04  8.18388217E-02  0.00000000E+00
  3.34541297E+06  4.04650616E+06  3.33232971E-09  2.85995245E+04  8.18257597E-02  0.00000000E+00
  3.34577370E+06  4.04597627E+06  3.33255366E-09  2.85987857E+04  8.18126872E-02  0.00000000E+00
  3.34613443E+06  4.04544638E+06  3.33277855E-09  2.85980480E+04  8.17996044E-02  0.00000000E+00
  3.34649516E+06  4.04491648E+06  3.33300438E-09  2.85973112E+04  8.17865112E-02  0.00000000E+00
  3.34685589E+06  4.04438659E+06  3.33323115E-09  2.85965755E+04  8.17734078E-02  0.00000000E+00
  3.34721662E+06  4.04385670E+06  3.33345885E-09  2.85958408E+04  8.17602942E-02  0.00000000E+00
  3.34757735E+06  4.04332681E+06  3.33368748E-09  2.85951071E+04  8.17471705E-02  0.00000000E+00
  3.34793808E+06  4.04279691E+06  3.33391704E-09  2.85943745E+04  8.17340368E-02  0.00000000E+00
  3.34829881E+06  4.04226702E+06  3.33414753E-09  2.85936429E+04  8.17208932E-02  0.00000000E+00
  3.34865954E+06  4.04173713E+06  3.33437893E-09  2.85929123E+04  8.17077398E-02  0.00000000E+00
  3.34902027E+06  4.04120724E+06  3.33461126E-09  2.85921827E+04  8.16945765E-02  0.00000000E+00
  3.34938100E+06  4.04067734E+06  3.33484449E-09  2.85914541E+04  8.16814035E-02  0.00000000E+00
  3.34974173E+06  4.04014745E+06  3.33507864E-09  2.85907265E+04  8.16682210E-02  0.00000000E+00
  3.35010246E+06  4.03961756E+06  3.33531370E-09  2.85900000E+04  8.16550288E-02  0.00000000E+00
  3.35046319E+06  4.03908767E+06  3.33554967E-09  2.85892744E+04  8.16418272E-02  0.00000000E+00
  3.35082392E+06  4.03855777E+06  3.33578653E-09  2.85885499E+04  8.16286161E-02  0.00000000E+00
  3.35118465E+06  4.03802788E+06  3.33602430E-09  2.85878264E+04  8.16153958E-02  0.00000000E+00
  3.35154538E+06  4.03749799E+06  3.33626296E-09  2.85871038E+04  8.16021661E-02  0.00000000E+00
  3.35190611E+06  4.03696810E+06  3.33650251E-09  2.85863823E+04  8.15889273E-02  0.00000000E+00
  3.35226684E+06  4.03643820E+06  3.33674295E-09  2.85856618E+04  8.15756793E-02  0.00000000E+00
  3.35262758E+06  4.03590831E+06  3.33698428E-09  2.85849423E+04  8.15624223E-02  0.00000000E+00
  3.35298831E+06  4.03537842E+06  3.33722649E-09  2.85842238E+04  8.15491563E-02  0.00000000E+00
  3.35334904E+06  4.03484853E+06  3.33746958E-09  2.85835063E+04  8.15358815E-02  0.00000000E+00
  3.35370977E+06  4.03431864E+06  3.33771355E-09  2.85827898E+04  8.15225978E-02  0.00000000E+00
  3.35407050E+06  4.03378874E+06  3.33795840E-09  2.85820742E+04  8.15093053E-02  0.00000000E+00
  3.35443123E+06  4.03325885E+06  3.33820411E-09  2.85813597E+04  8.14960041E-02  0.00000000E+00
  3.35479196E+06  4.03272896E+06  3.33845069E-09  2.85806462E+04  8.14826943E-02  0.00000000E+00
  3.35515269E+06  4.03219907E+06  3.33869814E-09  2.85799337E+04  8.14693760E-02  0.00000000E+00
  3.35551342E+06  4.03166917E+06  3.33894645E-09  2.85792221E+04  8.14560491E-02  0.00000000E+00
  3.35587415E+06  4.03113928E+06  3.33919562E-09  2.85785116E+04  8.14427139E-02  0.00000000E+00
  3.35623488E+06  4.03060939E+06  3.33944564E-09  2.85778020E+04  8.14293703E-02  0.00000000E+00
  3.35659561E+06  4.03007950E+06  3.33969652E-09  2.85770934E+04  8.14160184E-02  0.00000000E+00
  3.35695634E+06  4.02954960E+06  3.33994825E-09  2.85763858E+04  8.14026584E-02  0.00000000E+00
  3.35731707E+06  4.02901971E+06  3.34020083E-09  2.85756792E+04  8.13892901E-02  0.00000000E+00
  3.35767780E+06  4.02848982E+06  3.34045425E-09  2.85749736E+04  8.13759138E-02  0.00000000E+00
  3.35803853E+06  4.02795993E+06  3.34070851E-09  2.85742689E+04  8.13625295E-02  0.00000000E+00
  3.35839926E+06  4.02743003E+06  3.34096361E-09  2.85735653E+04  8.13491373E-02  0.00000000E+00
  3.35875999E+06  4.02690014E+06  3.34121954E-09  2.85728626E+04  8.13357372E-02  0.00000000E+00
  3.35912072E+06  4.02637025E+06  3.34147631E-09  2.85721609E+04  8.13223292E-02  0.00000000E+00
  3.35948145E+06  4.02584036E+06  3.34173391E-09  2.85714601E+04  8.13089136E-02  0.00000000E+00
  3.35984218E+06  4.02531047E+06  3.34199234E-09  2.85707604E+04  8.12954902E-02  0.00000000E+00
  3.36020291E+06  4.02478057E+06  3.34225159E-09  2.85700616E+04  8.12820592E-02  0.00000000E+00
  3.36056364E+06  4.02425068E+06  3.34251166E-09  2.85693638E+04  8.12686207E-02  0.00000000E+00
  3.36092437E+06  4.02372079E+06  3.34277255E-09  2.85686669E+04  8.12551747E-02  0.00000000E+00
  3.36128510E+06  4.02319090E+06  3.34303425E-09  2.85679710E+04  8.12417213E-02  0.00000000E+00
  3.36164583E+06  4.02266100E+06  3.34329677E-09  2.85672761E+04  8.12282606E-02  0.00000000E+00
  3.36200656E+06  4.02213111E+06  3.34356010E-09  2.85665822E+04  8.12147925E-02  0.00000000E+00
  3.36236729E+06  4.02160122E+06  3.34382424E-09  2.85658892E+04  8.12013172E-02  0.00000000E+00
  3.36272802E+06  4.02107133E+06  3.34408918E-09  2.85651972E+04  8.11878347E-02  0.00000000E+00
  3.36308875E+06  4.02054143E+06  3.34435492E-09  2.85645062E+04  8.11743452E-02  0.00000000E+00
  3.36344948E+06  4.02001154E+06  3.34462146E-09  2.85638161E+04  8.11608486E-02  0.00000000E+00
  3.36381022E+06  4.01948165E+06  3.34488880E-09  2.85631269E+04  8.11473450E-02  0.00000000E+00
  3.36417095E+06  4.01895176E+06  3.34515694E-09  2.85624388E+04  8.11338345E-02  0.00000000E+00
  3.36453168E+06  4.01842187E+06  3.34542586E-09  2.85617516E+04  8.11203171E-02  0.00000000E+00
  3.36489241E+06  4.01789197E+06  3.34569557E-09  2.85610653E+04  8.11067930E-02  0.00000000E+00
  3.36525314E+06  4.01736208E+06  3.34596607E-09  2.85603800E+04  8.10932621E-02  0.00000000E+00
  3.36561387E+06  4.01683219E+06  3.34623735E-09  2.85596956E+04  8.10797246E-02  0.00000000E+00
  3.36597460E+06  4.01630230E+06  3.34650941E-09  2.85590122E+04  8.10661804E-02  0.00000000E+00
  3.36633533E+06  4.01577240E+06  3.34678225E-09  2.85583298E+04  8.10526297E-02  0.00000000E+00
  3.36669606E+06  4.01524251E+06  3.34705587E-09  2.85576483E+04  8.10390724E-02  0.00000000E+00
  3.36705679E+06  4.01471262E+06  3.34733025E-09  2.85569677E+04  8.10255088E-02  0.00000000E+00
  3.36741752E+06  4.01418273E+06  3.34760541E-09  2.85562881E+04  8.10119388E-02  0.00000000E+00
  3.36777825E+06  4.01365284E+06  3.34788133E-09  2.85556095E+04  8.09983624E-02  0.00000000E+00
  3.36813898E+06  4.01312294E+06  3.34815802E-09  2.85549318E+04  8.09847798E-02  0.00000000E+00
  3.36849971E+06  4.01259305E+06  3.34843548E-09  2.85542550E+04  8.09711910E-02  0.00000000E+00
  3.36886044E+06  4.01206316E+06  3.34871369E-09  2.85535792E+04  8.09575961E-02  0.00000000E+00
  3.36922117E+06  4.01153327E+06  3.34899265E-09  2.85529043E+04  8.09439950E-02  0.00000000E+00
  3.36958190E+06  4.01100337E+06  3.34927238E-09  2.85522303E+04  8.09303880E-02  0.00000000E+00
  3.36994263E+06  4.01047348E+06  3.34955285E-09  2.85515573E+04  8.09167750E-02  0.00000000E+00
  3.37030336E+06  4.00994359E+06  3.34983407E-09  2.85508852E+04  8.09031560E-02  0.00000000E+00
  3.37066409E+06  4.00941370E+06  3.35011604E-09  2.85502141E+04  8.08895312E-02  0.00000000E+00
  3.37102482E+06  4.00888381E+06  3.35039876E-09  2.85495439E+04  8.08759006E-02  0.00000000E+00
  3.37138555E+06  4.00835391E+06  3.35068222E-09  2.85488746E+04  8.08622643E-02  0.00000000E+00
  3.37174628E+06  4.00782402E+06  3.35096641E-09  2.85482062E+04  8.08486223E-02  0.00000000E+00
  3.37210701E+06  4.00729413E+06  3.35125134E-09  2.85475388E+04  8.08349746E-02  0.00000000E+00
  3.37246774E+06  4.00676424E+06  3.35153701E-09  2.85468723E+04  8.08213214E-02  0.00000000E+00
  3.37282847E+06  4.00623435E+06  3.35182341E-09  2.85462067E+04  8.08076626E-02  0.00000000E+00
  3.37318920E+06  4.00570445E+06  3.35211054E-09  2.85455421E+04  8.07939984E-02  0.00000000E+00
  3.37354993E+06  4.00517456E+06  3.35239840E-09  2.85448784E+04  8.07803287E-02  0.00000000E+00
  3.37391066E+06  4.00464467E+06  3.35268698E-09  2.85442156E+04  8.07666537E-02  0.00000000E+00
  3.37427139E+06  4.00411478E+06  3.35297628E-09  2.85435537E+04  8.07529734E-02  0.00000000E+00
  3.37463212E+06  4.00358488E+06  3.35326630E-09  2.85428928E+04  8.07392878E-02  0.00000000E+00
  3.37499285E+06  4.00305499E+06  3.35355704E-09  2.85422327E+04  8.07255971E-02  0.00000000E+00
  3.37535359E+06  4.00252510E+06  3.35384850E-09  2.85415736E+04  8.07119011E-02  0.00000000E+00
  3.37571432E+06  4.00199521E+06  3.35414067E-09  2.85409154E+04  8.06982001E-02  0.00000000E+00
  3.37607505E+06  4.00146532E+06  3.35443355E-09  2.85402582E+04  8.06844941E-02  0.00000000E+00
  3.37643578E+06  4.00093542E+06  3.35472713E-09  2.85396018E+04  8.06707830E-02  0.00000000E+00
  3.37679651E+06  4.00040553E+06  3.35502143E-09  2.85389463E+04  8.06570671E-02  0.00000000E+00
  3.37715724E+06  3.99987564E+06  3.35531642E-09  2.85382918E+04  8.06433462E-02  0.00000000E+00
  3.37751797E+06  3.99934575E+06  3.35561212E-09  2.85376382E+04  8.06296205E-02  0.00000000E+00
  3.37787870E+06  3.99881586E+06  3.35590851E-09  2.85369854E+04  8.06158900E-02  0.00000000E+00
  3.37823943E+06  3.99828596E+06  3.35620560E-09  2.85363336E+04  8.06021548E-02  0.00000000E+00
  3.37860016E+06  3.99775607E+06  3.35650339E-09  2.85356827E+04  8.05884149E-02  0.00000000E+00
  3.37896089E+06  3.99722618E+06  3.35680187E-09  2.85350327E+04  8.05746704E-02  0.00000000E+00
  3.37932162E+06  3.99669629E+06  3.35710103E-09  2.85343836E+04  8.05609212E-02  0.00000000E+00
  3.37968235E+06  3.99616640E+06  3.35740089E-09  2.85337354E+04  8.05471676E-02  0.00000000E+00
  3.38004308E+06  3.99563650E+06  3.35770143E-09  2.85330881E+04  8.05334095E-02  0.00000000E+00
  3.38040381E+06  3.99510661E+06  3.35800265E-09  2.85324417E+04  8.05196469E-02  0.00000000E+00
  3.38076454E+06  3.99457672E+06  3.35830455E-09  2.85317962E+04  8.05058800E-02  0.00000000E+00
  3.38112527E+06  3.99404683E+06  3.35860713E-09  2.85311516E+04  8.04921087E-02  0.00000000E+00
  3.38148600E+06  3.99351694E+06  3.35891039E-09  2.85305079E+04  8.04783331E-02  0.00000000E+00
  3.38184673E+06  3.99298704E+06  3.35921432E-09  2.85298651E+04  8.04645533E-02  0.00000000E+00
  3.38220746E+06  3.99245715E+06  3.35951892E-09  2.85292232E+04  8.04507693E-02  0.00000000E+00
  3.38256819E+06  3.99192726E+06  3.35982419E-09  2.85285822E+04  8.04369812E-02  0.00000000E+00
  3.38292892E+06  3.99139737E+06  3.36013013E-09  2.85279421E+04  8.04231890E-02  0.00000000E+00
  3.38328965E+06  3.99086748E+06  3.36043674E-09  2.85273028E+04  8.04093927E-02  0.00000000E+00
  3.38365038E+06  3.99033758E+06  3.36074400E-09  2.85266645E+04  8.03955924E-02  0.00000000E+00
  3.38401111E+06  3.98980769E+06  3.36105193E-09  2.85260270E+04  8.03817882E-02  0.00000000E+00
  3.38437184E+06  3.98927780E+06  3.36136052E-09  2.85253904E+04  8.03679800E-02  0.00000000E+00
  3.38473257E+06  3.98874791E+06  3.36166976E-09  2.85247548E+04  8.03541680E-02  0.00000000E+00
  3.38509330E+06  3.98821802E+06  3.36197966E-09  2.85241199E+04  8.03403522E-02  0.00000000E+00
  3.38545403E+06  3.98768813E+06  3.36229021E-09  2.85234860E+04  8.03265327E-02  0.00000000E+00
  3.38581476E+06  3.98715823E+06  3.36260141E-09  2.85228530E+04  8.03127094E-02  0.00000000E+00
  3.38617549E+06  3.98662834E+06  3.36291325E-09  2.85222208E+04  8.02988824E-02  0.00000000E+00
  3.38653623E+06  3.98609845E+06  3.36322575E-09  2.85215895E+04  8.02850518E-02  0.00000000E+00
  3.38689696E+06  3.98556856E+06  3.36353888E-09  2.85209591E+04  8.02712176E-02  0.00000000E+00
  3.38725769E+06  3.98503867E+06  3.36385266E-09  2.85203296E+04  8.02573799E-02  0.00000000E+00
  3.38761842E+06  3.98450877E+06  3.36416708E-09  2.85197010E+04  8.02435386E-02  0.00000000E+00
  3.38797915E+06  3.98397888E+06  3.36448213E-09  2.85190732E+04  8.02296939E-02  0.00000000E+00
  3.38833988E+06  3.98344899E+06  3.36479783E-09  2.85184463E+04  8.02158459E-02  0.00000000E+00
  3.38870061E+06  3.98291910E+06  3.36511415E-09  2.85178202E+04  8.02019944E-02  0.00000000E+00
  3.38906134E+06  3.98238921E+06  3.36543111E-09  2.85171951E+04  8.01881396E-02  0.00000000E+00
  3.38942207E+06  3.98185931E+06  3.36574869E-09  2.85165708E+04  8.01742816E-02  0.00000000E+00
  3.38978280E+06  3.98132942E+06  3.36606690E-09  2.85159474E+04  8.01604203E-02  0.00000000E+00
  3.39014353E+06  3.98079953E+06  3.36638574E-09  2.85153248E+04  8.01465558E-02  0.00000000E+00
  3.39050426E+06  3.98026964E+06  3.36670520E-09  2.85147031E+04  8.01326882E-02  0.00000000E+00
  3.39086499E+06  3.97973975E+06  3.36702529E-09  2.85140823E+04  8.01188174E-02  0.00000000E+00
  3.39122572E+06  3.97920986E+06  3.36734599E-09  2.85134623E+04  8.01049436E-02  0.00000000E+00
  3.39158645E+06  3.97867996E+06  3.36766731E-09  2.85128432E+04  8.00910668E-02  0.00000000E+00
  3.39194718E+06  3.97815007E+06  3.36798924E-09  2.85122250E+04  8.00771870E-02  0.00000000E+00
  3.39230791E+06  3.97762018E+06  3.36831179E-09  2.85116076E+04  8.00633043E-02  0.00000000E+00
  3.39266864E+06  3.97709029E+06  3.36863495E-09  2.85109911E+04  8.00494187E-02  0.00000000E+00
  3.39302937E+06  3.97656040E+06  3.36895872E-09  2.85103754E+04  8.00355302E-02  0.00000000E+00
  3.39339010E+06  3.97603050E+06  3.36928310E-09  2.85097606E+04  8.00216389E-02  0.00000000E+00
  3.39375083E+06  3.97550061E+06  3.36960808E-09  2.85091467E+04  8.00077448E-02  0.00000000E+00
  3.39411156E+06  3.97497072E+06  3.36993367E-09  2.85085336E+04  7.99938480E-02  0.00000000E+00
  3.39447229E+06  3.97444083E+06  3.37025986E-09  2.85079213E+04  7.99799485E-02  0.00000000E+00
  3.39483302E+06  3.97391094E+06  3.37058665E-09  2.85073099E+04  7.99660463E-02  0.00000000E+00
  3.39519375E+06  3.97338105E+06  3.37091403E-09  2.85066994E+04  7.99521416E-02  0.00000000E+00
  3.39555448E+06  3.97285115E+06  3.37124202E-09  2.85060897E+04  7.99382342E-02  0.00000000E+00
  3.39591521E+06  3.97232126E+06  3.37157059E-09  2.85054808E+04  7.99243244E-02  0.00000000E+00
  3.39627594E+06  3.97179137E+06  3.37189976E-09  2.85048728E+04  7.99104120E-02  0.00000000E+00
  3.39663667E+06  3.97126148E+06  3.37222952E-09  2.85042657E+04  7.98964972E-02  0.00000000E+00
  3.39699740E+06  3.97073159E+06  3.37255987E-09  2.85036594E+04  7.98825800E-02  0.00000000E+00
  3.39735813E+06  3.97020169E+06  3.37289081E-09  2.85030539E+04  7.98686603E-02  0.00000000E+00
  3.39771886E+06  3.96967180E+06  3.37322233E-09  2.85024493E+04  7.98547384E-02  0.00000000E+00
  3.39807960E+06  3.96914191E+06  3.37355443E-09  2.85018455E+04  7.98408141E-02  0.00000000E+00
  3.39844033E+06  3.96861202E+06  3.37388712E-09  2.85012426E+04  7.98268876E-02  0.00000000E+00
  3.39880106E+06  3.96808213E+06  3.37422038E-09  2.85006405E+04  7.98129589E-02  0.00000000E+00
  3.39916179E+06  3.96755224E+06  3.37455423E-09  2.85000392E+04  7.97990280E-02  0.00000000E+00
  3.39952252E+06  3.96702234E+06  3.37488864E-09  2.84994388E+04  7.97850949E-02  0.00000000E+00
  3.39988325E+06  3.96649245E+06  3.37522364E-09  2.84988392E+04  7.97711597E-02  0.00000000E+00
  3.40024398E+06  3.96596256E+06  3.37555920E-09  2.84982404E+04  7.97572225E-02  0.00000000E+00
  3.40060471E+06  3.96543267E+06  3.37589534E-09  2.84976425E+04  7.97432832E-02  0.00000000E+00
  3.40096544E+06  3.96490278E+06  3.37623204E-09  2.84970454E+04  7.97293419E-02  0.00000000E+00
  3.40132617E+06  3.96437289E+06  3.37656931E-09  2.84964491E+04  7.97153986E-02  0.00000000E+00
  3.40168690E+06  3.96384299E+06  3.37690715E-09  2.84958537E+04  7.97014534E-02  0.00000000E+00
  3.40204763E+06  3.96331310E+06  3.37724555E-09  2.84952590E+04  7.96875063E-02  0.00000000E+00
  3.40240836E+06  3.96278321E+06  3.37758451E-09  2.84946653E+04  7.96735574E-02  0.00000000E+00
  3.40276909E+06  3.96225332E+06  3.37792403E-09  2.84940723E+04  7.96596066E-02  0.00000000E+00
  3.40312982E+06  3.96172343E+06  3.37826411E-09  2.84934802E+04  7.96456541E-02  0.00000000E+00
  3.40349055E+06  3.96119354E+06  3.37860475E-09  2.84928889E+04  7.96316998E-02  0.00000000E+00
  3.40385128E+06  3.96066364E+06  3.37894594E-09  2.84922984E+04  7.96177438E-02  0.00000000E+00
  3.40421201E+06  3.96013375E+06  3.37928768E-09  2.84917087E+04  7.96037861E-02  0.00000000E+00
  3.40457274E+06  3.95960386E+06  3.37962998E-09  2.84911199E+04  7.95898267E-02  0.00000000E+00
  3.40493347E+06  3.95907397E+06  3.37997283E-09  2.84905318E+04  7.95758658E-02  0.00000000E+00
  3.40529420E+06  3.95854408E+06  3.38031622E-09  2.84899446E+04  7.95619033E-02  0.00000000E+00
  3.40565493E+06  3.95801419E+06  3.38066016E-09  2.84893582E+04  7.95479392E-02  0.00000000E+00
  3.40601566E+06  3.95748429E+06  3.38100464E-09  2.84887726E+04  7.95339736E-02  0.00000000E+00
  3.40637639E+06  3.95695440E+06  3.38134967E-09  2.84881879E+04  7.95200066E-02  0.00000000E+00
  3.40673712E+06  3.95642451E+06  3.38169524E-09  2.84876039E+04  7.95060381E-02  0.00000000E+00
  3.40709785E+06  3.95589462E+06  3.38204135E-09  2.84870208E+04  7.94920682E-02  0.00000000E+00
  3.40745858E+06  3.95536473E+06  3.38238800E-09  2.84864385E+04  7.94780969E-02  0.00000000E+00
  3.40781931E+06  3.95483484E+06  3.38273518E-09  2.84858569E+04  7.94641243E-02  0.00000000E+00
  3.40818004E+06  3.95430494E+06  3.38308290E-09  2.84852762E+04  7.94501504E-02  0.00000000E+00
  3.40854077E+06  3.95377505E+06  3.38343115E-09  2.84846963E+04  7.94361752E-02  0.00000000E+00
  3.40890150E+06  3.95324516E+06  3.38377993E-09  2.84841172E+04  7.94221988E-02  0.00000000E+00
  3.40926224E+06  3.95271527E+06  3.38412924E-09  2.84835390E+04  7.94082212E-02  0.00000000E+00
  3.40962297E+06  3.95218538E+06  3.38447908E-09  2.84829615E+04  7.93942423E-02  0.00000000E+00
  3.40998370E+06  3.95165549E+06  3.38482945E-09  2.84823848E+04  7.93802624E-02  0.00000000E+00
  3.41034443E+06  3.95112559E+06  3.38518034E-09  2.84818089E+04  7.93662813E-02  0.00000000E+00
  3.41070516E+06  3.95059570E+06  3.38553176E-09  2.84812338E+04  7.93522991E-02  0.00000000E+00
  3.41106589E+06  3.95006581E+06  3.38588370E-09  2.84806595E+04  7.93383159E-02  0.00000000E+00
  3.41142662E+06  3.94953592E+06  3.38623616E-09  2.84800861E+04  7.93243317E-02  0.00000000E+00
  3.41178735E+06  3.94900603E+06  3.38658914E-09  2.84795134E+04  7.93103465E-02  0.00000000E+00
  3.41214808E+06  3.94847614E+06  3.38694263E-09  2.84789415E+04  7.92963603E-02  0.00000000E+00
  3.41250881E+06  3.94794625E+06  3.38729664E-09  2.84783704E+04  7.92823732E-02  0.00000000E+00
  3.41286954E+06  3.94741635E+06  3.38765116E-09  2.84778001E+04  7.92683852E-02  0.00000000E+00
  3.41323027E+06  3.94688646E+06  3.38800620E-09  2.84772306E+04  7.92543964E-02  0.00000000E+00
  3.41359100E+06  3.94635657E+06  3.38836175E-09  2.84766619E+04  7.92404067E-02  0.00000000E+00
  3.41395173E+06  3.94582668E+06  3.38871781E-09  2.84760940E+04  7.92264162E-02  0.00000000E+00
  3.41431246E+06  3.94529679E+06  3.38907437E-09  2.84755268E+04  7.92124249E-02  0.00000000E+00
  3.41467319E+06  3.94476690E+06  3.38943145E-09  2.84749605E+04  7.91984329E-02  0.00000000E+00
  3.41503392E+06  3.94423700E+06  3.38978902E-09  2.84743949E+04  7.91844401E-02  0.00000000E+00
  3.41539465E+06  3.94370711E+06  3.39014711E-09  2.84738302E+04  7.91704467E-02  0.00000000E+00
  3.41575538E+06  3.94317722E+06  3.39050569E-09  2.84732662E+04  7.91564527E-02  0.00000000E+00
  3.41611611E+06  3.94264733E+06  3.39086477E-09  2.84727030E+04  7.91424580E-02  0.00000000E+00
  3.41647684E+06  3.94211744E+06  3.39122435E-09  2.84721406E+04  7.91284627E-02  0.00000000E+00
  3.41683757E+06  3.94158755E+06  3.39158443E-09  2.84715789E+04  7.91144668E-02  0.00000000E+00
  3.41719830E+06  3.94105766E+06  3.39194501E-09  2.84710181E+04  7.91004704E-02  0.00000000E+00
  3.41755903E+06  3.94052776E+06  3.39230608E-09  2.84704580E+04  7.90864735E-02  0.00000000E+00
  3.41791976E+06  3.93999787E+06  3.39266765E-09  2.84698987E+04  7.90724760E-02  0.00000000E+00
  3.41828049E+06  3.93946798E+06  3.39302970E-09  2.84693402E+04  7.90584782E-02  0.00000000E+00
  3.41864122E+06  3.93893809E+06  3.39339225E-09  2.84687825E+04  7.90444799E-02  0.00000000E+00
  3.41900195E+06  3.93840820E+06  3.39375528E-09  2.84682255E+04  7.90304812E-02  0.00000000E+00
  3.41936268E+06  3.93787831E+06  3.39411881E-09  2.84676693E+04  7.90164822E-02  0.00000000E+00
  3.41972341E+06  3.93734842E+06  3.39448281E-09  2.84671139E+04  7.90024827E-02  0.00000000E+00
  3.42008414E+06  3.93681852E+06  3.39484731E-09  2.84665593E+04  7.89884830E-02  0.00000000E+00
  3.42044487E+06  3.93628863E+06  3.39521228E-09  2.84660054E+04  7.89744830E-02  0.00000000E+00
  3.42080561E+06  3.93575874E+06  3.39557774E-09  2.84654523E+04  7.89604827E-02  0.00000000E+00
  3.42116634E+06  3.93522885E+06  3.39594368E-09  2.84649000E+04  7.89464822E-02  0.00000000E+00
  3.42152707E+06  3.93469896E+06  3.39631010E-09  2.84643484E+04  7.89324815E-02  0.00000000E+00
  3.42188780E+06  3.93416907E+06  3.39667699E-09  2.84637976E+04  7.89184806E-02  0.00000000E+00
  3.42224853E+06  3.93363917E+06  3.39704436E-09  2.84632476E+04  7.89044796E-02  0.00000000E+00
  3.42260926E+06  3.93310928E+06  3.39741221E-09  2.84626983E+04  7.88904784E-02  0.00000000E+00
  3.42296999E+06  3.93257939E+06  3.39778053E-09  2.84621498E+04  7.88764771E-02  0.00000000E+00
  3.42333072E+06  3.93204950E+06  3.39814932E-09  2.84616021E+04  7.88624757E-02  0.00000000E+00
  3.42369145E+06  3.93151961E+06  3.39851858E-09  2.84610551E+04  7.88484743E-02  0.00000000E+00
  3.42405218E+06  3.93098972E+06  3.39888831E-09  2.84605089E+04  7.88344729E-02  0.00000000E+00
  3.42441291E+06  3.93045983E+06  3.39925851E-09  2.84599634E+04  7.88204714E-02  0.00000000E+00
  3.42477364E+06  3.92992993E+06  3.39962918E-09  2.84594187E+04  7.88064700E-02  0.00000000E+00
  3.42513437E+06  3.92940004E+06  3.40000031E-09  2.84588748E+04  7.87924686E-02  0.00000000E+00
  3.42549510E+06  3.92887015E+06  3.40037190E-09  2.84583316E+04  7.87784673E-02  0.00000000E+00
  3.42585583E+06  3.92834026E+06  3.40074396E-09  2.84577892E+04  7.87644662E-02  0.00000000E+00
  3.42621656E+06  3.92781037E+06  3.40111648E-09  2.84572475E+04  7.87504651E-02  0.00000000E+00
  3.42657729E+06  3.92728048E+06  3.40148946E-09  2.84567066E+04  7.87364642E-02  0.00000000E+00
  3.42693802E+06  3.92675059E+06  3.40186290E-09  2.84561664E+04  7.87224634E-02  0.00000000E+00
  3.42729875E+06  3.92622070E+06  3.40223679E-09  2.84556270E+04  7.87084629E-02  0.00000000E+00
  3.42765948E+06  3.92569080E+06  3.40261114E-09  2.84550883E+04  7.86944626E-02  0.00000000E+00
  3.42802021E+06  3.92516091E+06  3.40298595E-09  2.84545504E+04  7.86804625E-02  0.00000000E+00
  3.42838094E+06  3.92463102E+06  3.40336121E-09  2.84540132E+04  7.86664627E-02  0.00000000E+00
  3.42874167E+06  3.92410113E+06  3.40373692E-09  2.84534768E+04  7.86524632E-02  0.00000000E+00
  3.42910240E+06  3.92357124E+06  3.40411308E-09  2.84529411E+04  7.86384640E-02  0.00000000E+00
  3.42946313E+06  3.92304135E+06  3.40448970E-09  2.84524062E+04  7.86244652E-02  0.00000000E+00
  3.42982386E+06  3.92251146E+06  3.40486676E-09  2.84518720E+04  7.86104667E-02  0.00000000E+00
  3.43018459E+06  3.92198156E+06  3.40524427E-09  2.84513386E+04  7.85964686E-02  0.00000000E+00
  3.43054532E+06  3.92145167E+06  3.40562222E-09  2.84508059E+04  7.85824710E-02  0.00000000E+00
  3.43090605E+06  3.92092178E+06  3.40600062E-09  2.84502739E+04  7.85684737E-02  0.00000000E+00
  3.43126678E+06  3.92039189E+06  3.40637946E-09  2.84497427E+04  7.85544770E-02  0.00000000E+00
  3.43162751E+06  3.91986200E+06  3.40675874E-09  2.84492122E+04  7.85404807E-02  0.00000000E+00
  3.43198825E+06  3.91933211E+06  3.40713847E-09  2.84486825E+04  7.85264849E-02  0.00000000E+00
  3.43234898E+06  3.91880222E+06  3.40751863E-09  2.84481535E+04  7.85124896E-02  0.00000000E+00
  3.43270971E+06  3.91827233E+06  3.40789924E-09  2.84476252E+04  7.84984949E-02  0.00000000E+00
  3.43307044E+06  3.91774243E+06  3.40828028E-09  2.84470976E+04  7.84845007E-02  0.00000000E+00
  3.43343117E+06  3.91721254E+06  3.40866175E-09  2.84465708E+04  7.84705072E-02  0.00000000E+00
  3.43379190E+06  3.91668265E+06  3.40904366E-09  2.84460448E+04  7.84565143E-02  0.00000000E+00
  3.43415263E+06  3.91615276E+06  3.40942601E-09  2.84455194E+04  7.84425220E-02  0.00000000E+00
  3.43451336E+06  3.91562287E+06  3.40980878E-09  2.84449948E+04  7.84285303E-02  0.00000000E+00
  3.43487409E+06  3.91509298E+06  3.41019199E-09  2.84444709E+04  7.84145394E-02  0.00000000E+00
  3.43523482E+06  3.91456309E+06  3.41057563E-09  2.84439478E+04  7.84005491E-02  0.00000000E+00
  3.43559555E+06  3.91403319E+06  3.41095970E-09  2.84434254E+04  7.83865596E-02  0.00000000E+00
  3.43595628E+06  3.91350330E+06  3.41134419E-09  2.84429037E+04  7.83725708E-02  0.00000000E+00
  3.43631701E+06  3.91297341E+06  3.41172911E-09  2.84423827E+04  7.83585828E-02  0.00000000E+00
  3.43667774E+06  3.91244352E+06  3.41211446E-09  2.84418625E+04  7.83445955E-02  0.00000000E+00
  3.43703847E+06  3.91191363E+06  3.41250023E-09  2.84413429E+04  7.83306091E-02  0.00000000E+00
  3.43739920E+06  3.91138374E+06  3.41288642E-09  2.84408241E+04  7.83166235E-02  0.00000000E+00
  3.43775993E+06  3.91085385E+06  3.41327304E-09  2.84403060E+04  7.83026388E-02  0.00000000E+00
  3.43812066E+06  3.91032396E+06  3.41366007E-09  2.84397887E+04  7.82886549E-02  0.00000000E+00
  3.43848139E+06  3.90979406E+06  3.41404753E-09  2.84392720E+04  7.82746719E-02  0.00000000E+00
  3.43884212E+06  3.90926417E+06  3.41443540E-09  2.84387561E+04  7.82606898E-02  0.00000000E+00
  3.43920285E+06  3.90873428E+06  3.41482369E-09  2.84382409E+04  7.82467086E-02  0.00000000E+00
  3.43956358E+06  3.90820439E+06  3.41521240E-09  2.84377264E+04  7.82327284E-02  0.00000000E+00
  3.43992431E+06  3.90767450E+06  3.41560152E-09  2.84372127E+04  7.82187492E-02  0.00000000E+00
  3.44028504E+06  3.90714461E+06  3.41599106E-09  2.84366996E+04  7.82047709E-02  0.00000000E+00
  3.44064577E+06  3.90661472E+06  3.41638100E-09  2.84361873E+04  7.81907937E-02  0.00000000E+00
  3.44100650E+06  3.90608483E+06  3.41677136E-09  2.84356756E+04  7.81768175E-02  0.00000000E+00
  3.44136723E+06  3.90555493E+06  3.41716213E-09  2.84351647E+04  7.81628423E-02  0.00000000E+00
  3.44172796E+06  3.90502504E+06  3.41755331E-09  2.84346545E+04  7.81488682E-02  0.00000000E+00
  3.44208869E+06  3.90449515E+06  3.41794490E-09  2.84341450E+04  7.81348952E-02  0.00000000E+00
  3.44244942E+06  3.90396526E+06  3.41833690E-09  2.84336362E+04  7.81209233E-02  0.00000000E+00
  3.44281015E+06  3.90343537E+06  3.41872930E-09  2.84331281E+04  7.81069525E-02  0.00000000E+00
  3.44317089E+06  3.90290548E+06  3.41912211E-09  2.84326208E+04  7.80929829E-02  0.00000000E+00
  3.44353162E+06  3.90237559E+06  3.41951532E-09  2.84321141E+04  7.80790144E-02  0.00000000E+00
  3.44389235E+06  3.90184570E+06  3.41990893E-09  2.84316081E+04  7.80650471E-02  0.00000000E+00
  3.44425308E+06  3.90131581E+06  3.42030295E-09  2.84311029E+04  7.80510810E-02  0.00000000E+00
  3.44461381E+06  3.90078591E+06  3.42069736E-09  2.84305983E+04  7.80371161E-02  0.00000000E+00
  3.44497454E+06  3.90025602E+06  3.42109218E-09  2.84300944E+04  7.80231525E-02  0.00000000E+00
  3.44533527E+06  3.89972613E+06  3.42148739E-09  2.84295913E+04  7.80091901E-02  0.00000000E+00
  3.44569600E+06  3.89919624E+06  3.42188301E-09  2.84290888E+04  7.79952289E-02  0.00000000E+00
  3.44605673E+06  3.89866635E+06  3.42227901E-09  2.84285871E+04  7.79812691E-02  0.00000000E+00
  3.44641746E+06  3.89813646E+06  3.42267542E-09  2.84280860E+04  7.79673106E-02  0.00000000E+00
  3.44677819E+06  3.89760657E+06  3.42307222E-09  2.84275856E+04  7.79533533E-02  0.00000000E+00
  3.44713892E+06  3.89707668E+06  3.42346941E-09  2.84270860E+04  7.79393975E-02  0.00000000E+00
  3.44749965E+06  3.89654678E+06  3.42386700E-09  2.84265870E+04  7.79254430E-02  0.00000000E+00
  3.44786038E+06  3.89601689E+06  3.42426497E-09  2.84260887E+04  7.79114898E-02  0.00000000E+00
  3.44822111E+06  3.89548700E+06  3.42466334E-09  2.84255911E+04  7.78975381E-02  0.00000000E+00
  3.44858184E+06  3.89495711E+06  3.42506209E-09  2.84250942E+04  7.78835877E-02  0.00000000E+00
  3.44894257E+06  3.89442722E+06  3.42546124E-09  2.84245980E+04  7.78696388E-02  0.00000000E+00
  3.44930330E+06  3.89389733E+06  3.42586077E-09  2.84241025E+04  7.78556914E-02  0.00000000E+00
  3.44966403E+06  3.89336744E+06  3.42626069E-09  2.84236077E+04  7.78417454E-02  0.00000000E+00
  3.45002476E+06  3.89283755E+06  3.42666099E-09  2.84231136E+04  7.78278008E-02  0.00000000E+00
  3.45038549E+06  3.89230766E+06  3.42706168E-09  2.84226201E+04  7.78138578E-02  0.00000000E+00
  3.45074622E+06  3.89177776E+06  3.42746275E-09  2.84221273E+04  7.77999163E-02  0.00000000E+00
  3.45110695E+06  3.89124787E+06  3.42786420E-09  2.84216353E+04  7.77859763E-02  0.00000000E+00
  3.45146768E+06  3.89071798E+06  3.42826604E-09  2.84211439E+04  7.77720378E-02  0.00000000E+00
  3.45182841E+06  3.89018809E+06  3.42866825E-09  2.84206532E+04  7.77581009E-02  0.00000000E+00
  3.45218914E+06  3.88965820E+06  3.42907084E-09  2.84201631E+04  7.77441656E-02  0.00000000E+00
  3.45254987E+06  3.88912831E+06  3.42947382E-09  2.84196738E+04  7.77302319E-02  0.00000000E+00
  3.45291060E+06  3.88859842E+06  3.42987717E-09  2.84191851E+04  7.77162998E-02  0.00000000E+00
  3.45327133E+06  3.88806853E+06  3.43028089E-09  2.84186971E+04  7.77023693E-02  0.00000000E+00
  3.45363206E+06  3.88753864E+06  3.43068500E-09  2.84182098E+04  7.76884404E-02  0.00000000E+00
  3.45399279E+06  3.88700874E+06  3.43108947E-09  2.84177232E+04  7.76745132E-02  0.00000000E+00
  3.45435352E+06  3.88647885E+06  3.43149432E-09  2.84172372E+04  7.76605876E-02  0.00000000E+00
  3.45471426E+06  3.88594896E+06  3.43189955E-09  2.84167520E+04  7.76466638E-02  0.00000000E+00
  3.45507499E+06  3.88541907E+06  3.43230514E-09  2.84162674E+04  7.76327416E-02  0.00000000E+00
  3.45543572E+06  3.88488918E+06  3.43271111E-09  2.84157834E+04  7.76188212E-02  0.00000000E+00
  3.45579645E+06  3.88435929E+06  3.43311745E-09  2.84153002E+04  7.76049025E-02  0.00000000E+00
  3.45615718E+06  3.88382940E+06  3.43352415E-09  2.84148176E+04  7.75909855E-02  0.00000000E+00
  3.45651791E+06  3.88329951E+06  3.43393122E-09  2.84143357E+04  7.75770703E-02  0.00000000E+00
  3.45687864E+06  3.88276962E+06  3.43433866E-09  2.84138545E+04  7.75631569E-02  0.00000000E+00
  3.45723937E+06  3.88223972E+06  3.43474647E-09  2.84133739E+04  7.75492452E-02  0.00000000E+00
  3.45760010E+06  3.88170983E+06  3.43515464E-09  2.84128940E+04  7.75353354E-02  0.00000000E+00
  3.45796083E+06  3.88117994E+06  3.43556318E-09  2.84124147E+04  7.75214273E-02  0.00000000E+00
  3.45832156E+06  3.88065005E+06  3.43597208E-09  2.84119362E+04  7.75075211E-02  0.00000000E+00
  3.45868229E+06  3.88012016E+06  3.43638134E-09  2.84114583E+04  7.74936168E-02  0.00000000E+00
  3.45904302E+06  3.87959027E+06  3.43679096E-09  2.84109810E+04  7.74797143E-02  0.00000000E+00
  3.45940375E+06  3.87906038E+06  3.43720095E-09  2.84105045E+04  7.74658137E-02  0.00000000E+00
  3.45976448E+06  3.87853049E+06  3.43761129E-09  2.84100285E+04  7.74519149E-02  0.00000000E+00
  3.46012521E+06  3.87800060E+06  3.43802200E-09  2.84095533E+04  7.74380181E-02  0.00000000E+00
  3.46048594E+06  3.87747071E+06  3.43843306E-09  2.84090787E+04  7.74241232E-02  0.00000000E+00
  3.46084667E+06  3.87694081E+06  3.43884448E-09  2.84086048E+04  7.74102302E-02  0.00000000E+00
  3.46120740E+06  3.87641092E+06  3.43925625E-09  2.84081315E+04  7.73963392E-02  0.00000000E+00
  3.46156813E+06  3.87588103E+06  3.43966838E-09  2.84076589E+04  7.73824501E-02  0.00000000E+00
  3.46192886E+06  3.87535114E+06  3.44008087E-09  2.84071869E+04  7.73685630E-02  0.00000000E+00
  3.46228959E+06  3.87482125E+06  3.44049371E-09  2.84067156E+04  7.73546778E-02  0.00000000E+00
  3.46265032E+06  3.87429136E+06  3.44090690E-09  2.84062450E+04  7.73407947E-02  0.00000000E+00
  3.46301105E+06  3.87376147E+06  3.44132045E-09  2.84057750E+04  7.73269136E-02  0.00000000E+00
  3.46337178E+06  3.87323158E+06  3.44173434E-09  2.84053057E+04  7.73130345E-02  0.00000000E+00
  3.46373251E+06  3.87270169E+06  3.44214859E-09  2.84048370E+04  7.72991574E-02  0.00000000E+00
  3.46409324E+06  3.87217180E+06  3.44256318E-09  2.84043689E+04  7.72852824E-02  0.00000000E+00
  3.46445397E+06  3.87164190E+06  3.44297813E-09  2.84039016E+04  7.72714094E-02  0.00000000E+00
  3.46481470E+06  3.87111201E+06  3.44339342E-09  2.84034348E+04  7.72575385E-02  0.00000000E+00
  3.46517543E+06  3.87058212E+06  3.44380906E-09  2.84029688E+04  7.72436697E-02  0.00000000E+00
  3.46553616E+06  3.87005223E+06  3.44422505E-09  2.84025033E+04  7.72298030E-02  0.00000000E+00
  3.46589690E+06  3.86952234E+06  3.44464138E-09  2.84020385E+04  7.72159384E-02  0.00000000E+00
  3.46625763E+06  3.86899245E+06  3.44505805E-09  2.84015744E+04  7.72020760E-02  0.00000000E+00
  3.46661836E+06  3.86846256E+06  3.44547507E-09  2.84011109E+04  7.71882156E-02  0.00000000E+00
  3.46697909E+06  3.86793267E+06  3.44589243E-09  2.84006481E+04  7.71743574E-02  0.00000000E+00
  3.46733982E+06  3.86740278E+06  3.44631014E-09  2.84001858E+04  7.71605014E-02  0.00000000E+00
  3.46770055E+06  3.86687289E+06  3.44672818E-09  2.83997243E+04  7.71466476E-02  0.00000000E+00
  3.46806128E+06  3.86634299E+06  3.44714657E-09  2.83992634E+04  7.71327959E-02  0.00000000E+00
  3.46842201E+06  3.86581310E+06  3.44756529E-09  2.83988031E+04  7.71189464E-02  0.00000000E+00
  3.46878274E+06  3.86528321E+06  3.44798436E-09  2.83983434E+04  7.71050992E-02  0.00000000E+00
  3.46914347E+06  3.86475332E+06  3.44840376E-09  2.83978844E+04  7.70912541E-02  0.00000000E+00
  3.46950420E+06  3.86422343E+06  3.44882350E-09  2.83974261E+04  7.70774113E-02  0.00000000E+00
  3.46986493E+06  3.86369354E+06  3.44924358E-09  2.83969684E+04  7.70635707E-02  0.00000000E+00
  3.47022566E+06  3.86316365E+06  3.44966399E-09  2.83965113E+04  7.70497324E-02  0.00000000E+00
  3.47058639E+06  3.86263376E+06  3.45008474E-09  2.83960548E+04  7.70358963E-02  0.00000000E+00
  3.47094712E+06  3.86210387E+06  3.45050582E-09  2.83955990E+04  7.70220625E-02  0.00000000E+00
  3.47130785E+06  3.86157398E+06  3.45092723E-09  2.83951438E+04  7.70082310E-02  0.00000000E+00
  3.47166858E+06  3.86104408E+06  3.45134898E-09  2.83946893E+04  7.69944018E-02  0.00000000E+00
  3.47202931E+06  3.86051419E+06  3.45177106E-09  2.83942353E+04  7.69805750E-02  0.00000000E+00
  3.47239004E+06  3.85998430E+06  3.45219347E-09  2.83937821E+04  7.69667504E-02  0.00000000E+00
  3.47275077E+06  3.85945441E+06  3.45261621E-09  2.83933294E+04  7.69529282E-02  0.00000000E+00
  3.47311150E+06  3.85892452E+06  3.45303928E-09  2.83928774E+04  7.69391083E-02  0.00000000E+00
  3.47347223E+06  3.85839463E+06  3.45346268E-09  2.83924260E+04  7.69252907E-02  0.00000000E+00
  3.47383296E+06  3.85786474E+06  3.45388641E-09  2.83919752E+04  7.69114755E-02  0.00000000E+00
  3.47419369E+06  3.85733485E+06  3.45431046E-09  2.83915251E+04  7.68976627E-02  0.00000000E+00
  3.47455442E+06  3.85680496E+06  3.45473484E-09  2.83910755E+04  7.68838523E-02  0.00000000E+00
  3.47491515E+06  3.85627507E+06  3.45515955E-09  2.83906267E+04  7.68700443E-02  0.00000000E+00
  3.47527588E+06  3.85574518E+06  3.45558458E-09  2.83901784E+04  7.68562386E-02  0.00000000E+00
  3.47563661E+06  3.85521529E+06  3.45600994E-09  2.83897307E+04  7.68424354E-02  0.00000000E+00
  3.47599734E+06  3.85468539E+06  3.45643562E-09  2.83892837E+04  7.68286346E-02  0.00000000E+00
  3.47635807E+06  3.85415550E+06  3.45686162E-09  2.83888373E+04  7.68148363E-02  0.00000000E+00
  3.47671880E+06  3.85362561E+06  3.45728795E-09  2.83883915E+04  7.68010404E-02  0.00000000E+00
  3.47707953E+06  3.85309572E+06  3.45771460E-09  2.83879464E+04  7.67872469E-02  0.00000000E+00
  3.47744027E+06  3.85256583E+06  3.45814156E-09  2.83875018E+04  7.67734560E-02  0.00000000E+00
  3.47780100E+06  3.85203594E+06  3.45856885E-09  2.83870579E+04  7.67596674E-02  0.00000000E+00
  3.47816173E+06  3.85150605E+06  3.45899646E-09  2.83866146E+04  7.67458814E-02  0.00000000E+00
  3.47852246E+06  3.85097616E+06  3.45942438E-09  2.83861719E+04  7.67320979E-02  0.00000000E+00
  3.47888319E+06  3.85044627E+06  3.45985263E-09  2.83857299E+04  7.67183169E-02  0.00000000E+00
  3.47924392E+06  3.84991638E+06  3.46028119E-09  2.83852884E+04  7.67045383E-02  0.00000000E+00
  3.47960465E+06  3.84938649E+06  3.46071007E-09  2.83848475E+04  7.66907623E-02  0.00000000E+00
  3.47996538E+06  3.84885659E+06  3.46113926E-09  2.83844073E+04  7.66769889E-02  0.00000000E+00
  3.48032611E+06  3.84832670E+06  3.46156877E-09  2.83839677E+04  7.66632180E-02  0.00000000E+00
  3.48068684E+06  3.84779681E+06  3.46199859E-09  2.83835287E+04  7.66494496E-02  0.00000000E+00
  3.48104757E+06  3.84726692E+06  3.46242873E-09  2.83830903E+04  7.66356838E-02  0.00000000E+00
  3.48140830E+06  3.84673703E+06  3.46285917E-09  2.83826525E+04  7.66219205E-02  0.00000000E+00
  3.48176903E+06  3.84620714E+06  3.46328994E-09  2.83822153E+04  7.66081599E-02  0.00000000E+00
  3.48212976E+06  3.84567725E+06  3.46372101E-09  2.83817788E+04  7.65944018E-02  0.00000000E+00
  3.48249049E+06  3.84514736E+06  3.46415239E-09  2.83813428E+04  7.65806463E-02  0.00000000E+00
  3.48285122E+06  3.84461747E+06  3.46458409E-09  2.83809074E+04  7.65668934E-02  0.00000000E+00
  3.48321195E+06  3.84408758E+06  3.46501609E-09  2.83804727E+04  7.65531432E-02  0.00000000E+00
  3.48357268E+06  3.84355769E+06  3.46544841E-09  2.83800385E+04  7.65393955E-02  0.00000000E+00
  3.48393341E+06  3.84302780E+06  3.46588103E-09  2.83796050E+04  7.65256505E-02  0.00000000E+00
  3.48429414E+06  3.84249790E+06  3.46631396E-09  2.83791721E+04  7.65119081E-02  0.00000000E+00
  3.48465487E+06  3.84196801E+06  3.46674720E-09  2.83787397E+04  7.64981684E-02  0.00000000E+00
  3.48501560E+06  3.84143812E+06  3.46718074E-09  2.83783080E+04  7.64844313E-02  0.00000000E+00
  3.48537633E+06  3.84090823E+06  3.46761459E-09  2.83778768E+04  7.64706969E-02  0.00000000E+00
  3.48573706E+06  3.84037834E+06  3.46804874E-09  2.83774463E+04  7.64569652E-02  0.00000000E+00
  3.48609779E+06  3.83984845E+06  3.46848320E-09  2.83770164E+04  7.64432361E-02  0.00000000E+00
  3.48645852E+06  3.83931856E+06  3.46891796E-09  2.83765870E+04  7.64295097E-02  0.00000000E+00
  3.48681925E+06  3.83878867E+06  3.46935303E-09  2.83761583E+04  7.64157860E-02  0.00000000E+00
  3.48717998E+06  3.83825878E+06  3.46978839E-09  2.83757301E+04  7.64020651E-02  0.00000000E+00
  3.48754071E+06  3.83772889E+06  3.47022406E-09  2.83753026E+04  7.63883468E-02  0.00000000E+00
  3.48790144E+06  3.83719900E+06  3.47066003E-09  2.83748756E+04  7.63746313E-02  0.00000000E+00
  3.48826217E+06  3.83666911E+06  3.47109631E-09  2.83744493E+04  7.63609185E-02  0.00000000E+00
  3.48862291E+06  3.83613922E+06  3.47153288E-09  2.83740235E+04  7.63472084E-02  0.00000000E+00
  3.48898364E+06  3.83560932E+06  3.47196975E-09  2.83735983E+04  7.63335011E-02  0.00000000E+00
  3.48934437E+06  3.83507943E+06  3.47240692E-09  2.83731737E+04  7.63197965E-02  0.00000000E+00
  3.48970510E+06  3.83454954E+06  3.47284439E-09  2.83727497E+04  7.63060946E-02  0.00000000E+00
  3.49006583E+06  3.83401965E+06  3.47328215E-09  2.83723263E+04  7.62923956E-02  0.00000000E+00
  3.49042656E+06  3.83348976E+06  3.47372021E-09  2.83719035E+04  7.62786993E-02  0.00000000E+00
  3.49078729E+06  3.83295987E+06  3.47415857E-09  2.83714813E+04  7.62650058E-02  0.00000000E+00
  3.49114802E+06  3.83242998E+06  3.47459722E-09  2.83710596E+04  7.62513151E-02  0.00000000E+00
  3.49150875E+06  3.83190009E+06  3.47503617E-09  2.83706386E+04  7.62376271E-02  0.00000000E+00
  3.49186948E+06  3.83137020E+06  3.47547542E-09  2.83702181E+04  7.62239420E-02  0.00000000E+00
  3.49223021E+06  3.83084031E+06  3.47591496E-09  2.83697982E+04  7.62102597E-02  0.00000000E+00
  3.49259094E+06  3.83031042E+06  3.47635479E-09  2.83693789E+04  7.61965802E-02  0.00000000E+00
  3.49295167E+06  3.82978053E+06  3.47679491E-09  2.83689602E+04  7.61829035E-02  0.00000000E+00
  3.49331240E+06  3.82925064E+06  3.47723533E-09  2.83685421E+04  7.61692297E-02  0.00000000E+00
  3.49367313E+06  3.82872074E+06  3.47767603E-09  2.83681245E+04  7.61555587E-02  0.00000000E+00
  3.49403386E+06  3.82819085E+06  3.47811703E-09  2.83677076E+04  7.61418905E-02  0.00000000E+00
  3.49439459E+06  3.82766096E+06  3.47855832E-09  2.83672912E+04  7.61282252E-02  0.00000000E+00
  3.49475532E+06  3.82713107E+06  3.47899990E-09  2.83668753E+04  7.61145628E-02  0.00000000E+00
  3.49511605E+06  3.82660118E+06  3.47944176E-09  2.83664601E+04  7.61009032E-02  0.00000000E+00
  3.49547678E+06  3.82607129E+06  3.47988392E-09  2.83660455E+04  7.60872465E-02  0.00000000E+00
  3.49583751E+06  3.82554140E+06  3.48032636E-09  2.83656314E+04  7.60735926E-02  0.00000000E+00
  3.49619824E+06  3.82501151E+06  3.48076910E-09  2.83652179E+04  7.60599417E-02  0.00000000E+00
  3.49655897E+06  3.82448162E+06  3.48121211E-09  2.83648049E+04  7.60462936E-02  0.00000000E+00
  3.49691970E+06  3.82395173E+06  3.48165542E-09  2.83643926E+04  7.60326484E-02  0.00000000E+00
  3.49728043E+06  3.82342184E+06  3.48209901E-09  2.83639808E+04  7.60190061E-02  0.00000000E+00
  3.49764116E+06  3.82289195E+06  3.48254288E-09  2.83635696E+04  7.60053668E-02  0.00000000E+00
  3.49800189E+06  3.82236206E+06  3.48298704E-09  2.83631589E+04  7.59917303E-02  0.00000000E+00
  3.49836262E+06  3.82183217E+06  3.48343149E-09  2.83627489E+04  7.59780968E-02  0.00000000E+00
  3.49872335E+06  3.82130227E+06  3.48387622E-09  2.83623394E+04  7.59644662E-02  0.00000000E+00
  3.49908408E+06  3.82077238E+06  3.48432123E-09  2.83619304E+04  7.59508385E-02  0.00000000E+00
  3.49944481E+06  3.82024249E+06  3.48476652E-09  2.83615221E+04  7.59372138E-02  0.00000000E+00
  3.49980554E+06  3.81971260E+06  3.48521210E-09  2.83611143E+04  7.59235920E-02  0.00000000E+00
  3.50016628E+06  3.81918271E+06  3.48565795E-09  2.83607071E+04  7.59099732E-02  0.00000000E+00
  3.50052701E+06  3.81865282E+06  3.48610409E-09  2.83603004E+04  7.58963573E-02  0.00000000E+00
  3.50088774E+06  3.81812293E+06  3.48655051E-09  2.83598943E+04  7.58827444E-02  0.00000000E+00
  3.50124847E+06  3.81759304E+06  3.48699721E-09  2.83594888E+04  7.58691345E-02  0.00000000E+00
  3.50160920E+06  3.81706315E+06  3.48744418E-09  2.83590838E+04  7.58555275E-02  0.00000000E+00
  3.50196993E+06  3.81653326E+06  3.48789144E-09  2.83586794E+04  7.58419235E-02  0.00000000E+00
  3.50233066E+06  3.81600337E+06  3.48833897E-09  2.83582756E+04  7.58283225E-02  0.00000000E+00
  3.50269139E+06  3.81547348E+06  3.48878678E-09  2.83578723E+04  7.58147245E-02  0.00000000E+00
  3.50305212E+06  3.81494359E+06  3.48923487E-09  2.83574696E+04  7.58011295E-02  0.00000000E+00
  3.50341285E+06  3.81441370E+06  3.48968324E-09  2.83570674E+04  7.57875375E-02  0.00000000E+00
  3.50377358E+06  3.81388380E+06  3.49013188E-09  2.83566658E+04  7.57739484E-02  0.00000000E+00
  3.50413431E+06  3.81335391E+06  3.49058079E-09  2.83562648E+04  7.57603624E-02  0.00000000E+00
  3.50449504E+06  3.81282402E+06  3.49102998E-09  2.83558643E+04  7.57467795E-02  0.00000000E+00
  3.50485577E+06  3.81229413E+06  3.49147945E-09  2.83554644E+04  7.57331995E-02  0.00000000E+00
  3.50521650E+06  3.81176424E+06  3.49192919E-09  2.83550650E+04  7.57196226E-02  0.00000000E+00
  3.50557723E+06  3.81123435E+06  3.49237920E-09  2.83546662E+04  7.57060487E-02  0.00000000E+00
  3.50593796E+06  3.81070446E+06  3.49282949E-09  2.83542680E+04  7.56924778E-02  0.00000000E+00
  3.50629869E+06  3.81017457E+06  3.49328005E-09  2.83538703E+04  7.56789100E-02  0.00000000E+00
  3.50665942E+06  3.80964468E+06  3.49373088E-09  2.83534731E+04  7.56653452E-02  0.00000000E+00
  3.50702015E+06  3.80911479E+06  3.49418198E-09  2.83530765E+04  7.56517835E-02  0.00000000E+00
  3.50738088E+06  3.80858490E+06  3.49463336E-09  2.83526805E+04  7.56382248E-02  0.00000000E+00
  3.50774161E+06  3.80805501E+06  3.49508500E-09  2.83522850E+04  7.56246692E-02  0.00000000E+00
  3.50810234E+06  3.80752512E+06  3.49553691E-09  2.83518900E+04  7.56111167E-02  0.00000000E+00
  3.50846307E+06  3.80699523E+06  3.49598910E-09  2.83514956E+04  7.55975672E-02  0.00000000E+00
  3.50882380E+06  3.80646534E+06  3.49644155E-09  2.83511018E+04  7.55840208E-02  0.00000000E+00
  3.50918453E+06  3.80593545E+06  3.49689427E-09  2.83507085E+04  7.55704775E-02  0.00000000E+00
  3.50954526E+06  3.80540555E+06  3.49734726E-09  2.83503157E+04  7.55569373E-02  0.00000000E+00
  3.50990599E+06  3.80487566E+06  3.49780052E-09  2.83499235E+04  7.55434001E-02  0.00000000E+00
  3.51026672E+06  3.80434577E+06  3.49825404E-09  2.83495319E+04  7.55298661E-02  0.00000000E+00
  3.51062745E+06  3.80381588E+06  3.49870783E-09  2.83491408E+04  7.55163352E-02  0.00000000E+00
  3.51098818E+06  3.80328599E+06  3.49916189E-09  2.83487502E+04  7.55028073E-02  0.00000000E+00
  3.51134892E+06  3.80275610E+06  3.49961621E-09  2.83483602E+04  7.54892826E-02  0.00000000E+00
  3.51170965E+06  3.80222621E+06  3.50007080E-09  2.83479707E+04  7.54757610E-02  0.00000000E+00
  3.51207038E+06  3.80169632E+06  3.50052565E-09  2.83475817E+04  7.54622425E-02  0.00000000E+00
  3.51243111E+06  3.80116643E+06  3.50098077E-09  2.83471933E+04  7.54487271E-02  0.00000000E+00
  3.51279184E+06  3.80063654E+06  3.50143615E-09  2.83468055E+04  7.54352148E-02  0.00000000E+00
  3.51315257E+06  3.80010665E+06  3.50189180E-09  2.83464181E+04  7.54217057E-02  0.00000000E+00
  3.51351330E+06  3.79957676E+06  3.50234770E-09  2.83460313E+04  7.54081997E-02  0.00000000E+00
  3.51387403E+06  3.79904687E+06  3.50280387E-09  2.83456451E+04  7.53946968E-02  0.00000000E+00
  3.51423476E+06  3.79851698E+06  3.50326030E-09  2.83452594E+04  7.53811971E-02  0.00000000E+00
  3.51459549E+06  3.79798709E+06  3.50371700E-09  2.83448742E+04  7.53677005E-02  0.00000000E+00
  3.51495622E+06  3.79745720E+06  3.50417395E-09  2.83444896E+04  7.53542070E-02  0.00000000E+00
  3.51531695E+06  3.79692731E+06  3.50463117E-09  2.83441055E+04  7.53407167E-02  0.00000000E+00
  3.51567768E+06  3.79639741E+06  3.50508864E-09  2.83437219E+04  7.53272296E-02  0.00000000E+00
  3.51603841E+06  3.79586752E+06  3.50554638E-09  2.83433389E+04  7.53137456E-02  0.00000000E+00
  3.51639914E+06  3.79533763E+06  3.50600437E-09  2.83429564E+04  7.53002648E-02  0.00000000E+00
  3.51675987E+06  3.79480774E+06  3.50646262E-09  2.83425744E+04  7.52867872E-02  0.00000000E+00
  3.51712060E+06  3.79427785E+06  3.50692114E-09  2.83421930E+04  7.52733127E-02  0.00000000E+00
  3.51748133E+06  3.79374796E+06  3.50737991E-09  2.83418120E+04  7.52598414E-02  0.00000000E+00
  3.51784206E+06  3.79321807E+06  3.50783893E-09  2.83414317E+04  7.52463733E-02  0.00000000E+00
  3.51820279E+06  3.79268818E+06  3.50829822E-09  2.83410518E+04  7.52329083E-02  0.00000000E+00
  3.51856352E+06  3.79215829E+06  3.50875776E-09  2.83406725E+04  7.52194466E-02  0.00000000E+00
  3.51892425E+06  3.79162840E+06  3.50921756E-09  2.83402937E+04  7.52059880E-02  0.00000000E+00
  3.51928498E+06  3.79109851E+06  3.50967761E-09  2.83399154E+04  7.51925326E-02  0.00000000E+00
  3.51964571E+06  3.79056862E+06  3.51013792E-09  2.83395377E+04  7.51790804E-02  0.00000000E+00
  3.52000644E+06  3.79003873E+06  3.51059848E-09  2.83391605E+04  7.51656314E-02  0.00000000E+00
  3.52036717E+06  3.78950884E+06  3.51105930E-09  2.83387838E+04  7.51521856E-02  0.00000000E+00
  3.52072790E+06  3.78897895E+06  3.51152037E-09  2.83384076E+04  7.51387430E-02  0.00000000E+00
  3.52108863E+06  3.78844906E+06  3.51198170E-09  2.83380320E+04  7.51253037E-02  0.00000000E+00
  3.52144936E+06  3.78791917E+06  3.51244328E-09  2.83376568E+04  7.51118675E-02  0.00000000E+00
  3.52181009E+06  3.78738928E+06  3.51290511E-09  2.83372822E+04  7.50984345E-02  0.00000000E+00
  3.52217082E+06  3.78685938E+06  3.51336720E-09  2.83369082E+04  7.50850048E-02  0.00000000E+00
  3.52253155E+06  3.78632949E+06  3.51382954E-09  2.83365346E+04  7.50715783E-02  0.00000000E+00
  3.52289229E+06  3.78579960E+06  3.51429212E-09  2.83361616E+04  7.50581549E-02  0.00000000E+00
  3.52325302E+06  3.78526971E+06  3.51475496E-09  2.83357890E+04  7.50447349E-02  0.00000000E+00
  3.52361375E+06  3.78473982E+06  3.51521806E-09  2.83354170E+04  7.50313180E-02  0.00000000E+00
  3.52397448E+06  3.78420993E+06  3.51568140E-09  2.83350455E+04  7.50179044E-02  0.00000000E+00
  3.52433521E+06  3.78368004E+06  3.51614499E-09  2.83346746E+04  7.50044940E-02  0.00000000E+00
  3.52469594E+06  3.78315015E+06  3.51660883E-09  2.83343041E+04  7.49910868E-02  0.00000000E+00
  3.52505667E+06  3.78262026E+06  3.51707292E-09  2.83339342E+04  7.49776829E-02  0.00000000E+00
  3.52541740E+06  3.78209037E+06  3.51753726E-09  2.83335648E+04  7.49642823E-02  0.00000000E+00
  3.52577813E+06  3.78156048E+06  3.51800185E-09  2.83331959E+04  7.49508848E-02  0.00000000E+00
  3.52613886E+06  3.78103059E+06  3.51846669E-09  2.83328275E+04  7.49374906E-02  0.00000000E+00
  3.52649959E+06  3.78050070E+06  3.51893177E-09  2.83324596E+04  7.49240997E-02  0.00000000E+00
  3.52686032E+06  3.77997081E+06  3.51939711E-09  2.83320922E+04  7.49107120E-02  0.00000000E+00
  3.52722105E+06  3.77944092E+06  3.51986268E-09  2.83317253E+04  7.48973276E-02  0.00000000E+00
  3.52758178E+06  3.77891103E+06  3.52032851E-09  2.83313590E+04  7.48839464E-02  0.00000000E+00
  3.52794251E+06  3.77838114E+06  3.52079458E-09  2.83309931E+04  7.48705685E-02  0.00000000E+00
  3.52830324E+06  3.77785125E+06  3.52126090E-09  2.83306278E+04  7.48571939E-02  0.00000000E+00
  3.52866397E+06  3.77732136E+06  3.52172746E-09  2.83302630E+04  7.48438225E-02  0.00000000E+00
  3.52902470E+06  3.77679147E+06  3.52219427E-09  2.83298987E+04  7.48304543E-02  0.00000000E+00
  3.52938543E+06  3.77626157E+06  3.52266133E-09  2.83295349E+04  7.48170895E-02  0.00000000E+00
  3.52974616E+06  3.77573168E+06  3.52312862E-09  2.83291715E+04  7.48037279E-02  0.00000000E+00
  3.53010689E+06  3.77520179E+06  3.52359616E-09  2.83288087E+04  7.47903696E-02  0.00000000E+00
  3.53046762E+06  3.77467190E+06  3.52406395E-09  2.83284465E+04  7.47770145E-02  0.00000000E+00
  3.53082835E+06  3.77414201E+06  3.52453198E-09  2.83280847E+04  7.47636628E-02  0.00000000E+00
  3.53118908E+06  3.77361212E+06  3.52500025E-09  2.83277234E+04  7.47503143E-02  0.00000000E+00
  3.53154981E+06  3.77308223E+06  3.52546876E-09  2.83273626E+04  7.47369691E-02  0.00000000E+00
  3.53191054E+06  3.77255234E+06  3.52593752E-09  2.83270023E+04  7.47236272E-02  0.00000000E+00
  3.53227127E+06  3.77202245E+06  3.52640652E-09  2.83266425E+04  7.47102886E-02  0.00000000E+00
  3.53263200E+06  3.77149256E+06  3.52687576E-09  2.83262832E+04  7.46969532E-02  0.00000000E+00
  3.53299273E+06  3.77096267E+06  3.52734524E-09  2.83259245E+04  7.46836212E-02  0.00000000E+00
  3.53335346E+06  3.77043278E+06  3.52781496E-09  2.83255662E+04  7.46702924E-02  0.00000000E+00
  3.53371419E+06  3.76990289E+06  3.52828492E-09  2.83252084E+04  7.46569669E-02  0.00000000E+00
  3.53407493E+06  3.76937300E+06  3.52875512E-09  2.83248511E+04  7.46436448E-02  0.00000000E+00
  3.53443566E+06  3.76884311E+06  3.52922556E-09  2.83244943E+04  7.46303259E-02  0.00000000E+00
  3.53479639E+06  3.76831322E+06  3.52969624E-09  2.83241380E+04  7.46170103E-02  0.00000000E+00
  3.53515712E+06  3.76778333E+06  3.53016716E-09  2.83237822E+04  7.46036980E-02  0.00000000E+00
  3.53551785E+06  3.76725344E+06  3.53063832E-09  2.83234269E+04  7.45903890E-02  0.00000000E+00
  3.53587858E+06  3.76672355E+06  3.53110972E-09  2.83230721E+04  7.45770834E-02  0.00000000E+00
  3.53623931E+06  3.76619366E+06  3.53158135E-09  2.83227178E+04  7.45637810E-02  0.00000000E+00
  3.53660004E+06  3.76566377E+06  3.53205323E-09  2.83223639E+04  7.45504819E-02  0.00000000E+00
  3.53696077E+06  3.76513388E+06  3.53252534E-09  2.83220106E+04  7.45371862E-02  0.00000000E+00
  3.53732150E+06  3.76460398E+06  3.53299768E-09  2.83216578E+04  7.45238937E-02  0.00000000E+00
  3.53768223E+06  3.76407409E+06  3.53347027E-09  2.83213054E+04  7.45106046E-02  0.00000000E+00
  3.53804296E+06  3.76354420E+06  3.53394309E-09  2.83209536E+04  7.44973188E-02  0.00000000E+00
  3.53840369E+06  3.76301431E+06  3.53441614E-09  2.83206022E+04  7.44840363E-02  0.00000000E+00
  3.53876442E+06  3.76248442E+06  3.53488943E-09  2.83202513E+04  7.44707571E-02  0.00000000E+00
  3.53912515E+06  3.76195453E+06  3.53536296E-09  2.83199009E+04  7.44574812E-02  0.00000000E+00
  3.53948588E+06  3.76142464E+06  3.53583672E-09  2.83195510E+04  7.44442087E-02  0.00000000E+00
  3.53984661E+06  3.76089475E+06  3.53631072E-09  2.83192016E+04  7.44309394E-02  0.00000000E+00
  3.54020734E+06  3.76036486E+06  3.53678495E-09  2.83188527E+04  7.44176735E-02  0.00000000E+00
  3.54056807E+06  3.75983497E+06  3.53725941E-09  2.83185042E+04  7.44044109E-02  0.00000000E+00
  3.54092880E+06  3.75930508E+06  3.53773411E-09  2.83181562E+04  7.43911517E-02  0.00000000E+00
  3.54128953E+06  3.75877519E+06  3.53820905E-09  2.83178088E+04  7.43778957E-02  0.00000000E+00
  3.54165026E+06  3.75824530E+06  3.53868421E-09  2.83174618E+04  7.43646431E-02  0.00000000E+00
  3.54201099E+06  3.75771541E+06  3.53915961E-09  2.83171152E+04  7.43513938E-02  0.00000000E+00
  3.54237172E+06  3.75718552E+06  3.53963524E-09  2.83167692E+04  7.43381479E-02  0.00000000E+00
  3.54273245E+06  3.75665563E+06  3.54011110E-09  2.83164237E+04  7.43249052E-02  0.00000000E+00
  3.54309318E+06  3.75612574E+06  3.54058720E-09  2.83160786E+04  7.43116659E-02  0.00000000E+00
  3.54345391E+06  3.75559585E+06  3.54106352E-09  2.83157340E+04  7.42984300E-02  0.00000000E+00
  3.54381464E+06  3.75506596E+06  3.54154008E-09  2.83153899E+04  7.42851973E-02  0.00000000E+00
  3.54417537E+06  3.75453607E+06  3.54201687E-09  2.83150463E+04  7.42719680E-02  0.00000000E+00
  3.54453610E+06  3.75400618E+06  3.54249388E-09  2.83147031E+04  7.42587421E-02  0.00000000E+00
  3.54489683E+06  3.75347629E+06  3.54297113E-09  2.83143604E+04  7.42455194E-02  0.00000000E+00
  3.54525757E+06  3.75294640E+06  3.54344861E-09  2.83140182E+04  7.42323001E-02  0.00000000E+00
  3.54561830E+06  3.75241651E+06  3.54392632E-09  2.83136765E+04  7.42190842E-02  0.00000000E+00
  3.54597903E+06  3.75188662E+06  3.54440426E-09  2.83133352E+04  7.42058716E-02  0.00000000E+00
  3.54633976E+06  3.75135672E+06  3.54488243E-09  2.83129945E+04  7.41926623E-02  0.00000000E+00
  3.54670049E+06  3.75082683E+06  3.54536082E-09  2.83126542E+04  7.41794563E-02  0.00000000E+00
  3.54706122E+06  3.75029694E+06  3.54583945E-09  2.83123143E+04  7.41662537E-02  0.00000000E+00
  3.54742195E+06  3.74976705E+06  3.54631830E-09  2.83119750E+04  7.41530545E-02  0.00000000E+00
  3.54778268E+06  3.74923716E+06  3.54679738E-09  2.83116361E+04  7.41398586E-02  0.00000000E+00
  3.54814341E+06  3.74870727E+06  3.54727669E-09  2.83112977E+04  7.41266660E-02  0.00000000E+00
  3.54850414E+06  3.74817738E+06  3.54775622E-09  2.83109597E+04  7.41134768E-02  0.00000000E+00
  3.54886487E+06  3.74764749E+06  3.54823599E-09  2.83106223E+04  7.41002909E-02  0.00000000E+00
  3.54922560E+06  3.74711760E+06  3.54871598E-09  2.83102853E+04  7.40871083E-02  0.00000000E+00
  3.54958633E+06  3.74658771E+06  3.54919619E-09  2.83099487E+04  7.40739291E-02  0.00000000E+00
  3.54994706E+06  3.74605782E+06  3.54967663E-09  2.83096127E+04  7.40607533E-02  0.00000000E+00
  3.55030779E+06  3.74552793E+06  3.55015730E-09  2.83092771E+04  7.40475808E-02  0.00000000E+00
  3.55066852E+06  3.74499804E+06  3.55063820E-09  2.83089419E+04  7.40344116E-02  0.00000000E+00
  3.55102925E+06  3.74446815E+06  3.55111932E-09  2.83086073E+04  7.40212458E-02  0.00000000E+00
  3.55138998E+06  3.74393826E+06  3.55160066E-09  2.83082731E+04  7.40080834E-02  0.00000000E+00
  3.55175071E+06  3.74340837E+06  3.55208223E-09  2.83079393E+04  7.39949242E-02  0.00000000E+00
  3.55211144E+06  3.74287848E+06  3.55256402E-09  2.83076061E+04  7.39817685E-02  0.00000000E+00
  3.55247217E+06  3.74234859E+06  3.55304604E-09  2.83072732E+04  7.39686161E-02  0.00000000E+00
  3.55283290E+06  3.74181870E+06  3.55352828E-09  2.83069409E+04  7.39554670E-02  0.00000000E+00
  3.55319363E+06  3.74128881E+06  3.55401075E-09  2.83066090E+04  7.39423213E-02  0.00000000E+00
  3.55355436E+06  3.74075892E+06  3.55449344E-09  2.83062776E+04  7.39291789E-02  0.00000000E+00
  3.55391509E+06  3.74022903E+06  3.55497635E-09  2.83059466E+04  7.39160399E-02  0.00000000E+00
  3.55427582E+06  3.73969914E+06  3.55545949E-09  2.83056161E+04  7.39029042E-02  0.00000000E+00
  3.55463655E+06  3.73916925E+06  3.55594285E-09  2.83052861E+04  7.38897719E-02  0.00000000E+00
  3.55499728E+06  3.73863936E+06  3.55642643E-09  2.83049565E+04  7.38766429E-02  0.00000000E+00
  3.55535801E+06  3.73810947E+06  3.55691023E-09  2.83046274E+04  7.38635173E-02  0.00000000E+00
  3.55571874E+06  3.73757958E+06  3.55739425E-09  2.83042987E+04  7.38503951E-02  0.00000000E+00
  3.55607947E+06  3.73704969E+06  3.55787850E-09  2.83039705E+04  7.38372762E-02  0.00000000E+00
  3.55644020E+06  3.73651980E+06  3.55836297E-09  2.83036428E+04  7.38241606E-02  0.00000000E+00
  3.55680094E+06  3.73598990E+06  3.55884766E-09  2.83033155E+04  7.38110484E-02  0.00000000E+00
  3.55716167E+06  3.73546001E+06  3.55933257E-09  2.83029886E+04  7.37979395E-02  0.00000000E+00
  3.55752240E+06  3.73493012E+06  3.55981770E-09  2.83026622E+04  7.37848340E-02  0.00000000E+00
  3.55788313E+06  3.73440023E+06  3.56030305E-09  2.83023363E+04  7.37717319E-02  0.00000000E+00
  3.55824386E+06  3.73387034E+06  3.56078862E-09  2.83020108E+04  7.37586331E-02  0.00000000E+00
  3.55860459E+06  3.73334045E+06  3.56127441E-09  2.83016858E+04  7.37455376E-02  0.00000000E+00
  3.55896532E+06  3.73281056E+06  3.56176042E-09  2.83013612E+04  7.37324455E-02  0.00000000E+00
  3.55932605E+06  3.73228067E+06  3.56224665E-09  2.83010371E+04  7.37193568E-02  0.00000000E+00
  3.55968678E+06  3.73175078E+06  3.56273310E-09  2.83007134E+04  7.37062714E-02  0.00000000E+00
  3.56004751E+06  3.73122089E+06  3.56321977E-09  2.83003902E+04  7.36931894E-02  0.00000000E+00
  3.56040824E+06  3.73069100E+06  3.56370665E-09  2.83000674E+04  7.36801107E-02  0.00000000E+00
  3.56076897E+06  3.73016111E+06  3.56419376E-09  2.82997451E+04  7.36670353E-02  0.00000000E+00
  3.56112970E+06  3.72963122E+06  3.56468108E-09  2.82994232E+04  7.36539633E-02  0.00000000E+00
  3.56149043E+06  3.72910133E+06  3.56516862E-09  2.82991018E+04  7.36408947E-02  0.00000000E+00
  3.56185116E+06  3.72857144E+06  3.56565638E-09  2.82987808E+04  7.36278294E-02  0.00000000E+00
  3.56221189E+06  3.72804155E+06  3.56614436E-09  2.82984603E+04  7.36147675E-02  0.00000000E+00
  3.56257262E+06  3.72751166E+06  3.56663255E-09  2.82981402E+04  7.36017089E-02  0.00000000E+00
  3.56293335E+06  3.72698177E+06  3.56712096E-09  2.82978206E+04  7.35886536E-02  0.00000000E+00
  3.56329408E+06  3.72645188E+06  3.56760959E-09  2.82975014E+04  7.35756018E-02  0.00000000E+00
  3.56365481E+06  3.72592199E+06  3.56809843E-09  2.82971826E+04  7.35625532E-02  0.00000000E+00
  3.56401554E+06  3.72539210E+06  3.56858749E-09  2.82968643E+04  7.35495080E-02  0.00000000E+00
  3.56437627E+06  3.72486221E+06  3.56907677E-09  2.82965464E+04  7.35364662E-02  0.00000000E+00
  3.56473700E+06  3.72433232E+06  3.56956626E-09  2.82962290E+04  7.35234277E-02  0.00000000E+00
  3.56509773E+06  3.72380243E+06  3.57005597E-09  2.82959120E+04  7.35103926E-02  0.00000000E+00
  3.56545846E+06  3.72327254E+06  3.57054589E-09  2.82955955E+04  7.34973608E-02  0.00000000E+00
  3.56581919E+06  3.72274265E+06  3.57103603E-09  2.82952794E+04  7.34843323E-02  0.00000000E+00
  3.56617992E+06  3.72221276E+06  3.57152638E-09  2.82949637E+04  7.34713072E-02  0.00000000E+00
  3.56654065E+06  3.72168287E+06  3.57201695E-09  2.82946485E+04  7.34582854E-02  0.00000000E+00
  3.56690138E+06  3.72115298E+06  3.57250773E-09  2.82943337E+04  7.34452670E-02  0.00000000E+00
  3.56726211E+06  3.72062309E+06  3.57299873E-09  2.82940193E+04  7.34322520E-02  0.00000000E+00
  3.56762284E+06  3.72009320E+06  3.57348994E-09  2.82937054E+04  7.34192402E-02  0.00000000E+00
  3.56798358E+06  3.71956331E+06  3.57398136E-09  2.82933919E+04  7.34062319E-02  0.00000000E+00
  3.56834431E+06  3.71903342E+06  3.57447300E-09  2.82930789E+04  7.33932268E-02  0.00000000E+00
  3.56870504E+06  3.71850353E+06  3.57496485E-09  2.82927663E+04  7.33802251E-02  0.00000000E+00
  3.56906577E+06  3.71797364E+06  3.57545691E-09  2.82924541E+04  7.33672268E-02  0.00000000E+00
  3.56942650E+06  3.71744375E+06  3.57594919E-09  2.82921424E+04  7.33542318E-02  0.00000000E+00
  3.56978723E+06  3.71691386E+06  3.57644168E-09  2.82918311E+04  7.33412401E-02  0.00000000E+00
  3.57014796E+06  3.71638396E+06  3.57693438E-09  2.82915202E+04  7.33282518E-02  0.00000000E+00
  3.57050869E+06  3.71585407E+06  3.57742730E-09  2.82912098E+04  7.33152668E-02  0.00000000E+00
  3.57086942E+06  3.71532418E+06  3.57792043E-09  2.82908998E+04  7.33022851E-02  0.00000000E+00
  3.57123015E+06  3.71479429E+06  3.57841377E-09  2.82905902E+04  7.32893068E-02  0.00000000E+00
  3.57159088E+06  3.71426440E+06  3.57890732E-09  2.82902811E+04  7.32763319E-02  0.00000000E+00
  3.57195161E+06  3.71373451E+06  3.57940108E-09  2.82899723E+04  7.32633602E-02  0.00000000E+00
  3.57231234E+06  3.71320462E+06  3.57989505E-09  2.82896641E+04  7.32503919E-02  0.00000000E+00
  3.57267307E+06  3.71267473E+06  3.58038924E-09  2.82893562E+04  7.32374269E-02  0.00000000E+00
  3.57303380E+06  3.71214484E+06  3.58088363E-09  2.82890488E+04  7.32244653E-02  0.00000000E+00
  3.57339453E+06  3.71161495E+06  3.58137824E-09  2.82887418E+04  7.32115070E-02  0.00000000E+00
  3.57375526E+06  3.71108506E+06  3.58187305E-09  2.82884352E+04  7.31985520E-02  0.00000000E+00
  3.57411599E+06  3.71055517E+06  3.58236808E-09  2.82881291E+04  7.31856004E-02  0.00000000E+00
  3.57447672E+06  3.71002528E+06  3.58286332E-09  2.82878233E+04  7.31726521E-02  0.00000000E+00
  3.57483745E+06  3.70949539E+06  3.58335877E-09  2.82875180E+04  7.31597071E-02  0.00000000E+00
  3.57519818E+06  3.70896550E+06  3.58385442E-09  2.82872132E+04  7.31467655E-02  0.00000000E+00
  3.57555891E+06  3.70843561E+06  3.58435029E-09  2.82869087E+04  7.31338272E-02  0.00000000E+00
  3.57591964E+06  3.70790572E+06  3.58484636E-09  2.82866047E+04  7.31208922E-02  0.00000000E+00
  3.57628037E+06  3.70737583E+06  3.58534265E-09  2.82863011E+04  7.31079605E-02  0.00000000E+00
  3.57664110E+06  3.70684594E+06  3.58583914E-09  2.82859979E+04  7.30950322E-02  0.00000000E+00
  3.57700183E+06  3.70631605E+06  3.58633585E-09  2.82856952E+04  7.30821072E-02  0.00000000E+00
  3.57736256E+06  3.70578616E+06  3.58683276E-09  2.82853928E+04  7.30691855E-02  0.00000000E+00
  3.57772329E+06  3.70525627E+06  3.58732988E-09  2.82850909E+04  7.30562671E-02  0.00000000E+00
  3.57808402E+06  3.70472638E+06  3.58782720E-09  2.82847894E+04  7.30433520E-02  0.00000000E+00
  3.57844475E+06  3.70419649E+06  3.58832474E-09  2.82844883E+04  7.30304403E-02  0.00000000E+00
  3.57880548E+06  3.70366660E+06  3.58882248E-09  2.82841877E+04  7.30175319E-02  0.00000000E+00
  3.57916621E+06  3.70313671E+06  3.58932043E-09  2.82838874E+04  7.30046268E-02  0.00000000E+00
  3.57952695E+06  3.70260682E+06  3.58981859E-09  2.82835876E+04  7.29917250E-02  0.00000000E+00
  3.57988768E+06  3.70207693E+06  3.59031696E-09  2.82832882E+04  7.29788266E-02  0.00000000E+00
  3.58024841E+06  3.70154704E+06  3.59081553E-09  2.82829892E+04  7.29659314E-02  0.00000000E+00
  3.58060914E+06  3.70101715E+06  3.59131431E-09  2.82826907E+04  7.29530396E-02  0.00000000E+00
  3.58096987E+06  3.70048726E+06  3.59181330E-09  2.82823925E+04  7.29401511E-02  0.00000000E+00
  3.58133060E+06  3.69995737E+06  3.59231249E-09  2.82820948E+04  7.29272658E-02  0.00000000E+00
  3.58169133E+06  3.69942748E+06  3.59281189E-09  2.82817974E+04  7.29143839E-02  0.00000000E+00
  3.58205206E+06  3.69889759E+06  3.59331149E-09  2.82815005E+04  7.29015053E-02  0.00000000E+00
  3.58241279E+06  3.69836770E+06  3.59381131E-09  2.82812040E+04  7.28886301E-02  0.00000000E+00
  3.58277352E+06  3.69783781E+06  3.59431132E-09  2.82809079E+04  7.28757581E-02  0.00000000E+00
  3.58313425E+06  3.69730792E+06  3.59481155E-09  2.82806122E+04  7.28628894E-02  0.00000000E+00
  3.58349498E+06  3.69677803E+06  3.59531197E-09  2.82803170E+04  7.28500240E-02  0.00000000E+00
  3.58385571E+06  3.69624814E+06  3.59581261E-09  2.82800221E+04  7.28371620E-02  0.00000000E+00
  3.58421644E+06  3.69571825E+06  3.59631345E-09  2.82797277E+04  7.28243032E-02  0.00000000E+00
  3.58457717E+06  3.69518836E+06  3.59681449E-09  2.82794336E+04  7.28114477E-02  0.00000000E+00
  3.58493790E+06  3.69465847E+06  3.59731574E-09  2.82791400E+04  7.27985956E-02  0.00000000E+00
  3.58529863E+06  3.69412858E+06  3.59781720E-09  2.82788468E+04  7.27857467E-02  0.00000000E+00
  3.58565936E+06  3.69359869E+06  3.59831885E-09  2.82785540E+04  7.27729011E-02  0.00000000E+00
  3.58602009E+06  3.69306880E+06  3.59882072E-09  2.82782616E+04  7.27600588E-02  0.00000000E+00
  3.58638082E+06  3.69253891E+06  3.59932278E-09  2.82779696E+04  7.27472198E-02  0.00000000E+00
  3.58674155E+06  3.69200902E+06  3.59982505E-09  2.82776780E+04  7.27343841E-02  0.00000000E+00
  3.58710228E+06  3.69147913E+06  3.60032753E-09  2.82773868E+04  7.27215517E-02  0.00000000E+00
  3.58746301E+06  3.69094924E+06  3.60083021E-09  2.82770960E+04  7.27087226E-02  0.00000000E+00
  3.58782374E+06  3.69041935E+06  3.60133309E-09  2.82768056E+04  7.26958967E-02  0.00000000E+00
  3.58818447E+06  3.68988946E+06  3.60183617E-09  2.82765157E+04  7.26830742E-02  0.00000000E+00
  3.58854520E+06  3.68935957E+06  3.60233946E-09  2.82762261E+04  7.26702549E-02  0.00000000E+00
  3.58890593E+06  3.68882967E+06  3.60284295E-09  2.82759369E+04  7.26574389E-02  0.00000000E+00
  3.58926666E+06  3.68829978E+06  3.60334665E-09  2.82756482E+04  7.26446262E-02  0.00000000E+00
  3.58962739E+06  3.68776989E+06  3.60385054E-09  2.82753598E+04  7.26318168E-02  0.00000000E+00
  3.58998812E+06  3.68724000E+06  3.60435464E-09  2.82750718E+04  7.26190107E-02  0.00000000E+00
  3.59034885E+06  3.68671011E+06  3.60485895E-09  2.82747843E+04  7.26062078E-02  0.00000000E+00
  3.59070959E+06  3.68618022E+06  3.60536345E-09  2.82744971E+04  7.25934082E-02  0.00000000E+00
  3.59107032E+06  3.68565033E+06  3.60586816E-09  2.82742103E+04  7.25806119E-02  0.00000000E+00
  3.59143105E+06  3.68512044E+06  3.60637307E-09  2.82739240E+04  7.25678188E-02  0.00000000E+00
  3.59179178E+06  3.68459055E+06  3.60687818E-09  2.82736380E+04  7.25550290E-02  0.00000000E+00
  3.59215251E+06  3.68406066E+06  3.60738349E-09  2.82733525E+04  7.25422425E-02  0.00000000E+00
  3.59251324E+06  3.68353077E+06  3.60788900E-09  2.82730673E+04  7.25294593E-02  0.00000000E+00
  3.59287397E+06  3.68300088E+06  3.60839472E-09  2.82727825E+04  7.25166793E-02  0.00000000E+00
  3.59323470E+06  3.68247099E+06  3.60890063E-09  2.82724981E+04  7.25039026E-02  0.00000000E+00
  3.59359543E+06  3.68194110E+06  3.60940675E-09  2.82722141E+04  7.24911291E-02  0.00000000E+00
  3.59395616E+06  3.68141121E+06  3.60991307E-09  2.82719306E+04  7.24783590E-02  0.00000000E+00
  3.59431689E+06  3.68088132E+06  3.61041959E-09  2.82716474E+04  7.24655920E-02  0.00000000E+00
  3.59467762E+06  3.68035143E+06  3.61092631E-09  2.82713646E+04  7.24528283E-02  0.00000000E+00
  3.59503835E+06  3.67982154E+06  3.61143323E-09  2.82710822E+04  7.24400679E-02  0.00000000E+00
  3.59539908E+06  3.67929165E+06  3.61194035E-09  2.82708001E+04  7.24273107E-02  0.00000000E+00
  3.59575981E+06  3.67876176E+06  3.61244767E-09  2.82705185E+04  7.24145568E-02  0.00000000E+00
  3.59612054E+06  3.67823187E+06  3.61295519E-09  2.82702373E+04  7.24018062E-02  0.00000000E+00
  3.59648127E+06  3.67770198E+06  3.61346291E-09  2.82699565E+04  7.23890587E-02  0.00000000E+00
  3.59684200E+06  3.67717209E+06  3.61397083E-09  2.82696760E+04  7.23763146E-02  0.00000000E+00
  3.59720273E+06  3.67664220E+06  3.61447895E-09  2.82693960E+04  7.23635736E-02  0.00000000E+00
  3.59756346E+06  3.67611231E+06  3.61498727E-09  2.82691163E+04  7.23508360E-02  0.00000000E+00
  3.59792419E+06  3.67558242E+06  3.61549579E-09  2.82688370E+04  7.23381015E-02  0.00000000E+00
  3.59828492E+06  3.67505253E+06  3.61600451E-09  2.82685581E+04  7.23253703E-02  0.00000000E+00
  3.59864565E+06  3.67452264E+06  3.61651343E-09  2.82682796E+04  7.23126424E-02  0.00000000E+00
  3.59900638E+06  3.67399275E+06  3.61702255E-09  2.82680015E+04  7.22999176E-02  0.00000000E+00
  3.59936711E+06  3.67346286E+06  3.61753186E-09  2.82677238E+04  7.22871961E-02  0.00000000E+00
  3.59972784E+06  3.67293297E+06  3.61804138E-09  2.82674464E+04  7.22744779E-02  0.00000000E+00
  3.60008857E+06  3.67240308E+06  3.61855109E-09  2.82671695E+04  7.22617628E-02  0.00000000E+00
  3.60044930E+06  3.67187319E+06  3.61906100E-09  2.82668929E+04  7.22490510E-02  0.00000000E+00
  3.60081003E+06  3.67134330E+06  3.61957111E-09  2.82666167E+04  7.22363424E-02  0.00000000E+00
  3.60117076E+06  3.67081341E+06  3.62008142E-09  2.82663409E+04  7.22236371E-02  0.00000000E+00
  3.60153149E+06  3.67028352E+06  3.62059193E-09  2.82660655E+04  7.22109350E-02  0.00000000E+00
  3.60189222E+06  3.66975363E+06  3.62110263E-09  2.82657905E+04  7.21982361E-02  0.00000000E+00
  3.60225296E+06  3.66922374E+06  3.62161353E-09  2.82655158E+04  7.21855404E-02  0.00000000E+00
  3.60261369E+06  3.66869385E+06  3.62212463E-09  2.82652415E+04  7.21728479E-02  0.00000000E+00
  3.60297442E+06  3.66816396E+06  3.62263593E-09  2.82649676E+04  7.21601586E-02  0.00000000E+00
  3.60333515E+06  3.66763407E+06  3.62314743E-09  2.82646941E+04  7.21474726E-02  0.00000000E+00
  3.60369588E+06  3.66710418E+06  3.62365912E-09  2.82644210E+04  7.21347898E-02  0.00000000E+00
  3.60405661E+06  3.66657429E+06  3.62417101E-09  2.82641483E+04  7.21221101E-02  0.00000000E+00
  3.60441734E+06  3.66604440E+06  3.62468310E-09  2.82638759E+04  7.21094337E-02  0.00000000E+00
  3.60477807E+06  3.66551451E+06  3.62519538E-09  2.82636039E+04  7.20967605E-02  0.00000000E+00
  3.60513880E+06  3.66498462E+06  3.62570786E-09  2.82633323E+04  7.20840905E-02  0.00000000E+00
  3.60549953E+06  3.66445473E+06  3.62622054E-09  2.82630610E+04  7.20714237E-02  0.00000000E+00
  3.60586026E+06  3.66392484E+06  3.62673341E-09  2.82627902E+04  7.20587601E-02  0.00000000E+00
  3.60622099E+06  3.66339495E+06  3.62724649E-09  2.82625197E+04  7.20460997E-02  0.00000000E+00
  3.60658172E+06  3.66286506E+06  3.62775975E-09  2.82622496E+04  7.20334424E-02  0.00000000E+00
  3.60694245E+06  3.66233517E+06  3.62827322E-09  2.82619799E+04  7.20207884E-02  0.00000000E+00
